batch,policy,run,f1,f2,f3,f4,f5
0,StandardNSGA2,0,-0.5072755922979567,0.4177054879751756,0.5633356668893262,-0.3851338425633465,0.5677806589307929
0,StandardNSGA2,0,-0.5731981846762432,0.3792833921504455,0.755129549685372,-0.4955453887500244,0.8473867382632487
0,StandardNSGA2,0,-0.6091625199386297,0.3257578742405722,1.2576624704910284,-0.8540914768376278,0.491762084438826
0,StandardNSGA2,0,-0.6802423719911987,0.2588650891921751,1.5147140218016457,-0.6349490927099012,0.3153051988951624
0,StandardNSGA2,0,-0.41075542979743906,0.4119074658104552,0.6747429940891573,-0.5297357741395485,0.41506882940445405
0,StandardNSGA2,0,-0.4471749573954729,0.4147593123446066,1.0912883633487744,-0.32941438554880265,0.1546197077130437
0,StandardNSGA2,0,-0.6583191618354758,0.28496633698190516,1.5815356839371835,-0.7037615863138377,0.2777678624613954
0,StandardNSGA2,0,-0.5007689894749265,0.4414891097722258,0.6915682278846585,-0.5329429226735695,0.5567500214192957
0,StandardNSGA2,0,-0.7028210693821229,0.27380199722608245,1.4527389723778685,-0.7342059550507376,0.428135743142289
0,StandardNSGA2,0,-0.5302898996918524,0.3983870011072572,0.6915682278846584,-0.2758803534703692,0.3812638709778164
0,StandardNSGA2,0,-0.5508785272660564,0.4196341070387655,0.6397664390839423,-0.4471488142001828,0.7990381473722954
0,StandardNSGA2,0,-0.45716013810185957,0.42606368156560714,0.9072453912952236,-0.35418381119721143,0.19671553335394226
0,StandardNSGA2,0,-0.46433738623299553,0.40826608626215216,1.0700155515160485,-0.31804180885538974,0.1728215217473535
0,StandardNSGA2,0,-0.6072157348155421,0.32389107067413814,1.2205576048237508,-0.8108860961671915,0.4915586566503185
0,StandardNSGA2,0,-0.6088481216456337,0.3250238978587757,1.0034950154352709,-0.6536380191041273,0.7220801606150632
0,StandardNSGA2,0,-0.5885737673782059,0.37203224779319033,0.8550673523401053,-0.6428854470854971,0.8006607125609367
0,StandardNSGA2,0,-0.5904474314934012,0.35841930112212717,1.1626821716231532,-0.8335729294737426,0.5113988524758094
0,StandardNSGA2,0,-0.4787685944261593,0.4000891729945863,0.8944862739468376,-0.2946351878604937,0.24271566510629192
0,StandardNSGA2,0,-0.6248941949520163,0.33369740266873843,1.1527538013223833,-0.7285544718016499,0.6464879112244842
0,StandardNSGA2,0,-0.47441611971123104,0.39250792928409145,0.8277458339029348,-0.3874305110819153,0.22867890903742935
0,StandardNSGA2,0,-0.6612871831785374,0.2920704735234431,1.2847880786040071,-0.7749120573256328,0.4812460938980749
0,StandardNSGA2,0,-0.5114461478622113,0.39388219834109106,0.9322398894708788,-0.3620933871304691,0.23482514706185226
0,StandardNSGA2,0,-0.6009683928794554,0.3536967667625338,1.0807043010154627,-0.6674039924482862,0.6541218642087386
0,StandardNSGA2,0,-0.4205989770269933,0.40425740686711,1.0807043010154629,-0.3807604792688602,0.15903365979027054
0,StandardNSGA2,0,-0.6275786969838869,0.3389843107943139,1.0261477756627881,-0.5884380698574028,0.5755059001474588
0,StandardNSGA2,0,-0.5946809408654099,0.36417007707492755,0.8550673523401052,-0.5139597155274456,0.639928182837071
0,StandardNSGA2,0,-0.6030023023864175,0.3070203714781387,1.2937035644497943,-0.7797901332554865,0.5477415982389545
0,StandardNSGA2,0,-0.6111245548281469,0.3431299966826668,0.9685229624340641,-0.5698472830712555,0.6321812566930809
0,StandardNSGA2,0,-0.4564861040458335,0.4370290947365373,0.6027637058449147,-0.4568850052017309,0.523740657648324
0,StandardNSGA2,0,-0.6191254527589062,0.31094481089792825,1.1017707555238399,-0.6859506286545185,0.5744576201311198
0,StandardNSGA2,0,-0.4421689342797707,0.3905665779729344,0.881542505232828,-0.42040980173482145,0.302177185152498
0,StandardNSGA2,0,-0.546344077476446,0.3330516589273973,1.0148846002135226,-0.5626131001599936,0.36906401831021307
0,StandardNSGA2,0,-0.634885627494396,0.30621224615758724,1.0372886595566415,-0.6595622210959081,0.6597308448864632
0,StandardNSGA2,0,-0.43019288859741067,0.4070356519096633,0.7702007157586644,-0.4443322865167526,0.3904976099285511
0,StandardNSGA2,0,-0.5439581187425313,0.3413199091669813,1.059218945609956,-0.4757156853553271,0.2658606930093268
0,StandardNSGA2,0,-0.4937486318898506,0.418843022778934,0.5833828754229664,-0.40983972491628773,0.5649126527776469
0,StandardNSGA2,0,-0.6873335245619417,0.26686541423807847,1.3629295501408407,-0.6721356368692403,0.4551489646104237
0,StandardNSGA2,0,-0.49008870278823496,0.3989944745546471,0.8137411503644991,-0.41964511228001344,0.3277684440667901
0,StandardNSGA2,0,-0.5565550136597313,0.36851227019237326,0.7994911844726069,-0.6270635320443148,0.5000890976116549
0,StandardNSGA2,0,-0.6117618335650207,0.3172071778385801,0.9919746671444328,-0.628357017212023,0.692256666677169
0,StandardNSGA2,0,-0.6181436118675236,0.3286027051662467,1.182288815689544,-0.6733707235537725,0.3470433604720521
0,StandardNSGA2,0,-0.637275430809021,0.30101471913168903,1.211103777942239,-0.6749521425400673,0.6192061807637124
0,StandardNSGA2,0,-0.6971741275628581,0.2788032739970422,1.5071065198237947,-0.712591374857878,0.4228041772415126
0,StandardNSGA2,0,-0.5324923488571249,0.37683971322603893,0.7397513981473143,-0.5636793911310637,0.6123296190922194
0,StandardNSGA2,0,-0.652591539824477,0.28734496047599467,1.5669327069381127,-0.6819319768065926,0.2792302012984599
0,StandardNSGA2,0,-0.49610861122220024,0.37675876348080667,0.8415174812746264,-0.6876145127879104,0.40128939077941067
0,StandardNSGA2,0,-0.577149709759286,0.3935271617473711,0.9444891303068569,-0.604211278782176,0.3881841816152721
0,StandardNSGA2,0,-0.4224032686559772,0.43237095027520206,0.6574873400494295,-0.4674285939126571,0.4305335621186204
0,StandardNSGA2,0,-0.5029563775132413,0.4297044452576845,0.6215404981423345,-0.47460255673305723,0.5432234569897805
0,StandardNSGA2,0,-0.6687614214803983,0.2648266598313168,1.3962560587641581,-0.6209482744574195,0.4494980251070003
0,StandardNSGA2,0,-0.6396211926036216,0.3027460886970226,1.3200887962222398,-0.763205114521472,0.44274530205409224
0,StandardNSGA2,0,-0.6972216879045059,0.2706759833863881,1.4448051827559238,-0.7111682518362834,0.42647516544787833
0,StandardNSGA2,0,-0.653274079646586,0.3075860823079164,1.3373897866387852,-0.8520122332343794,0.49548311679338414
0,StandardNSGA2,0,-0.5710952765747596,0.3420862008775968,0.7994911844726069,-0.6154646321137809,0.6737748792001804
0,StandardNSGA2,0,-0.5894752781218212,0.3128611193229787,0.8277458339029348,-0.43639275861606297,0.412919083628957
0,StandardNSGA2,0,-0.5212241884354949,0.3865965334981231,0.7079937284797467,-0.519335850295163,0.493262037101993
0,StandardNSGA2,0,-0.653381974376837,0.2809241988774369,1.4126245053551467,-0.7466599098179794,0.4526032646399309
0,StandardNSGA2,0,-0.5104210605929358,0.3895923849599061,0.8137411503644992,-0.40036387013190994,0.48499421802870846
0,StandardNSGA2,0,-0.5280995612041399,0.3881105229127052,0.8815425052328281,-0.49275191706328914,0.2433570045364241
0,StandardNSGA2,0,-0.6467688370936712,0.28191024435115725,1.2847880786040071,-0.6716881353143354,0.4597512108583041
0,StandardNSGA2,1,-0.6365279371451005,0.2673516701379858,1.5887868407416337,-0.6424876799447923,0.2785037796378126
0,StandardNSGA2,1,-0.5423992975516371,0.38583429933513264,0.7849825783431665,-0.7568951390824464,0.9220506385945374
0,StandardNSGA2,1,-0.432750381646745,0.4717566540773527,0.6574873400494294,-0.6512798322292503,0.541445673117502
0,StandardNSGA2,1,-0.5492598415402323,0.3145376398109633,1.3629295501408403,-0.4873927901534123,0.1520187421566609
0,StandardNSGA2,1,-0.5392403646560536,0.36089513735610745,0.9198275413214968,-0.2967638243699892,0.3020306549198836
0,StandardNSGA2,1,-0.6344168507027017,0.24845236559328088,1.537310666418436,-0.6302151788845405,0.3148301672145893
0,StandardNSGA2,1,-0.4918499139002669,0.4364005267842733,0.5833828754229664,-0.6597825923792946,0.666031492734572
0,StandardNSGA2,1,-0.6724582166254016,0.26860536481354214,1.4527389723778685,-0.657143142176636,0.32693572584176744
0,StandardNSGA2,1,-0.5212058581522185,0.40208626670777037,1.0034950154352709,-0.8813768744907527,0.7267870971398593
0,StandardNSGA2,1,-0.4142288362130488,0.4559181635788819,0.6574873400494295,-0.5917373015327578,0.46699466339156215
0,StandardNSGA2,1,-0.4459922205549203,0.4494820883483376,0.6027637058449148,-0.6786417198319105,0.6203761988974478
0,StandardNSGA2,1,-0.5292763534417136,0.3815814865263499,0.9322398894708789,-0.30853676895466065,0.2562044553174015
0,StandardNSGA2,1,-0.5758453128668952,0.31814805815695424,1.1326360028574722,-0.35249868304673015,0.21659150886093093
0,StandardNSGA2,1,-0.521416629224514,0.40989398333407967,0.8944862739468376,-0.8252064497551446,0.6910759750493675
0,StandardNSGA2,1,-0.6008257441962335,0.28212733455837613,1.0148846002135226,-0.4281220398077272,0.2754949939304102
0,StandardNSGA2,1,-0.4425506486890747,0.4641139607947868,0.6397664390839423,-0.6276491511959584,0.5163592722122425
0,StandardNSGA2,1,-0.5921247439859496,0.32812679240546605,0.9803189452974895,-0.39420867642835533,0.39778677618326413
0,StandardNSGA2,1,-0.6469767126623738,0.2596882075027332,1.4368275854712884,-0.671856827290641,0.35392282951267096
0,StandardNSGA2,1,-0.45475344081456315,0.4173480580500691,0.8684058283919128,-0.5676705387106947,0.3472961121632308
0,StandardNSGA2,1,-0.659205889986776,0.27456938275231485,1.2392489169603274,-0.5796155420700853,0.49213062643456373
0,StandardNSGA2,1,-0.5626131734726771,0.3603103235641353,0.9072453912952236,-0.771298618894277,0.8787873540472824
0,StandardNSGA2,1,-0.46296775052861533,0.4381139311919561,0.6915682278846585,-0.6313866558514019,0.5441371145922066
0,StandardNSGA2,1,-0.6167389976565543,0.29332441407187027,1.1121543523606332,-0.4606902603611925,0.2935772979361397
0,StandardNSGA2,1,-0.43000851182940486,0.4480042559919292,0.6574873400494295,-0.6439277230820813,0.512261704791444
0,StandardNSGA2,1,-0.569007053619337,0.3134117803620401,1.2667688800364185,-0.4885723150580378,0.20160669761938171
0,StandardNSGA2,1,-0.4406118638226409,0.42281555193200066,0.7240467010585573,-0.5920491146035112,0.4772859227321753
0,StandardNSGA2,1,-0.6532285837729526,0.2978709919464958,1.211103777942239,-0.7050998323664797,0.53725490656272
0,StandardNSGA2,1,-0.52769343525044,0.3921054722829159,0.7994911844726069,-0.38907588649253727,0.42062473757500607
0,StandardNSGA2,1,-0.545987073931393,0.37579320887603684,0.9322398894708788,-0.359236589873097,0.2677392505959644
0,StandardNSGA2,1,-0.5346324145438598,0.38829125949615795,1.0912883633487742,-0.8456496367332456,0.7883041770677555
0,StandardNSGA2,1,-0.5990182674624895,0.30968663717067885,1.0807043010154629,-0.5434853734472826,0.3389349864378802
0,StandardNSGA2,1,-0.5768938873203734,0.30670610579203456,1.191971203281233,-0.5349329198003778,0.2629395854925524
0,StandardNSGA2,1,-0.5095527975024318,0.4063908491020971,0.8944862739468377,-0.857754451483463,0.6412834728040213
0,StandardNSGA2,1,-0.41774728010262585,0.45393090427329047,0.6747429940891573,-0.6232488749505827,0.4745731993080321
0,StandardNSGA2,1,-0.6401790517718269,0.25625982497677147,1.5669327069381127,-0.6862990373004125,0.3124287534224321
0,StandardNSGA2,1,-0.5576776632648233,0.33563040805861827,0.9685229624340641,-0.4072474941632924,0.28890691492859555
0,StandardNSGA2,1,-0.5672054931804702,0.30234105760617097,1.3713371082247572,-0.4967229780802218,0.17319268408385852
0,StandardNSGA2,1,-0.6257695854966425,0.25823282703954037,1.4762845386668806,-0.6253508500006861,0.3038561290877782
0,StandardNSGA2,1,-0.495476199014921,0.43023494954129743,0.6747429940891573,-0.762211267414569,0.8353878472710476
0,StandardNSGA2,1,-0.6054691058636132,0.27325057399080227,1.5521923516684872,-0.5819529006957277,0.234237719211373
0,StandardNSGA2,1,-0.4891488005049086,0.4351989134129143,0.7849825783431665,-0.7944066672058172,0.8106148255261705
0,StandardNSGA2,1,-0.5662644051479889,0.3079594477235715,1.3544698050897948,-0.477319554970851,0.20352311934231287
0,StandardNSGA2,1,-0.5474683591700185,0.3327315949356233,0.9565815297270427,-0.45017051971220423,0.3109402185826585
0,StandardNSGA2,1,-0.6662015650472791,0.2713714504427475,1.2484896411001858,-0.6036487433528621,0.46220004265457726
0,StandardNSGA2,1,-0.6107055316094178,0.31437634343995297,1.1626821716231532,-0.6714948737190183,0.3744179090942869
0,StandardNSGA2,1,-0.4962598958223571,0.4330737392408731,0.8137411503644991,-0.809900543579122,0.8068176730307265
0,StandardNSGA2,1,-0.6388930470201697,0.28912566442212445,1.1427391744033626,-0.5307362249742944,0.4449375497075326
0,StandardNSGA2,1,-0.4918375007019235,0.4306953636337979,0.7397513981473143,-0.7775488237041456,0.8615046409139175
0,StandardNSGA2,1,-0.6436434821367343,0.32464133062445305,1.0700155515160485,-0.7106693514380785,0.6286395149417595
0,StandardNSGA2,1,-0.5911110950785121,0.3186608531194667,1.0483111508478486,-0.4031510577087998,0.24814141413737198
0,StandardNSGA2,1,-0.6114608486844114,0.2981032989761951,1.387999450968369,-0.7674801293187817,0.41856353198942725
0,StandardNSGA2,1,-0.5074470602485222,0.4151910137254863,0.9803189452974893,-0.8115008553537969,0.5950550925571833
0,StandardNSGA2,1,-0.6353194216451594,0.27756554381023485,1.2937035644497943,-0.6143306213257969,0.35733309053391105
0,StandardNSGA2,1,-0.5795132664012235,0.3486114973188636,1.3113527077656701,-0.7716322669387934,0.48351968624758823
0,StandardNSGA2,1,-0.5837189820240754,0.334822796701949,0.9072453912952236,-0.5161939913781861,0.45322485618624275
0,StandardNSGA2,1,-0.5594606390627369,0.34107061366070013,1.0372886595566415,-0.6171417021537653,0.3608586542375828
0,StandardNSGA2,1,-0.4760552989749683,0.34837838538160015,0.8944862739468377,-0.607349531969506,0.2762782864329849
0,StandardNSGA2,1,-0.5443968299403645,0.3723904699557334,0.8550673523401053,-0.8115018597818588,0.6470678900442646
0,StandardNSGA2,1,-0.5649068201165844,0.3550423807532341,0.9444891303068569,-0.6384596868767387,0.5333339069116032
0,StandardNSGA2,1,-0.6239333520967454,0.26053562460425933,1.3879994509683686,-0.6026685861077216,0.30204642413264177
0,StandardNSGA2,2,-0.4539826407456971,0.47555300538323914,0.7079937284797467,-0.5385604530881539,0.3767101180157142
0,StandardNSGA2,2,-0.49938883694219277,0.36464935990419517,1.0700155515160485,-0.4000901971202719,0.18184108428158186
0,StandardNSGA2,2,-0.5147701666712935,0.4065054551011397,0.5633356668893262,-0.466188428491977,0.5073857461237339
0,StandardNSGA2,2,-0.6840995133845059,0.26813639829684166,1.5298155376831448,-0.8214319183241454,0.3826773537860478
0,StandardNSGA2,2,-0.5459016691958254,0.37558143479440337,0.8277458339029348,-0.2734188776510331,0.3201098866696363
0,StandardNSGA2,2,-0.6674087783000513,0.2532937243663668,1.3200887962222396,-0.6771964715579782,0.6192592473657464
0,StandardNSGA2,2,-0.6440394094289749,0.292066954714269,1.5447694296661307,-0.8157732351445721,0.3797741472773234
0,StandardNSGA2,2,-0.4512209348238862,0.468008151161838,0.7079937284797468,-0.5028705098302367,0.31951633171440025
0,StandardNSGA2,2,-0.6396924081505091,0.30721762506402805,1.3544698050897952,-0.8614207739652537,0.5523256384526899
0,StandardNSGA2,2,-0.5357940038937777,0.3948165000520619,0.6915682278846585,-0.3601036100936139,0.7722490673234844
0,StandardNSGA2,2,-0.6749580467108118,0.25917080998705855,1.412624505355147,-0.7556709579298566,0.40075112051715484
0,StandardNSGA2,2,-0.6770482821689197,0.2701749220835551,1.5222835063120284,-0.7805700741481321,0.40319555834846665
0,StandardNSGA2,2,-0.6048239550169192,0.3248978207525875,1.1121543523606332,-0.7730738045082356,0.7637740665768294
0,StandardNSGA2,2,-0.48434442628479496,0.3899230294441072,0.9565815297270427,-0.3803132276589018,0.20821883834029334
0,StandardNSGA2,2,-0.52431929650726,0.3865433720854033,0.7702007157586646,-0.29369695480611924,0.31513447365302066
0,StandardNSGA2,2,-0.6360288448067952,0.31828542985377606,1.2667688800364192,-0.8235853048314541,0.7269581775273426
0,StandardNSGA2,2,-0.5752678587570687,0.3450301402179858,1.1725264764419854,-0.6092276798024134,0.30698253198175063
0,StandardNSGA2,2,-0.5338367442140066,0.3777529707380582,0.7849825783431665,-0.3173433744865332,0.31293503024701697
0,StandardNSGA2,2,-0.5102031799576056,0.4099839669421995,0.5833828754229664,-0.4514728952681958,0.504209597580946
0,StandardNSGA2,2,-0.6499671805289748,0.29179429732821366,1.3713371082247576,-0.8385055180331221,0.5346150266805907
0,StandardNSGA2,2,-0.6377881734972182,0.3306397141418148,1.3373897866387852,-0.8078712182127704,0.694136698010406
0,StandardNSGA2,2,-0.4700527325300268,0.45633127531713624,0.6397664390839424,-0.4801951281389334,0.42116769054334513
0,StandardNSGA2,2,-0.6198234917790328,0.31050839301320776,1.3025580288099372,-0.7176830700594806,0.42471078832174386
0,StandardNSGA2,2,-0.48282741613457925,0.3866560619231878,1.059218945609956,-0.33565536522870515,0.18723837741491683
0,StandardNSGA2,2,-0.6297525429170194,0.29682275645933576,1.0483111508478486,-0.7270799594235834,0.6502882029532092
0,StandardNSGA2,2,-0.5371308886954489,0.3820073998700559,0.9322398894708788,-0.5637099614655671,0.2870660276857511
0,StandardNSGA2,2,-0.6220178941952863,0.3143836524904696,1.3459568890394897,-0.7835121717087429,0.4691970602081873
0,StandardNSGA2,2,-0.5871442526060544,0.3822249443840181,0.8684058283919128,-0.6739254330039064,0.5122005954801558
0,StandardNSGA2,2,-0.6290169804337503,0.3002735972455661,1.2205576048237503,-0.7596271843787674,0.7026524754862196
0,StandardNSGA2,2,-0.5737083861785193,0.34878770882184185,1.0807043010154627,-0.6046240517825362,0.28306933455391936
0,StandardNSGA2,2,-0.6277903553823435,0.2987729382408235,1.4606296681954094,-0.8316967524238577,0.4209170359282563
0,StandardNSGA2,2,-0.6260877521975663,0.3081876952234103,1.0148846002135226,-0.5548345691914298,0.6655609925568048
0,StandardNSGA2,2,-0.5946761397911197,0.33621714212828274,0.8415174812746266,-0.49780075499569526,0.5329318187413277
0,StandardNSGA2,2,-0.570620451984164,0.3649258173635127,1.1017707555238396,-0.6146214347650047,0.30443038979938686
0,StandardNSGA2,2,-0.634800515285257,0.3033134816852603,1.211103777942239,-0.7628611475565908,0.490727066023595
0,StandardNSGA2,2,-0.5065507550296037,0.4250553079219171,0.6915682278846585,-0.6304811243043776,0.4958796263142073
0,StandardNSGA2,2,-0.4884412606950326,0.4475201505253077,0.755129549685372,-0.4458745596205646,0.32153017218493357
0,StandardNSGA2,2,-0.4650918260810826,0.41562083006166384,0.6747429940891573,-0.44147864825188987,0.33452241087024576
0,StandardNSGA2,2,-0.508527495463454,0.43849760466999593,0.7240467010585573,-0.6549929333100242,0.5611926025422724
0,StandardNSGA2,2,-0.6154004163095189,0.28394613425644516,1.3200887962222398,-0.6885141559161928,0.37151951267594086
0,StandardNSGA2,2,-0.6308040805154501,0.3028430547921544,1.1326360028574725,-0.6249193742519596,0.6074848874874543
0,StandardNSGA2,2,-0.46499966407296645,0.4177862900571265,0.9198275413214968,-0.49688934565363807,0.2616915451994769
0,StandardNSGA2,2,-0.4593946683050124,0.4121887841954853,0.7079937284797468,-0.5243532126909803,0.44147697115763657
0,StandardNSGA2,2,-0.5980806162203772,0.30365527933871717,1.0261477756627881,-0.7086814908160733,0.7375753151514479
0,StandardNSGA2,2,-0.6222402571579829,0.3554231287037132,1.1427391744033626,-0.7003207167932924,0.48328961397728437
0,StandardNSGA2,2,-0.5992768804026468,0.3384395929438141,1.2484896411001856,-0.6792556239795953,0.34915899084413515
0,StandardNSGA2,2,-0.47935377697771464,0.47037045540610267,0.7240467010585573,-0.5206328644605573,0.3238259725608922
0,StandardNSGA2,2,-0.6130202778300454,0.27678018846824964,1.122441895699651,-0.6775672141933538,0.45590231766680817
0,StandardNSGA2,2,-0.6602217645838998,0.2867573017824655,1.3713371082247576,-0.7346888775711703,0.5852211503400722
0,StandardNSGA2,2,-0.6455127407532166,0.2943082177793451,1.2484896411001858,-0.7406286863934278,0.674253053722924
0,StandardNSGA2,2,-0.6545389752088646,0.25673339480272284,1.3113527077656701,-0.6632957020081561,0.6115510668623161
0,StandardNSGA2,2,-0.4645216330734579,0.4039946247351625,0.8277458339029348,-0.44242341652848943,0.2454797226921462
0,StandardNSGA2,2,-0.4983210415992536,0.37079343962375266,0.9803189452974893,-0.4130079334818138,0.2354144553986707
0,StandardNSGA2,2,-0.5503720871204129,0.3909485630549905,0.6574873400494295,-0.3189096073738771,0.5242578474058817
0,StandardNSGA2,2,-0.4823505556103818,0.38393655134150534,0.9072453912952236,-0.48075044346924206,0.26759853087449625
0,StandardNSGA2,2,-0.5833406444247092,0.346576160213618,0.9919746671444329,-0.5691799969185652,0.3359656027561039
0,StandardNSGA2,2,-0.49932234609772336,0.35295804997782676,0.7994911844726069,-0.42426460633525365,0.2534434343851917
0,StandardNSGA2,2,-0.6138960274564573,0.32723885671406716,0.9803189452974893,-0.5328535920565688,0.6824407561695791
0,StandardNSGA2,2,-0.4592146998727823,0.4733826871922826,0.7551295496853719,-0.5431468396222208,0.36482964001221957
0,StandardNSGA2,2,-0.617523928840099,0.36076776913496905,1.0261477756627881,-0.6302359117327627,0.5413657190466349
0,StandardNSGA2,3,-0.62945946564678,0.36077493228983404,1.4368275854712884,-0.8883770046423642,0.6819708016365453
0,StandardNSGA2,3,-0.5030883058563524,0.39671559630431696,1.112154352360633,-0.3119894805785869,0.16470372251801196
0,StandardNSGA2,3,-0.5370027600044308,0.41365386777407076,0.8944862739468376,-0.7499366580288147,0.9200145918160088
0,StandardNSGA2,3,-0.6568127037458437,0.25843091857418643,1.3544698050897952,-0.6750436372037038,0.5378998612126067
0,StandardNSGA2,3,-0.4322747075216256,0.40094324195049386,0.6915682278846585,-0.49940977308926976,0.6102481653255216
0,StandardNSGA2,3,-0.494200778649614,0.43344600919433984,0.5633356668893262,-0.5177593485621246,0.47101058340569
0,StandardNSGA2,3,-0.684308633415658,0.2880322982741828,1.4917751340604715,-0.7539104032052636,0.4277333131928203
0,StandardNSGA2,3,-0.665996273546263,0.3387360450180007,1.5887868407416337,-0.7958234775497857,0.3990520102996121
0,StandardNSGA2,3,-0.48187549571199656,0.413171517096652,0.9072453912952235,-0.2816005383312544,0.21394595392545082
0,StandardNSGA2,3,-0.4563466732397883,0.46687849368453554,0.6027637058449146,-0.6094254850452074,0.6677498283647907
0,StandardNSGA2,3,-0.5829725246084003,0.3852701421329641,0.9198275413214968,-0.7803545343932734,0.8554695516575588
0,StandardNSGA2,3,-0.5831365515065748,0.3672639697175587,1.182288815689544,-0.8569997071866687,0.7692119892025404
0,StandardNSGA2,3,-0.5377839149243322,0.3228144522341293,1.2847880786040071,-0.40210800393287105,0.19171728536940752
0,StandardNSGA2,3,-0.5225637393524017,0.3267863500643477,1.2484896411001853,-0.34577303648273644,0.1854601226661527
0,StandardNSGA2,3,-0.5275564110238902,0.3738081898059197,0.8684058283919127,-0.3484025841022718,0.24529276647796278
0,StandardNSGA2,3,-0.47328554775992454,0.39917081989632847,0.7849825783431666,-0.6625970894057224,0.5622177210119368
0,StandardNSGA2,3,-0.5736046628915564,0.41142135588796747,0.9803189452974894,-0.783838901975157,0.9145625635304281
0,StandardNSGA2,3,-0.5480971571192483,0.3131971905165708,1.0807043010154627,-0.42811459251067446,0.3335932350025919
0,StandardNSGA2,3,-0.6532774069074844,0.2987587086110967,1.4126245053551467,-0.8344142426943982,0.5762448397277191
0,StandardNSGA2,3,-0.44214364553709123,0.44050564526684105,0.7240467010585573,-0.7110016010649197,0.6351770058141355
0,StandardNSGA2,3,-0.6376532686809344,0.349778057743862,1.3373897866387852,-0.6316472679354104,0.28901535991634814
0,StandardNSGA2,3,-0.6590012404478445,0.2646970558458991,1.3287674498039936,-0.7078975713461717,0.5388753039140028
0,StandardNSGA2,3,-0.46896152931496554,0.4373078232555308,0.7849825783431665,-0.7132872228772124,0.6975673081482718
0,StandardNSGA2,3,-0.5164181958211447,0.38495889203570643,0.8415174812746264,-0.32761397983894913,0.23535637621639044
0,StandardNSGA2,3,-0.5460781028044313,0.3276423674787211,0.9803189452974894,-0.4240026723538387,0.3600330168901007
0,StandardNSGA2,3,-0.6707381148826557,0.2692434098083522,1.404464128193649,-0.7750285042728737,0.44176353416673103
0,StandardNSGA2,3,-0.5066499896927359,0.4280287471092411,0.6747429940891573,-0.4846025016581123,0.41015172664737654
0,StandardNSGA2,3,-0.5772100100188299,0.4012690448078696,1.0148846002135223,-0.736643569031369,0.7440904191064293
0,StandardNSGA2,3,-0.4890908838590258,0.4380090851578844,0.7079937284797468,-0.5318371266342773,0.3783556790016948
0,StandardNSGA2,3,-0.6473732993300308,0.30656659024465555,1.2205576048237503,-0.678644651494167,0.5847374725352747
0,StandardNSGA2,3,-0.4511510673040828,0.4611894453576945,0.6397664390839423,-0.6371125191824711,0.7060300898610332
0,StandardNSGA2,3,-0.6327332777371697,0.37807121230300655,1.1427391744033624,-0.7870360946118928,0.7364084005536898
0,StandardNSGA2,3,-0.6521106728902328,0.3110664758230678,1.3629295501408405,-0.8672238214687272,0.5965187656632901
0,StandardNSGA2,3,-0.6731676048569429,0.29400783262757646,1.5447694296661307,-0.7306332137640001,0.3408435632776919
0,StandardNSGA2,3,-0.6733898780040616,0.28169255750210737,1.4994604217345198,-0.7590052847948615,0.5108611419527251
0,StandardNSGA2,3,-0.6805842903029722,0.2947069178195273,1.4762845386668806,-0.745154400699503,0.4534456149007995
0,StandardNSGA2,3,-0.6446401154062391,0.31743594937280245,1.3113527077656701,-0.7965657444156905,0.46333304959758265
0,StandardNSGA2,3,-0.5954780501862078,0.34491647175020707,1.0700155515160485,-0.6487905762631707,0.7672580649885767
0,StandardNSGA2,3,-0.4974971270987085,0.45066571992923227,0.6574873400494295,-0.6220328982826708,0.6625871964781569
0,StandardNSGA2,3,-0.453192365519972,0.45915440845716315,0.6027637058449146,-0.6205245971779512,0.7021553938197428
0,StandardNSGA2,3,-0.5667494240267572,0.36535559473051454,1.0372886595566415,-0.8294308260737641,0.6465223041230388
0,StandardNSGA2,3,-0.6047715895254202,0.35102039312377636,1.0483111508478484,-0.5779466124422145,0.3913394283540357
0,StandardNSGA2,3,-0.5891914723430933,0.35034731404335734,1.1017707555238396,-0.6984321250295267,0.6329990735275588
0,StandardNSGA2,3,-0.560492368819041,0.40697598638263044,0.8815425052328281,-0.6412770700558453,0.6771919351799527
0,StandardNSGA2,3,-0.5456844474597122,0.3365055816090685,0.8944862739468376,-0.4722657738236685,0.3202039345679023
0,StandardNSGA2,3,-0.6377385403685178,0.3593389765248653,1.2299387677605003,-0.6949827213818525,0.3684360155746172
0,StandardNSGA2,3,-0.5352711266259577,0.3320457439837771,1.1822888156895437,-0.379873644726491,0.20095126686683798
0,StandardNSGA2,3,-0.5432212307913714,0.37992119387239176,0.9322398894708788,-0.8187161180052323,0.6166721134774323
0,StandardNSGA2,3,-0.5996084998177813,0.3907820216812892,1.0372886595566415,-0.5411563829619237,0.34618003266314223
0,StandardNSGA2,3,-0.6683732854526407,0.33205137712278343,1.574251127939735,-0.7714262337896827,0.3964130277232282
0,StandardNSGA2,3,-0.66225920297024,0.33166041648966355,1.4448051827559238,-0.7928597787383251,0.48986090409298744
0,StandardNSGA2,3,-0.5079214348254972,0.4227058988488384,0.6574873400494295,-0.46243679901263446,0.40021894487278314
0,StandardNSGA2,3,-0.5561182691880922,0.37317206012372206,0.7849825783431665,-0.44833297443828907,0.3581050719984618
0,StandardNSGA2,3,-0.4829574371994882,0.44572499778379965,0.5833828754229664,-0.4965966951154769,0.4664456249546218
0,StandardNSGA2,3,-0.6157697298648518,0.3634793694209066,1.1121543523606332,-0.7349109241364269,0.6827870165544194
0,StandardNSGA2,3,-0.4955226159259182,0.4261585392194666,0.6215404981423345,-0.47787164411537725,0.4578820705296005
0,StandardNSGA2,3,-0.48108666101005326,0.44579942780411164,0.6027637058449146,-0.49138938507842694,0.4545986517570073
0,StandardNSGA2,3,-0.5174931795956738,0.38677077154817835,1.0261477756627881,-0.3641343180834075,0.1945790035337706
0,StandardNSGA2,3,-0.6219184471980781,0.35706534503450726,1.0483111508478486,-0.7670146628485796,0.7066733985894692
0,StandardNSGA2,3,-0.6606975265264008,0.29068596183130835,1.5147140218016457,-0.7404699304222655,0.30028666490742484
0,StandardNSGA2,4,-0.4561974527747955,0.4373672042576088,0.755129549685372,-0.496038110792872,0.28041079793255974
0,StandardNSGA2,4,-0.5894289050247955,0.3872833991553934,0.7702007157586646,-0.6818314207482971,0.8256387547693567
0,StandardNSGA2,4,-0.6551595865549359,0.2725953132992092,1.2205576048237508,-0.6447162060415754,0.3352123737809451
0,StandardNSGA2,4,-0.6693944378825103,0.2966493887059177,1.4368275854712884,-0.7538010712402252,0.47739719041592765
0,StandardNSGA2,4,-0.48092904448393786,0.42248864796988495,0.9803189452974894,-0.2665340886688827,0.1864784014415968
0,StandardNSGA2,4,-0.4652194605176906,0.44966171287735934,0.8277458339029348,-0.5203700963079976,0.2558801196794884
0,StandardNSGA2,4,-0.6642968742769859,0.3144145176499742,1.2299387677605003,-0.8434434602959329,0.49340421194249534
0,StandardNSGA2,4,-0.6794125549742001,0.29514939714891486,1.2392489169603274,-0.7996479624470363,0.49496504067272556
0,StandardNSGA2,4,-0.5006908393759725,0.428461871044964,1.1017707555238396,-0.3363898751190643,0.1637974279419584
0,StandardNSGA2,4,-0.5048248624854333,0.3954074194379656,0.5209319169482601,-0.4105429713297662,0.5963637110563285
0,StandardNSGA2,4,-0.6127010684018505,0.36083443870697407,0.881542505232828,-0.7723703235206607,0.7792411553610767
0,StandardNSGA2,4,-0.6440823624393809,0.32640540643021565,1.1527538013223835,-0.8304334911956666,0.6940992550968863
0,StandardNSGA2,4,-0.6490597241342815,0.28296729632958917,1.2758102920010679,-0.5924639239686791,0.2904982154323242
0,StandardNSGA2,4,-0.6667763290283661,0.317851161050897,1.182288815689544,-0.7877563113787913,0.5132704182916317
0,StandardNSGA2,4,-0.6721672744492324,0.30201486218347723,1.3287674498039936,-0.7734316718365161,0.34654673604256236
0,StandardNSGA2,4,-0.6410085761177963,0.34319787687975867,0.9919746671444329,-0.7781191217889278,0.6571530409409474
0,StandardNSGA2,4,-0.5778391324594369,0.35464953444005853,1.0372886595566415,-0.5617323696933904,0.2753226337855028
0,StandardNSGA2,4,-0.5643021589825137,0.3357777369074383,0.9803189452974893,-0.7214911766731897,0.426258154940743
0,StandardNSGA2,4,-0.4725046107780141,0.43569779658177465,0.9565815297270427,-0.3152781142633651,0.20207041951629306
0,StandardNSGA2,4,-0.509669122371727,0.39803906637155106,0.6397664390839423,-0.3977914741208014,0.35080626357992284
0,StandardNSGA2,4,-0.5068560471835184,0.3795920810883406,0.5833828754229664,-0.4525319462684969,0.609427182252421
0,StandardNSGA2,4,-0.6227783095740664,0.3752007694029156,0.8684058283919127,-0.7029704497500068,0.8236206486766516
0,StandardNSGA2,4,-0.6457866512190489,0.30662178504987037,1.2847880786040071,-0.8089995361041644,0.45256294095890814
0,StandardNSGA2,4,-0.5048189209238492,0.39759709800763693,0.54254821706694,-0.41016152905552533,0.5648979532814662
0,StandardNSGA2,4,-0.5532327865166955,0.3734702823613974,0.8415174812746264,-0.4665473722830889,0.37109643209226484
0,StandardNSGA2,4,-0.587083565968759,0.37971687476523097,0.7079937284797468,-0.6042787292132432,0.6694119264930354
0,StandardNSGA2,4,-0.6721424811009789,0.29897210357964504,1.3962560587641581,-0.8295748053222546,0.4333437221661818
0,StandardNSGA2,4,-0.5224576988837046,0.3958924833326811,0.6915682278846585,-0.456564398680833,0.5399242242478506
0,StandardNSGA2,4,-0.660804165296449,0.2913174937153819,1.3113527077656704,-0.753630655398171,0.305303876461493
0,StandardNSGA2,4,-0.48741163678665894,0.43889222044286813,0.881542505232828,-0.4465034001876454,0.23896296542786138
0,StandardNSGA2,4,-0.5823119094880976,0.32219161847754285,0.9072453912952236,-0.6647340440014462,0.5530157092556189
0,StandardNSGA2,4,-0.5621357712396797,0.3536669106036901,0.7397513981473143,-0.6003850232993191,0.5778463838756235
0,StandardNSGA2,4,-0.6334788381042441,0.34999346796082975,0.9198275413214969,-0.6217025307494985,0.5040539448377084
0,StandardNSGA2,4,-0.502288300405777,0.42566631526823145,1.059218945609956,-0.3792285586687113,0.17570023882166236
0,StandardNSGA2,4,-0.6281852838778093,0.3560031717519555,0.8684058283919128,-0.6358070583306856,0.7323961146018338
0,StandardNSGA2,4,-0.529885053164619,0.4078857545828877,0.9072453912952236,-0.4130860121116875,0.22871325150837057
0,StandardNSGA2,4,-0.6738213182922242,0.288251083861465,1.1527538013223835,-0.75156591826284,0.3324653023155328
0,StandardNSGA2,4,-0.5436973806712342,0.3929501947117231,0.7994911844726069,-0.47693059994008113,0.3173783579322705
0,StandardNSGA2,4,-0.6461472432415529,0.2753531445344926,1.1326360028574725,-0.6226255222918973,0.3301408483437885
0,StandardNSGA2,4,-0.6575200164411831,0.28787949981527977,1.2667688800364192,-0.6378958081310949,0.2950055925473175
0,StandardNSGA2,4,-0.47878198716001596,0.4010188704191394,0.6747429940891573,-0.5423500517496345,0.4110193900877418
0,StandardNSGA2,4,-0.5757059741453042,0.38282376529450446,0.7702007157586646,-0.6726551232198024,0.7439098611322723
0,StandardNSGA2,4,-0.6248991287000795,0.3107663619203376,1.059218945609956,-0.6204515465419341,0.4144419948067156
0,StandardNSGA2,4,-0.5353907265107791,0.3797955139877239,0.6027637058449146,-0.4898242546239581,0.6388101020880631
0,StandardNSGA2,4,-0.47353047977686946,0.4480848257547908,0.8137411503644991,-0.525689424027255,0.25619608743796884
0,StandardNSGA2,4,-0.5547858270147694,0.4206817289366967,0.8137411503644991,-0.7077178062747472,0.4568077598178835
0,StandardNSGA2,4,-0.48456083732162875,0.41862088940180175,0.8944862739468376,-0.28818973077951526,0.2059039933900903
0,StandardNSGA2,4,-0.6102771802225998,0.34115444821944,0.8684058283919127,-0.7424361603590588,0.629618819560786
0,StandardNSGA2,4,-0.5652014084447722,0.379155157226248,0.7702007157586646,-0.6644877222999378,0.7237655812441296
0,StandardNSGA2,4,-0.6106610106482575,0.32698404396673364,0.8815425052328281,-0.6511091790781012,0.45082380269352385
0,StandardNSGA2,4,-0.49296241292110965,0.42306259421021525,0.8277458339029348,-0.3569572380778854,0.21059715256652495
0,StandardNSGA2,4,-0.4763318652760244,0.40445215517057775,0.7702007157586646,-0.5535001749085263,0.2653368780708636
0,StandardNSGA2,4,-0.5794674205549836,0.3159919259584102,0.7702007157586646,-0.5261899305522864,0.4544133869154157
0,StandardNSGA2,4,-0.4861479084054528,0.41343521041042647,0.8944862739468376,-0.27635353820593256,0.2063087833290073
0,StandardNSGA2,4,-0.49133513970324094,0.4135221457824203,0.9198275413214969,-0.3129932320741402,0.19091639739782126
0,StandardNSGA2,4,-0.6702494847331975,0.29897210357964504,1.404464128193649,-0.8273721975585013,0.3125795585171239
0,StandardNSGA2,4,-0.6655655917511487,0.31111478692022987,1.2392489169603274,-0.820798295579058,0.41142270925427854
0,StandardNSGA2,4,-0.49718178847364347,0.4310974519317881,0.9685229624340641,-0.39036031623093975,0.1796561842223648
0,StandardNSGA2,4,-0.5165414784785081,0.3872578362764168,0.8415174812746266,-0.39247060082990437,0.2975915306021556
0,StandardNSGA2,4,-0.6050014717806259,0.3752939584049125,1.0912883633487742,-0.6395418767686054,0.299359596010322
0,StandardNSGA2,5,-0.694298905718252,0.29303436428601026,1.4288054467365827,-0.7509978084506328,0.6064561712650203
0,StandardNSGA2,5,-0.6294918910544378,0.3219570885858699,1.211103777942239,-0.8234530760038259,0.4575434411562118
0,StandardNSGA2,5,-0.6611406189332779,0.24946880180880515,1.412624505355147,-0.6221753796510954,0.4179754828144443
0,StandardNSGA2,5,-0.46297140494225586,0.4154839609041165,1.0483111508478486,-0.30507143631889383,0.15077242267747804
0,StandardNSGA2,5,-0.42341481334633835,0.4519252206227408,0.8415174812746264,-0.3787494709744118,0.2508958577214477
0,StandardNSGA2,5,-0.644251426561848,0.2622765450097564,1.596005053582509,-0.6020971642945384,0.22774489912109921
0,StandardNSGA2,5,-0.4734931969311556,0.42300013125850705,0.9565815297270427,-0.195407588294603,0.20075662073016667
0,StandardNSGA2,5,-0.5462952118587063,0.34964714673743663,0.54254821706694,-0.548422508004986,0.5356680496962006
0,StandardNSGA2,5,-0.4593975708727339,0.4550877594056913,0.8137411503644991,-0.4360947388029647,0.25466479155720795
0,StandardNSGA2,5,-0.5547189508395184,0.38790326091733335,0.6915682278846585,-0.6882989731877583,0.8507772418704805
0,StandardNSGA2,5,-0.436494899208448,0.41971280876321915,0.9919746671444329,-0.2936674016254539,0.181131149512351
0,StandardNSGA2,5,-0.6710221815459911,0.29450195520602057,1.3113527077656704,-0.7823540692377536,0.6801547599087564
0,StandardNSGA2,5,-0.6144828526948023,0.31232118681100035,0.9322398894708788,-0.4860585047456367,0.47921113817775646
0,StandardNSGA2,5,-0.6394851670168487,0.2631518109525829,1.5447694296661307,-0.6118974557341926,0.2752053416212795
0,StandardNSGA2,5,-0.5216162635453986,0.3724754773425805,0.6397664390839423,-0.563094108450482,0.721642319712317
0,StandardNSGA2,5,-0.6794124112513491,0.2806279038851513,1.3459568890394897,-0.7245006861789138,0.4400962015922133
0,StandardNSGA2,5,-0.6852099132164929,0.30399013985481604,1.3373897866387852,-0.7715623917707347,0.6351948592530701
0,StandardNSGA2,5,-0.4674646345632548,0.4192191243281772,1.0372886595566415,-0.2603172985290666,0.17359035887470153
0,StandardNSGA2,5,-0.5403810185903657,0.3649804403283142,0.6747429940891573,-0.6552022627422002,0.8115856328349164
0,StandardNSGA2,5,-0.5295282429840672,0.3402676183178275,0.6027637058449147,-0.4881766172727067,0.5599514767059353
0,StandardNSGA2,5,-0.6240919824192787,0.320956648006698,1.211103777942239,-0.7963848486181162,0.47249391877281094
0,StandardNSGA2,5,-0.6392427393228998,0.2883057594310577,1.387999450968369,-0.6681591425976222,0.33008494898035706
0,StandardNSGA2,5,-0.5743910250740447,0.31711410299501114,1.1626821716231532,-0.5135326358794894,0.2942822622613778
0,StandardNSGA2,5,-0.5704283469069765,0.35009439069602416,0.7994911844726069,-0.711393026294029,0.7745659975349595
0,StandardNSGA2,5,-0.4516602551601003,0.42564583633419845,0.9444891303068568,-0.38489407707709133,0.19373593780347634
0,StandardNSGA2,5,-0.4926973011226588,0.3820228410245547,0.8684058283919127,-0.45167039316943003,0.23953785053001336
0,StandardNSGA2,5,-0.4990940169873002,0.37748767900911406,0.6574873400494294,-0.43679717011133656,0.4385315430720679
0,StandardNSGA2,5,-0.5384334319387186,0.3686373191611124,1.0148846002135223,-0.42129884358196634,0.34254584348465206
0,StandardNSGA2,5,-0.6270996447687704,0.3252774482893663,0.9685229624340641,-0.7497487291197784,0.7322057606974757
0,StandardNSGA2,5,-0.5273872671939017,0.3447443544236073,0.5833828754229664,-0.5075348841367205,0.5569991464511796
0,StandardNSGA2,5,-0.6054105804149827,0.34830129547189526,1.112154352360633,-0.6030672591484595,0.25960803715438513
0,StandardNSGA2,5,-0.6501484386451419,0.2927172783676609,1.387999450968369,-0.8132251063762268,0.49122036943344816
0,StandardNSGA2,5,-0.6621219093521369,0.2676554081404702,1.2758102920010677,-0.7085360120314885,0.3559367315075465
0,StandardNSGA2,5,-0.620881416905722,0.29845876277735006,1.059218945609956,-0.6812243990618356,0.5191682693365433
0,StandardNSGA2,5,-0.6681898250140677,0.2552738258228971,1.5071065198237947,-0.6336571553781561,0.33875158154155277
0,StandardNSGA2,5,-0.6574851967378587,0.2994792170694155,1.1017707555238399,-0.7889855687322753,0.7004821266434205
0,StandardNSGA2,5,-0.47314991521596583,0.43724954224897006,0.8415174812746266,-0.3920849016915956,0.2244078150756461
0,StandardNSGA2,5,-0.5039578584877551,0.390882761132019,0.9803189452974893,-0.36358888483547547,0.20667523141881355
0,StandardNSGA2,5,-0.4884400808185,0.41191226330471953,1.003495015435271,-0.3193118537649462,0.1885274946069242
0,StandardNSGA2,5,-0.5188570678980176,0.39919715072550294,0.8277458339029348,-0.4587342770831661,0.27827308795932887
0,StandardNSGA2,5,-0.6906794397556701,0.27963293631021313,1.484050047961325,-0.7542449679914127,0.35089650192756083
0,StandardNSGA2,5,-0.5481449564058771,0.36458344977948426,0.6747429940891573,-0.6385118656531319,0.7968877588225329
0,StandardNSGA2,5,-0.48949314620534035,0.4256692226111879,0.9198275413214968,-0.2846103849643576,0.23179120090769673
0,StandardNSGA2,5,-0.5102546496930259,0.37612343327700787,0.8550673523401053,-0.34991266592143677,0.3075530715544487
0,StandardNSGA2,5,-0.5984980596074457,0.3602612531980635,0.8944862739468377,-0.6456306416417406,0.5372641685296465
0,StandardNSGA2,5,-0.6443472063351587,0.2840761557503683,1.4606296681954094,-0.7185142020632223,0.3712029616914479
0,StandardNSGA2,5,-0.472981915260213,0.4191385775056663,1.0148846002135223,-0.24003896668309838,0.18499039599966224
0,StandardNSGA2,5,-0.6893346087145411,0.2724052529402861,1.4288054467365827,-0.7185407924543304,0.575556636506755
0,StandardNSGA2,5,-0.678485425503782,0.30930733864223897,1.2667688800364192,-0.7049131288197221,0.6112922697372977
0,StandardNSGA2,5,-0.4808817816518568,0.42296608257922574,0.9444891303068567,-0.21594283558173535,0.20128380837172372
0,StandardNSGA2,5,-0.4697574979431211,0.3950602338618148,0.755129549685372,-0.4941078095559116,0.4921123674918048
0,StandardNSGA2,5,-0.5650485742560651,0.3330922803444867,0.7240467010585573,-0.5870190877634138,0.5987477887335705
0,StandardNSGA2,5,-0.46475604556919486,0.43567097496691887,0.8550673523401053,-0.3281075462781,0.2137263440189881
0,StandardNSGA2,5,-0.4956864031057737,0.3812383171740974,0.7702007157586646,-0.398519959563787,0.3799450810714992
0,StandardNSGA2,5,-0.6039864459997004,0.32493783638919027,1.2484896411001858,-0.6928704181192358,0.33104996075048787
0,StandardNSGA2,5,-0.46580292689716885,0.4328427544085427,0.8277458339029348,-0.33920186862242235,0.2232845937448522
0,StandardNSGA2,5,-0.4573492254053867,0.42321725168121016,0.881542505232828,-0.368227833515102,0.20457496325672025
0,StandardNSGA2,5,-0.6023929008499496,0.30632853803165333,1.0700155515160485,-0.6838038351070871,0.5426742406394289
0,StandardNSGA2,5,-0.5610622521430434,0.34403595684313165,1.0261477756627881,-0.5656837777124172,0.2836737887282876
0,StandardNSGA2,5,-0.5877682697949564,0.33928375764830704,0.8137411503644992,-0.5765210133608403,0.7447297569335369
0,StandardNSGA2,6,-0.4949993887058405,0.3747640865486612,0.8277458339029348,-0.22087222250130586,0.25959945742343254
0,StandardNSGA2,6,-0.6715490462156689,0.2701874405796363,1.603190767440991,-0.7509127347946812,0.3084645687342695
0,StandardNSGA2,6,-0.470742682589507,0.3818816480296624,0.9322398894708788,-0.3518914594183407,0.19253769429082565
0,StandardNSGA2,6,-0.5116854141964865,0.4724969337747115,0.7702007157586646,-0.7471834421328264,0.7131256986793162
0,StandardNSGA2,6,-0.449786514382016,0.3942368136447275,0.8137411503644992,-0.30968779719622097,0.2291816399764654
0,StandardNSGA2,6,-0.6412783912179679,0.25646866969009413,1.5298155376831448,-0.6806015773301166,0.30696885779526606
0,StandardNSGA2,6,-0.5746011794922372,0.442914614404733,0.8684058283919128,-0.7995636430206698,0.9011772295218219
0,StandardNSGA2,6,-0.6819196613029183,0.2734337640791895,1.5887868407416337,-0.770316491758653,0.32433413108340636
0,StandardNSGA2,6,-0.6210467728260178,0.39202288881760394,1.2484896411001858,-0.8783445373636412,0.7298493493007324
0,StandardNSGA2,6,-0.5163258158970152,0.4411848685243358,0.5833828754229664,-0.639630009398312,0.6691013498321843
0,StandardNSGA2,6,-0.6140927219547064,0.3187694337473281,1.211103777942239,-0.5863127465579084,0.4297465588148568
0,StandardNSGA2,6,-0.6072006404515119,0.2967351260889969,1.34595688903949,-0.6055062521462584,0.28003463196401684
0,StandardNSGA2,6,-0.5264574848797245,0.4305363173525983,0.6397664390839423,-0.5238586314597903,0.5854073650925218
0,StandardNSGA2,6,-0.5999038338888613,0.3650501470282563,1.122441895699651,-0.7103315282880914,0.5243292597617242
0,StandardNSGA2,6,-0.5947425324360619,0.3279612721422215,1.0807043010154629,-0.6381763833874425,0.4712858760314088
0,StandardNSGA2,6,-0.48633464669085136,0.40190302456373644,0.8415174812746264,-0.26741307854513,0.2640799833279199
0,StandardNSGA2,6,-0.6612849569555962,0.3357883652523503,1.5447694296661307,-0.853955767726497,0.6241588327653382
0,StandardNSGA2,6,-0.5061771270829791,0.4610946562234549,0.755129549685372,-0.7774002746621309,0.7006870747409569
0,StandardNSGA2,6,-0.539092000463613,0.44017028441848033,0.5833828754229664,-0.6623431717565391,0.6777668507325247
0,StandardNSGA2,6,-0.587477274343719,0.3697547944005529,0.9919746671444329,-0.6255232971027385,0.4133231999563577
0,StandardNSGA2,6,-0.6334631352241946,0.321968140499443,1.3629295501408407,-0.7569650869722151,0.3504840377028646
0,StandardNSGA2,6,-0.5424616037120407,0.3901744966806862,0.7551295496853719,-0.503230255971674,0.36101539922913584
0,StandardNSGA2,6,-0.5848432809362712,0.4232094188389177,1.0261477756627881,-0.8126862013213885,0.7932754586034638
0,StandardNSGA2,6,-0.6253165019922822,0.2880045785045523,1.2667688800364192,-0.6539203531310755,0.36060912100639064
0,StandardNSGA2,6,-0.4844953584095667,0.39204834941336025,0.6574873400494295,-0.45894205800420396,0.5439815514131888
0,StandardNSGA2,6,-0.4576968352840723,0.3877144057814018,0.9803189452974893,-0.40563766000845664,0.21186538126148208
0,StandardNSGA2,6,-0.5542961219003257,0.43809127785672286,0.9322398894708787,-0.8307652539701955,0.6910270386840496
0,StandardNSGA2,6,-0.6385710855812073,0.30385054486125335,1.387999450968369,-0.575163613558882,0.3148516132104624
0,StandardNSGA2,6,-0.5735953098433508,0.3389192469206863,1.0261477756627881,-0.5366503912265493,0.31662983650635534
0,StandardNSGA2,6,-0.49135095111773186,0.3854895069517757,0.6574873400494295,-0.43836914133753735,0.543689150419109
0,StandardNSGA2,6,-0.5217292789503314,0.47243310391956256,0.755129549685372,-0.7910049522651712,0.7208411444499164
0,StandardNSGA2,6,-0.505497807141049,0.436764464583579,0.7079937284797468,-0.5834260436527415,0.7608078871361104
0,StandardNSGA2,6,-0.5863024016004375,0.4174581336494813,1.0912883633487742,-0.8385561342705958,0.8350589326499943
0,StandardNSGA2,6,-0.5677779608310095,0.41635604394181397,0.9565815297270427,-0.8338332542165782,0.7628202776037337
0,StandardNSGA2,6,-0.5284861526785347,0.4469535291344043,0.7551295496853719,-0.647070651953114,0.5852668284388901
0,StandardNSGA2,6,-0.6506911373794594,0.34710917745025016,1.3025580288099372,-0.7826769574309592,0.6080718545680766
0,StandardNSGA2,6,-0.5306822962091203,0.35896504822902403,0.9444891303068568,-0.4519761935748086,0.27797907457537196
0,StandardNSGA2,6,-0.47492667495174734,0.379634502171968,0.8415174812746266,-0.2265800592413469,0.24888371929570258
0,StandardNSGA2,6,-0.6669045599452866,0.265678931331204,1.404464128193649,-0.7434119582494139,0.46523103853221687
0,StandardNSGA2,6,-0.4822141021145754,0.3793147489482594,0.9072453912952236,-0.33925590729944843,0.2187586444556132
0,StandardNSGA2,6,-0.6525211298721519,0.3431604046496982,1.4527389723778685,-0.8659727593935507,0.6593876087730935
0,StandardNSGA2,6,-0.6767746257529416,0.29158672633440397,1.484050047961325,-0.7583641084168997,0.3409205204950987
0,StandardNSGA2,6,-0.5324435023621499,0.3836116170534331,0.6747429940891573,-0.5818826569547842,0.43512329741634703
0,StandardNSGA2,6,-0.6717918672981021,0.3151308297985766,1.3962560587641581,-0.7821469624044908,0.3746957830508806
0,StandardNSGA2,6,-0.5592056332784752,0.44555136416185503,0.9072453912952236,-0.8115721866350574,0.8071838090511317
0,StandardNSGA2,6,-0.5876452780926591,0.4302411538904714,1.0148846002135223,-0.8661437541869172,0.7478158457643944
0,StandardNSGA2,6,-0.5022767780629304,0.3544442024928013,0.9444891303068569,-0.49209776466301614,0.3263024511858889
0,StandardNSGA2,6,-0.6615609884717661,0.2781786598438844,1.5147140218016457,-0.7358993487473009,0.31134905235663757
0,StandardNSGA2,6,-0.679429914195696,0.28527395055550875,1.574251127939735,-0.7626269443061318,0.3260241389468265
0,StandardNSGA2,6,-0.50912870058834,0.3159403032065235,0.8550673523401052,-0.38162653477217184,0.34203315440701304
0,StandardNSGA2,6,-0.6637933542611444,0.30054878400251234,1.3879994509683689,-0.7546020388162772,0.3890954792672901
0,StandardNSGA2,6,-0.47537406935437315,0.38009559643363716,0.8944862739468376,-0.3819343582017821,0.20327490799445994
0,StandardNSGA2,6,-0.5135426031288363,0.4645704942868479,0.7240467010585573,-0.7486160828591787,0.7522542817548334
0,StandardNSGA2,6,-0.5931939292463534,0.35068273723921195,0.8277458339029348,-0.5989783845359945,0.4457702157181508
0,StandardNSGA2,6,-0.5458674707167471,0.39454295312060594,0.7849825783431665,-0.42005864688771244,0.47474607421446696
0,StandardNSGA2,6,-0.6470617783681737,0.263089403208877,1.5521923516684872,-0.6751269089145926,0.291822004699909
0,StandardNSGA2,6,-0.5624402334557834,0.3995357888171277,0.9322398894708788,-0.782662468403669,0.8724195876800591
0,StandardNSGA2,6,-0.5734993104693437,0.3836833340578078,1.0148846002135226,-0.734602079216921,0.6562060214396809
0,StandardNSGA2,6,-0.5730753861004588,0.42248159153214554,0.7849825783431665,-0.7859195173020381,0.6013664834547641
0,StandardNSGA2,6,-0.6238832171560222,0.28976889309133175,1.3796934333906816,-0.6968641021214687,0.3470119182295345
0,StandardNSGA2,7,-0.501255201718396,0.3682131367666258,1.1326360028574722,-0.22552050096512213,0.19996024476398916
0,StandardNSGA2,7,-0.6547463642688625,0.3238264106769989,1.638646748247976,-0.7804063828711995,0.3428656386253591
0,StandardNSGA2,7,-0.6415662800678451,0.3494400068829394,1.4207380120476114,-0.8781744107725654,0.5560100049621485
0,StandardNSGA2,7,-0.5097120341129289,0.4078239178859871,0.54254821706694,-0.49376916790487685,0.4799381617811722
0,StandardNSGA2,7,-0.6883865180783022,0.29181897283928127,1.4917751340604715,-0.7261953784829875,0.4559658544466371
0,StandardNSGA2,7,-0.510668492461213,0.37478759559154734,1.3025580288099372,-0.3735350604108555,0.17829049801891161
0,StandardNSGA2,7,-0.557512654391437,0.4577242670582983,0.7079937284797467,-0.6801479424023416,0.8857394274706005
0,StandardNSGA2,7,-0.6687048939803183,0.2754260935709342,1.5298155376831448,-0.6745812283509359,0.3296274164585892
0,StandardNSGA2,7,-0.491966829318126,0.4903548622064921,0.7397513981473143,-0.7617351245221087,0.7890639750242702
0,StandardNSGA2,7,-0.4301166628490618,0.3900218893421532,0.9444891303068568,-0.4367479220447376,0.25198662163536933
0,StandardNSGA2,7,-0.4849330876242589,0.4713239596464491,0.6397664390839424,-0.6259047083041841,0.6641622494986125
0,StandardNSGA2,7,-0.4778195579201857,0.40761582329092505,0.5833828754229664,-0.5660536106643297,0.48596611829216163
0,StandardNSGA2,7,-0.5065006943320682,0.4510656404295445,0.7079937284797467,-0.6048467242121128,0.8421218681784115
0,StandardNSGA2,7,-0.44720625975638456,0.4189717412709573,0.7702007157586646,-0.5881056187240835,0.6409014802211622
0,StandardNSGA2,7,-0.5977069095891713,0.40660808452505337,0.8815425052328281,-0.7417357661871635,0.8217012667817667
0,StandardNSGA2,7,-0.46828354351056867,0.388430695640824,0.9322398894708789,-0.4785244076763918,0.4031067369292284
0,StandardNSGA2,7,-0.519816510991616,0.4332668797409626,0.6747429940891573,-0.5506489013558153,0.6232105093609916
0,StandardNSGA2,7,-0.6475989686137297,0.33237921529528297,1.5815356839371835,-0.8671685599840966,0.5262231703251653
0,StandardNSGA2,7,-0.43826395133465984,0.3825603659722911,0.7397513981473142,-0.5234903466701732,0.44838764319586977
0,StandardNSGA2,7,-0.6883603667744504,0.29936513404963055,1.484050047961325,-0.7086436262536047,0.4508457530678829
0,StandardNSGA2,7,-0.6797665633101498,0.31244221520092835,1.5595799441917926,-0.7786738368289641,0.3570659820176917
0,StandardNSGA2,7,-0.45425634711626284,0.39445726782119717,1.0483111508478484,-0.38888121308199597,0.23297944674559873
0,StandardNSGA2,7,-0.5229977304963989,0.386154463974646,0.9322398894708788,-0.3428556262033238,0.28533229574915897
0,StandardNSGA2,7,-0.5619496618933407,0.40586612365041413,1.1121543523606332,-0.7382938530073495,0.5992109966602035
0,StandardNSGA2,7,-0.46127583475221845,0.4026398023148367,0.8550673523401053,-0.4214339042095657,0.25947598489408963
0,StandardNSGA2,7,-0.5736894578105058,0.4513951226683711,0.7079937284797467,-0.6647525361337735,0.8802418738170541
0,StandardNSGA2,7,-0.5983555212085954,0.39807700121862677,0.8684058283919128,-0.7191990669689039,0.7661174923907884
0,StandardNSGA2,7,-0.6754524907921672,0.2925739385768732,1.4448051827559238,-0.7521566129144551,0.4657427710778609
0,StandardNSGA2,7,-0.4960632284329316,0.4130355454115421,0.6397664390839423,-0.5460139670022788,0.6496007383322884
0,StandardNSGA2,7,-0.5686819873412063,0.4216767950354077,1.0034950154352709,-0.8028665075332071,0.7371251853254401
0,StandardNSGA2,7,-0.5122896446530307,0.364497359717247,1.1224418956996507,-0.24546053291964123,0.2067807428243193
0,StandardNSGA2,7,-0.4407094988889056,0.3833240598921108,0.9198275413214968,-0.453442266944659,0.2617514655067679
0,StandardNSGA2,7,-0.6157732808405829,0.31685084756316284,1.2847880786040071,-0.6766932339845192,0.3401904999106987
0,StandardNSGA2,7,-0.6531833621225814,0.3226462365407663,1.596005053582509,-0.7560756449515805,0.3416994336225887
0,StandardNSGA2,7,-0.6353501528405967,0.34649989926434255,1.396256058764158,-0.8559870196196571,0.5468459867347296
0,StandardNSGA2,7,-0.541544551506023,0.3272911857078089,1.3287674498039934,-0.44052214634402376,0.2059683383004502
0,StandardNSGA2,7,-0.5160876382590152,0.41546998976464733,0.7079937284797468,-0.5181515333515725,0.7131336456649868
0,StandardNSGA2,7,-0.5105175172411467,0.36294652273406214,1.0261477756627881,-0.2662409389435062,0.2374764258718062
0,StandardNSGA2,7,-0.662572303672364,0.3052465169388345,1.3544698050897952,-0.72935449362749,0.37577842000540895
0,StandardNSGA2,7,-0.5207075082319774,0.42851415036514473,0.755129549685372,-0.501547866285871,0.5345860227551886
0,StandardNSGA2,7,-0.4615978618910203,0.4237819243948092,0.9803189452974894,-0.5973278591838375,0.3247027553994292
0,StandardNSGA2,7,-0.580063225534667,0.4233299890200006,0.9198275413214968,-0.809896889439932,0.639680071901649
0,StandardNSGA2,7,-0.5738906780584989,0.3661436308185452,1.2299387677605003,-0.5612500902706525,0.2673935110663221
0,StandardNSGA2,7,-0.6269620675809249,0.3592189510835742,1.2576624704910284,-0.832445630800336,0.552252822382157
0,StandardNSGA2,7,-0.5138273567289198,0.44088770951789913,0.7397513981473143,-0.6619610478300446,0.5324111625334916
0,StandardNSGA2,7,-0.669995630172199,0.30699957305345094,1.5222835063120284,-0.6893379511745373,0.3616778533738565
0,StandardNSGA2,7,-0.4789322231426286,0.48093849100145886,0.7079937284797467,-0.7112170806142808,0.67478058137952
0,StandardNSGA2,7,-0.6355448953365663,0.33955930374909027,1.1822888156895441,-0.6511900778250048,0.41489773258993995
0,StandardNSGA2,7,-0.5530661694066993,0.3493745977780134,0.9685229624340642,-0.5424091483867028,0.3020904876783524
0,StandardNSGA2,7,-0.5001341295075152,0.3663393586110237,1.1017707555238399,-0.2733304552576953,0.1950328767169928
0,StandardNSGA2,7,-0.6347203962944237,0.2860142908317997,1.4917751340604715,-0.7055357978473205,0.2980945080585091
0,StandardNSGA2,7,-0.6255509956639859,0.34937466734188005,1.5669327069381127,-0.8710935575654247,0.5466092930916793
0,StandardNSGA2,7,-0.5306992530355461,0.43185814181854615,0.8550673523401052,-0.40544843804100816,0.5359208893429005
0,StandardNSGA2,7,-0.5670692030150288,0.35184660625995867,1.003495015435271,-0.6160950165081346,0.4242094556477779
0,StandardNSGA2,7,-0.5579822856931349,0.4108069119262092,0.7994911844726069,-0.7744352245008287,0.7518953176048744
0,StandardNSGA2,7,-0.5136845371998813,0.3689943842966696,1.1017707555238399,-0.3087441865528026,0.2002683442785748
0,StandardNSGA2,7,-0.6507650683246702,0.2779419357530605,1.5071065198237947,-0.6492251875469162,0.35382284881082704
0,StandardNSGA2,7,-0.5863791048513634,0.34814086187593424,1.0912883633487744,-0.6361437291110947,0.47207829692919273
0,StandardNSGA2,7,-0.6016248595051652,0.4461979993978956,0.9803189452974893,-0.741610420344184,0.6770687788357364
0,StandardNSGA2,7,-0.6599820511468865,0.32898975376779405,1.4606296681954094,-0.7685532278409182,0.49606980639428777
0,StandardNSGA2,8,-0.5515865260146426,0.401359320512951,0.6747429940891573,-0.5425645161919304,0.8467536845419176
0,StandardNSGA2,8,-0.4095992123208367,0.40044500083924184,0.8684058283919127,-0.45577315373418115,0.28687843686457193
0,StandardNSGA2,8,-0.47951518883448363,0.45896516458642334,0.7849825783431665,-0.49106528322693377,0.30859137577259177
0,StandardNSGA2,8,-0.6856485902975814,0.2849863742197893,1.5222835063120284,-0.7977616219237383,0.33481334197588913
0,StandardNSGA2,8,-0.6465260469910771,0.2573838253779709,1.638646748247976,-0.6126618293606142,0.2332600012267279
0,StandardNSGA2,8,-0.44201782714823157,0.38652280076999784,1.2847880786040067,-0.3203662586492475,0.14040496219060694
0,StandardNSGA2,8,-0.522934349458471,0.40729101657692396,0.5833828754229664,-0.48889028668583573,0.7523412412438546
0,StandardNSGA2,8,-0.6390110052054091,0.3285903176185634,1.3459568890394897,-0.8404099120908441,0.49954127321631203
0,StandardNSGA2,8,-0.6465260469910771,0.2575326245792907,1.652616161435534,-0.6194072904906317,0.23120470733276774
0,StandardNSGA2,8,-0.46429536978579034,0.37671117945829613,1.2111037779422387,-0.3385797664478877,0.164244461038545
0,StandardNSGA2,8,-0.5928830823746485,0.3464328087345133,0.9565815297270427,-0.6605335042719174,0.7357598117834585
0,StandardNSGA2,8,-0.4572603963912439,0.39272796427665746,0.7079937284797466,-0.38610805678608573,0.5468040672669545
0,StandardNSGA2,8,-0.6853481852330214,0.268073858475382,1.4762845386668806,-0.7283396733886491,0.29568564922400453
0,StandardNSGA2,8,-0.6287463438616674,0.3382880582077893,1.2576624704910284,-0.8338724936066024,0.5088631199495374
0,StandardNSGA2,8,-0.48178756952103496,0.45276035302531936,0.8137411503644992,-0.4781625401257298,0.3075214493333166
0,StandardNSGA2,8,-0.47483491109122483,0.4048051156322495,0.9919746671444328,-0.5014841111690067,0.2541489954601559
0,StandardNSGA2,8,-0.6398062399660616,0.30687562263613666,1.1725264764419854,-0.7349826773861527,0.4845269553546657
0,StandardNSGA2,8,-0.534329217965144,0.40896744789048095,0.7397513981473143,-0.5489101362716804,0.6887751983694578
0,StandardNSGA2,8,-0.46020660031606664,0.4399221737698526,0.8415174812746266,-0.37556800060947665,0.31377968970338443
0,StandardNSGA2,8,-0.4953820452245862,0.3645629827676607,0.8550673523401052,-0.43127703041611076,0.2770222751115443
0,StandardNSGA2,8,-0.6163902078803976,0.3125779126855747,1.0261477756627881,-0.6236641456416265,0.6437257185657671
0,StandardNSGA2,8,-0.48540637068558945,0.39058699843754585,0.7849825783431665,-0.46875925771448335,0.34994439942148015
0,StandardNSGA2,8,-0.607220489487414,0.31668043037691207,1.112154352360633,-0.6734530143175942,0.5952085758420341
0,StandardNSGA2,8,-0.5053386791802229,0.4285607786965889,0.6027637058449147,-0.5076839388060252,0.7827488981923405
0,StandardNSGA2,8,-0.6613355062859775,0.2769694679929132,1.5071065198237947,-0.7654410833226637,0.4119741653842583
0,StandardNSGA2,8,-0.5559259372055303,0.3966214527685925,0.6747429940891573,-0.5367581194046918,0.8339932137841737
0,StandardNSGA2,8,-0.5933801471147594,0.3053356818146254,1.3879994509683689,-0.5582303763463966,0.2713742666555179
0,StandardNSGA2,8,-0.4431385363900347,0.3864837546863513,1.239248916960327,-0.35308326174793,0.15398223163351646
0,StandardNSGA2,8,-0.4302745317692322,0.38498469358021187,1.0148846002135226,-0.35585593537495275,0.19196363890124973
0,StandardNSGA2,8,-0.6501153189421303,0.26265326626398644,1.574251127939735,-0.7021001425120404,0.26811798382014657
0,StandardNSGA2,8,-0.5418392241025186,0.3992091314713392,0.6397664390839423,-0.49570611150776545,0.7620134115692525
0,StandardNSGA2,8,-0.507153186574295,0.3567877048500324,1.3287674498039934,-0.4512342772116945,0.2006432272707209
0,StandardNSGA2,8,-0.5279783902157325,0.41003491320927515,0.6215404981423345,-0.6391758536116914,0.6028222531216744
0,StandardNSGA2,8,-0.5015304089028569,0.41498694056673335,0.7240467010585573,-0.5712073069905549,0.5434252871084851
0,StandardNSGA2,8,-0.5369090462493478,0.4082630959557264,0.6027637058449147,-0.5216936737635025,0.8046520699748175
0,StandardNSGA2,8,-0.6680877041976048,0.28086235395504877,1.3796934333906814,-0.6824983547970509,0.4342677273316517
0,StandardNSGA2,8,-0.5665370873250337,0.36950595330221103,0.755129549685372,-0.5952476721093365,0.7447775945228251
0,StandardNSGA2,8,-0.625575306716024,0.31560181890137845,1.0483111508478486,-0.6340157845530063,0.3962406890633018
0,StandardNSGA2,8,-0.5409617292407083,0.40953465992404753,0.6574873400494295,-0.5646707487914695,0.6270649368067014
0,StandardNSGA2,8,-0.5649696382915853,0.38237252349721007,0.8815425052328281,-0.6956110138614449,0.3983507382978724
0,StandardNSGA2,8,-0.5913657691629267,0.3295220747294696,1.0700155515160485,-0.6006410358048567,0.3675319409516337
0,StandardNSGA2,8,-0.4372587752820262,0.42080284332516327,0.9072453912952236,-0.4619071942835541,0.252074238488821
0,StandardNSGA2,8,-0.5990934166276366,0.27297687453326225,1.596005053582509,-0.594859274276495,0.20185615038555663
0,StandardNSGA2,8,-0.6764874216269787,0.2647430401478889,1.5521923516684872,-0.664016423769495,0.2616059715751586
0,StandardNSGA2,8,-0.6197071144898321,0.32076167731962135,1.059218945609956,-0.6435359301017936,0.4639589879184808
0,StandardNSGA2,8,-0.6352603371504867,0.35310495896181365,1.2847880786040071,-0.8158097261097825,0.5139266448098463
0,StandardNSGA2,8,-0.4288100066606667,0.4227063638027565,1.1427391744033626,-0.3621146927518915,0.21471066240571712
0,StandardNSGA2,8,-0.6630426735733029,0.27997241457594957,1.3544698050897952,-0.7808257089402652,0.314137214431348
0,StandardNSGA2,8,-0.45349189486233604,0.4283230965025019,0.9198275413214969,-0.38961027673641524,0.24846089074542968
0,StandardNSGA2,8,-0.4535079771592039,0.4381449058245931,0.9322398894708788,-0.39794370151686626,0.24938296373710106
0,StandardNSGA2,8,-0.5016024399959644,0.3315907930909027,1.1527538013223833,-0.5406621797459653,0.21226889413162783
0,StandardNSGA2,8,-0.5191126596194181,0.3754370488675174,1.112154352360633,-0.5690802753966582,0.2251332146783916
0,StandardNSGA2,8,-0.4173039895101868,0.43493126490991374,0.8550673523401053,-0.5770382087226794,0.3337170950390481
0,StandardNSGA2,8,-0.5649717587961426,0.3520743547951229,1.201575571988228,-0.6070645800519915,0.3319198983090453
0,StandardNSGA2,8,-0.5410628262872672,0.38092984636330546,0.6747429940891573,-0.5201226418324861,0.6659615111245772
0,StandardNSGA2,8,-0.6123885439021073,0.29782113408211747,1.2392489169603271,-0.6155442233193725,0.4106811937678737
0,StandardNSGA2,8,-0.574382647248642,0.36116534393634714,0.7849825783431665,-0.5440429504164379,0.6833109187703308
0,StandardNSGA2,8,-0.6057971859929174,0.34891145459421735,1.059218945609956,-0.6934899631016291,0.4899932707714606
0,StandardNSGA2,8,-0.6224898586265978,0.31856119412892275,1.1427391744033626,-0.7268530654379485,0.36477641629108326
0,StandardNSGA2,8,-0.6796873739026454,0.3095204708867597,1.3113527077656701,-0.8186316192091935,0.508934518697645
0,StandardNSGA2,9,-0.4523486836293345,0.41166975538970985,0.9072453912952236,-0.21996911601257496,0.20841652559918833
0,StandardNSGA2,9,-0.40978664904337875,0.42733723174281585,1.1224418956996507,-0.29213917757215346,0.1566863343154034
0,StandardNSGA2,9,-0.6842148037937837,0.2944217900455551,1.5521923516684872,-0.7966526286957697,0.5036949311021648
0,StandardNSGA2,9,-0.39808837050308366,0.4367308814015862,1.0912883633487742,-0.32059221071052546,0.16020587829738772
0,StandardNSGA2,9,-0.6261079932292952,0.32382628935140034,1.4288054467365827,-0.8700282086787208,0.623854043616011
0,StandardNSGA2,9,-0.4241355894964819,0.47513464582366893,0.7994911844726069,-0.4205895087203178,0.27277314662128616
0,StandardNSGA2,9,-0.6712358458608666,0.29043382053547323,1.5887868407416337,-0.7899313471687739,0.39518098049173167
0,StandardNSGA2,9,-0.5441266427419726,0.4053272215802293,0.7240467010585573,-0.6110647957457489,0.9438581283134994
0,StandardNSGA2,9,-0.6446794399812006,0.26105963545371774,1.537310666418436,-0.6961842142504875,0.32819628374258425
0,StandardNSGA2,9,-0.47843881505431896,0.40595653218888295,0.5633356668893262,-0.5409646360975003,0.513597010691855
0,StandardNSGA2,9,-0.4476412629562841,0.41369084631565256,0.9685229624340641,-0.2411303571560821,0.20164729364985642
0,StandardNSGA2,9,-0.4354404346180506,0.45067347962733323,0.8137411503644991,-0.3751571846536012,0.26031784891349946
0,StandardNSGA2,9,-0.5939249740462703,0.34640473682987605,1.1919712032812333,-0.8140864154770735,0.8741036681592153
0,StandardNSGA2,9,-0.4578311027762612,0.4082083221559209,0.8684058283919128,-0.26055411203124673,0.2247361919790402
0,StandardNSGA2,9,-0.4025926899467926,0.4645965644928213,0.9565815297270427,-0.3120318615516705,0.18806936460167017
0,StandardNSGA2,9,-0.6663188420703421,0.2837680886121303,1.5298155376831448,-0.7850063361678532,0.49557929442324344
0,StandardNSGA2,9,-0.4506473266346653,0.4238515084527995,0.8550673523401052,-0.2375579460207231,0.23141639938619862
0,StandardNSGA2,9,-0.4313329254609345,0.4523542111495413,0.8415174812746264,-0.35024051721095917,0.22804912763770666
0,StandardNSGA2,9,-0.6352429427374064,0.2682362417514545,1.484050047961325,-0.6721477202702364,0.295543447650938
0,StandardNSGA2,9,-0.4796639744728603,0.43431371309585015,0.7397513981473142,-0.3387858109065177,0.28288629036633867
0,StandardNSGA2,9,-0.5889264739663698,0.35407944438574257,0.8944862739468377,-0.6733363609098999,0.9083699279988202
0,StandardNSGA2,9,-0.5409557538136968,0.3946263808653671,0.6215404981423344,-0.517553831332924,0.8013873950179053
0,StandardNSGA2,9,-0.6544614789506951,0.3027537589195358,1.3713371082247576,-0.8273356212506865,0.6210603572535998
0,StandardNSGA2,9,-0.5663676499515706,0.386050276951882,0.8277458339029348,-0.6705776261940424,0.7814434785807276
0,StandardNSGA2,9,-0.5488199311036878,0.40581071941992786,0.6027637058449147,-0.5928788813502788,0.7568251455460749
0,StandardNSGA2,9,-0.48647059788840663,0.39907508023023847,0.6397664390839423,-0.4941417890027052,0.5511025633353704
0,StandardNSGA2,9,-0.6073845392469119,0.34955287736991486,0.9198275413214969,-0.7481348850166507,0.7311221138583474
0,StandardNSGA2,9,-0.6431238230367095,0.3211972657103698,1.404464128193649,-0.8387687719904562,0.6064262508665876
0,StandardNSGA2,9,-0.541714938976785,0.3745648699186547,0.8550673523401053,-0.5190652284434332,0.41721113369284646
0,StandardNSGA2,9,-0.6536679649746165,0.31898667509854306,1.3025580288099372,-0.737142030155965,0.38071443525079923
0,StandardNSGA2,9,-0.5590914472814008,0.3575507749384935,0.8415174812746266,-0.4758042259081991,0.3654155099018376
0,StandardNSGA2,9,-0.6803442903834773,0.3026828555864788,1.537310666418436,-0.8470856308865475,0.47174472357337827
0,StandardNSGA2,9,-0.4686666674447858,0.4114273162207904,0.8415174812746266,-0.4515227613568575,0.2805372265533054
0,StandardNSGA2,9,-0.4192998624499221,0.4672647387065041,0.8277458339029348,-0.4880594461573547,0.2551630004729547
0,StandardNSGA2,9,-0.6695800711365878,0.3126326018865956,1.3629295501408405,-0.7808816445114354,0.642180168414806
0,StandardNSGA2,9,-0.628677391248625,0.27177843989709966,1.468477964887372,-0.6544698001220339,0.3058576959942357
0,StandardNSGA2,9,-0.524103220862795,0.391012481706981,0.5833828754229664,-0.507685115520079,0.6242253177598289
0,StandardNSGA2,9,-0.518575900648309,0.35731951974645093,0.6747429940891573,-0.5650300753375126,0.5657625403252349
0,StandardNSGA2,9,-0.6304380017281345,0.28406011738237413,1.3200887962222396,-0.7064653444907509,0.3457421197377267
0,StandardNSGA2,9,-0.5622334626483165,0.37912997835401574,0.9072453912952236,-0.7628967761805691,0.854691118930725
0,StandardNSGA2,9,-0.49362073885223373,0.4103990868615421,0.6915682278846585,-0.4842116977560947,0.4527992983695069
0,StandardNSGA2,9,-0.6474217394445196,0.33118621150214145,1.2299387677605003,-0.7960434311010696,0.6763473730080768
0,StandardNSGA2,9,-0.5851223865593886,0.3423399951071512,0.755129549685372,-0.6185436222505591,0.7678695950829847
0,StandardNSGA2,9,-0.6416839473992366,0.3291523331953042,1.2758102920010679,-0.7503121021673291,0.5173793889069456
0,StandardNSGA2,9,-0.5857395917991806,0.3861512601690276,1.0148846002135226,-0.7499195255617641,0.8211198938898349
0,StandardNSGA2,9,-0.4037394356989381,0.4602286539271853,0.881542505232828,-0.3856447043347015,0.21525176770246696
0,StandardNSGA2,9,-0.619042853980373,0.31449210325023785,1.0700155515160485,-0.7015128102330953,0.5867608232278336
0,StandardNSGA2,9,-0.6222437034343773,0.30609620316183445,1.1326360028574725,-0.6917393384202475,0.5104885540736228
0,StandardNSGA2,9,-0.6313420290763794,0.3479658474201156,1.2205576048237503,-0.7772383620865086,0.628028408790381
0,StandardNSGA2,9,-0.529443042306741,0.3372141960206139,1.162682171623153,-0.5722541991604253,0.222677502662087
0,StandardNSGA2,9,-0.6136699143448802,0.31083408841208104,1.0148846002135223,-0.6612031597795551,0.5955473646972406
0,StandardNSGA2,9,-0.6346133255711301,0.2759197984104654,1.4527389723778685,-0.6650075985669386,0.3231100507865712
0,StandardNSGA2,9,-0.6010455622389405,0.3562447187410458,0.8684058283919128,-0.7242026237268655,0.7249477378757847
0,StandardNSGA2,9,-0.6277081639341561,0.30764362912055476,1.3373897866387852,-0.8083664463570935,0.6685018643855976
0,StandardNSGA2,9,-0.6094757760272194,0.30125282719002,1.1527538013223835,-0.7306612762901104,0.3388511413074126
0,StandardNSGA2,9,-0.5300971695599556,0.33664694761482383,0.9072453912952236,-0.49483529474380833,0.28586766632152455
0,StandardNSGA2,9,-0.5295898780333333,0.39385724461437893,0.6574873400494294,-0.5637384878001745,0.756978541179653
0,StandardNSGA2,9,-0.583074611352647,0.3657281141457215,0.7849825783431665,-0.6342929870925982,0.6067639247004848
0,StandardNSGA2,9,-0.5633427919637537,0.3519022844683243,0.7849825783431665,-0.6287203470984207,0.5291936910788089
0,StandardNSGA2,9,-0.5539642118591147,0.3790898805974006,0.9803189452974895,-0.6946789512918305,0.6798855235136012
0,NSGA3,0,-0.6676488945929461,0.3051494373095724,0.9565815297270429,-0.6763265724740872,0.45233476667886474
0,NSGA3,0,-0.6529462424166079,0.26204478226434263,1.2847880786040071,-0.7848269908958436,0.2859670315263431
0,NSGA3,0,-0.6187750004000829,0.30921537783437303,0.7849825783431665,-0.6142391766677202,0.3173425422983288
0,NSGA3,0,-0.6684165381407885,0.2675842759139127,1.0261477756627881,-0.7481258575086602,0.522845584864946
0,NSGA3,0,-0.6487613514940078,0.26978769358036325,0.9322398894708788,-0.5627073600412794,0.33064262994424226
0,NSGA3,0,-0.6118391368693585,0.32429501423108037,0.8415174812746264,-0.759744518991454,0.42689373879774006
0,NSGA3,0,-0.6921799804916982,0.2433488385460302,1.5521923516684872,-0.745483100548308,0.2903681714848173
0,NSGA3,0,-0.6415093661692206,0.25813764710395554,1.1919712032812333,-0.6714415984815866,0.2888707814071131
0,NSGA3,0,-0.6975011056627674,0.27507412230273004,1.5147140218016457,-0.8452876245950719,0.2823364414605569
0,NSGA3,0,-0.6904580568724981,0.25525231886010735,1.4917751340604715,-0.814921574086668,0.44672159688527435
0,NSGA3,0,-0.6583663040177145,0.259908059699734,1.2576624704910284,-0.7841769682809561,0.3936265017564343
0,NSGA3,0,-0.6397264852937509,0.28801617990908046,1.1427391744033626,-0.7886509315327782,0.29799997972893244
0,NSGA3,0,-0.6851025165807776,0.28896541932671094,1.2667688800364192,-0.7220639600611503,0.28043477645344755
0,NSGA3,0,-0.6843957595458487,0.2610742238051927,1.1725264764419856,-0.7061705563580671,0.3668577760407043
0,NSGA3,0,-0.691965294937509,0.2501411401359224,1.5298155376831448,-0.794396914073576,0.3032285603334647
0,NSGA3,0,-0.6881095651441371,0.2821592602692653,1.2576624704910284,-0.8150806664174229,0.32903102719326405
0,NSGA3,0,-0.6243202840802222,0.2701796980924411,0.8415174812746264,-0.613256398848441,0.39905196365469625
0,NSGA3,1,-0.6875679930568779,0.26470272569488784,1.4527389723778685,-0.8230216647643898,0.41070842063218993
0,NSGA3,1,-0.5517000080286392,0.3857861291642585,0.7397513981473143,-0.49754795959605874,0.2797504807860918
0,NSGA3,1,-0.6656747364181368,0.2768593410204754,1.0912883633487744,-0.6190873120603555,0.29069947699704357
0,NSGA3,1,-0.6806231855680878,0.25460017812705316,1.3713371082247576,-0.7470824436485636,0.2719645910172125
0,NSGA3,1,-0.6709631304875335,0.2957727635760327,1.0700155515160488,-0.7070412575299999,0.298370309216082
0,NSGA3,1,-0.6825125029674528,0.2876503125797681,1.3629295501408407,-0.8102073615853602,0.292822821047403
0,NSGA3,1,-0.6180083686607937,0.31912984453516513,1.1427391744033626,-0.8157422384679196,0.32188714679599933
0,NSGA3,1,-0.646151996386239,0.2637264951582795,1.4368275854712884,-0.78263887862691,0.29658299341051064
0,NSGA3,1,-0.6000712605290128,0.34736466270175126,0.7849825783431665,-0.7897502338264658,0.4736390968463091
0,NSGA3,1,-0.656982265835574,0.309408204592623,0.8944862739468376,-0.7150274327101405,0.4142343473678
0,NSGA3,1,-0.6739207847413946,0.3033545339640945,1.0261477756627881,-0.7952918334405253,0.4138632433391004
0,NSGA3,1,-0.6555208385281854,0.35386634725438804,0.8415174812746266,-0.7578962515740788,0.38786098345593273
0,NSGA3,1,-0.6873714823888553,0.26417276243920496,1.5447694296661307,-0.8282349317765428,0.28881363363140594
0,NSGA3,1,-0.6232364834618638,0.2859922583700936,0.8684058283919128,-0.6708746415068767,0.39719635911355217
0,NSGA3,1,-0.6428721515703988,0.28709309754725176,0.8944862739468376,-0.7514393926316727,0.5951091795780419
0,NSGA3,1,-0.6612053650482947,0.31747017279439954,0.8684058283919128,-0.7815308054630298,0.6123811564812472
0,NSGA3,1,-0.6790669167417999,0.2711246007019203,1.1527538013223835,-0.8045962576372636,0.5786562547957896
0,NSGA3,1,-0.6067148551224321,0.2688154236764825,1.2392489169603274,-0.6511132667380677,0.27158777913490606
0,NSGA3,1,-0.6483741484517308,0.27550969914102574,1.1017707555238396,-0.8159361572095867,0.37935306517090506
0,NSGA3,1,-0.659190115316655,0.2801335303309334,0.8944862739468376,-0.7324894895267893,0.47069247515835944
0,NSGA3,1,-0.6435759614065468,0.2788038782646994,0.9803189452974895,-0.7691318635609148,0.36989063590439863
0,NSGA3,1,-0.6781122236194997,0.26834891973499075,1.0700155515160488,-0.7049449767859752,0.4859737278678985
0,NSGA3,1,-0.638829607494747,0.28151039944092854,0.9803189452974895,-0.7443809600383047,0.35371438213998
0,NSGA3,2,-0.5981323901752023,0.37245365840650685,0.7240467010585573,-0.7426595090386939,0.3403958894304899
0,NSGA3,2,-0.6074393933716312,0.3157001785829144,0.7240467010585573,-0.7456316269455943,0.3854862882244485
0,NSGA3,2,-0.6623981376505412,0.3130378258260951,1.1326360028574725,-0.801620039667311,0.3024872190327339
0,NSGA3,2,-0.5026498775034086,0.39764585710517075,0.6574873400494294,-0.3878568761716902,0.3019007400583744
0,NSGA3,2,-0.6273623155722965,0.2978565303177175,0.8684058283919127,-0.7719755005229854,0.3664729406986184
0,NSGA3,2,-0.6052954284928659,0.3146823676913236,0.9565815297270429,-0.7860235136519607,0.31382926548511864
0,NSGA3,2,-0.6678052206788669,0.28145870157260644,0.8684058283919127,-0.6945226620281321,0.39765771292699126
0,NSGA3,2,-0.6200924603823006,0.29954005006881035,0.7702007157586646,-0.7338814701266789,0.5191224571321241
0,NSGA3,2,-0.5962926371039959,0.28470156636906435,0.9685229624340641,-0.5654223556328407,0.28421074379183914
0,NSGA3,2,-0.6341916374133333,0.28696754635907273,1.122441895699651,-0.7686367018544897,0.31320848345891683
0,NSGA3,2,-0.6498948574494439,0.3127162102602439,0.755129549685372,-0.6965526766613535,0.37718701038093433
0,NSGA3,2,-0.6658100549449474,0.2779041503798559,1.1427391744033626,-0.7993125992011206,0.3596705762224145
0,NSGA3,2,-0.6661562972232178,0.31816904419289804,0.9322398894708789,-0.7755346540209842,0.38252504240867663
0,NSGA3,2,-0.5939382628273716,0.2950997913972979,0.7702007157586646,-0.5967035313972726,0.4455459346861357
0,NSGA3,2,-0.6634088951323952,0.29791052749852936,0.8815425052328281,-0.6763680925981597,0.2882845146150032
0,NSGA3,2,-0.6742515071709293,0.2815074626734721,1.182288815689544,-0.7399230432158757,0.2840319535977719
0,NSGA3,2,-0.6802752819160612,0.2865760068953942,1.404464128193649,-0.8173326875191451,0.29729069320362533
0,NSGA3,2,-0.6826716503914747,0.28581979105009203,1.003495015435271,-0.7508187904220823,0.5760928884150569
0,NSGA3,2,-0.6575969094857343,0.2849938085516034,0.8137411503644991,-0.6299161756326879,0.575231695727876
0,NSGA3,2,-0.6428017364526266,0.31998319704586853,0.7702007157586646,-0.7589397256636687,0.5199465265970616
0,NSGA3,3,-0.5922371479870658,0.2819338022021963,0.7994911844726069,-0.7468521841703402,0.5394149442839693
0,NSGA3,3,-0.6344950646714158,0.27303769174099884,1.0148846002135226,-0.7906058345058515,0.41022822388370983
0,NSGA3,3,-0.5398615553288124,0.29753590445151873,0.8137411503644992,-0.72268361955747,0.3491917821907459
0,NSGA3,3,-0.6186331873956608,0.2930501365959516,0.9919746671444329,-0.778867361483449,0.27856815179355066
0,NSGA3,3,-0.6520221725528484,0.30498414869111057,0.7397513981473143,-0.6334589762605003,0.42014853925438994
0,NSGA3,3,-0.6283571397911792,0.2734385120254124,0.9919746671444329,-0.6992119217762651,0.32081580044513974
0,NSGA3,3,-0.6325225936151367,0.27604877570926256,1.1017707555238396,-0.8052109130599676,0.2984404425697954
0,NSGA3,3,-0.6773361388693673,0.27168777975428066,0.9444891303068569,-0.7185895779677807,0.394011931733686
0,NSGA3,3,-0.5596464320965542,0.35043452813189646,0.7240467010585573,-0.7896646160147137,0.511420831153172
0,NSGA3,3,-0.5017617410952455,0.3723855671955917,0.7397513981473143,-0.3803111283533648,0.32534810157303024
0,NSGA3,3,-0.6453228199666545,0.3509114697474817,0.8277458339029348,-0.679787689605518,0.3394110877412154
0,NSGA3,3,-0.669800510294946,0.2634066692251845,1.0372886595566415,-0.7657168820785738,0.49755755352274394
0,NSGA3,3,-0.6504675836018995,0.3133109190578597,0.8415174812746264,-0.7697188886087555,0.5220456237823805
0,NSGA3,3,-0.6758265998020075,0.27056075729561424,1.2576624704910284,-0.7003817708191289,0.2868608916322274
0,NSGA3,3,-0.6223030709675821,0.26902826799620433,0.8550673523401053,-0.6507002494070733,0.3969992415305746
0,NSGA3,3,-0.5468131204758124,0.2893549240126633,0.8137411503644992,-0.6879358107935699,0.3360389020102289
0,NSGA3,3,-0.6810773396720153,0.27014354273247354,1.2484896411001856,-0.8089630752781405,0.36773190630972274
0,NSGA3,3,-0.6752535565960345,0.28733627174854404,1.2111037779422387,-0.8068899939365417,0.3110594453417505
0,NSGA3,3,-0.6543481414366394,0.31366778925121924,1.0807043010154627,-0.6389920214757142,0.2960153703589607
0,NSGA3,3,-0.6775844956897288,0.26331502839465915,1.3287674498039936,-0.8073211528821268,0.26675812987369374
0,NSGA3,3,-0.6595344923824678,0.29759561396177475,0.9919746671444329,-0.7618950979719775,0.31764282800443167
0,NSGA3,3,-0.6038179951478251,0.35793961130431884,0.8684058283919128,-0.7282196949431128,0.326866367826165
0,NSGA3,3,-0.65442888904042,0.28282437103475877,0.8277458339029348,-0.7038242382737427,0.520479707204632
0,NSGA3,3,-0.6765767226439641,0.30200035710768186,1.003495015435271,-0.7719276105899706,0.40566882282650435
0,NSGA3,4,-0.5585176794903015,0.37028318128838345,0.7702007157586646,-0.4849828778360642,0.29890144627325965
0,NSGA3,4,-0.6791680999000528,0.30158469197157506,1.4527389723778685,-0.8202804226247149,0.2863096721464563
0,NSGA3,4,-0.6442549410809164,0.2785437888875744,1.387999450968369,-0.7940187667955956,0.2594366815956727
0,NSGA3,4,-0.633214733566674,0.29778019243058595,0.881542505232828,-0.7328842603021766,0.598923337378819
0,NSGA3,4,-0.6785003204456199,0.2715929250721959,1.0700155515160485,-0.7134098842001195,0.36971656509911865
0,NSGA3,4,-0.6479258597434858,0.26781127805903326,1.182288815689544,-0.7594013191873522,0.4031924545968046
0,NSGA3,4,-0.672531539696774,0.31871971566460644,1.1626821716231532,-0.6930259745371934,0.29882585633265124
0,NSGA3,4,-0.6586271030988999,0.3292006299643174,0.7849825783431665,-0.6665034947991199,0.40458642181353033
0,NSGA3,4,-0.5742273232162202,0.35145323297554276,0.799491184472607,-0.764681395699958,0.5128364871947255
0,NSGA3,4,-0.6799107582407309,0.2837066822883488,1.0807043010154627,-0.785259202316434,0.4994448081412101
0,NSGA3,4,-0.6323351008473229,0.29101805011515786,0.8815425052328281,-0.6368059164292811,0.4411440825649384
0,NSGA3,4,-0.6243405520242232,0.3193726532780058,1.1725264764419856,-0.8168775620772977,0.294538572058364
0,NSGA3,4,-0.6816013838550223,0.31538658426039434,1.1224418956996507,-0.8288320313336239,0.449057944923284
0,NSGA3,4,-0.6951368055358099,0.26954295102625564,1.5521923516684872,-0.8047078862069619,0.29387074339799246
0,NSGA3,4,-0.6793777621718198,0.2662362860074957,1.2667688800364192,-0.6990563226985068,0.30754755143746626
0,NSGA3,4,-0.6929516250353076,0.2696739528080604,1.4762845386668806,-0.8124290952408547,0.4055851091152842
0,NSGA3,4,-0.6289500185234875,0.27329533027752095,1.1919712032812333,-0.6595436252206897,0.2836010317618535
0,NSGA3,4,-0.661953262998377,0.28325566475597574,0.9919746671444328,-0.7282261796948684,0.5845399140946169
0,NSGA3,5,-0.6639115253257654,0.3118958628873156,0.8944862739468376,-0.608479635262786,0.42409457480240614
0,NSGA3,5,-0.6171744789970822,0.2671559131488233,0.9072453912952236,-0.619968920171502,0.3587578480235734
0,NSGA3,5,-0.6187617663820064,0.30385680282564503,1.122441895699651,-0.7677383948345184,0.28129849524479017
0,NSGA3,5,-0.6817311481772579,0.26180654778966994,1.2758102920010679,-0.7728510401944607,0.4827852446683066
0,NSGA3,5,-0.6663974528138393,0.30508771597237433,1.0700155515160485,-0.6302855985523582,0.27776335276958086
0,NSGA3,5,-0.6264951937262696,0.26121048733585917,1.201575571988228,-0.7610671191178826,0.38999515553372605
0,NSGA3,5,-0.6887971536658597,0.2599282629135759,1.5595799441917928,-0.8096030095091915,0.283257845558338
0,NSGA3,5,-0.6745360185057436,0.26323118461902734,1.122441895699651,-0.675083073909538,0.38358043155369564
0,NSGA3,5,-0.6456551345701145,0.25799518785939884,1.3879994509683689,-0.7357002846995446,0.28314603065260124
0,NSGA3,5,-0.6880629299525833,0.283866792102633,1.3879994509683689,-0.7784677827118909,0.2906846903096364
0,NSGA3,5,-0.6185193352531749,0.3101985145458814,0.8415174812746266,-0.7313556340616664,0.37482022429567563
0,NSGA3,5,-0.6332221433859411,0.2609780033369176,1.059218945609956,-0.625184578678509,0.2825974567567672
0,NSGA3,5,-0.671114510901902,0.2601291006922339,1.4207380120476116,-0.8075204496920652,0.36430514055614655
0,NSGA3,5,-0.6764883049355073,0.24997983560841766,1.3113527077656701,-0.6828116978817385,0.2719971291715562
0,NSGA3,5,-0.5272677823826729,0.3689552652419534,0.7702007157586646,-0.38107692193817244,0.27456672580374575
0,NSGA3,5,-0.6844981274191114,0.29032847373842163,1.182288815689544,-0.8206081898766555,0.34737502516351115
0,NSGA3,5,-0.6488234798981989,0.313238038760022,0.9072453912952236,-0.7211091868838077,0.4717850262722818
0,NSGA3,5,-0.6339250588747406,0.28095651187181525,0.9322398894708788,-0.734815489594284,0.40635188040993686
0,NSGA3,6,-0.6351730867827191,0.27736580665397514,1.0372886595566415,-0.787688866456911,0.4562345055827322
0,NSGA3,6,-0.6846088014287168,0.2680474639114513,1.0148846002135226,-0.7024180345115842,0.48364930337576695
0,NSGA3,6,-0.5384517191890914,0.36114818637442,0.6747429940891573,-0.47803884350995685,0.30615169502399986
0,NSGA3,6,-0.6976611985175631,0.2671238449506898,1.3287674498039936,-0.8157928047672467,0.42964033654588984
0,NSGA3,6,-0.681053980611081,0.29370670705186674,1.1919712032812333,-0.794135412618308,0.30810977713548804
0,NSGA3,6,-0.6189228827943676,0.27251559152923877,0.9685229624340642,-0.6648942802348901,0.32211034566123764
0,NSGA3,6,-0.6161690409194106,0.31145909792078214,1.059218945609956,-0.7926429308974802,0.31198133579433435
0,NSGA3,6,-0.6601223072971683,0.3025736513535156,0.9685229624340641,-0.6758535862791151,0.3060031561127077
0,NSGA3,6,-0.670789719130345,0.31091187149368027,1.0148846002135226,-0.8036653351197625,0.5152720565845543
0,NSGA3,6,-0.622936092842567,0.29044669405559354,0.7702007157586646,-0.6093825343709041,0.5055498201966225
0,NSGA3,6,-0.6828552062009565,0.2656381978000467,1.2205576048237503,-0.6936275064385176,0.3003186415628333
0,NSGA3,6,-0.6088969010815847,0.31087765586474125,0.7849825783431665,-0.7415740478889503,0.48886723355180994
0,NSGA3,6,-0.6958537788283048,0.271907397712255,1.3459568890394897,-0.832131137791339,0.32011137415609836
0,NSGA3,6,-0.6798237751731601,0.2738195940664233,1.0700155515160485,-0.7751126083001558,0.5997624945449254
0,NSGA3,6,-0.6663165270435613,0.30984666335865796,0.8277458339029348,-0.6771210358807502,0.47632773316593224
0,NSGA3,6,-0.6461975370894539,0.2689979859589071,1.2015755719882282,-0.7895697877984358,0.3054703364107441
0,NSGA3,6,-0.6337504737404874,0.29810382929826573,0.8550673523401053,-0.740630966474944,0.6495945235274183
0,NSGA3,7,-0.6232963800000532,0.311676063359638,0.9072453912952236,-0.7782361875832954,0.31840748239832006
0,NSGA3,7,-0.6858105044483482,0.2722909413854153,1.4288054467365827,-0.7894497837527561,0.29577898990932117
0,NSGA3,7,-0.6780590698285595,0.27855808557111394,1.0700155515160488,-0.7701663328122977,0.586935127315671
0,NSGA3,7,-0.680818699744526,0.26987609407932955,1.1919712032812333,-0.7138871719032005,0.28071204071014133
0,NSGA3,7,-0.6440397202947551,0.28516940685470543,0.9919746671444329,-0.7803699744317129,0.3445402732957398
0,NSGA3,7,-0.6565530980129246,0.3169942522796033,0.755129549685372,-0.6539503208447,0.5115521013838971
0,NSGA3,7,-0.6703361133863348,0.3218945376257838,0.8277458339029348,-0.7564318858429312,0.6135522001558534
0,NSGA3,7,-0.6010814512935185,0.3439054268701168,0.755129549685372,-0.7522972051174681,0.5134111413107959
0,NSGA3,7,-0.6484340384627694,0.2785199890410773,1.1427391744033626,-0.7792839190929758,0.3093095211282673
0,NSGA3,7,-0.6419496457368978,0.36445222236025143,0.8815425052328281,-0.6952650844337607,0.3235877281614733
0,NSGA3,7,-0.6898324548783782,0.27224542184399886,1.3113527077656704,-0.8063592848933883,0.42285759649102506
0,NSGA3,7,-0.6745036916508637,0.2770816890665742,0.9565815297270429,-0.6721167264530059,0.45041414847756805
0,NSGA3,7,-0.6014852808623156,0.2904344672040663,0.7397513981473143,-0.6065605900369343,0.4662867157491384
0,NSGA3,7,-0.5337844462826433,0.3865863558196825,0.6915682278846585,-0.46551753088092623,0.2740581557241255
0,NSGA3,7,-0.6545665845201585,0.2870677003534909,0.8277458339029348,-0.6558203771167619,0.5896600045588655
0,NSGA3,7,-0.6210797081687133,0.27977309160871516,0.9803189452974894,-0.6353479602659392,0.2880309179472239
0,NSGA3,7,-0.693664485236369,0.30392665537183783,1.0261477756627881,-0.7831337200239784,0.4579197931356337
0,NSGA3,7,-0.6643165546233881,0.31207715098827404,1.003495015435271,-0.7573692711431056,0.32524133181791337
0,NSGA3,7,-0.6750746927119916,0.31065274809620397,1.0148846002135226,-0.6973626829662577,0.2982608518398983
0,NSGA3,7,-0.6824831865833937,0.2985775766158292,1.112154352360633,-0.7990054353889604,0.32428706703865523
0,NSGA3,8,-0.643482883194697,0.2865952556661367,0.9919746671444329,-0.8021791859601963,0.5536141129362602
0,NSGA3,8,-0.63308786599737,0.2803176955350476,1.3113527077656706,-0.8085459835308038,0.26455664892490766
0,NSGA3,8,-0.6737727362803605,0.29190283834936653,1.191971203281233,-0.8506392129711398,0.46268044733589847
0,NSGA3,8,-0.6820053913706252,0.27706734760189206,1.0261477756627881,-0.8026713078883949,0.4842430603239176
0,NSGA3,8,-0.6194073398788852,0.3249431083947811,0.8137411503644991,-0.7701580807883261,0.5165426326631056
0,NSGA3,8,-0.677432331429588,0.2732287949303043,1.4448051827559238,-0.8129310813138133,0.2770431218330356
0,NSGA3,8,-0.6309502923157619,0.29241649945490145,1.122441895699651,-0.8223264124567422,0.3167623946567919
0,NSGA3,8,-0.5692120779263466,0.3468673903804085,0.7849825783431665,-0.6013446679436866,0.28114407678597936
0,NSGA3,8,-0.6774372843456338,0.28777876495393084,1.3373897866387852,-0.8410798728488933,0.30731171572972754
0,NSGA3,8,-0.6885917961423043,0.2679446666657773,1.2847880786040071,-0.7424625966119369,0.27055244609543433
0,NSGA3,8,-0.6862541271963287,0.27553272055734024,1.3459568890394897,-0.8387710220260083,0.3307599764557103
0,NSGA3,8,-0.659337803779937,0.2655069328769034,1.2484896411001858,-0.6116398539585467,0.263579360362794
0,NSGA3,8,-0.6292292446405183,0.28190132829866227,0.8815425052328281,-0.7027428177485632,0.36362140478573124
0,NSGA3,8,-0.6781978075499773,0.26254550492083945,1.0700155515160488,-0.7173771080085508,0.45957545437983427
0,NSGA3,8,-0.6844804988838746,0.2933577356058993,1.0483111508478486,-0.7472596844085191,0.29683599039171754
0,NSGA3,8,-0.650640659183602,0.27979920085844584,1.1427391744033626,-0.8230952096520061,0.4011429057042354
0,NSGA3,8,-0.640692645529697,0.27259095488074453,1.0912883633487744,-0.7277261745134525,0.2972660185909429
0,NSGA3,8,-0.6672548833469409,0.3200743525102953,0.8277458339029348,-0.6731257971287303,0.45794519096625014
0,NSGA3,8,-0.683062060261927,0.28797598349596837,1.0483111508478486,-0.823372747474402,0.4716110155624696
0,NSGA3,9,-0.6918688664912127,0.2955428576183204,1.2205576048237503,-0.8157263980563296,0.31141683228375444
0,NSGA3,9,-0.6411502317233322,0.3036391838665062,1.0483111508478486,-0.7896985963187391,0.31431007023203633
0,NSGA3,9,-0.6571116802555897,0.2825747067631627,0.9919746671444328,-0.8052365771206496,0.4473992460184769
0,NSGA3,9,-0.6881500887954912,0.29290699430955347,1.0372886595566415,-0.7922872558287578,0.40675670309674555
0,NSGA3,9,-0.618283430093812,0.33658487589306446,0.7702007157586646,-0.7668268122139146,0.5579775608716984
0,NSGA3,9,-0.6348478902965041,0.292016257540372,0.8550673523401053,-0.7662641150556274,0.6304915632000677
0,NSGA3,9,-0.6930086730202776,0.2690210590387121,1.4527389723778685,-0.8184426295435241,0.31007350466391337
0,NSGA3,9,-0.6751645388277245,0.319126487627386,0.9072453912952236,-0.7542729045860208,0.6267233263748349
0,NSGA3,9,-0.668992185199589,0.29669004945470645,0.8415174812746264,-0.7078409795362222,0.624364921546974
0,NSGA3,9,-0.649720407452093,0.2691524220625941,1.059218945609956,-0.6914034760711399,0.292056639673446
0,NSGA3,9,-0.5943064808491579,0.37187634798922126,0.7240467010585573,-0.5425365498559716,0.34056920380406674
0,NSGA3,9,-0.6852837859441611,0.2974250240398192,1.059218945609956,-0.7419834167065428,0.3180014601757829
0,NSGA3,9,-0.6918932962906144,0.2619616729147515,1.2484896411001856,-0.7328216502509453,0.286998317499874
0,NSGA3,9,-0.5888380207868945,0.32474293747705507,0.8277458339029348,-0.7422112868907803,0.3782378920689925
0,NSGA3,9,-0.667536362565069,0.26900687920665867,1.2205576048237508,-0.7981243600938774,0.2979423227573642
0,NSGA3,9,-0.6894236192775091,0.2658791483348731,1.3879994509683689,-0.8039816629281027,0.4193088947565869
0,NSGA3,9,-0.6865933853827185,0.26619974296417287,1.0912883633487744,-0.6977697128684133,0.48584201132427624
0,NSGA3,9,-0.6883350560287644,0.27240148307163653,1.1326360028574725,-0.7938434785697328,0.5719708044619529
0,NSGA3,9,-0.6733976709315577,0.31332727540789956,0.8684058283919128,-0.695525652236315,0.4997438346131468
0,NSGA3,9,-0.6828706407480484,0.32359253539685573,0.9803189452974895,-0.7852386033265082,0.314375237052354
0,NSGA3,9,-0.646962179469244,0.29214625612615774,0.8415174812746266,-0.7276126318014063,0.4846128903579293
0,NSGA3,9,-0.6421144507222539,0.3602444477662767,0.8415174812746266,-0.7679759043594523,0.3892214737247194
0,PAA-NSGA-II,0,-0.4322613597828445,0.4864491317027939,0.7240467010585573,-0.6813086579565057,0.5977277308632178
0,PAA-NSGA-II,0,-0.6875418272782563,0.24845045898861126,1.5815356839371835,-0.7064994950712038,0.33055579064157714
0,PAA-NSGA-II,0,-0.7096054307097723,0.283395879754033,1.5887868407416337,-0.8082299806483768,0.45309404160679484
0,PAA-NSGA-II,0,-0.6786153159486634,0.27919028996735185,1.707351230126634,-0.8928168814443783,0.3899859909763527
0,PAA-NSGA-II,0,-0.4221154428411239,0.46220619539548047,0.7994911844726069,-0.5134403254477551,0.4202155128788485
0,PAA-NSGA-II,0,-0.5371399271962018,0.39203432764595936,0.7994911844726069,-0.19828212763331304,0.2858932874482981
0,PAA-NSGA-II,0,-0.6767473068567166,0.3079168763919724,1.6174664288022447,-0.9434565140024465,0.3906475095202279
0,PAA-NSGA-II,0,-0.5121727852048682,0.382339584722873,0.5633356668893262,-0.42015997523773335,0.6280918506083755
0,PAA-NSGA-II,0,-0.4692088675595185,0.4125445743207116,1.191971203281233,-0.3528893318790041,0.16113282901555234
0,PAA-NSGA-II,0,-0.5961720616548558,0.32597838964010295,1.0261477756627881,-0.6073092493745907,0.8520739551770149
0,PAA-NSGA-II,0,-0.45457349450622253,0.4716022384631697,0.6747429940891573,-0.5993801960015064,0.5622308245645246
0,PAA-NSGA-II,0,-0.6728435504960617,0.2761928553891476,1.652616161435534,-0.8649674274157787,0.3970229351928857
0,PAA-NSGA-II,0,-0.5076173675457542,0.4278550946768028,0.7079937284797468,-0.4332979909134599,0.5225011514394065
0,PAA-NSGA-II,0,-0.4495234243220782,0.47021200031135457,0.7240467010585573,-0.6777022729900348,0.6968604669458905
0,PAA-NSGA-II,0,-0.691023236788212,0.2937176838841561,1.5071065198237947,-0.8324251965348364,0.41044803411302
0,PAA-NSGA-II,0,-0.6095600963021474,0.313894125432758,1.0372886595566415,-0.6043507022848447,0.8264203906646579
0,PAA-NSGA-II,0,-0.6585368798481998,0.275284669449897,1.3544698050897952,-0.8016033268350398,0.41563711032823747
0,PAA-NSGA-II,0,-0.4400166126921078,0.4543777571992516,0.6915682278846585,-0.6148324774643568,0.5052888766515287
0,PAA-NSGA-II,0,-0.6409082962148739,0.2898725908665759,1.2758102920010679,-0.7756746586033285,0.4315833332911751
0,PAA-NSGA-II,0,-0.6327581717519946,0.32068339811051344,1.201575571988228,-0.5813656572436953,0.30101139735171356
0,PAA-NSGA-II,0,-0.661536001067917,0.27646576711175436,1.2937035644497943,-0.8193082464902316,0.4371986215907042
0,PAA-NSGA-II,0,-0.5527264601218707,0.3769335742098731,0.8684058283919128,-0.33293474212866964,0.3101259501860612
0,PAA-NSGA-II,0,-0.6963749451391823,0.2641397832060501,1.5887868407416337,-0.8163301642658366,0.3329875070210755
0,PAA-NSGA-II,0,-0.5771815206520998,0.35244802464992525,1.1326360028574722,-0.7381402577043796,0.6063815775521857
0,PAA-NSGA-II,0,-0.49585851938917697,0.4332756209623977,0.7079937284797466,-0.5949260963384909,0.759781361429868
0,PAA-NSGA-II,0,-0.6187943033747475,0.3394043725979853,1.1224418956996507,-0.5788527433341584,0.2970418945108152
0,PAA-NSGA-II,0,-0.5429157439152956,0.39020496426299606,0.8137411503644992,-0.22235458423592655,0.2913847405970881
0,PAA-NSGA-II,0,-0.6560884525104961,0.3476756435662671,1.0807043010154629,-0.6686050042586184,0.47779376515477257
0,PAA-NSGA-II,0,-0.5908757386814047,0.3609974361434798,0.8944862739468377,-0.5339196041951851,0.735775839557185
0,PAA-NSGA-II,0,-0.5302866397705224,0.40039684056440583,1.0700155515160485,-0.3128238010069256,0.20425021526377315
0,PAA-NSGA-II,0,-0.5021042924071102,0.38338963451155406,0.6027637058449146,-0.40004693081848774,0.625018396297117
0,PAA-NSGA-II,0,-0.6180810424989215,0.31826792050896135,1.0261477756627881,-0.6057548365921674,0.7988114347880158
0,PAA-NSGA-II,0,-0.6591942788326116,0.2557852132577932,1.4527389723778685,-0.6902775783982635,0.337719759267174
0,PAA-NSGA-II,0,-0.6376042146564298,0.2942248381677933,1.2667688800364192,-0.660201505730379,0.38459586139335444
0,PAA-NSGA-II,0,-0.6624664522903854,0.3027895653932594,1.3796934333906814,-0.7011109390261134,0.6148255563112388
0,PAA-NSGA-II,0,-0.4622354168731862,0.46546324401231554,0.7702007157586646,-0.6844828366340802,0.6036961322192773
0,PAA-NSGA-II,0,-0.5595550838911896,0.38197767050570797,1.1626821716231532,-0.6275989789876444,0.32577278065531867
0,PAA-NSGA-II,0,-0.5571750162957947,0.37060210370175073,0.8550673523401053,-0.454534709058794,0.34904472135962183
0,PAA-NSGA-II,0,-0.6915009753191826,0.3190671831870442,1.4126245053551467,-0.7860040715044927,0.5111142908313537
0,PAA-NSGA-II,0,-0.6706497808275964,0.2881929439371581,1.6174664288022447,-0.8168061621712324,0.4262091655883663
0,PAA-NSGA-II,0,-0.48016643567940864,0.45653945512675786,0.6027637058449147,-0.5008157274922466,0.6675752764891366
0,PAA-NSGA-II,0,-0.4921293491546505,0.4008197739923802,0.9919746671444329,-0.267055343653771,0.2617656743247437
0,PAA-NSGA-II,0,-0.5001949324862363,0.4121693245517,1.2205576048237503,-0.3453309112271551,0.2109157327369971
0,PAA-NSGA-II,0,-0.5250350478634778,0.40471618817688737,0.9685229624340641,-0.32474480472169753,0.2631341682820355
0,PAA-NSGA-II,0,-0.5997494929572574,0.36866527347950334,0.8944862739468377,-0.564484884214142,0.7378398915331613
0,PAA-NSGA-II,0,-0.5112181887033692,0.39799944466311593,0.9565815297270427,-0.4174430862844291,0.27838870406201666
0,PAA-NSGA-II,0,-0.6380378825209607,0.27046508163682803,1.2667688800364192,-0.6598826546761014,0.35671690376519805
0,PAA-NSGA-II,0,-0.5678523918411189,0.3480500371913441,0.7397513981473143,-0.5607424750188237,0.7835745525592447
0,PAA-NSGA-II,0,-0.6098171221874791,0.30700657209964133,1.0807043010154629,-0.4237695711794992,0.32356747175695555
0,PAA-NSGA-II,0,-0.5201141597687485,0.4139789740762111,0.7849825783431665,-0.4752850505487102,0.46280442647754494
0,PAA-NSGA-II,0,-0.5044157427581029,0.41121488577818105,1.0034950154352709,-0.2823464770631058,0.23215683687682578
0,PAA-NSGA-II,0,-0.5095467887664507,0.44012270327228376,0.6747429940891573,-0.5315076392846314,0.647111047987654
0,PAA-NSGA-II,0,-0.43228036234988965,0.47894804172115685,0.7397513981473143,-0.6636950215928694,0.5812696417220587
0,PAA-NSGA-II,0,-0.5882825078758105,0.33823866216788356,1.1121543523606332,-0.6374110757195656,0.4942102412064073
0,PAA-NSGA-II,0,-0.5265715022673988,0.37326521907110916,1.003495015435271,-0.6345832795820725,0.48627941730988383
0,PAA-NSGA-II,0,-0.4816493791164153,0.4491071340505857,0.6397664390839423,-0.5503214672369691,0.6266521786120848
0,PAA-NSGA-II,0,-0.5449880722634871,0.39362390614624115,0.9072453912952236,-0.2443136430839628,0.26956629845896896
0,PAA-NSGA-II,0,-0.5591570767034032,0.36341116497216075,0.8550673523401053,-0.5039423199051474,0.44975719435238126
0,PAA-NSGA-II,0,-0.4929732148843894,0.40689052455542984,1.2484896411001853,-0.34236669969478734,0.1777564683996654
0,PAA-NSGA-II,0,-0.4337686320120824,0.4687926929434857,0.7240467010585573,-0.6425937489618216,0.578786742483959
0,PAA-NSGA-II,1,-0.5117130268830368,0.4227791237321366,0.5633356668893262,-0.4699558076114016,0.6263648132277702
0,PAA-NSGA-II,1,-0.7109370341682181,0.2835515209708339,1.4762845386668806,-0.7687677776801809,0.5515057058803402
0,PAA-NSGA-II,1,-0.5515236055521977,0.3178921711711581,1.5147140218016455,-0.46230586071177654,0.16105118598200505
0,PAA-NSGA-II,1,-0.6694809485036604,0.23843838056174005,1.5887868407416337,-0.6649057441808295,0.4870493348477555
0,PAA-NSGA-II,1,-0.4013392663264799,0.4735474982182746,0.6747429940891573,-0.4458324656811353,0.41199398554832956
0,PAA-NSGA-II,1,-0.5076160445525135,0.46187287743875755,0.7994911844726069,-0.6981087231096793,0.9517054017186002
0,PAA-NSGA-II,1,-0.6906097572815548,0.27847658318721424,1.7006056912958405,-0.867846770430073,0.48234306789071135
0,PAA-NSGA-II,1,-0.5316825444895121,0.3688227433413528,0.8137411503644991,-0.2938685108442544,0.3261402496092947
0,PAA-NSGA-II,1,-0.4660126125039138,0.4916189949458488,0.7240467010585573,-0.6695581235315112,0.7551352475035765
0,PAA-NSGA-II,1,-0.6511242079385535,0.3041250326872436,1.6870337002483238,-0.9416663641334673,0.49562912849017343
0,PAA-NSGA-II,1,-0.595508043055842,0.37382355191125183,0.9198275413214969,-0.6703380193733649,0.8845565799877964
0,PAA-NSGA-II,1,-0.541364805693295,0.32659264021200746,1.2484896411001853,-0.467335357847805,0.21564524076655842
0,PAA-NSGA-II,1,-0.45814411372699715,0.48848853674130926,0.755129549685372,-0.6809479339022999,0.7359194609842242
0,PAA-NSGA-II,1,-0.41336068308549245,0.4409621926092484,0.7240467010585573,-0.5107513848025128,0.3667491595015158
0,PAA-NSGA-II,1,-0.7031377041662321,0.2794896588475376,1.574251127939735,-0.8006148503442276,0.56876898329638
0,PAA-NSGA-II,1,-0.47421008342887455,0.3995420315303434,0.7702007157586646,-0.36559453305906153,0.3500716507583896
0,PAA-NSGA-II,1,-0.44610000977951786,0.42268720264787285,0.8415174812746264,-0.48726624604630864,0.2863392474593479
0,PAA-NSGA-II,1,-0.6466759866126823,0.3148777725658529,1.191971203281233,-0.8152779520729467,0.6220572676941108
0,PAA-NSGA-II,1,-0.5900892284683359,0.36111853613726436,0.881542505232828,-0.6787891591847761,0.8421834390129904
0,PAA-NSGA-II,1,-0.43448731625684456,0.43306078587658714,0.6215404981423344,-0.5565039050996197,0.5273761855363346
0,PAA-NSGA-II,1,-0.5414215152334139,0.3643372044052958,0.7702007157586646,-0.316700162807867,0.3385630382569676
0,PAA-NSGA-II,1,-0.6308397371352853,0.3376615814232298,0.9685229624340642,-0.6105046783328911,0.6838305127458668
0,PAA-NSGA-II,1,-0.5488982113813107,0.318513293675741,1.3796934333906812,-0.45422219354228693,0.1832366326765321
0,PAA-NSGA-II,1,-0.5606728089992684,0.31052841901193073,1.3200887962222394,-0.4371917546830552,0.19825380453977753
0,PAA-NSGA-II,1,-0.6171629451015749,0.3631670348837196,1.0261477756627881,-0.7512238017389834,0.5471697752000659
0,PAA-NSGA-II,1,-0.48396741134846905,0.3993703133006207,0.8415174812746264,-0.37703901806437645,0.2930022123023585
0,PAA-NSGA-II,1,-0.6893789995749945,0.2887802980464444,1.4126245053551467,-0.7904809351616755,0.5918005167338408
0,PAA-NSGA-II,1,-0.5904007561570227,0.32224472972236284,1.1326360028574725,-0.7382658972521988,0.6715140387353166
0,PAA-NSGA-II,1,-0.6795475271472287,0.25308282753603073,1.4762845386668806,-0.6939658418856177,0.43534159286968704
0,PAA-NSGA-II,1,-0.7049982697676189,0.3009064770986088,1.3200887962222398,-0.7655146946859102,0.6001949372564812
0,PAA-NSGA-II,1,-0.5434230239502575,0.3348931784710111,0.9919746671444329,-0.6029148879169638,0.4371458189192281
0,PAA-NSGA-II,1,-0.5988355423655232,0.35655076208539616,0.9322398894708788,-0.7027831550660087,0.8322758151035565
0,PAA-NSGA-II,1,-0.605857706566721,0.2998685369360241,1.1017707555238399,-0.6438847448436436,0.6045655778674683
0,PAA-NSGA-II,1,-0.6479154022294082,0.33850248481169276,1.2205576048237503,-0.747702011378919,0.8107998229383213
0,PAA-NSGA-II,1,-0.648075834507593,0.3323391160244414,1.2299387677604998,-0.7441798188375902,0.7816908550866019
0,PAA-NSGA-II,1,-0.6739283961199398,0.2603010863034155,1.5071065198237947,-0.725470957420069,0.48091246072587107
0,PAA-NSGA-II,1,-0.5829672153066647,0.37996150435426135,0.8550673523401052,-0.6425650888152414,0.9352660164163602
0,PAA-NSGA-II,1,-0.5719966450389741,0.38225800096485085,0.8277458339029348,-0.44753128306062484,0.399836215308772
0,PAA-NSGA-II,1,-0.5362842712113878,0.3676261782859143,0.9444891303068569,-0.6225170753122645,0.3813205671650408
0,PAA-NSGA-II,1,-0.6488062002813437,0.3001074119503412,1.6664684781093735,-0.9214663641334674,0.4954864224026062
0,PAA-NSGA-II,1,-0.640833351177788,0.30702800111588374,1.596005053582509,-0.8870248879793481,0.565673410183727
0,PAA-NSGA-II,1,-0.5219302124480217,0.45259982032477486,0.6747429940891573,-0.6605841963568769,0.7201339752087852
0,PAA-NSGA-II,1,-0.619280443448592,0.342138324116761,1.059218945609956,-0.712341489806533,0.7019894214991683
0,PAA-NSGA-II,1,-0.5200430756044188,0.4727288289756171,0.7551295496853719,-0.6616592504909972,0.9114405033829083
0,PAA-NSGA-II,1,-0.685115866268605,0.27036186801480844,1.638646748247976,-0.8300491054381235,0.5029914590126932
0,PAA-NSGA-II,1,-0.5602452950444943,0.33693374464599335,1.2937035644497938,-0.45651128067672764,0.20470590326823307
0,PAA-NSGA-II,1,-0.677799019577696,0.2538831620035079,1.484050047961325,-0.6997722386728563,0.448102063627431
0,PAA-NSGA-II,1,-0.6510320764080152,0.29574287460529164,1.6802065944479638,-0.8970691203733644,0.49284743982622226
0,PAA-NSGA-II,1,-0.670970437754167,0.23879807813060264,1.574251127939735,-0.6664222788804104,0.48949001130782194
0,PAA-NSGA-II,1,-0.46706345393197213,0.43156572577163227,0.6574873400494294,-0.42479413735189286,0.42767889116183977
0,PAA-NSGA-II,1,-0.6356255983891261,0.2685944987167215,1.6103444173701353,-0.7311996986056393,0.4844224431913727
0,PAA-NSGA-II,1,-0.4790325841252224,0.38980205217161445,0.8137411503644992,-0.41122609382006053,0.3031124923721218
0,PAA-NSGA-II,1,-0.6475838999935517,0.29686279847481434,1.5147140218016457,-0.7983771266784889,0.36428105554286533
0,PAA-NSGA-II,1,-0.5274193982874256,0.42053961545614005,0.8277458339029349,-0.5765443859715382,0.4040725602518579
0,PAA-NSGA-II,1,-0.49157205756589795,0.4185099213480263,0.6915682278846585,-0.5894094919195888,0.6339029434655019
0,PAA-NSGA-II,1,-0.6425470232082098,0.3517809272954865,1.0807043010154629,-0.6982486927587971,0.6101510530856586
0,PAA-NSGA-II,1,-0.5529792862164566,0.3195034226193366,1.436827585471288,-0.45726093742137197,0.17394341520855017
0,PAA-NSGA-II,1,-0.6913570104478352,0.2792001781646739,1.7006056912958405,-0.8637141054277325,0.46232202287305774
0,PAA-NSGA-II,1,-0.4439627091821839,0.42896562418348017,0.6397664390839423,-0.5577675686472775,0.5143925936970052
0,PAA-NSGA-II,1,-0.6636237538701939,0.29660429888168827,1.4917751340604715,-0.8249147968272712,0.5633059525381638
0,PAA-NSGA-II,2,-0.4283608944833558,0.4127059047595016,1.3287674498039932,-0.3566833325373114,0.1380654957640254
0,PAA-NSGA-II,2,-0.559470906835197,0.3726691233719496,0.7079937284797467,-0.1875501858490361,0.36003458440729547
0,PAA-NSGA-II,2,-0.503547447107288,0.4151925344177207,0.5209319169482601,-0.44457174320854953,0.4641162253719583
0,PAA-NSGA-II,2,-0.4094422606819193,0.43179879221737166,1.2205576048237503,-0.41246133877539676,0.16825187102762926
0,PAA-NSGA-II,2,-0.6863731421979742,0.2918889898357745,1.6938332891759678,-0.9421543235162945,0.39974104082470296
0,PAA-NSGA-II,2,-0.673723269608618,0.24255843162683072,1.537310666418436,-0.6994689646921168,0.3697380123604888
0,PAA-NSGA-II,2,-0.4422746658884211,0.4744095749273076,0.8550673523401052,-0.5050877638482651,0.2753551933190458
0,PAA-NSGA-II,2,-0.6516749581361772,0.3006536481735044,1.5887868407416337,-0.9437243540523305,0.3821084048453422
0,PAA-NSGA-II,2,-0.7061118772518123,0.2712182605977742,1.5815356839371835,-0.7966772559164019,0.5791749199391404
0,PAA-NSGA-II,2,-0.5558686989965684,0.4162325487703814,0.9444891303068568,-0.6859579826628088,0.9177299987526567
0,PAA-NSGA-II,2,-0.4901740292619464,0.43552827077662953,0.6915682278846585,-0.3959095413884188,0.29859298095549275
0,PAA-NSGA-II,2,-0.5860859532381948,0.3811745282436819,0.9198275413214967,-0.6629225325622763,0.8357765328934441
0,PAA-NSGA-II,2,-0.4604993080262078,0.4003122280822777,0.9565815297270429,-0.31921181722547914,0.24037927375314413
0,PAA-NSGA-II,2,-0.6269240242001755,0.34106091325197585,1.162682171623153,-0.740956606261569,0.7942969425564836
0,PAA-NSGA-II,2,-0.49992738638297834,0.4088615246939469,0.6215404981423344,-0.453988415128563,0.4243322840083784
0,PAA-NSGA-II,2,-0.6018464303827721,0.38531654103690904,0.8277458339029348,-0.41682279280949047,0.730161242564505
0,PAA-NSGA-II,2,-0.4719393222981151,0.46660046626210017,0.7397513981473143,-0.5706348066451217,0.4389254499802
0,PAA-NSGA-II,2,-0.6216174293915518,0.3478323438992704,1.1224418956996507,-0.7390112271000107,0.7760560426121696
0,PAA-NSGA-II,2,-0.6902229712516786,0.2860116227802678,1.6174664288022447,-0.8880412476692129,0.49568127217511665
0,PAA-NSGA-II,2,-0.6958572275296963,0.2890351450383569,1.4762845386668806,-0.8000301602136821,0.5689227536811988
0,PAA-NSGA-II,2,-0.6694028775757526,0.2626381021595991,1.484050047961325,-0.6300758699333407,0.5375007173329953
0,PAA-NSGA-II,2,-0.5235925232330022,0.4047562291623009,0.7702007157586644,-0.23322696296389084,0.2963471110814534
0,PAA-NSGA-II,2,-0.6452228362898292,0.35083709642223065,1.2847880786040071,-0.8362358298793865,0.8217556405836138
0,PAA-NSGA-II,2,-0.5012334830592944,0.45671992957629826,0.7849825783431665,-0.5797443363756706,0.6993410715373575
0,PAA-NSGA-II,2,-0.5232333284736661,0.42283277350917875,0.6397664390839424,-0.4417547373986729,0.4764723471212373
0,PAA-NSGA-II,2,-0.5983679132541097,0.32764482595606975,1.059218945609956,-0.6850646062611844,0.35956941614650795
0,PAA-NSGA-II,2,-0.5984278121121603,0.3369859323848237,1.059218945609956,-0.6368050119127183,0.6083539460836368
0,PAA-NSGA-II,2,-0.611425060559559,0.3235520321465596,1.396256058764158,-0.7777844788353377,0.45481007534944506
0,PAA-NSGA-II,2,-0.5514930459584575,0.3539704463114969,1.0807043010154629,-0.5212559827898404,0.26408961885056853
0,PAA-NSGA-II,2,-0.6311016177858584,0.35563229496021387,1.3629295501408405,-0.870593946502462,0.7816483634749296
0,PAA-NSGA-II,2,-0.6598465544037572,0.29418141361962563,1.1919712032812333,-0.7589193945957285,0.6823076216098798
0,PAA-NSGA-II,2,-0.6424586020241507,0.30672915896145203,1.4207380120476116,-0.8478861600863581,0.551579172150767
0,PAA-NSGA-II,2,-0.5452908128996434,0.3900469177373437,1.201575571988228,-0.8285502927271061,0.688533671707803
0,PAA-NSGA-II,2,-0.6473887822614637,0.3114754712180653,1.5595799441917928,-0.896901676934181,0.3494419826662624
0,PAA-NSGA-II,2,-0.6702154554757389,0.262965857253181,1.4606296681954094,-0.6310841391920089,0.5259182341301449
0,PAA-NSGA-II,2,-0.6122078946944111,0.3343405550997221,1.191971203281233,-0.8214884526910551,0.4521092816666867
0,PAA-NSGA-II,2,-0.4541041386073509,0.47215272589371915,0.8415174812746264,-0.4734826794433287,0.2690893626608905
0,PAA-NSGA-II,2,-0.567896499998716,0.35866845332604036,0.8550673523401053,-0.2623881171352466,0.3435967039416668
0,PAA-NSGA-II,2,-0.4578119689224268,0.45415813612574596,0.8944862739468376,-0.43033771198072135,0.2771270101125344
0,PAA-NSGA-II,2,-0.5642872027194368,0.36789097618339495,0.755129549685372,-0.21698641739061425,0.378662952805952
0,PAA-NSGA-II,2,-0.6514653534204579,0.31513805634282016,1.3459568890394895,-0.8417346882485954,0.6500176015461994
0,PAA-NSGA-II,2,-0.49893146130448224,0.41213830279721037,0.8944862739468377,-0.5431115101517184,0.32766527488131025
0,PAA-NSGA-II,2,-0.4849226672969328,0.46175656859884323,0.7397513981473143,-0.5740028889718586,0.4452036095017867
0,PAA-NSGA-II,2,-0.4755544011760103,0.43185299314959485,0.755129549685372,-0.309967795353858,0.3339609733648198
0,PAA-NSGA-II,2,-0.6455726205518953,0.30346825177559333,1.5147140218016457,-0.8780807409255829,0.33996492880541385
0,PAA-NSGA-II,2,-0.42639907077255457,0.41662379769645,1.1017707555238396,-0.4012237753166188,0.17320576371113922
0,PAA-NSGA-II,2,-0.6072913303040816,0.40635979722360327,1.003495015435271,-0.7810330755783295,0.8766429578346676
0,PAA-NSGA-II,2,-0.45857839321694616,0.4021365512133185,0.9919746671444329,-0.29655521304936777,0.22416513867920415
0,PAA-NSGA-II,2,-0.6861208242695134,0.27730074806878385,1.4762845386668806,-0.7505226946552943,0.5852616643167932
0,PAA-NSGA-II,2,-0.4190571026056432,0.4433873771842441,1.0912883633487742,-0.395003226120991,0.19691086583309853
0,PAA-NSGA-II,2,-0.44415517584995,0.47414827911428,0.8550673523401052,-0.49729323279792015,0.2610203367664586
0,PAA-NSGA-II,2,-0.6401919682220436,0.3498502196173654,1.2392489169603271,-0.8093687961664614,0.7270732505702051
0,PAA-NSGA-II,2,-0.6901206244753888,0.28327193534810163,1.6456462776948126,-0.9113729995256413,0.39514547624858504
0,PAA-NSGA-II,2,-0.4190812474956866,0.45914566177004534,1.0372886595566415,-0.40907661642965343,0.20896592866498936
0,PAA-NSGA-II,2,-0.5129840691821368,0.3956807803041684,0.8684058283919128,-0.3102461577740211,0.2591971320007418
0,PAA-NSGA-II,2,-0.6778491471696823,0.26778713500428764,1.4448051827559238,-0.6697684445524982,0.50221990518426
0,PAA-NSGA-II,2,-0.6628284698017108,0.251488838131832,1.4288054467365827,-0.6510413256101918,0.38387322363320125
0,PAA-NSGA-II,2,-0.5410228697136621,0.4066965475461729,0.881542505232828,-0.5678426568327224,0.6350458788659213
0,PAA-NSGA-II,2,-0.600951239895913,0.3115861379418282,1.4288054467365827,-0.5970982960579818,0.26970061470791684
0,PAA-NSGA-II,2,-0.4157554099648614,0.4272481015354924,1.3962560587641577,-0.39212448652320925,0.15319069529521173
0,PAA-NSGA-II,3,-0.44895998947801613,0.451610892220509,0.6574873400494294,-0.45804703922468376,0.6334942592107192
0,PAA-NSGA-II,3,-0.5431411168836886,0.3644409009185346,0.7994911844726069,-0.25997442867733767,0.34463809786401906
0,PAA-NSGA-II,3,-0.6628990370369815,0.29134546531125255,1.734071003737573,-0.9120452429714865,0.4755740986018721
0,PAA-NSGA-II,3,-0.5515219034454804,0.38606442081973336,0.8415174812746266,-0.6661619335770819,0.9750977398689813
0,PAA-NSGA-II,3,-0.4931928191673479,0.4096031061867308,0.5209319169482601,-0.3530969525859827,0.5717243794592783
0,PAA-NSGA-II,3,-0.49678878882351646,0.46012598379500425,0.6747429940891573,-0.4928231902483173,0.5448114571698776
0,PAA-NSGA-II,3,-0.7056051351227306,0.2674407495891281,1.596005053582509,-0.7873827073379814,0.5586587076527751
0,PAA-NSGA-II,3,-0.6636900004475413,0.24333692234070764,1.6664684781093735,-0.7051701589234105,0.3793765697505688
0,PAA-NSGA-II,3,-0.5101831533162494,0.3575274678429605,1.2758102920010672,-0.444786156213428,0.13913622024027453
0,PAA-NSGA-II,3,-0.6463467431647725,0.3102946746640741,1.6174664288022447,-0.9440759247881519,0.3826395325606856
0,PAA-NSGA-II,3,-0.46950793522378553,0.45702619438715775,0.6574873400494293,-0.5262433444127217,0.7003089720589774
0,PAA-NSGA-II,3,-0.5455756015932286,0.3756651708215465,0.6747429940891573,-0.327654489513849,0.48985442923048267
0,PAA-NSGA-II,3,-0.5671899086791921,0.38604126556912743,0.8944862739468377,-0.6674848131420461,0.8128797581967397
0,PAA-NSGA-II,3,-0.47643644433543886,0.3924963051678928,0.8415174812746264,-0.3859157282744783,0.3186791626009221
0,PAA-NSGA-II,3,-0.4641397880065529,0.4298529690666662,0.6027637058449146,-0.4524541367018614,0.6549316258721635
0,PAA-NSGA-II,3,-0.5394069110544624,0.3925925290861412,0.8550673523401053,-0.639574113395028,0.8600610053070372
0,PAA-NSGA-II,3,-0.4829945746882512,0.3713102691510982,1.1017707555238399,-0.44774505455903285,0.18827420966282823
0,PAA-NSGA-II,3,-0.4621613358104337,0.423921654185383,0.6397664390839424,-0.4550024385790591,0.6773614247722567
0,PAA-NSGA-II,3,-0.5639179601701043,0.38501199877550746,0.7994911844726069,-0.6441419667903989,0.9361985126849263
0,PAA-NSGA-II,3,-0.49496668609608807,0.41703988602868824,0.5633356668893262,-0.36580701982002917,0.5667977539970348
0,PAA-NSGA-II,3,-0.45075175335926143,0.441937233274011,0.6215404981423344,-0.4554126837916074,0.6805851903845203
0,PAA-NSGA-II,3,-0.5431411168836886,0.3644409009185346,0.7849825783431665,-0.2601298267144151,0.35990236061899444
0,PAA-NSGA-II,3,-0.48011629116394905,0.405350749244738,0.7849825783431665,-0.4096473924074126,0.37350331509081325
0,PAA-NSGA-II,3,-0.6653871129135185,0.28241993201657484,1.707351230126634,-0.8873644073411369,0.4753535810009197
0,PAA-NSGA-II,3,-0.6002985599500528,0.3615002123976305,0.8550673523401052,-0.6160555168454446,0.759004561511056
0,PAA-NSGA-II,3,-0.5671887035666427,0.37673787840514805,0.8815425052328281,-0.6533647164094745,0.8070047074172905
0,PAA-NSGA-II,3,-0.48906377232171055,0.38304613885156324,0.9444891303068569,-0.349652018432563,0.351588434265974
0,PAA-NSGA-II,3,-0.557135006345035,0.3345074868836401,1.266768880036419,-0.6942248489712023,0.2976077131136895
0,PAA-NSGA-II,3,-0.6799545487636587,0.2966657361449895,1.603190767440991,-0.8614532302127598,0.353177367614939
0,PAA-NSGA-II,3,-0.5180245897563974,0.40442004699174133,0.6915682278846585,-0.4579532964038183,0.5984749895994786
0,PAA-NSGA-II,3,-0.6463897432345755,0.2713780461621614,1.4527389723778683,-0.7298714922920098,0.5554181528477989
0,PAA-NSGA-II,3,-0.6359163142497648,0.3301825555883223,0.9444891303068569,-0.5457687649884507,0.6052804026594212
0,PAA-NSGA-II,3,-0.6574539562511825,0.2487652234070911,1.6595567729924292,-0.725379028412003,0.3653462263233136
0,PAA-NSGA-II,3,-0.580095783782135,0.3126455610438562,1.3373897866387845,-0.5719060307170329,0.2589663631558202
0,PAA-NSGA-II,3,-0.6134054829242901,0.34949399917692525,0.9919746671444328,-0.7073068373458387,0.49333038201370877
0,PAA-NSGA-II,3,-0.4841006076064521,0.4198986285042234,0.54254821706694,-0.3780127017629463,0.5601618127207155
0,PAA-NSGA-II,3,-0.6883841659157979,0.27281348995179855,1.631617191560735,-0.8303668738656633,0.4669854019924644
0,PAA-NSGA-II,3,-0.5330350089208958,0.3701096166793566,0.8944862739468377,-0.538526563027574,0.4974572593933072
0,PAA-NSGA-II,3,-0.5257295006118475,0.3984883200546699,0.755129549685372,-0.4813418991572343,0.4824988422276446
0,PAA-NSGA-II,3,-0.6113811006114936,0.31352388790995883,1.1326360028574725,-0.5881535757756001,0.30460175361313846
0,PAA-NSGA-II,3,-0.4966817013947994,0.43350676131559124,0.7240467010585573,-0.48665010277147525,0.5794780508598422
0,PAA-NSGA-II,3,-0.6296048018411012,0.3156838109223844,1.491775134060471,-0.8774247510702141,0.34733441450013797
0,PAA-NSGA-II,3,-0.5813246647341261,0.33889026653207754,1.0034950154352709,-0.6098996747373295,0.2776000681979036
0,PAA-NSGA-II,3,-0.5527656824078798,0.3984625103800338,0.7849825783431665,-0.628119003228493,0.9044893879580937
0,PAA-NSGA-II,3,-0.6254073875421093,0.34134439047732174,1.3025580288099372,-0.792196336436556,0.6290855292860649
0,PAA-NSGA-II,3,-0.5904494519037115,0.3429940447821972,1.0261477756627881,-0.7251943993588112,0.7458608405368379
0,PAA-NSGA-II,3,-0.5029760861863345,0.3448820755955904,1.1527538013223833,-0.4710337930235758,0.20629675269077144
0,PAA-NSGA-II,3,-0.7028414820699134,0.27468817307059584,1.5669327069381127,-0.8122361940716816,0.5663353205359726
0,PAA-NSGA-II,3,-0.53976624944887,0.37048046000616186,0.881542505232828,-0.5595824385763061,0.5151667119157979
0,PAA-NSGA-II,3,-0.6229389766286257,0.30581328356321746,1.5815356839371832,-0.8675536728606648,0.4004447595608583
0,PAA-NSGA-II,3,-0.5925404579352564,0.3210037489313546,1.1626821716231532,-0.6312799405824283,0.3411196758067391
0,PAA-NSGA-II,3,-0.5066775000244457,0.3588114963800469,1.257662470491028,-0.443013690742392,0.15074149790486255
0,PAA-NSGA-II,3,-0.6517902838160187,0.28580120081201155,1.6664684781093735,-0.8870628341241982,0.48512148662702215
0,PAA-NSGA-II,3,-0.6515689855805729,0.3088267821643528,1.652616161435534,-0.8908825895248388,0.471009140150804
0,PAA-NSGA-II,3,-0.6413376923391774,0.3014026749073552,1.182288815689544,-0.6554236910893754,0.5075985892793708
0,PAA-NSGA-II,3,-0.6359465481067165,0.3235876474836979,1.537310666418436,-0.9340316923941355,0.4554655029181903
0,PAA-NSGA-II,3,-0.5070131415567596,0.4532656858752109,0.7702007157586646,-0.5821350805017269,0.6652597188563989
0,PAA-NSGA-II,3,-0.53623853028407,0.33760728328481604,1.0261477756627881,-0.5903532413977607,0.41403964937755877
0,PAA-NSGA-II,3,-0.5285726743610022,0.3539340123077591,1.2015755719882282,-0.6974680604917879,0.2628317806760839
0,PAA-NSGA-II,3,-0.5527943531684688,0.392669115746816,0.7849825783431665,-0.6466446733269102,0.910525876811169
0,PAA-NSGA-II,4,-0.4835773727230146,0.38844195511627405,1.201575571988228,-0.3045504743993168,0.1661924608587072
0,PAA-NSGA-II,4,-0.449948457865302,0.3820876621452067,0.7702007157586646,-0.2658183314299025,0.35653948312944395
0,PAA-NSGA-II,4,-0.4720336297937573,0.4438107429415756,0.6027637058449147,-0.5080359335316446,0.4297834930424059
0,PAA-NSGA-II,4,-0.6659855232374511,0.24427817499606763,1.707351230126634,-0.7495308750532883,0.36381742053190463
0,PAA-NSGA-II,4,-0.6791384862311779,0.2655692056605434,1.7140702228211238,-0.826059640582043,0.49556541400244347
0,PAA-NSGA-II,4,-0.4156023680167012,0.42417240405402235,0.6915682278846585,-0.3472021925440538,0.3600376293811053
0,PAA-NSGA-II,4,-0.7049175428414675,0.3046010358096991,1.5815356839371835,-0.7914111674548961,0.6636657053610893
0,PAA-NSGA-II,4,-0.6645907713566375,0.3092838297633988,1.6174664288022447,-0.9434565140024465,0.3906475095202279
0,PAA-NSGA-II,4,-0.5049353150605705,0.41586623468081996,0.5209319169482601,-0.4714607942360917,0.4173917719081738
0,PAA-NSGA-II,4,-0.5699147987597117,0.4103565408938846,0.7702007157586646,-0.6272433423220317,0.8852588646691512
0,PAA-NSGA-II,4,-0.6180410231288225,0.32643705754111296,1.2484896411001858,-0.7011045217582641,0.590058450521601
0,PAA-NSGA-II,4,-0.45589160158553527,0.3836598411498719,0.755129549685372,-0.4159615425609012,0.5645547779299793
0,PAA-NSGA-II,4,-0.5612747500080083,0.38029896412497344,1.112154352360633,-0.8023251230797446,0.7570714597631886
0,PAA-NSGA-II,4,-0.6972955710426543,0.32431014918957,1.4606296681954094,-0.7629567296368832,0.6258915531395294
0,PAA-NSGA-II,4,-0.5681049096733151,0.35199106391445556,0.9198275413214969,-0.7268503419352431,0.7070700710055413
0,PAA-NSGA-II,4,-0.4662470488405173,0.41282861831439066,0.9919746671444329,-0.36659665259646673,0.19824911449138924
0,PAA-NSGA-II,4,-0.44103043484498305,0.41141257773853146,0.755129549685372,-0.443589268468174,0.3751577104112268
0,PAA-NSGA-II,4,-0.5771808507456073,0.3501546035271043,0.9565815297270429,-0.7475750370874191,0.7271355410975738
0,PAA-NSGA-II,4,-0.49529903266590436,0.3932451062553209,1.0807043010154629,-0.3146659506995238,0.24862020825448283
0,PAA-NSGA-II,4,-0.4879258681570084,0.4071997850868406,1.1326360028574725,-0.3582760359778921,0.20798886969447405
0,PAA-NSGA-II,4,-0.45169688240462647,0.39176769636765424,0.7079937284797467,-0.4373689522503382,0.5747065356094241
0,PAA-NSGA-II,4,-0.5564425098662278,0.3957780540181627,0.8137411503644991,-0.6353699233636485,0.7788764757280441
0,PAA-NSGA-II,4,-0.49085328432054515,0.3738804055375101,1.1527538013223835,-0.325626687063217,0.18112583459633141
0,PAA-NSGA-II,4,-0.5673922483673481,0.40609230074832237,0.7849825783431665,-0.6025220021882661,0.7957755432176157
0,PAA-NSGA-II,4,-0.5354172619399504,0.40210907289243636,1.059218945609956,-0.5049686924876918,0.27018365743376466
0,PAA-NSGA-II,4,-0.5205000431420104,0.41177895660183605,0.5633356668893262,-0.45853159733037174,0.4436194575757734
0,PAA-NSGA-II,4,-0.6879266267610352,0.28218488442771966,1.6870337002483238,-0.9025364801095854,0.5110154535094124
0,PAA-NSGA-II,4,-0.6592122003639601,0.25341851730473997,1.6733516349767308,-0.7098042855131546,0.34685379705132957
0,PAA-NSGA-II,4,-0.6419123312492471,0.2606040395122471,1.5222835063120284,-0.6939297768479676,0.287175797360762
0,PAA-NSGA-II,4,-0.5674843474227924,0.3974743907233803,0.8137411503644991,-0.5574953035709521,0.8387894090259735
0,PAA-NSGA-II,4,-0.4727507538767178,0.44093527700268353,0.6215404981423345,-0.5116170072382416,0.4369994448339186
0,PAA-NSGA-II,4,-0.5574745342703822,0.3537638605970158,0.8684058283919128,-0.5446530550965506,0.4129350308423495
0,PAA-NSGA-II,4,-0.44672796496944595,0.3820771101975683,0.7702007157586646,-0.2728681364635785,0.34721248670568283
0,PAA-NSGA-II,4,-0.5307727641295067,0.4008488183760502,0.7849825783431665,-0.5564901392024661,0.37813807066638916
0,PAA-NSGA-II,4,-0.4972443580317017,0.38773593878888973,1.182288815689544,-0.30361504491058783,0.17489617683321088
0,PAA-NSGA-II,4,-0.5050999582642517,0.41466208015887585,0.54254821706694,-0.4757516303157209,0.42450696557661854
0,PAA-NSGA-II,4,-0.5190626510829698,0.41589333158714314,0.6215404981423344,-0.44976621846530673,0.4186963552922873
0,PAA-NSGA-II,4,-0.6831564426943402,0.2739281051990899,1.6595567729924292,-0.8585164195289157,0.49694838733100494
0,PAA-NSGA-II,4,-0.5921660227977474,0.3652863646337433,0.9919746671444329,-0.6603931940097889,0.49293823478165405
0,PAA-NSGA-II,4,-0.5978609666057816,0.3101110659930401,1.3200887962222398,-0.7131099932391146,0.3154070081204242
0,PAA-NSGA-II,4,-0.6528028415562426,0.28124308239695395,1.537310666418436,-0.7501231240630833,0.461877014547984
0,PAA-NSGA-II,4,-0.6455760160065702,0.31288431699471103,1.2299387677605,-0.7728116734504196,0.6827623064191422
0,PAA-NSGA-II,4,-0.6262599628600505,0.36211777717303634,0.9685229624340641,-0.703192959899137,0.6423622736938306
0,PAA-NSGA-II,4,-0.5921776326079085,0.33999236219184364,1.059218945609956,-0.6570766562938264,0.5210512035803646
0,PAA-NSGA-II,4,-0.6394956041783035,0.28862854893187306,1.2847880786040071,-0.6624484042616162,0.2960655340926472
0,PAA-NSGA-II,4,-0.5641875031757613,0.33339973238883047,0.9444891303068568,-0.530733014073934,0.46477608401217
0,PAA-NSGA-II,4,-0.5723728647000433,0.31746122400506094,1.0483111508478486,-0.5701863319220173,0.351090274895424
0,PAA-NSGA-II,4,-0.6948199692462652,0.28737200679090474,1.484050047961325,-0.7434101393311919,0.5367052045526247
0,PAA-NSGA-II,4,-0.6495595706311003,0.3110970018992961,1.5595799441917928,-0.9184422991392068,0.387355434031017
0,PAA-NSGA-II,4,-0.6513427992577767,0.29196268744646625,1.484050047961325,-0.8109421469845763,0.3723052539305585
0,PAA-NSGA-II,4,-0.567319185688441,0.39719396813471786,0.8550673523401053,-0.5347486209057912,0.8467998162861153
0,PAA-NSGA-II,4,-0.663587203094564,0.26937440032083776,1.4762845386668806,-0.7479416512284895,0.48374340123161047
0,PAA-NSGA-II,4,-0.48001152929166724,0.4329469907087059,0.7397513981473143,-0.5989650883462975,0.5743533922131132
0,PAA-NSGA-II,4,-0.47145757503532587,0.4372449430403428,0.6574873400494295,-0.5308197950296378,0.4227053443388976
0,PAA-NSGA-II,4,-0.4774192517903151,0.4200682524146867,0.8550673523401052,-0.5860854066082493,0.5617544219521868
0,PAA-NSGA-II,4,-0.6124587228243593,0.33394657205877243,0.9685229624340641,-0.611312654061992,0.7392261857693038
0,PAA-NSGA-II,4,-0.6032065394540698,0.28485098837721123,1.387999450968369,-0.6772435291754917,0.2895230290444018
0,PAA-NSGA-II,4,-0.4552981496989249,0.41870854503499044,0.9919746671444329,-0.34253357977527027,0.1972450682118568
0,PAA-NSGA-II,4,-0.6630612479611194,0.3002363726578534,1.5887868407416337,-0.8938235559455705,0.38241824104156114
0,PAA-NSGA-II,4,-0.6579143524965732,0.26248985697967864,1.6733516349767308,-0.730744358928076,0.3205524989906679
0,PAA-NSGA-II,5,-0.6564574713760628,0.30841487924207833,1.5887868407416337,-0.9406088439238902,0.5368392204317566
0,PAA-NSGA-II,5,-0.6676206250080585,0.3004233088829607,1.6802065944479638,-0.936466814685269,0.48870269541489214
0,PAA-NSGA-II,5,-0.5384970962650352,0.4839610955737266,0.8137411503644992,-0.6327649981168934,0.4639955602950092
0,PAA-NSGA-II,5,-0.48284157960285556,0.38454205307405187,0.6397664390839424,-0.21271492902012654,0.3810844088257782
0,PAA-NSGA-II,5,-0.6056113757461353,0.40536214685940725,1.0912883633487742,-0.7886274679306686,0.9355762683138934
0,PAA-NSGA-II,5,-0.7076021431721056,0.2674127013470544,1.5887868407416337,-0.8188003992757963,0.3293335771409736
0,PAA-NSGA-II,5,-0.45876939738387873,0.3703907965786019,0.7702007157586644,-0.26550178694315935,0.2914090431311667
0,PAA-NSGA-II,5,-0.6784398851443856,0.24205001088893363,1.6174664288022447,-0.7228891938135138,0.3354246016488675
0,PAA-NSGA-II,5,-0.5342864024809556,0.41681512284173117,0.5833828754229664,-0.4582063328390504,0.4687611371628259
0,PAA-NSGA-II,5,-0.5914122345361065,0.2866374547064305,1.4917751340604715,-0.6476651475999304,0.1872221303023572
0,PAA-NSGA-II,5,-0.5815481717797955,0.4112722727651564,0.8684058283919128,-0.7840307092683496,0.7861397023769826
0,PAA-NSGA-II,5,-0.6067704154874924,0.3884598253537037,1.059218945609956,-0.7768798884228103,0.864133911857612
0,PAA-NSGA-II,5,-0.549590584817506,0.45927330881989314,0.8415174812746264,-0.6525262320660603,0.8431310796229686
0,PAA-NSGA-II,5,-0.5519715654262357,0.44205847749057237,0.8944862739468376,-0.6981356956927292,0.7342310390889767
0,PAA-NSGA-II,5,-0.6363764960929104,0.35095270015586333,1.2111037779422387,-0.8549600080565296,0.6818055772816176
0,PAA-NSGA-II,5,-0.47045356115124604,0.3774573782770898,0.755129549685372,-0.33326565326198254,0.3133267835233181
0,PAA-NSGA-II,5,-0.6531196973374037,0.31962435212752416,1.2576624704910284,-0.7629843816128836,0.6412650108384244
0,PAA-NSGA-II,5,-0.6903820226875482,0.25358060325604914,1.537310666418436,-0.7426670663662793,0.3196833805833128
0,PAA-NSGA-II,5,-0.48395962557874705,0.3434250751199768,0.8944862739468376,-0.4032948250825853,0.2780747137005537
0,PAA-NSGA-II,5,-0.5346151322845728,0.4480146792797872,0.8277458339029348,-0.6658398145895736,0.4614416062527402
0,PAA-NSGA-II,5,-0.501436884471572,0.3361135852420676,0.9565815297270427,-0.43262653927573663,0.23361396333009793
0,PAA-NSGA-II,5,-0.526966910294752,0.40533519495620907,0.6747429940891573,-0.42591714846016054,0.43820828867256995
0,PAA-NSGA-II,5,-0.5644856269992411,0.3345512078429003,1.0483111508478486,-0.5204597718771903,0.3531385510125749
0,PAA-NSGA-II,5,-0.5870488467535766,0.38105028019306264,0.7240467010585573,-0.5739928493463532,0.6082158014275711
0,PAA-NSGA-II,5,-0.49166853358571333,0.3947121349492789,0.7849825783431665,-0.36219370103208826,0.38598119426933314
0,PAA-NSGA-II,5,-0.5211080016281341,0.4277857120822629,0.5833828754229664,-0.45981359542715483,0.4905651056802567
0,PAA-NSGA-II,5,-0.5116065641756895,0.4634525595195658,0.7702007157586644,-0.5572818400018316,0.37901017661167324
0,PAA-NSGA-II,5,-0.6295503867284267,0.31191573543738055,1.4527389723778685,-0.8837910638772382,0.5540380485412978
0,PAA-NSGA-II,5,-0.5823061736882191,0.3063131382633519,1.3373897866387852,-0.6219658899918242,0.24015994633901153
0,PAA-NSGA-II,5,-0.6627829388933963,0.3079137915647058,1.652616161435534,-0.9189427840563997,0.48209599598285974
0,PAA-NSGA-II,5,-0.5638911116468214,0.43617910482280886,0.7994911844726069,-0.5943983564037885,0.5681925804970304
0,PAA-NSGA-II,5,-0.5689264082571551,0.3717416946260901,0.9803189452974893,-0.6524314607551446,0.5227723364200342
0,PAA-NSGA-II,5,-0.5956136622575924,0.29561743956501535,1.4368275854712884,-0.6666814562533577,0.2256789550270923
0,PAA-NSGA-II,5,-0.6703670559715104,0.2604566938999701,1.4448051827559238,-0.6824030669099319,0.36318983388354525
0,PAA-NSGA-II,5,-0.6272196253289627,0.3560440168782442,0.9919746671444329,-0.7538627879085398,0.6256364671478553
0,PAA-NSGA-II,5,-0.6825727234478551,0.2963159807775707,1.6245572178441157,-0.9017878912068861,0.47977096114138035
0,PAA-NSGA-II,5,-0.6393231207140386,0.33968544044793114,1.1626821716231532,-0.67380733541978,0.6683524849731333
0,PAA-NSGA-II,5,-0.6878153058626184,0.2702794255219339,1.603190767440991,-0.8378434998342849,0.3378628005942709
0,PAA-NSGA-II,5,-0.4846812623690829,0.38467913914523794,0.6215404981423345,-0.2367988984857754,0.3939766380523233
0,PAA-NSGA-II,5,-0.5224453489482945,0.43508578272630627,0.7397513981473143,-0.46768253354485784,0.40539875816768767
0,PAA-NSGA-II,5,-0.5989029869099783,0.3980248989450871,0.9803189452974894,-0.8021012728627752,0.8177538628065054
0,PAA-NSGA-II,5,-0.5433534917006615,0.48034493088044955,0.7702007157586646,-0.6330148228013254,0.4703127313691464
0,PAA-NSGA-II,5,-0.5951437740591524,0.28774835414865924,1.4762845386668806,-0.6401864344038615,0.20610124191099116
0,PAA-NSGA-II,5,-0.6067313556142231,0.30288026876355856,1.3796934333906816,-0.716372624882928,0.2965776743875221
0,PAA-NSGA-II,5,-0.4623680666221791,0.3682094701476696,0.7702007157586646,-0.283908424827671,0.29126884393630925
0,PAA-NSGA-II,5,-0.4748027187497649,0.3918714020778526,0.7079937284797468,-0.2980414294809931,0.3590447470460756
0,PAA-NSGA-II,5,-0.5068700545310505,0.3891795189808533,0.755129549685372,-0.35099242496118227,0.44125440393688453
0,PAA-NSGA-II,5,-0.6204218803820759,0.349141964687334,1.2937035644497943,-0.8270526592115319,0.7075890496521383
0,PAA-NSGA-II,5,-0.6161240398050205,0.35412871660889833,0.9322398894708789,-0.585914520926466,0.5636728605882546
0,PAA-NSGA-II,5,-0.557074490521468,0.42301067997845987,0.6915682278846585,-0.510177596978767,0.7210263329717542
0,PAA-NSGA-II,5,-0.6884370238029474,0.27920938982438137,1.631617191560735,-0.8655836954418172,0.4504976791616292
0,PAA-NSGA-II,5,-0.4996680149748213,0.4675882020876128,0.7079937284797468,-0.5710243171596769,0.4045298400400322
0,PAA-NSGA-II,5,-0.6978002889037185,0.2859094648684133,1.5071065198237947,-0.8199838236550014,0.3315011801690796
0,PAA-NSGA-II,5,-0.4854752170829659,0.39410112399254354,0.6915682278846585,-0.2449010182065042,0.38222847960871414
0,PAA-NSGA-II,5,-0.6591935901416954,0.31839957123301127,1.354469805089795,-0.8080941764709835,0.660331616047532
0,PAA-NSGA-II,5,-0.63288865801349,0.3528112204120738,1.1224418956996507,-0.7722188817304099,0.5825199071134703
0,PAA-NSGA-II,5,-0.4592772758592643,0.37472946479187713,0.7702007157586644,-0.3075809911993524,0.3030718447401121
0,PAA-NSGA-II,5,-0.4927287866462155,0.41286918727837885,0.8415174812746264,-0.35668740403243815,0.347318971603073
0,PAA-NSGA-II,5,-0.6488346693087279,0.3241333725576178,1.2847880786040071,-0.7861928866606992,0.6561187090849181
0,PAA-NSGA-II,5,-0.5612267854127507,0.42172579077745276,0.7079937284797467,-0.5012390402870323,0.7201956081420998
0,PAA-NSGA-II,6,-0.6796995020048501,0.2818878024209366,1.7406868620606524,-0.8401900031885695,0.3492419653733128
0,PAA-NSGA-II,6,-0.4818700494787568,0.39796159792166386,0.54254821706694,-0.3518853674951471,0.6218634079647477
0,PAA-NSGA-II,6,-0.5657101057041329,0.34559815235143143,1.0148846002135226,-0.37151436072207317,0.19064952074262548
0,PAA-NSGA-II,6,-0.41669655654090826,0.4905346135050637,0.6747429940891573,-0.5177280421451995,0.416606630476252
0,PAA-NSGA-II,6,-0.4184923524235148,0.4908619002796254,0.7079937284797468,-0.5417444355878225,0.4168271480772045
0,PAA-NSGA-II,6,-0.51727124100151,0.39994948224915877,0.7702007157586646,-0.6276811870875809,0.9226086812319634
0,PAA-NSGA-II,6,-0.5500769169814973,0.38868922369763503,0.7079937284797467,-0.2015159003428712,0.5207389655820422
0,PAA-NSGA-II,6,-0.6639962048336795,0.2406036766503991,1.603190767440991,-0.6848359716922201,0.34041042023190005
0,PAA-NSGA-II,6,-0.7075590363869246,0.26068903479238037,1.603190767440991,-0.8257745843876141,0.5854552181539329
0,PAA-NSGA-II,6,-0.6558220626110504,0.3006758908052805,1.5595799441917928,-0.9420595738221854,0.4517840517072808
0,PAA-NSGA-II,6,-0.6922722792694035,0.2567293742841955,1.6103444173701353,-0.7898897255138309,0.4790755913916701
0,PAA-NSGA-II,6,-0.4290333138168214,0.47786779335728513,0.6574873400494295,-0.5131696536947101,0.44926082578607024
0,PAA-NSGA-II,6,-0.5058254701773618,0.43436934554596596,0.6915682278846585,-0.46266216561809914,0.49805538763338564
0,PAA-NSGA-II,6,-0.616896003963485,0.3459088350551075,1.2484896411001858,-0.704078582076193,0.8203133145755123
0,PAA-NSGA-II,6,-0.4946275519866994,0.45909551095121054,0.6915682278846585,-0.49910817540569674,0.5313646305367967
0,PAA-NSGA-II,6,-0.6852773087107928,0.2640527873295574,1.6938332891759678,-0.8135913033323451,0.3676729550647915
0,PAA-NSGA-II,6,-0.5476857514175721,0.3965177898315065,0.6574873400494295,-0.22397553811088522,0.514174619305441
0,PAA-NSGA-II,6,-0.5387807979474827,0.40149518776561804,0.6397664390839423,-0.2897477451306876,0.6352550183366275
0,PAA-NSGA-II,6,-0.6277930441616542,0.326121077037402,1.4917751340604715,-0.8471113290409734,0.39736685233066243
0,PAA-NSGA-II,6,-0.6046780013832072,0.31421982381482666,1.1919712032812333,-0.6647553236925996,0.3769916536558492
0,PAA-NSGA-II,6,-0.510710006609538,0.4024133617480216,0.755129549685372,-0.6274470604580562,0.9143126733567822
0,PAA-NSGA-II,6,-0.5867978406577194,0.36101646396757253,0.8550673523401052,-0.5842129870527929,0.46244108600447087
0,PAA-NSGA-II,6,-0.5783465508114185,0.3754771910162139,1.0483111508478486,-0.6660949527863648,0.8752899038820836
0,PAA-NSGA-II,6,-0.441056764698135,0.4706683594502209,0.6915682278846585,-0.5203547879519327,0.4366453601094805
0,PAA-NSGA-II,6,-0.640649420371402,0.2950216825013867,1.3287674498039936,-0.7308639634754096,0.3318773194986807
0,PAA-NSGA-II,6,-0.6246253941959449,0.28559411191129636,1.3113527077656704,-0.5961368616927771,0.30686138049798767
0,PAA-NSGA-II,6,-0.68586880777635,0.2792180332256778,1.387999450968369,-0.8012677264111673,0.4941461606965577
0,PAA-NSGA-II,6,-0.6431295447226855,0.30893664779461305,1.468477964887372,-0.8751986298931538,0.42208424468197236
0,PAA-NSGA-II,6,-0.6205076048937016,0.302527047051724,1.1527538013223835,-0.6554498497345655,0.6783590691532495
0,PAA-NSGA-II,6,-0.5588717091254157,0.33873395963648434,0.8415174812746264,-0.33142750790365927,0.25837697037396634
0,PAA-NSGA-II,6,-0.6861350802634385,0.270497862894694,1.3962560587641581,-0.7762781561700419,0.4890578996957012
0,PAA-NSGA-II,6,-0.5283745452758923,0.40439270158895324,0.6747429940891573,-0.3662529843317769,0.7328070648510486
0,PAA-NSGA-II,6,-0.4866966490273862,0.42558538588617206,0.7240467010585573,-0.6142932563670755,0.7724161335745956
0,PAA-NSGA-II,6,-0.6502004281426774,0.3065319219567134,1.4762845386668806,-0.9190219203755376,0.4538393038929008
0,PAA-NSGA-II,6,-0.4556770956236992,0.42115471534484933,0.755129549685372,-0.6321007290877214,0.6995939962231857
0,PAA-NSGA-II,6,-0.6518566729687965,0.2671837827209281,1.4368275854712882,-0.6410232161457927,0.34052515809241013
0,PAA-NSGA-II,6,-0.6722283298276988,0.26541072861415144,1.638646748247976,-0.772285158963865,0.3401228434669588
0,PAA-NSGA-II,6,-0.5975845350330011,0.3187423730820471,1.1626821716231532,-0.6687115457797612,0.29582050352478956
0,PAA-NSGA-II,6,-0.6560712002684899,0.29470483846974893,1.537310666418436,-0.9250849740788901,0.4388918224807357
0,PAA-NSGA-II,6,-0.5764642598778565,0.38066366651874184,1.0372886595566415,-0.6908731921755406,0.8688347645437033
0,PAA-NSGA-II,6,-0.4456334655563355,0.4496877021044406,0.7397513981473142,-0.5559928678009244,0.48021018893961553
0,PAA-NSGA-II,6,-0.5251271059193646,0.3904229797154276,0.6027637058449146,-0.3555745539305022,0.6271211988529556
0,PAA-NSGA-II,6,-0.5632605709216424,0.3471709619811875,0.9685229624340642,-0.42439625500288214,0.21507081881446322
0,PAA-NSGA-II,6,-0.4428336834555253,0.4563027075539239,0.7079937284797467,-0.46006959072063747,0.41906893863457323
0,PAA-NSGA-II,6,-0.5507310384467127,0.3575498969277164,0.7994911844726069,-0.39720896515595305,0.4198480314183798
0,PAA-NSGA-II,6,-0.6391700991366417,0.30816998697026154,1.2937035644497943,-0.6965580261589654,0.644971311224255
0,PAA-NSGA-II,6,-0.5301849488651503,0.34508977051537026,0.9803189452974894,-0.5775347194472011,0.8047636133902485
0,PAA-NSGA-II,6,-0.5385219762059696,0.3778759027540354,0.8944862739468377,-0.7664453321633495,0.5604412148250308
0,PAA-NSGA-II,6,-0.5440892154325508,0.34930450929608925,0.9198275413214968,-0.4086833606082621,0.2513761837088627
0,PAA-NSGA-II,6,-0.46310183383495074,0.41812200665267546,0.755129549685372,-0.598657358787699,0.7611323101047412
0,PAA-NSGA-II,6,-0.5627280308104318,0.3709798618131517,1.0483111508478486,-0.7122747064833647,0.8468258290552937
0,PAA-NSGA-II,6,-0.4830514580630648,0.41242657248826686,0.5833828754229664,-0.32462246065993616,0.6915688172007506
0,PAA-NSGA-II,6,-0.5283026579315884,0.3502762460178982,0.9565815297270427,-0.6023129588363769,0.7983084740518682
0,PAA-NSGA-II,6,-0.5732259830466372,0.33925631964646097,0.9685229624340641,-0.36492859597066857,0.23695394733822014
0,PAA-NSGA-II,6,-0.6587491549080169,0.3047010554513392,1.484050047961325,-0.7544302914888166,0.3662910969702373
0,PAA-NSGA-II,6,-0.6740309265428485,0.3087270747744351,1.4606296681954094,-0.8620525831152026,0.6217177830390835
0,PAA-NSGA-II,6,-0.596448360770746,0.31931412596094183,1.112154352360633,-0.641168129563537,0.38337101052545197
0,PAA-NSGA-II,6,-0.6395789916311072,0.2927630990621956,1.537310666418436,-0.798587805545684,0.3250979717778287
0,PAA-NSGA-II,6,-0.5759889612096567,0.33584537566772743,0.8815425052328281,-0.3338922446836404,0.2560293171942666
0,PAA-NSGA-II,6,-0.5702458309392185,0.35462727328560695,1.059218945609956,-0.744854318045796,0.5520673758821985
0,PAA-NSGA-II,7,-0.6780905631432941,0.24191202795036518,1.6245572178441157,-0.6756236684632733,0.39683930790280747
0,PAA-NSGA-II,7,-0.6681071460118216,0.2979651767294114,1.638646748247976,-0.9389915767675238,0.39935697111616986
0,PAA-NSGA-II,7,-0.5265719809541223,0.4203252243552044,0.8550673523401052,-0.7217831440892113,1.0458293779076162
0,PAA-NSGA-II,7,-0.5507040870477409,0.3703495100601564,1.201575571988228,-0.450161326435395,0.16139165131584293
0,PAA-NSGA-II,7,-0.551174723606621,0.39690052194033526,0.7994911844726069,-0.151944898616297,0.3152191451570546
0,PAA-NSGA-II,7,-0.5026216314491123,0.39028967377952345,0.54254821706694,-0.34657795789092527,0.5490235707320705
0,PAA-NSGA-II,7,-0.44426336980702497,0.45884938859753605,0.7397513981473143,-0.5020400766001648,0.46289311327335236
0,PAA-NSGA-II,7,-0.6891009143951382,0.2670760777527789,1.7406868620606522,-0.7670922205347015,0.3287188250741967
0,PAA-NSGA-II,7,-0.7094936411521742,0.2903793162796846,1.596005053582509,-0.78205117954008,0.5582719641748973
0,PAA-NSGA-II,7,-0.4714345708218287,0.4698629964432211,0.6747429940891573,-0.5812034096121674,0.6422939292286683
0,PAA-NSGA-II,7,-0.5296442810858666,0.39640768999155246,0.8137411503644992,-0.5619376538261693,0.707273262874188
0,PAA-NSGA-II,7,-0.5809401550294334,0.39706869672206013,0.7397513981473143,-0.6448204771010311,0.8226777165315238
0,PAA-NSGA-II,7,-0.5008945087243282,0.42450404849968326,0.7702007157586646,-0.6621456854134605,0.8916023347733658
0,PAA-NSGA-II,7,-0.6108224886384533,0.3338386842873192,1.1326360028574722,-0.42424788634491784,0.29326020613091747
0,PAA-NSGA-II,7,-0.6039632455528248,0.3625392699986915,1.1017707555238399,-0.8384141257856449,0.8623211845134284
0,PAA-NSGA-II,7,-0.6033109867021629,0.3414995334412235,1.0700155515160485,-0.41417955524259237,0.2982534974057134
0,PAA-NSGA-II,7,-0.4759550357709986,0.43059279017159613,0.7397513981473143,-0.26890808642534714,0.3453515674552944
0,PAA-NSGA-II,7,-0.4716939176368665,0.4393198902803978,0.7397513981473143,-0.46653415427680917,0.46845594447989714
0,PAA-NSGA-II,7,-0.44810799193130374,0.46077434944347767,0.755129549685372,-0.5201274825077556,0.4803893759054235
0,PAA-NSGA-II,7,-0.4637767469449724,0.4521683509171493,0.7702007157586647,-0.4815325675899569,0.4787409987591113
0,PAA-NSGA-II,7,-0.5705656224011078,0.35274495786600496,1.2847880786040071,-0.5299620456068869,0.20593277187566125
0,PAA-NSGA-II,7,-0.5125482642066539,0.41702125061182505,0.9072453912952236,-0.7521597445951087,0.9876201797927902
0,PAA-NSGA-II,7,-0.46115798179486883,0.43103522777891695,0.7079937284797467,-0.6716754675235733,0.6678939605348362
0,PAA-NSGA-II,7,-0.5060028588156518,0.38767468538896066,0.5833828754229664,-0.37490757540537434,0.543588912177361
0,PAA-NSGA-II,7,-0.5958714247231554,0.35048048939871845,0.9565815297270427,-0.36972914577489707,0.2852366097447157
0,PAA-NSGA-II,7,-0.686049876093305,0.26458867380543877,1.707351230126634,-0.7453889669702269,0.33113729004962833
0,PAA-NSGA-II,7,-0.49855891659243723,0.42985233220870844,0.7849825783431665,-0.6910513823334221,0.9493087985328701
0,PAA-NSGA-II,7,-0.543640557488833,0.4052044396838791,0.881542505232828,-0.7247399850911354,1.0431058377575562
0,PAA-NSGA-II,7,-0.5629786628364112,0.39799143115670665,0.7702007157586646,-0.22939589522448417,0.34312558359127376
0,PAA-NSGA-II,7,-0.6194501240422559,0.32034673539209135,1.2576624704910284,-0.8055770169773464,0.40974214348338556
0,PAA-NSGA-II,7,-0.4566728628923178,0.4567218472294711,0.7702007157586646,-0.4898340417864098,0.5340514482920022
0,PAA-NSGA-II,7,-0.4745010160630854,0.4677639499277956,0.6915682278846585,-0.5326595363846333,0.6147534324607261
0,PAA-NSGA-II,7,-0.6933158004896375,0.30052991167041687,1.5147140218016457,-0.736730662160665,0.5679960196430661
0,PAA-NSGA-II,7,-0.504182847726777,0.39446826199068735,0.8944862739468376,-0.7266308985024317,0.9972592305180583
0,PAA-NSGA-II,7,-0.6564816658640532,0.31009948883664035,1.4917751340604715,-0.9208164340650603,0.4274627645629578
0,PAA-NSGA-II,7,-0.47153181924717025,0.4687218779678245,0.6215404981423345,-0.6048591482654638,0.6559983614020889
0,PAA-NSGA-II,7,-0.6373742159580914,0.2764120036133231,1.3544698050897952,-0.6633248331163264,0.3354115536044221
0,PAA-NSGA-II,7,-0.48868508095753294,0.4274062855419186,0.7702007157586646,-0.27793361233610375,0.3294056506300776
0,PAA-NSGA-II,7,-0.6433177214692289,0.3163669755113638,1.3200887962222398,-0.808314296645209,0.5624468409103819
0,PAA-NSGA-II,7,-0.5736513922175451,0.3566337362766633,1.0148846002135223,-0.39986048507723104,0.24838588705899553
0,PAA-NSGA-II,7,-0.5111999937028476,0.38839770491737274,0.6027637058449147,-0.35468035603059445,0.556325395094384
0,PAA-NSGA-II,7,-0.5198513645420186,0.4215099425977412,0.8277458339029348,-0.7321303137879877,0.9448358460726975
0,PAA-NSGA-II,7,-0.6623063192014724,0.2569072653086009,1.4448051827559238,-0.6249444785943646,0.3901909909404387
0,PAA-NSGA-II,7,-0.661826364520146,0.2925544729856169,1.6802065944479638,-0.862538021332138,0.3677382455936947
0,PAA-NSGA-II,7,-0.6841185881069969,0.2860292355789499,1.6174664288022447,-0.8797567897252175,0.3898299687423026
0,PAA-NSGA-II,7,-0.6528581812714702,0.277006356773064,1.4207380120476114,-0.594738431873893,0.3176609892724965
0,PAA-NSGA-II,7,-0.5927125055878923,0.33051526204318854,1.2299387677605003,-0.7720362503989655,0.41267161013242665
0,PAA-NSGA-II,7,-0.5588031869637404,0.36137340967073867,1.201575571988228,-0.4842925083434915,0.1801727477031279
0,PAA-NSGA-II,7,-0.537178282441719,0.37803607406467044,0.8684058283919128,-0.6974243219092167,0.5132744532987858
0,PAA-NSGA-II,7,-0.5603430151393974,0.34853008519902656,1.0261477756627881,-0.44019192265576274,0.2322527966095093
0,PAA-NSGA-II,7,-0.5052499739568274,0.40343855869075823,0.6574873400494295,-0.40900376135099903,0.5017398774577572
0,PAA-NSGA-II,7,-0.7017632342328539,0.3088005937731111,1.5071065198237947,-0.783228306729721,0.5759087196103033
0,PAA-NSGA-II,7,-0.4876829316689747,0.4032260068640783,0.8277458339029349,-0.5823330137195066,0.4818167885115786
0,PAA-NSGA-II,7,-0.6221803519128614,0.3088392154807469,1.3113527077656704,-0.5468648500524187,0.294902013099621
0,PAA-NSGA-II,7,-0.554718830163661,0.3354268374736267,1.1427391744033626,-0.6960584994939644,0.3953832628055232
0,PAA-NSGA-II,7,-0.5347492443297115,0.4115391177067217,0.7994911844726069,-0.30705439410515944,0.35538207848838477
0,PAA-NSGA-II,7,-0.5857455771588033,0.38177740066065396,0.9444891303068569,-0.5600878829704607,0.48210483967870593
0,PAA-NSGA-II,7,-0.5612256775299788,0.3927987255148977,0.7994911844726069,-0.17475696335167326,0.32055071771902915
0,PAA-NSGA-II,7,-0.5871065125301049,0.3671022330131054,1.0372886595566415,-0.8168695011233714,0.8572887419398855
0,PAA-NSGA-II,7,-0.6541647149460257,0.31059925064390975,1.4606296681954094,-0.8981598298889489,0.41124862948901775
0,PAA-NSGA-II,8,-0.5952887349490539,0.3508883086503231,0.9803189452974894,-0.7347639901996524,0.949184940698369
0,PAA-NSGA-II,8,-0.4927837718770964,0.41287319771317216,0.6215404981423345,-0.19144265445596406,0.37025314050078695
0,PAA-NSGA-II,8,-0.4642146250282021,0.45263922466121265,0.5425482170669401,-0.39620612891199564,0.49328122125636753
0,PAA-NSGA-II,8,-0.7067068694136001,0.27513663180590975,1.5887868407416337,-0.781075112530488,0.5572572007760792
0,PAA-NSGA-II,8,-0.6593036178923875,0.24916805875585024,1.5298155376831448,-0.6770855767985154,0.437366288614926
0,PAA-NSGA-II,8,-0.4531139908145976,0.4753826230967391,0.6747429940891573,-0.4523319847997369,0.4611952194369679
0,PAA-NSGA-II,8,-0.43197796724677484,0.43533281596000994,0.6915682278846585,-0.5492908561035097,0.5381344242468732
0,PAA-NSGA-II,8,-0.6805480766255655,0.29370614435908765,1.7006056912958407,-0.9096729531452834,0.36287225667506584
0,PAA-NSGA-II,8,-0.6748769087090511,0.2953945194279438,1.6664684781093735,-0.9415407877794191,0.4016949969590032
0,PAA-NSGA-II,8,-0.49900079018867916,0.3529348128071002,1.257662470491028,-0.45217167229129174,0.1432827779034182
0,PAA-NSGA-II,8,-0.6121858361211625,0.3334544141783691,1.1527538013223833,-0.7520126268099416,0.7324015686464789
0,PAA-NSGA-II,8,-0.4494453992009643,0.4606681441024888,0.6027637058449147,-0.4609977217166506,0.4813537226917406
0,PAA-NSGA-II,8,-0.6418916547249368,0.3225533808315692,1.3113527077656704,-0.8112112665164439,0.7959913304177755
0,PAA-NSGA-II,8,-0.45916723460275277,0.39192696834342566,1.0148846002135223,-0.32504976100192423,0.19706753584598713
0,PAA-NSGA-II,8,-0.6636558756155349,0.2637890159173476,1.537310666418436,-0.7524039276609119,0.5905984889354905
0,PAA-NSGA-II,8,-0.48137623479490904,0.38797891438608756,0.9072453912952236,-0.6154434525448085,0.6835200535411043
0,PAA-NSGA-II,8,-0.546461675891676,0.32642795145973735,1.3287674498039936,-0.5623127173983841,0.23968603033316566
0,PAA-NSGA-II,8,-0.6444278526916232,0.25736594069914753,1.4448051827559238,-0.6475493134449082,0.31484835567144653
0,PAA-NSGA-II,8,-0.6724766592432324,0.3017225367878923,1.6174664288022447,-0.8876097620642269,0.3750837367211951
0,PAA-NSGA-II,8,-0.6917233454324971,0.3083938388597236,1.5815356839371835,-0.9013262084424186,0.6344973464339922
0,PAA-NSGA-II,8,-0.6575983329948645,0.2969615428682248,1.5071065198237947,-0.8453029464214236,0.39160746933129487
0,PAA-NSGA-II,8,-0.6027594761173918,0.34171622784915945,1.0807043010154627,-0.7419442957076162,0.7373948599212748
0,PAA-NSGA-II,8,-0.6222007796640019,0.3241797538539221,1.122441895699651,-0.7217515699619484,0.8348139523918323
0,PAA-NSGA-II,8,-0.585240031818131,0.30769924014001243,0.9565815297270429,-0.5970571602330214,0.676618742035486
0,PAA-NSGA-II,8,-0.49819502355842804,0.43288215544183545,0.7702007157586646,-0.6188781568808059,0.5490746327207571
0,PAA-NSGA-II,8,-0.5613861637541656,0.3701484259180499,1.0700155515160488,-0.47156631007238714,0.25540909769344805
0,PAA-NSGA-II,8,-0.5534124964931729,0.3209153358417092,1.3544698050897952,-0.5197034177513858,0.2325489706556481
0,PAA-NSGA-II,8,-0.4933091902107881,0.3552312597442248,1.2205576048237503,-0.4721761286192775,0.1724053678778013
0,PAA-NSGA-II,8,-0.5032383471228604,0.40668242610869265,0.7702007157586646,-0.2894210786091177,0.3160264259857184
0,PAA-NSGA-II,8,-0.6731286033310069,0.28882529045362854,1.638646748247976,-0.8950293472843894,0.4112286556028796
0,PAA-NSGA-II,8,-0.47690772817035665,0.41701089222154203,0.8684058283919127,-0.2618222445351527,0.26396592826210225
0,PAA-NSGA-II,8,-0.686721113433596,0.27494079868272764,1.4527389723778685,-0.7684758505039191,0.5856959577954685
0,PAA-NSGA-II,8,-0.47715092996529396,0.39363711279808833,0.8415174812746264,-0.6911812203360339,0.9160577198730289
0,PAA-NSGA-II,8,-0.6665073591028345,0.2669068156405065,1.4288054467365827,-0.7434835889802849,0.4508810565940868
0,PAA-NSGA-II,8,-0.6286534658016061,0.26896135736530075,1.3796934333906816,-0.6058046887826347,0.3096732070103364
0,PAA-NSGA-II,8,-0.5093780778488078,0.3526959163666471,1.191971203281233,-0.4422633456558068,0.1737633370483315
0,PAA-NSGA-II,8,-0.4843173226570984,0.41312112111608246,0.8684058283919127,-0.24027362426250543,0.27086190233837354
0,PAA-NSGA-II,8,-0.6890523045939556,0.3171135436554723,1.603190767440991,-0.9255740618001221,0.6376383539118026
0,PAA-NSGA-II,8,-0.6405111970132353,0.31457140714506054,1.2576624704910284,-0.674585821908461,0.6514832259674975
0,PAA-NSGA-II,8,-0.6222805445931842,0.3238604985727995,1.112154352360633,-0.7190210841952152,0.8196101306701244
0,PAA-NSGA-II,8,-0.566447685216471,0.3498227222559371,1.0483111508478486,-0.6064138904933779,0.3767229457378619
0,PAA-NSGA-II,8,-0.5784833833160936,0.36864724168392937,0.9322398894708789,-0.7042164575421457,0.8873297170871087
0,PAA-NSGA-II,8,-0.667835295879325,0.31848369638358254,1.5071065198237945,-0.8570905213948052,0.39049118003562155
0,PAA-NSGA-II,8,-0.45674506633802386,0.4748835762255098,0.6915682278846585,-0.4415724425516288,0.47561057169742116
0,PAA-NSGA-II,8,-0.491206326764436,0.4416153307783229,0.6027637058449147,-0.34339334707676394,0.6449706458822722
0,PAA-NSGA-II,8,-0.576710736245564,0.3656342510313118,0.9322398894708789,-0.6829122204358744,0.8708736770838023
0,PAA-NSGA-II,8,-0.6973513418747035,0.273142514276793,1.4762845386668806,-0.757243031832057,0.5492765108866638
0,PAA-NSGA-II,8,-0.4642146250282021,0.45263922466121265,0.5633356668893262,-0.39629395092604713,0.49587377238575014
0,PAA-NSGA-II,8,-0.49917179707639614,0.3531479972649946,1.2484896411001853,-0.44696818026767665,0.15853774879389276
0,PAA-NSGA-II,8,-0.6439021361617326,0.3160883660162387,1.3113527077656704,-0.7863814224568249,0.7960231707956733
0,PAA-NSGA-II,8,-0.48881945909494673,0.38518439084797895,0.9685229624340642,-0.6393996199487633,0.6696733845060134
0,PAA-NSGA-II,8,-0.4770858356534157,0.4458437870596386,0.5833828754229664,-0.36564570718876727,0.6188926384384676
0,PAA-NSGA-II,8,-0.6071997177738159,0.3773489138072093,1.201575571988228,-0.7137046090226435,0.405178825869002
0,PAA-NSGA-II,8,-0.4991602678028889,0.44626628473432106,0.7849825783431666,-0.6295742268574633,0.5525249776791792
0,PAA-NSGA-II,8,-0.5760659606583369,0.3763862947335761,0.9198275413214968,-0.7039776741421393,0.898309053537275
0,PAA-NSGA-II,8,-0.5131517678631475,0.3638527844122143,0.9322398894708789,-0.6287291572413001,0.41990907593931925
0,PAA-NSGA-II,8,-0.6988991549215176,0.27894206533741495,1.4994604217345198,-0.757428692850074,0.5594566441820829
0,PAA-NSGA-II,8,-0.4865088621442119,0.37446442012207926,0.9565815297270429,-0.46015116891707086,0.21286022708708074
0,PAA-NSGA-II,8,-0.492065985707565,0.3983048321070005,0.6574873400494294,-0.2730011891935385,0.3274343293122121
0,PAA-NSGA-II,8,-0.4698165123635646,0.38394210924124694,0.8550673523401053,-0.4837207166063262,0.46679344076738677
0,PAA-NSGA-II,9,-0.6482971752034262,0.3352564743390885,1.4527389723778685,-0.9401113123538918,0.4507340987211643
0,PAA-NSGA-II,9,-0.49762234959854734,0.38990560870081964,0.7994911844726069,-0.6355332596922884,1.0130440253535284
0,PAA-NSGA-II,9,-0.5109161585552108,0.403889349172269,0.5209319169482601,-0.4081034047024176,0.672532224630433
0,PAA-NSGA-II,9,-0.559946732208825,0.3290106937026825,1.162682171623153,-0.47244000061553965,0.20011067869696636
0,PAA-NSGA-II,9,-0.4626704038320254,0.4700028197221499,0.7849825783431665,-0.5837946035195378,0.5200075968486354
0,PAA-NSGA-II,9,-0.42616092026489605,0.432320663509396,0.6747429940891573,-0.4562906389850669,0.5190060197217441
0,PAA-NSGA-II,9,-0.7081298135688074,0.27637592372389236,1.574251127939735,-0.8133014575517012,0.44648189947269695
0,PAA-NSGA-II,9,-0.5454207447354811,0.3763402639732659,0.8550673523401052,-0.23748529025990894,0.302901253098653
0,PAA-NSGA-II,9,-0.6645288559139283,0.24409295237256848,1.5222835063120284,-0.6632290278323212,0.32644520806092003
0,PAA-NSGA-II,9,-0.6870770645451024,0.27575778862747546,1.6245572178441157,-0.8151408618956275,0.3679529434865103
0,PAA-NSGA-II,9,-0.5480951562931418,0.36503191278792535,0.8944862739468374,-0.27936648610379394,0.315103095440335
0,PAA-NSGA-II,9,-0.5046153317166484,0.3869306286414157,0.755129549685372,-0.6305641060389242,0.9431025386183916
0,PAA-NSGA-II,9,-0.5181659586436702,0.4019621292204828,0.5833828754229664,-0.46037293992404127,0.6672572423957123
0,PAA-NSGA-II,9,-0.5906423792951463,0.3072347384605245,1.0807043010154629,-0.49577722675903735,0.25484271282238213
0,PAA-NSGA-II,9,-0.5252737938011163,0.3648426464740374,0.7849825783431665,-0.31495684436410765,0.37907166154518435
0,PAA-NSGA-II,9,-0.6313198838589013,0.30225632404489466,1.0148846002135226,-0.6126656427139402,0.43296099864543114
0,PAA-NSGA-II,9,-0.46713523021174047,0.4698657336509638,0.755129549685372,-0.583945519251934,0.531550997187872
0,PAA-NSGA-II,9,-0.4729985264309711,0.4231305582528348,0.7702007157586646,-0.6394759312380908,0.618666356129433
0,PAA-NSGA-II,9,-0.5975247460349269,0.35294410385606156,0.9565815297270427,-0.5597796021938832,0.4054688854091312
0,PAA-NSGA-II,9,-0.6964062621555052,0.28843403018558356,1.4207380120476116,-0.8003421649721684,0.5251200630927071
0,PAA-NSGA-II,9,-0.4377691880217144,0.4448878380821064,0.6215404981423345,-0.5239046142659871,0.6543276089165669
0,PAA-NSGA-II,9,-0.6235069596011371,0.3553482190748336,1.2111037779422387,-0.8641689461072339,0.5313044194899312
0,PAA-NSGA-II,9,-0.44262449515304236,0.4571145574690959,0.6215404981423345,-0.5314480051703144,0.620359297135298
0,PAA-NSGA-II,9,-0.5653714679592108,0.41505053301878486,0.8137411503644991,-0.6807775188068363,0.7211484862001598
0,PAA-NSGA-II,9,-0.6221066175744993,0.3493071726007947,1.2667688800364192,-0.8572661929192614,0.49398444487219295
0,PAA-NSGA-II,9,-0.6906886831299421,0.29889523639582605,1.3287674498039936,-0.7582478737188828,0.514660507214621
0,PAA-NSGA-II,9,-0.45370448562377447,0.43876101808747603,0.7079937284797467,-0.5479064293165642,0.48508627657448056
0,PAA-NSGA-II,9,-0.5448555791145756,0.36210620954663175,0.8137411503644992,-0.33915373102329893,0.29854460588934967
0,PAA-NSGA-II,9,-0.5203392104449713,0.39262288013929536,0.6747429940891573,-0.4480518659396534,0.7815539467212301
0,PAA-NSGA-II,9,-0.5100340656572299,0.4073285490952617,0.6915682278846585,-0.5540273188802395,0.8626109431351987
0,PAA-NSGA-II,9,-0.6189523007546126,0.28466835610505353,1.2299387677605003,-0.5727313747811753,0.27955322859823334
0,PAA-NSGA-II,9,-0.541623593886398,0.368458782227138,0.8415174812746264,-0.26104749731397775,0.288216599694212
0,PAA-NSGA-II,9,-0.4427335576335956,0.4563177437395433,0.6027637058449147,-0.5149068516603956,0.6419639429189875
0,PAA-NSGA-II,9,-0.7000790464012521,0.26854557135298096,1.596005053582509,-0.8050059065527169,0.3320547447725037
0,PAA-NSGA-II,9,-0.523465349159834,0.3954052069592525,0.7240467010585573,-0.506950506630524,0.8351701440407332
0,PAA-NSGA-II,9,-0.6501918191219099,0.2553045304477129,1.468477964887372,-0.6681344653682195,0.2916807959546099
0,PAA-NSGA-II,9,-0.5769540018245894,0.3486489237231966,1.0261477756627881,-0.38144445220327167,0.27360626566727075
0,PAA-NSGA-II,9,-0.6845866076476537,0.2727041931839886,1.4762845386668806,-0.7893902309379821,0.457779994715375
0,PAA-NSGA-II,9,-0.45097140802638674,0.45215931558234146,0.6574873400494295,-0.4711626416596273,0.5901406580394021
0,PAA-NSGA-II,9,-0.6425283605929668,0.3295047826801147,1.3629295501408407,-0.9052130492787773,0.4398629830288079
0,PAA-NSGA-II,9,-0.6759507311597087,0.28776972673508466,1.2847880786040071,-0.7514311725050061,0.460298930579141
0,PAA-NSGA-II,9,-0.6366199781001209,0.33059281844763316,1.3459568890394897,-0.8958445205805152,0.45476694460881395
0,PAA-NSGA-II,9,-0.5602789099186811,0.38002013928926165,0.8277458339029348,-0.5524861091638438,0.8980848881943624
0,PAA-NSGA-II,9,-0.49514873247177765,0.4347369997147371,0.6397664390839424,-0.5132579251131693,0.7940094536136174
0,PAA-NSGA-II,9,-0.6039023486394759,0.33409309215031646,1.0912883633487742,-0.7412201116591148,0.408340795154686
0,PAA-NSGA-II,9,-0.6061378595811198,0.31981105213587363,1.2205576048237503,-0.6762174584866885,0.4021500924305862
0,PAA-NSGA-II,9,-0.5723756586652027,0.3403590448685848,0.9198275413214969,-0.4111190176001992,0.2696244833842842
0,PAA-NSGA-II,9,-0.5034417607582564,0.4056777737973484,0.54254821706694,-0.4293095450532949,0.7085629408563635
0,PAA-NSGA-II,9,-0.6398314449017082,0.3376477835368665,1.122441895699651,-0.7536987455768738,0.7607970182785182
0,PAA-NSGA-II,9,-0.51296545543556,0.38538119455077124,0.7397513981473143,-0.5662478459656318,0.9307473129781346
0,PAA-NSGA-II,9,-0.5019675827255249,0.4050739026681967,0.54254821706694,-0.3960050788405539,0.6696045149902957
0,PAA-NSGA-II,9,-0.5275261609960678,0.42921666223691124,0.7397513981473143,-0.5429674367325095,0.598014706799548
0,PAA-NSGA-II,9,-0.5137759295820115,0.4078321551831811,0.7397513981473142,-0.3560237375075118,0.4535642214138978
0,PAA-NSGA-II,9,-0.6587616196956969,0.28157656811436454,1.5298155376831448,-0.6983600474794263,0.3081681997789215
0,PAA-NSGA-II,9,-0.6379070557985962,0.2630872465932278,1.4288054467365827,-0.6869655148218302,0.36971396663958517
0,PAA-NSGA-II,9,-0.4604885139235938,0.4269878771379753,0.755129549685372,-0.43438096913977436,0.5009592537997566
0,PAA-NSGA-II,9,-0.47717439946019613,0.3847392868253571,0.755129549685372,-0.5600914722111767,0.8727584106791539
0,PAA-NSGA-II,9,-0.625661985831145,0.30959518985630724,1.0261477756627881,-0.5457057962070024,0.3331398861154735
0,PAA-NSGA-II,9,-0.6692433357435259,0.24646097469891287,1.5147140218016457,-0.6839249567111173,0.3378960903676794
0,PAA-NSGA-II,9,-0.6280117903938567,0.3225965359285242,1.112154352360633,-0.739831751357171,0.6992691431636916
0,PAA-noPriority,0,-0.4159070427910342,0.45880373186684753,0.7079937284797468,-0.5613185631288123,0.3819530509257475
0,PAA-noPriority,0,-0.6629926715056851,0.25952847633955817,1.468477964887372,-0.5652540548120868,0.33760829059487574
0,PAA-noPriority,0,-0.6095483014212312,0.3161628796782474,1.747277670405505,-0.4841145576441265,0.23802925655220322
0,PAA-noPriority,0,-0.44299834346629846,0.4939317415296308,0.8277458339029348,-0.558984707778359,0.3689834160032962
0,PAA-noPriority,0,-0.4942332852610235,0.4094434881274406,0.5209319169482601,-0.35458516795974065,0.6136238688714147
0,PAA-noPriority,0,-0.682950487894953,0.27951476552903454,1.4606296681954094,-0.6233763750675896,0.42835684833591586
0,PAA-noPriority,0,-0.5348150616429537,0.361832522406912,0.8277458339029348,-0.6618799532535197,0.8895131832350337
0,PAA-noPriority,0,-0.4859027767229649,0.3830563789848391,1.191971203281233,-0.1899831825114553,0.2256734719796921
0,PAA-noPriority,0,-0.6210276952375313,0.36853734053240206,1.4448051827559238,-0.8298717039700231,0.4621118904848638
0,PAA-noPriority,0,-0.47725629463467606,0.40354724464240466,1.3025580288099368,-0.24500716651528592,0.1378365878026523
0,PAA-noPriority,0,-0.6743532413037424,0.28699713131314974,1.3713371082247576,-0.5994441137778046,0.4221824723533533
0,PAA-noPriority,0,-0.6609425665906656,0.2914462961963033,1.5595799441917928,-0.5931466911252691,0.2929510023611853
0,PAA-noPriority,0,-0.556182815512716,0.4329533077396387,0.9565815297270429,-0.8068128438442381,0.6487408345456129
0,PAA-noPriority,0,-0.5989738536585566,0.3211608884435807,1.6938332891759678,-0.46113051121798276,0.23349883888008655
0,PAA-noPriority,0,-0.5766500067409767,0.4117686370219493,0.9444891303068568,-0.7480483505679942,0.7812684270441602
0,PAA-noPriority,0,-0.560238687657072,0.3393247724515954,1.1224418956996507,-0.6456803285422946,0.6375883406922619
0,PAA-noPriority,0,-0.555480988953547,0.36667810120200184,0.8137411503644991,-0.7185711313580552,0.8414349317125506
0,PAA-noPriority,0,-0.6282059925259376,0.30568438461256464,1.6456462776948126,-0.5545358391331318,0.272302517652942
0,PAA-noPriority,0,-0.6050194003857449,0.3593818678924629,1.0148846002135226,-0.7247480478509065,0.7165564824189842
0,PAA-noPriority,0,-0.46727964330565275,0.47822976294563657,0.8684058283919127,-0.47139918105653,0.3190839391706657
0,PAA-noPriority,0,-0.6367579976277651,0.3251052855359851,1.1626821716231532,-0.6872963716963254,0.5604821593263555
0,PAA-noPriority,0,-0.6308277317566712,0.29655886893836064,1.596005053582509,-0.529895701015386,0.27591194774166833
0,PAA-noPriority,0,-0.5877584422278707,0.3875944351248977,0.7994911844726069,-0.7308479314363346,0.7650366000175619
0,PAA-noPriority,0,-0.5714729088993605,0.31083160735992404,0.9072453912952236,-0.4923641899566224,0.3361448010836698
0,PAA-noPriority,0,-0.5193406812705478,0.4535784661566577,0.7849825783431665,-0.7049135991693234,0.6393882159851018
0,PAA-noPriority,0,-0.46979931610866926,0.42841742137067873,0.7702007157586646,-0.4333787606666489,0.4795859689045122
0,PAA-noPriority,0,-0.6236513459289728,0.34588256970564396,1.0372886595566415,-0.6360041877772502,0.5833565500901494
0,PAA-noPriority,0,-0.5267546965823688,0.33108153128450696,1.4044641281936485,-0.3767798427864797,0.201573612775218
0,PAA-noPriority,0,-0.5809730504637624,0.36023367689367414,1.0483111508478484,-0.4961547269588456,0.5255224889912532
0,PAA-noPriority,0,-0.530120907372799,0.36556514453809347,0.8137411503644992,-0.672245015249743,0.8808853791788778
0,PAA-noPriority,0,-0.6146125069541837,0.36994433688846007,1.3287674498039936,-0.7845794672138373,0.4733195769435709
0,PAA-noPriority,0,-0.5233830909902327,0.4411933326219589,0.8550673523401052,-0.7788445563210193,0.6902625770857507
0,PAA-noPriority,0,-0.42438385429256054,0.45270360216121686,0.6915682278846585,-0.5624150014613195,0.387878741320805
0,PAA-noPriority,0,-0.6480315965142303,0.26206923832142653,1.4606296681954094,-0.592604527746402,0.3369707924870988
0,PAA-noPriority,0,-0.584328601732099,0.31347007443354497,1.5071065198237945,-0.4154107283619263,0.2330681248698748
0,PAA-noPriority,0,-0.6246800930538028,0.31825002258992646,1.0912883633487744,-0.6406963213893754,0.5470592630008353
0,PAA-noPriority,0,-0.4522695243120583,0.4825795181177794,0.8550673523401053,-0.4570710905372364,0.329956868446459
0,PAA-noPriority,0,-0.5146436429965737,0.37902650584607356,0.8944862739468376,-0.33291777484341545,0.49607557023645316
0,PAA-noPriority,0,-0.6336448437236493,0.3003338984148412,1.2299387677605003,-0.5528395983009422,0.41675735657534857
0,PAA-noPriority,0,-0.46399491853781927,0.46782283670677566,0.6747429940891573,-0.5600019834377349,0.5833687536880283
0,PAA-noPriority,0,-0.5239658052440077,0.37961883763719806,0.8137411503644992,-0.29111316334769655,0.4635584260881256
0,PAA-noPriority,0,-0.6649819851317259,0.29390788770311516,1.2847880786040071,-0.5955163088160054,0.44513068634517383
0,PAA-noPriority,0,-0.5229683947014939,0.3977301477740429,0.6027637058449147,-0.3590805339562588,0.5053428688180696
0,PAA-noPriority,0,-0.5348908116344004,0.4050143308478763,0.755129549685372,-0.6790556552836999,0.8184814949307544
0,PAA-noPriority,0,-0.6440175731888436,0.2729946739934219,1.2484896411001856,-0.5448380451098291,0.432083189390797
0,PAA-noPriority,0,-0.5001641908500564,0.4132356585418847,0.5633356668893262,-0.33535288972016525,0.6011384975446424
0,PAA-noPriority,0,-0.5123707452914716,0.4000533952446239,0.6397664390839424,-0.38749318880358324,0.5282720104165679
0,PAA-noPriority,0,-0.45576507328760735,0.46278445672895147,0.8415174812746264,-0.4879981566642778,0.34914065331680777
0,PAA-noPriority,0,-0.5721057125122622,0.35452889964986406,1.112154352360633,-0.5435785193216042,0.3234457494829776
0,PAA-noPriority,0,-0.48377577565454405,0.39697384980476824,1.2847880786040067,-0.22328348143338098,0.14668880478805005
0,PAA-noPriority,0,-0.42345537559582713,0.4488496748001104,0.6747429940891573,-0.535341770706635,0.4403443640255443
0,PAA-noPriority,0,-0.5839084086031361,0.3142282505366879,1.6802065944479638,-0.4248404826065241,0.2102194648232299
0,PAA-noPriority,0,-0.4312600470044524,0.49041451499717664,0.881542505232828,-0.5313412789688073,0.33149056990185877
0,PAA-noPriority,0,-0.510574949408865,0.3997261084700622,0.6574873400494295,-0.36356461737501183,0.5306440439449982
0,PAA-noPriority,0,-0.5386491236951217,0.3290725956329722,1.5298155376831446,-0.4248808556134989,0.1841363155156998
0,PAA-noPriority,0,-0.6348956561390731,0.3257547864861562,1.3025580288099372,-0.6285471848541782,0.49216398396317906
0,PAA-noPriority,0,-0.5390345676996556,0.3789191890072372,0.7397513981473143,-0.4007248739141023,0.6012030527481234
0,PAA-noPriority,0,-0.44098171860260005,0.4873170509661634,0.7994911844726069,-0.5518969327114148,0.35726910453409355
0,PAA-noPriority,0,-0.5131969560411965,0.39870097444221786,0.6027637058449147,-0.38102531067077233,0.5410215335555458
0,PAA-noPriority,0,-0.641971881041893,0.27599301772094875,1.387999450968369,-0.590265931389392,0.4174894733257009
0,PAA-noPriority,1,-0.6584621395061184,0.26506057182727394,1.6938332891759678,-0.5811019560782524,0.2478733725526979
0,PAA-noPriority,1,-0.3963765909629826,0.4160786689793653,0.8684058283919127,-0.3721373140857601,0.27039988721594904
0,PAA-noPriority,1,-0.5239557553968806,0.37778354775853773,0.7397513981473143,-0.15873882658557817,0.4110892588520052
0,PAA-noPriority,1,-0.5058616444422472,0.36809133496284413,1.2667688800364185,-0.39926978846440064,0.1564011373992584
0,PAA-noPriority,1,-0.46272841460249997,0.4458234587724414,0.6397664390839424,-0.5872699615874298,0.7062784684708017
0,PAA-noPriority,1,-0.5098266080136634,0.41247264497299463,0.5209319169482601,-0.4294169142345507,0.4501744303981887
0,PAA-noPriority,1,-0.6835065803986498,0.2478045325066402,1.5447694296661307,-0.6609037719533235,0.30064882644146657
0,PAA-noPriority,1,-0.6943227108747185,0.2548548603621025,1.5298155376831448,-0.7213442681712364,0.320092415569058
0,PAA-noPriority,1,-0.5427284605852082,0.36836632332397656,0.7240467010585573,-0.5906381378696155,0.9176263324526792
0,PAA-noPriority,1,-0.6582666514630338,0.3116124705216522,1.574251127939735,-0.8751110771217908,0.47713162284119737
0,PAA-noPriority,1,-0.6531601844177921,0.29723046319280033,1.5669327069381127,-0.7718208837897602,0.3658171399905017
0,PAA-noPriority,1,-0.6350577819038319,0.3434383191315864,1.337389786638785,-0.8486970838724076,0.4969278947413075
0,PAA-noPriority,1,-0.49653050807769983,0.4028671134997495,0.5633356668893262,-0.44461809451007533,0.45443337788404925
0,PAA-noPriority,1,-0.44027544263437407,0.42530580187404554,0.881542505232828,-0.2802664114445545,0.2541645141767773
0,PAA-noPriority,1,-0.5696846406280613,0.3497151349037631,1.059218945609956,-0.7271787389192593,0.6184198086576485
0,PAA-noPriority,1,-0.6519424345274711,0.28939259817452195,1.112154352360633,-0.6083577296338855,0.5634578044401582
0,PAA-noPriority,1,-0.4708485257080187,0.40403473370944687,0.9198275413214968,-0.2514764968230828,0.24330322385844863
0,PAA-noPriority,1,-0.4341004814328807,0.4368998972322157,0.7994911844726069,-0.32970613983628944,0.2641146459469922
0,PAA-noPriority,1,-0.6473743718674857,0.32062618691128153,1.4606296681954094,-0.8223463300504111,0.4813616375491283
0,PAA-noPriority,1,-0.6546126706434577,0.3133730831059912,1.266768880036419,-0.7932099394664891,0.5109831790933663
0,PAA-noPriority,1,-0.6507699301311582,0.32051453233244986,1.484050047961325,-0.8708482412325587,0.4920280043894695
0,PAA-noPriority,1,-0.5535768009076355,0.3356469925457529,1.3713371082247576,-0.5126039177988921,0.23116046473294133
0,PAA-noPriority,1,-0.5578668721614982,0.3963446660074045,0.9919746671444329,-0.7236613660358214,0.7325657920184688
0,PAA-noPriority,1,-0.44651146870715797,0.42907009145879293,0.7849825783431665,-0.31947266667005475,0.27816546153855926
0,PAA-noPriority,1,-0.478708607743923,0.43163441206242315,0.7397513981473143,-0.5546038053220546,0.5502456771909883
0,PAA-noPriority,1,-0.6296364922890756,0.33012507806377644,1.2937035644497943,-0.8138807027489767,0.4751160416181275
0,PAA-noPriority,1,-0.4483445159181258,0.4353127368784538,0.6747429940891573,-0.5186380041428901,0.6885416567966887
0,PAA-noPriority,1,-0.6279675188372069,0.3020357607881043,1.2484896411001853,-0.622090710206898,0.3357617361702831
0,PAA-noPriority,1,-0.4834589436926027,0.39320369186047943,0.9322398894708788,-0.19473001426708414,0.28001085670496323
0,PAA-noPriority,1,-0.6321644360672254,0.3472965567415742,1.0700155515160488,-0.6983219535250126,0.6532153388515903
0,PAA-noPriority,1,-0.5460644184780394,0.3991650637934733,0.7849825783431665,-0.6090094817640453,0.8700759319271537
0,PAA-noPriority,1,-0.4832644726612889,0.36512065899228724,0.9685229624340641,-0.21327118345918575,0.2390062670876075
0,PAA-noPriority,1,-0.6198973369454445,0.2983114783628767,1.182288815689544,-0.6236572863157216,0.700264941766792
0,PAA-noPriority,1,-0.6695150139687022,0.25399481309387684,1.4288054467365827,-0.6203297257168549,0.3253537964016763
0,PAA-noPriority,1,-0.5815424153647079,0.3573268390509313,1.003495015435271,-0.4560965124872679,0.36436507816324903
0,PAA-noPriority,1,-0.5727309008338514,0.3388356865023686,1.5147140218016455,-0.5004965835539394,0.1762291341399769
0,PAA-noPriority,1,-0.6561924224375824,0.2708520552725292,1.6174664288022447,-0.5641661268783495,0.257581293502353
0,PAA-noPriority,1,-0.4614243706086315,0.4379038513777281,0.6215404981423345,-0.5699404878529439,0.6945145505306126
0,PAA-noPriority,1,-0.6018045376043659,0.30725215309256343,1.1427391744033626,-0.47989257070373537,0.3448332048004076
0,PAA-noPriority,1,-0.6660850128543367,0.27614026990810864,1.6870337002483238,-0.6046719659658384,0.22623230283413465
0,PAA-noPriority,1,-0.5061205556614105,0.3887697784781231,0.7240467010585573,-0.3604677289406786,0.6073251922876339
0,PAA-noPriority,1,-0.4744031502014655,0.4300801681212934,0.6915682278846585,-0.5993348191251362,0.5714775157872612
0,PAA-noPriority,1,-0.5125651240678282,0.38783636210417816,0.8415174812746264,-0.26715742298754286,0.31543507207836996
0,PAA-noPriority,1,-0.6189286626100208,0.35692115424775656,1.0372886595566415,-0.7077642819492796,0.62363841945517
0,PAA-noPriority,1,-0.6760364173559676,0.2646816611823295,1.6664684781093735,-0.679490631654433,0.2681208757001329
0,PAA-noPriority,1,-0.5094052617017523,0.41920422600821877,0.7079937284797468,-0.5508744025545242,0.7872307633892397
0,PAA-noPriority,1,-0.6026576875402304,0.3232161802574093,1.5595799441917924,-0.5227949952385714,0.19453713421657542
0,PAA-noPriority,1,-0.4129843996255646,0.4239856042588871,0.7994911844726069,-0.36727196618751695,0.26088076155023765
0,PAA-noPriority,1,-0.5290339310118239,0.37952615324440836,1.211103777942239,-0.3442110493739178,0.21602916156265906
0,PAA-noPriority,1,-0.5396354552643479,0.36825040248986995,0.7397513981473143,-0.5982330562650375,0.9096762340407365
0,PAA-noPriority,1,-0.5634281910481503,0.4000343883269039,0.8277458339029348,-0.5329156942355293,0.5254612614984498
0,PAA-noPriority,1,-0.6468377466051424,0.30848866066312797,1.3200887962222396,-0.6827686775960272,0.4827714764370027
0,PAA-noPriority,1,-0.614138597576538,0.34498647580344866,1.1626821716231532,-0.41204229993032093,0.2956043185141561
0,PAA-noPriority,1,-0.5705203662261024,0.3403287145844235,0.8684058283919128,-0.6528937774235726,0.8130204799545482
0,PAA-noPriority,1,-0.5946685240858465,0.3712536252249017,0.9685229624340641,-0.6704644739530952,0.6122607123531246
0,PAA-noPriority,1,-0.5997332527875668,0.33790042950378946,1.122441895699651,-0.6359653857044132,0.42032743333947276
0,PAA-noPriority,1,-0.4372190331781618,0.44033123782906547,0.7702007157586644,-0.3249203266247299,0.30157657412626665
0,PAA-noPriority,1,-0.6848151167935832,0.266548896941002,1.603190767440991,-0.697520316389874,0.2697248716721232
0,PAA-noPriority,1,-0.5345935499343903,0.3981072558459955,0.8944862739468376,-0.3821906159107494,0.4311839897285202
0,PAA-noPriority,1,-0.5153780578087572,0.3662387598712249,1.0261477756627881,-0.3999880095240507,0.20994252741943562
0,PAA-noPriority,2,-0.3956411962854922,0.48323128692449424,0.8137411503644992,-0.502428348962081,0.3006504895497094
0,PAA-noPriority,2,-0.6928393329385674,0.27205551656010185,1.5071065198237947,-0.7799963448744516,0.46388421544745573
0,PAA-noPriority,2,-0.6633806455736512,0.28434781578468227,1.596005053582509,-0.7669446756028586,0.438440662197159
0,PAA-noPriority,2,-0.5051616236712695,0.4226138426574626,0.5209319169482601,-0.4624363670964877,0.525983021281292
0,PAA-noPriority,2,-0.4929670840162766,0.4014085294745632,1.2667688800364185,-0.4102374905417907,0.17297669185457568
0,PAA-noPriority,2,-0.5495598607014989,0.39263180630358707,0.6915682278846585,-0.5523571338876401,0.9565064636783311
0,PAA-noPriority,2,-0.6603756828860285,0.3099220782490971,1.5071065198237947,-0.8687640440201954,0.5025745555645807
0,PAA-noPriority,2,-0.4028910509855777,0.4845724767862379,0.7849825783431665,-0.5059406643412715,0.32040777932863196
0,PAA-noPriority,2,-0.5122729989590358,0.3569785546591776,0.6574873400494295,-0.1917200864800904,0.5442927375251195
0,PAA-noPriority,2,-0.6779394160551422,0.25038961349189515,1.5071065198237947,-0.647423637952957,0.4717963167674314
0,PAA-noPriority,2,-0.4200132325085823,0.4421729522882275,0.7994911844726069,-0.5199510945214885,0.3400602926750052
0,PAA-noPriority,2,-0.5132734996846171,0.3611382259776475,0.6215404981423345,-0.2516416588775707,0.5229469865091034
0,PAA-noPriority,2,-0.43281380738717967,0.45063134327957644,0.7849825783431665,-0.4196858431187822,0.3324583575258155
0,PAA-noPriority,2,-0.5756802836164554,0.40883758758583755,0.9444891303068569,-0.7350788300784592,0.8174189138820763
0,PAA-noPriority,2,-0.6715779173267623,0.29546297139209116,1.404464128193649,-0.7469050595999271,0.4798431337345268
0,PAA-noPriority,2,-0.6242242601084189,0.32648234640836205,1.3113527077656704,-0.8197384153598364,0.829826298776711
0,PAA-noPriority,2,-0.6128476366902016,0.2954458347673755,1.2576624704910284,-0.6870187668210811,0.6467741130641809
0,PAA-noPriority,2,-0.49279939100592485,0.40234773258560574,1.201575571988228,-0.40837784069114347,0.18503175468646654
0,PAA-noPriority,2,-0.44610295514865034,0.47105834127405544,0.7079937284797468,-0.5143308145444081,0.4461426466650494
0,PAA-noPriority,2,-0.6196257099222017,0.2941993541450503,1.1725264764419856,-0.6174893471974702,0.3805219779941006
0,PAA-noPriority,2,-0.47571268383895127,0.41129213338500603,0.9919746671444328,-0.29444625954133585,0.27509969769438575
0,PAA-noPriority,2,-0.4999355729675239,0.35771555145275813,0.7240467010585573,-0.23627168109575125,0.5395212309988017
0,PAA-noPriority,2,-0.58442855607735,0.3518753814557591,0.9198275413214969,-0.7167927592115022,0.914980741791928
0,PAA-noPriority,2,-0.6087241667927535,0.367377356687493,1.0261477756627881,-0.721801154109107,0.7984390615568111
0,PAA-noPriority,2,-0.6534696479731565,0.28646636726670904,1.574251127939735,-0.7301151494507089,0.4325245627934122
0,PAA-noPriority,2,-0.5063897231153568,0.38142034420994514,1.1326360028574725,-0.4818885925564122,0.20276864407942763
0,PAA-noPriority,2,-0.6566529400846868,0.3033048866701744,1.4917751340604715,-0.8212248943426956,0.529420622573589
0,PAA-noPriority,2,-0.6426265609746133,0.3181834728208126,1.3796934333906816,-0.7733577918506842,0.5370903213438518
0,PAA-noPriority,2,-0.5389132415047,0.3516361983424788,0.7702007157586646,-0.3581730877426067,0.6904114570182212
0,PAA-noPriority,2,-0.4816123022010571,0.4219235963158428,0.9919746671444329,-0.2737448923159843,0.28707842340425804
0,PAA-noPriority,2,-0.6031658451458249,0.31358780752138005,1.2392489169603274,-0.6993160091528347,0.7612203902358339
0,PAA-noPriority,2,-0.6457541396580048,0.32989411642722,1.4207380120476116,-0.8469770112289596,0.532088694660618
0,PAA-noPriority,2,-0.6103768723596152,0.33376513345176606,1.201575571988228,-0.7924047832047413,0.6331734057497211
0,PAA-noPriority,2,-0.4885166021344046,0.4189791018403934,0.7702007157586646,-0.3434835047611057,0.3286280873527119
0,PAA-noPriority,2,-0.4578311323876851,0.4071259798391892,0.881542505232828,-0.2834265962036472,0.2989795888027326
0,PAA-noPriority,2,-0.4084136871563161,0.4328278756652285,0.8415174812746266,-0.5186317545880407,0.3210267157149258
0,PAA-noPriority,2,-0.6861266213212505,0.2787180049972601,1.4288054467365827,-0.7823893093248508,0.45511965726726933
0,PAA-noPriority,2,-0.5386340189517493,0.352471221581004,0.755129549685372,-0.35718203506380336,0.7217964628923536
0,PAA-noPriority,2,-0.5164354167760352,0.37276505300781343,0.6747429940891573,-0.20342456819350163,0.592252102871804
0,PAA-noPriority,2,-0.47393327386098666,0.40561029200295035,0.8944862739468376,-0.42816157303987323,0.2595874135302723
0,PAA-noPriority,2,-0.5175821892026979,0.3640086460741127,1.1017707555238399,-0.5780160385367502,0.24693035425259097
0,PAA-noPriority,2,-0.6288674669381381,0.34460200922659895,1.1017707555238399,-0.6517917748394584,0.6922051606122288
0,PAA-noPriority,2,-0.5782406467272005,0.37179462098864124,0.9685229624340641,-0.5343887700252853,0.5548515097508557
0,PAA-noPriority,2,-0.622153956678686,0.2688904633174016,1.5147140218016457,-0.6063044313174301,0.3839214873479147
0,PAA-noPriority,2,-0.4635267905807218,0.4097566004373293,0.8684058283919127,-0.30545685168511455,0.2993078766714993
0,PAA-noPriority,2,-0.5095014726390785,0.4218851039007899,0.5833828754229664,-0.48624093073413927,0.5256429716552227
0,PAA-noPriority,2,-0.5601215301026241,0.3910448531239789,0.9685229624340641,-0.5609197227680408,0.4752565974159527
0,PAA-noPriority,2,-0.45300736578392387,0.466463501130513,0.6915682278846585,-0.4941217242712218,0.4295470426434963
0,PAA-noPriority,2,-0.5223797733877902,0.4161919751403674,0.6574873400494294,-0.6406413115785515,0.5802495180022438
0,PAA-noPriority,2,-0.5291067984645865,0.3943884458964727,0.7240467010585573,-0.5432542515078378,0.7457984100556657
0,PAA-noPriority,2,-0.6553218666044947,0.3150356370980917,1.4126245053551467,-0.8451768498911327,0.5089539124341835
0,PAA-noPriority,2,-0.6373859029882973,0.2651787427793031,1.5147140218016457,-0.6179178187526106,0.3940580916627559
0,PAA-noPriority,2,-0.5377967359892095,0.3981506566835932,0.6747429940891573,-0.5340830025583246,0.8618381100246705
0,PAA-noPriority,2,-0.5937280907030729,0.3257226990826078,1.5447694296661307,-0.5410290129006436,0.24059188511382884
0,PAA-noPriority,2,-0.4679577086540343,0.4174992786905662,0.6747429940891573,-0.32547820806141226,0.5141602636822113
0,PAA-noPriority,2,-0.6318501096179439,0.3429335561927091,1.1626821716231532,-0.6995932936109959,0.6657415774645715
0,PAA-noPriority,2,-0.5140812885161401,0.42496876340975354,0.5633356668893262,-0.4717944895633172,0.5154378816407912
0,PAA-noPriority,2,-0.5899525057120056,0.39365078018833427,1.0372886595566415,-0.8029137371877797,0.7870083634323363
0,PAA-noPriority,2,-0.5293474153143717,0.3498275240204236,0.755129549685372,-0.3346637322374705,0.7338384440333442
0,PAA-noPriority,2,-0.5431351556186925,0.364848224405847,0.8277458339029348,-0.4186347448351032,0.5992495221946422
0,PAA-noPriority,3,-0.5074034889197153,0.47513566924901285,0.6574873400494294,-0.5544698093298813,0.8122812509046469
0,PAA-noPriority,3,-0.6485308235611195,0.275116181852594,1.404464128193649,-0.6075781910814431,0.48932454075640147
0,PAA-noPriority,3,-0.6506299534918799,0.2797689265620861,1.4288054467365827,-0.5960502157248312,0.4587150312748075
0,PAA-noPriority,3,-0.3994675656554405,0.42156828770450494,0.7849825783431665,-0.3940158666896202,0.32306061775431016
0,PAA-noPriority,3,-0.43436776812992683,0.39118935269410376,1.2847880786040067,-0.30841955040350966,0.13270449813341575
0,PAA-noPriority,3,-0.6744186056003165,0.302592725551866,1.2484896411001858,-0.7114740579822373,0.4066502202272136
0,PAA-noPriority,3,-0.6213839119076237,0.31577704859718947,1.2299387677604998,-0.8157575890542802,0.3620707337302164
0,PAA-noPriority,3,-0.46297229562545505,0.42342777414270216,0.5209319169482601,-0.45399837412519284,0.49561202152085065
0,PAA-noPriority,3,-0.5170250347305505,0.4613580178591089,0.6915682278846585,-0.5547937711295695,0.9134812927484838
0,PAA-noPriority,3,-0.48544660817456436,0.3838004392453927,1.257662470491028,-0.17470581660534604,0.17165428928553506
0,PAA-noPriority,3,-0.520894452689466,0.4665662633356586,0.6747429940891573,-0.5606362426940593,0.8619944917906969
0,PAA-noPriority,3,-0.5291041560136815,0.45730844693508993,0.6915682278846585,-0.5517650236963046,0.9066204883468145
0,PAA-noPriority,3,-0.45782576933412145,0.4460912163080753,0.5833828754229664,-0.4780652974590078,0.4903634120469251
0,PAA-noPriority,3,-0.5998443041711932,0.3550687201106567,0.9322398894708788,-0.7505246838487288,0.5286937007739604
0,PAA-noPriority,3,-0.42489267555283006,0.3937084779309421,1.2484896411001853,-0.33194896216821557,0.15026543781998083
0,PAA-noPriority,3,-0.6027966789307065,0.36754419371094205,1.1017707555238399,-0.6911041218625911,0.3779425360380673
0,PAA-noPriority,3,-0.5381935261293621,0.42665189920730295,0.7702007157586644,-0.46354784439177604,0.6818808321462889
0,PAA-noPriority,3,-0.5892241742526486,0.3761425190114016,0.9198275413214968,-0.7191206769542018,0.612557827040305
0,PAA-noPriority,3,-0.6216714091139366,0.31046430403479086,1.211103777942239,-0.7903507953770775,0.3797392888843428
0,PAA-noPriority,3,-0.5327549328044778,0.3975287931472785,0.8684058283919128,-0.5021038170863222,0.2861061581353089
0,PAA-noPriority,3,-0.5030727894506761,0.438569152250292,0.6397664390839424,-0.6545761324291492,0.7695187106509127
0,PAA-noPriority,3,-0.6304982666933479,0.2983224514709938,1.3544698050897952,-0.5935233778683355,0.37127731446417644
0,PAA-noPriority,3,-0.6346126433434198,0.2903677398727427,1.3796934333906816,-0.5964510135128789,0.3589658194239613
0,PAA-noPriority,3,-0.5975522057856079,0.41289568493033946,0.9072453912952236,-0.7145571774038311,0.44552867906348503
0,PAA-noPriority,3,-0.4142402728839666,0.42372440462305716,0.7994911844726069,-0.3542749933398984,0.314415138513432
0,PAA-noPriority,3,-0.4366675839295195,0.392604242863804,1.2205576048237503,-0.26652881652047444,0.1704306946987682
0,PAA-noPriority,3,-0.6341009011315452,0.33362134304592167,1.0700155515160488,-0.6605733773575138,0.5239196025358301
0,PAA-noPriority,3,-0.5618764226087907,0.33613474165300483,0.881542505232828,-0.46873910909645955,0.43150357632862246
0,PAA-noPriority,3,-0.4446857578795568,0.3921297977715242,0.9803189452974894,-0.359207647967893,0.19579553680385411
0,PAA-noPriority,3,-0.4952447223983361,0.38071809788245414,1.162682171623153,-0.23929835883760475,0.18652967612545596
0,PAA-noPriority,3,-0.5790431797097446,0.4067717815237334,0.9072453912952236,-0.7288981401966085,0.5143777758414319
0,PAA-noPriority,3,-0.4343762157136329,0.40041263034717123,0.8944862739468377,-0.4236904419022622,0.250716674518807
0,PAA-noPriority,3,-0.4795172689024646,0.37957746388546126,1.003495015435271,-0.37725292532135263,0.22915580937752594
0,PAA-noPriority,3,-0.5292944492477172,0.46979163114339323,0.6915682278846585,-0.5528563986091172,0.8145870600052468
0,PAA-noPriority,3,-0.5375245192355014,0.3737624850040152,0.7702007157586644,-0.5355131733116953,0.5483096038131166
0,PAA-noPriority,3,-0.6705092595490559,0.3071936420928367,1.2299387677605003,-0.6949459344510847,0.417717454798953
0,PAA-noPriority,3,-0.49015564989205807,0.4260317141834234,0.7240467010585573,-0.5718116881741689,0.7848418368790955
0,PAA-noPriority,3,-0.6465881201347445,0.2840746488128916,1.3113527077656704,-0.6428288425640354,0.43868700983759323
0,PAA-noPriority,3,-0.46175395043877276,0.44178810283680275,0.5833828754229664,-0.49369472537257497,0.49425706317718365
0,PAA-noPriority,3,-0.5460969563513622,0.4324595547826341,0.7240467010585573,-0.6343629070568074,0.7363539791598159
0,PAA-noPriority,3,-0.5217795384363138,0.3881578068325794,0.7849825783431665,-0.6350709995047646,0.7214649160548812
0,PAA-noPriority,3,-0.6637782468413578,0.3094430698624878,1.3373897866387852,-0.7384297724988396,0.43867676050319104
0,PAA-noPriority,3,-0.5696720342948429,0.403970460971461,0.8550673523401053,-0.5479692392540377,0.38923917812032294
0,PAA-noPriority,3,-0.5246004364410365,0.36135115012897817,0.8277458339029348,-0.5088845790703049,0.3829928297639099
0,PAA-noPriority,3,-0.6119382783377865,0.3442051482698194,1.1326360028574725,-0.6711748039392667,0.34086810590237854
0,PAA-noPriority,3,-0.49875683355448147,0.3657286650019266,1.257662470491028,-0.29029241835758823,0.19941784094998538
0,PAA-noPriority,3,-0.5420815440284408,0.34271427317842196,1.0261477756627881,-0.5280017651474215,0.21986069713047915
0,PAA-noPriority,3,-0.5651898433587753,0.3633865758963072,1.059218945609956,-0.46098894912709254,0.2734441532814664
0,PAA-noPriority,3,-0.5527524282928229,0.3277022337453741,1.3287674498039934,-0.444271188191637,0.2524566781303591
0,PAA-noPriority,3,-0.46872549194592833,0.3847215964778824,1.0700155515160485,-0.3193025359625124,0.2171826638530415
0,PAA-noPriority,3,-0.400069644739815,0.42486920859617394,0.8137411503644991,-0.3791896691078166,0.3026435547303844
0,PAA-noPriority,3,-0.6149947420168214,0.322459800767786,1.1725264764419854,-0.5329119642816047,0.2569867768244726
0,PAA-noPriority,3,-0.5036482916389707,0.4364609371816376,0.8137411503644991,-0.6148942989680714,0.5873505414903276
0,PAA-noPriority,3,-0.45949224101827574,0.4012180065008815,1.112154352360633,-0.26897804844742007,0.17857345341832048
0,PAA-noPriority,3,-0.6512327135423057,0.35669251900529525,1.2758102920010679,-0.7971867563117728,0.4651641695752254
0,PAA-noPriority,3,-0.49882176405812884,0.38181682719903937,1.2576624704910284,-0.20538680795796999,0.17655636927151758
0,PAA-noPriority,3,-0.45172083519751816,0.4216616702201569,0.5633356668893262,-0.41379145065696077,0.47433436851172706
0,PAA-noPriority,3,-0.5475471784805596,0.383398956974734,0.9565815297270427,-0.3214083514936178,0.25558822552645005
0,PAA-noPriority,3,-0.479496679680139,0.3924637146234022,1.191971203281233,-0.20375786586329037,0.17814719689188765
0,PAA-noPriority,3,-0.6160478266778047,0.35187002801781936,0.9198275413214968,-0.5801775391654147,0.6394860256324526
0,PAA-noPriority,4,-0.4825593763012992,0.3786777008228709,1.452738972377868,-0.31358518290580883,0.13721079295571623
0,PAA-noPriority,4,-0.556950232996847,0.38648227117389994,0.9198275413214968,-0.7619160107839378,0.8846321412485111
0,PAA-noPriority,4,-0.5920566184373479,0.3965057398186825,1.2667688800364192,-0.86480787938326,0.5865367509337611
0,PAA-noPriority,4,-0.6847467906490705,0.28861501427821257,1.5222835063120284,-0.7234481237749849,0.5358707560190348
0,PAA-noPriority,4,-0.4778523356028934,0.4301097360611853,0.5209319169482601,-0.42329960296557284,0.5235063684461752
0,PAA-noPriority,4,-0.5020660285261477,0.40161232587150597,0.7397513981473143,-0.17394885310706126,0.3492764257203156
0,PAA-noPriority,4,-0.41941379353637565,0.4499230917137467,0.9322398894708788,-0.392720259677879,0.30930243826659404
0,PAA-noPriority,4,-0.45557659032246745,0.49941665153472475,0.6915682278846585,-0.4875619409155667,0.4120670622053594
0,PAA-noPriority,4,-0.5980884692594934,0.2847393336009175,1.652616161435534,-0.5443568647219206,0.24574926974760558
0,PAA-noPriority,4,-0.6273975191807456,0.2674165005389206,1.4126245053551467,-0.5754992407236146,0.30719484960388144
0,PAA-noPriority,4,-0.48371351617800346,0.41324706281735696,0.7240467010585573,-0.26310970381002047,0.3533183392998659
0,PAA-noPriority,4,-0.5886800668947508,0.3782488448698818,0.9072453912952236,-0.753391535673454,0.857860169387866
0,PAA-noPriority,4,-0.49484801155988156,0.39544963079459033,0.6747429940891573,-0.21017077118689925,0.35279348244478004
0,PAA-noPriority,4,-0.6364453859717066,0.32999677394020405,1.201575571988228,-0.658348992638985,0.7142760039590652
0,PAA-noPriority,4,-0.5183680473696496,0.3800084059582832,0.8277458339029348,-0.5198505026328084,0.7895689863554198
0,PAA-noPriority,4,-0.5997805755634903,0.2988383330126817,1.574251127939735,-0.5348811852960196,0.2679316570561476
0,PAA-noPriority,4,-0.5941328184028898,0.3583127331316695,1.0807043010154627,-0.7169211246726844,0.7336798013344792
0,PAA-noPriority,4,-0.6074040267499189,0.32342013916661405,1.3025580288099372,-0.6540614397908726,0.4806620722349232
0,PAA-noPriority,4,-0.5166368803900036,0.4544740660899474,0.8137411503644991,-0.49150637752255494,0.3696014022483478
0,PAA-noPriority,4,-0.6744700485607716,0.308461911029252,1.4368275854712884,-0.7356196044175514,0.5191559433541075
0,PAA-noPriority,4,-0.5751628682763903,0.31383948286257074,1.1725264764419854,-0.48264735866721187,0.2921301118852811
0,PAA-noPriority,4,-0.5377526654348366,0.36302877659050237,1.122441895699651,-0.5933672897707396,0.49351098154787165
0,PAA-noPriority,4,-0.45712353461974076,0.48523981826250784,0.7397513981473143,-0.4715704570438518,0.42621084850389385
0,PAA-noPriority,4,-0.6443767396446137,0.3376397776023229,1.468477964887372,-0.8132587220039247,0.627383625494357
0,PAA-noPriority,4,-0.44361332024994127,0.47311788583079395,0.6215404981423344,-0.5158445968586616,0.5087272062177968
0,PAA-noPriority,4,-0.6020896967326043,0.3621761753357771,1.0700155515160485,-0.7611705188481729,0.7573565204841846
0,PAA-noPriority,4,-0.4885282321047949,0.3742739945847767,1.2937035644497938,-0.32904851244012123,0.1655074032981312
0,PAA-noPriority,4,-0.6169432310497603,0.33495931153057945,1.2299387677605003,-0.790671748287619,0.672885717059531
0,PAA-noPriority,4,-0.43863022556584774,0.44383744204004305,0.7994911844726069,-0.3802813303472936,0.34356052270883763
0,PAA-noPriority,4,-0.5359906902450717,0.34036612307718145,1.3373897866387845,-0.5202627268482274,0.30580235439398185
0,PAA-noPriority,4,-0.5116713083021913,0.3598567095679094,1.2758102920010672,-0.37382556327868055,0.185024615278267
0,PAA-noPriority,4,-0.667868769830002,0.3094138588188612,1.2484896411001858,-0.6797378589271001,0.5448680238954202
0,PAA-noPriority,4,-0.5947355351685808,0.35400918552248745,1.1626821716231532,-0.7445607827349826,0.7682047105697769
0,PAA-noPriority,4,-0.5280842139856147,0.41565694131107245,0.881542505232828,-0.6906009484068834,0.5939659833579187
0,PAA-noPriority,4,-0.6510968885309136,0.2906933375552409,1.5222835063120284,-0.6787093818412056,0.5039865639552116
0,PAA-noPriority,4,-0.5901610940589611,0.28914760179173815,1.5595799441917928,-0.5483537751209718,0.27190670762789454
0,PAA-noPriority,4,-0.5605382138641203,0.3606624950084458,0.7702007157586646,-0.4222130637927126,0.6038962854597811
0,PAA-noPriority,4,-0.48639698127007075,0.43297748181591744,0.7240467010585573,-0.2939987628679711,0.3799872491998806
0,PAA-noPriority,4,-0.640696409631804,0.3465381441846461,1.387999450968369,-0.8337300512412597,0.641431047814058
0,PAA-noPriority,4,-0.5477133648970266,0.3448791849324964,1.4762845386668801,-0.42062702093966664,0.2066897896910322
0,PAA-noPriority,4,-0.4812617429023097,0.4396638551035178,0.5833828754229664,-0.4314641191402089,0.5127319476111167
0,PAA-noPriority,4,-0.4983701034378264,0.4068024257472172,0.7079937284797468,-0.18615173053054085,0.3521845015077112
0,PAA-noPriority,4,-0.616681031978272,0.3345912153244572,1.2392489169603274,-0.7807652857025851,0.6661513439343454
0,PAA-noPriority,4,-0.5309272233813148,0.35292564172884144,0.9803189452974895,-0.3218222740504679,0.21654426096631338
0,PAA-noPriority,4,-0.44496863112795093,0.4213433828274747,0.6215404981423344,-0.41924017706099137,0.5283844650077498
0,PAA-noPriority,4,-0.5324792710532794,0.3547182458135163,0.9803189452974894,-0.3463119430888338,0.2420324970957138
0,PAA-noPriority,4,-0.42665357007509674,0.4542305230409756,0.8415174812746266,-0.4167269292171447,0.3261487464969829
0,PAA-noPriority,4,-0.48256971317770053,0.4734122468431747,0.6915682278846585,-0.45566660876926923,0.4277897074334745
0,PAA-noPriority,4,-0.5972902614916347,0.2874451382392861,1.652616161435534,-0.5480613755085842,0.25158964102714326
0,PAA-noPriority,4,-0.5037830392306397,0.380895578312893,0.8684058283919128,-0.3690266620410395,0.3477564009418506
0,PAA-noPriority,4,-0.5859025076449985,0.3965057398186825,1.2392489169603274,-0.8406405702082408,0.574772832993572
0,PAA-noPriority,4,-0.4717733196937214,0.4336064827977129,0.5633356668893262,-0.4151002766342928,0.5016289554472981
0,PAA-noPriority,4,-0.6606030164662441,0.2924410076607901,1.4368275854712884,-0.676999151384462,0.604798035331373
0,PAA-noPriority,4,-0.5486506327909,0.377789163128775,0.9444891303068569,-0.5082102544375939,0.4569934158305646
0,PAA-noPriority,4,-0.45102598542190203,0.4935135428281541,0.6915682278846585,-0.4345610062051148,0.3930259113719259
0,PAA-noPriority,4,-0.46498002645559583,0.41462068603770197,0.755129549685372,-0.3199862543452287,0.3313062587380867
0,PAA-noPriority,4,-0.6237443426752262,0.3263392933194563,1.2484896411001858,-0.7296725863436777,0.5863298042126404
0,PAA-noPriority,4,-0.5771205249970223,0.36653011676694247,0.9198275413214969,-0.5888112522699429,0.5272003440214348
0,PAA-noPriority,4,-0.6299944335766622,0.2873931437011736,1.5071065198237947,-0.6324822447529698,0.3239931536327869
0,PAA-noPriority,4,-0.5239779878681443,0.40336476214859934,0.7079937284797468,-0.4014860873200313,0.4429247483036661
0,PAA-noPriority,5,-0.6916396586387179,0.2895035501085744,1.5815356839371835,-0.6849179289418843,0.5073547707175317
0,PAA-noPriority,5,-0.6639569718922054,0.31636406251762905,1.6595567729924292,-0.6848006018509486,0.3758706767681657
0,PAA-noPriority,5,-0.40808170804806077,0.4334147968125925,0.8550673523401053,-0.4844598105551096,0.26043817127185853
0,PAA-noPriority,5,-0.5155374862608892,0.38903835985390034,0.7994911844726069,-0.2523362774375678,0.30574201480217467
0,PAA-noPriority,5,-0.5072717341807895,0.4414973117180465,0.5209319169482601,-0.48519651929269625,0.40514189519602695
0,PAA-noPriority,5,-0.5438030308904863,0.37351361442054937,0.755129549685372,-0.5240100823322882,0.8568645001013959
0,PAA-noPriority,5,-0.6109895557499068,0.3565827335242456,1.4126245053551467,-0.859393104793947,0.51647178781275
0,PAA-noPriority,5,-0.6353568976363413,0.2582454054691876,1.5298155376831448,-0.5608175263424077,0.4349865453454724
0,PAA-noPriority,5,-0.45542800104624404,0.41070618644696866,1.1017707555238396,-0.27258116547330913,0.1298431986982635
0,PAA-noPriority,5,-0.5455893008142596,0.4716771062931914,0.8550673523401053,-0.6051200992169539,0.41293876792756007
0,PAA-noPriority,5,-0.46385163452040157,0.4289284479516463,0.6747429940891573,-0.4268122321045407,0.3646223942020147
0,PAA-noPriority,5,-0.6767933497107768,0.29312855352009565,1.4527389723778683,-0.6664433781049428,0.39601648482406665
0,PAA-noPriority,5,-0.47350022986050017,0.4088127230551919,1.0700155515160485,-0.27068839677786405,0.17364643000515806
0,PAA-noPriority,5,-0.6745417973065156,0.309275071949723,1.468477964887372,-0.7147775776193256,0.39450528887860675
0,PAA-noPriority,5,-0.49144372576072437,0.4428392710940955,0.54254821706694,-0.4752210290966178,0.39992494195388073
0,PAA-noPriority,5,-0.6440586632727441,0.27564840551128666,1.4368275854712884,-0.652775693718822,0.37799966287992903
0,PAA-noPriority,5,-0.44413805794218764,0.4284228138116067,0.6915682278846585,-0.44667958313704903,0.3915299478471213
0,PAA-noPriority,5,-0.5534155866619226,0.45064473010687955,0.9322398894708789,-0.6322940641068115,0.4851132852906888
0,PAA-noPriority,5,-0.4965214400414638,0.39102476543245,0.9919746671444329,-0.34165361944493255,0.19399067459492275
0,PAA-noPriority,5,-0.4860252260247565,0.44037076935687625,0.5833828754229664,-0.45121252704825954,0.38927826102608143
0,PAA-noPriority,5,-0.4328651085443214,0.4162454498820363,0.8550673523401052,-0.4129111392018697,0.23166448827450464
0,PAA-noPriority,5,-0.6869348819654539,0.28484609493948565,1.3713371082247576,-0.6828920990488283,0.5068471503711562
0,PAA-noPriority,5,-0.4949365059909246,0.46215108723255416,0.6215404981423345,-0.49251568634219983,0.42891527099970395
0,PAA-noPriority,5,-0.5549690914530269,0.40027726399758395,1.0372886595566415,-0.346388525694849,0.2775229537122817
0,PAA-noPriority,5,-0.6534620328722653,0.32013019423605565,1.537310666418436,-0.7635340039588044,0.6098459613396998
0,PAA-noPriority,5,-0.6359639643200033,0.26068205867844274,1.5147140218016457,-0.5590816884971905,0.44399483837395765
0,PAA-noPriority,5,-0.47777464789091956,0.4086102266641919,0.8944862739468377,-0.302926683488427,0.20621757659307863
0,PAA-noPriority,5,-0.4593319309101112,0.4055180235368116,1.0807043010154627,-0.2755672765844202,0.13565387409737562
0,PAA-noPriority,5,-0.6207897208584711,0.3752866504941238,1.112154352360633,-0.6695834217216575,0.6903687570809633
0,PAA-noPriority,5,-0.506155325127987,0.38599602331117355,0.8815425052328281,-0.3245527377734865,0.24738562062292138
0,PAA-noPriority,5,-0.49199958891742746,0.42136248393995296,0.7079937284797468,-0.29366321940733514,0.31479162032781305
0,PAA-noPriority,5,-0.47085486825836326,0.4179448570416664,0.8137411503644991,-0.43519490644003317,0.2522184114101725
0,PAA-noPriority,5,-0.5995821611677672,0.3390958228029805,1.2576624704910284,-0.7587916396439405,0.5283904979433188
0,PAA-noPriority,5,-0.5883393707247542,0.3631821506991483,1.2392489169603274,-0.8202610461921157,0.5171142716107331
0,PAA-noPriority,5,-0.6295578707452345,0.3485538903290308,1.211103777942239,-0.6890305075133899,0.6820223001539261
0,PAA-noPriority,5,-0.6364819151158866,0.34668935553183855,1.2299387677605003,-0.6948122747657454,0.6808269030274549
0,PAA-noPriority,5,-0.6580741494123166,0.2669227765292213,1.5298155376831448,-0.635004978474732,0.35569206170411716
0,PAA-noPriority,5,-0.42065381896069587,0.43532977886067015,0.8415174812746264,-0.5062941763482047,0.2646180847354576
0,PAA-noPriority,5,-0.6419098242606253,0.32594147666231954,1.4207380120476116,-0.804353592746968,0.5815423367721605
0,PAA-noPriority,5,-0.5534167917744719,0.45994811727085894,0.9444891303068569,-0.6464141608393831,0.49098833607013803
0,PAA-noPriority,5,-0.4839963331685224,0.4117623790241399,0.8550673523401053,-0.32202235193918893,0.2164708232432398
0,PAA-noPriority,5,-0.5177808246304669,0.47046629635713605,0.7397513981473143,-0.5246751229741676,0.37263865483815606
0,PAA-noPriority,5,-0.5257004206187073,0.4140559186563614,0.755129549685372,-0.570666108114944,0.7636546622511576
0,PAA-noPriority,5,-0.6450857974957681,0.305745116218815,1.387999450968369,-0.7472475778855396,0.49193999160773155
0,PAA-noPriority,5,-0.4309128314873102,0.42388228002827677,0.8550673523401053,-0.4589034647731828,0.2723459251651391
0,PAA-noPriority,5,-0.49813914304860357,0.3773759138518033,0.755129549685372,-0.39332922937644166,0.4604001023936533
0,PAA-noPriority,5,-0.6482033563572458,0.3010568161681828,1.5521923516684872,-0.7332735552235211,0.5517437970948192
0,PAA-noPriority,5,-0.617410972620557,0.26748697354096385,1.3796934333906814,-0.4984983757648861,0.43474207451510527
0,PAA-noPriority,5,-0.5854937109109029,0.40391370720584785,1.0483111508478484,-0.6272595596939664,0.40664059685582227
0,PAA-noPriority,5,-0.5388658859045206,0.4661888571709138,0.8277458339029348,-0.5667921450109966,0.37453848354187314
0,PAA-noPriority,5,-0.5964932075089426,0.3732828833415344,1.182288815689544,-0.737631486375945,0.5822515199905529
0,PAA-noPriority,5,-0.6087036303750148,0.3400086987048804,1.3629295501408407,-0.7873063943077161,0.5116588562387109
0,PAA-noPriority,5,-0.5736909270120345,0.36297709036410064,1.2576624704910284,-0.6756247840485414,0.4700841495217487
0,PAA-noPriority,5,-0.42272535991508686,0.4327469307800854,0.8137411503644991,-0.4716558228304965,0.28493356398349573
0,PAA-noPriority,5,-0.5409824162580108,0.36874677255464783,1.0148846002135226,-0.35746325071326857,0.2651658932952202
0,PAA-noPriority,5,-0.6334853462932312,0.32051167870869096,1.2299387677605,-0.6882575777154007,0.6343714602847206
0,PAA-noPriority,5,-0.5971731526268798,0.35981839927567794,1.3200887962222398,-0.8414236996387633,0.5216792300618012
0,PAA-noPriority,5,-0.5820345611260651,0.36510660801674677,0.8415174812746264,-0.5689627058810804,0.6442346473568358
0,PAA-noPriority,5,-0.6341010518284487,0.31898295238512875,1.3113527077656704,-0.7005171780831491,0.587754589723531
0,PAA-noPriority,5,-0.6403965389251371,0.33006708028602805,1.3373897866387852,-0.7583917548382505,0.4116711783487757
0,PAA-noPriority,6,-0.6031417921912368,0.35489304348813633,1.0148846002135226,-0.8290313437999546,0.5807371188435876
0,PAA-noPriority,6,-0.5342418420027522,0.3946570834555212,0.7240467010585573,-0.5604475859594237,0.8027526794859778
0,PAA-noPriority,6,-0.514033011838311,0.40961118631021465,0.7397513981473142,-0.19148451242258183,0.33146274849400703
0,PAA-noPriority,6,-0.670555812087064,0.3390960658274115,1.0372886595566415,-0.7519037221547478,0.6306505328405633
0,PAA-noPriority,6,-0.5216123610284524,0.42949378271457067,0.54254821706694,-0.4648073507297831,0.4823121974097441
0,PAA-noPriority,6,-0.4101803752683506,0.4636383682401748,0.8137411503644991,-0.4582775337421873,0.34447357088121044
0,PAA-noPriority,6,-0.5243148461128626,0.3562525719819279,1.5521923516684877,-0.5076440699226996,0.23302656413417538
0,PAA-noPriority,6,-0.6437309453535806,0.26498282068013207,1.444805182755924,-0.6906364531829061,0.33457799085160006
0,PAA-noPriority,6,-0.4424898588629148,0.37161707638568414,1.2758102920010677,-0.3208701669965706,0.14203453701267144
0,PAA-noPriority,6,-0.49729198080962467,0.40509564910201734,0.6574873400494294,-0.5347467798458908,0.7737318056487956
0,PAA-noPriority,6,-0.4562162140410001,0.38889415895175133,1.059218945609956,-0.27925770401037514,0.19924803714246356
0,PAA-noPriority,6,-0.4169820012817612,0.4602048936802602,0.8277458339029348,-0.4368100092323834,0.33595154171894814
0,PAA-noPriority,6,-0.4832753172596811,0.4161724083364077,0.8277458339029348,-0.23261840703136233,0.2810901478047531
0,PAA-noPriority,6,-0.46809415608455335,0.36719168728278245,1.182288815689544,-0.34362812915747987,0.18755995793927474
0,PAA-noPriority,6,-0.5291920534554587,0.43098438870562017,0.6215404981423344,-0.48134613709345986,0.47210294869474845
0,PAA-noPriority,6,-0.4271847120376447,0.3854181025756726,1.266768880036419,-0.29855715123108223,0.14792884598466344
0,PAA-noPriority,6,-0.47878027418837377,0.3918092434896949,1.0807043010154629,-0.29568496229552566,0.21784275435578185
0,PAA-noPriority,6,-0.4910677623909406,0.40131410429581643,0.7397513981473143,-0.31069962714150756,0.3600585793685155
0,PAA-noPriority,6,-0.5273732829155359,0.41758808290201604,0.6915682278846585,-0.5128877823314503,0.6508760923331145
0,PAA-noPriority,6,-0.44737997589905715,0.4408290514146972,0.6915682278846585,-0.39187431561775576,0.35319890521179725
0,PAA-noPriority,6,-0.46248726327989936,0.44653393218581316,0.8277458339029348,-0.3194151676206084,0.33943825039676484
0,PAA-noPriority,6,-0.510954365073446,0.4250289070188476,0.5633356668893262,-0.4212524997487437,0.46964726177235894
0,PAA-noPriority,6,-0.45954711587103797,0.39666554506587015,0.9919746671444329,-0.21089944320938275,0.20645874954976368
0,PAA-noPriority,6,-0.5928222945095069,0.36856581182093373,0.8944862739468376,-0.6452142401721048,0.7439347834775876
0,PAA-noPriority,6,-0.6293572641934843,0.353843471926279,0.9565815297270429,-0.7770096308457035,0.6917531615542419
0,PAA-noPriority,6,-0.5560884965104503,0.387787897561635,0.7702007157586646,-0.38687804494043243,0.48875851207134086
0,PAA-noPriority,6,-0.5741960123048147,0.33034292580954483,1.484050047961325,-0.5514373724886334,0.27028583470837725
0,PAA-noPriority,6,-0.6677236058438051,0.35246874843267645,0.9803189452974894,-0.7515656993459936,0.6735275709541988
0,PAA-noPriority,6,-0.525054326599429,0.39514794115193935,0.6747429940891573,-0.6011964640551928,0.3924253434936851
0,PAA-noPriority,6,-0.4636507022515858,0.3665705647781995,1.162682171623153,-0.32742206732316703,0.17271988181544462
0,PAA-noPriority,6,-0.5053073952122549,0.3442764206607053,1.059218945609956,-0.5318305848252758,0.2581742192617595
0,PAA-noPriority,6,-0.5098453798355298,0.4259224763429649,0.5633356668893262,-0.4633052673964498,0.4890821029529448
0,PAA-noPriority,6,-0.6259991353528898,0.2820717795355587,1.2392489169603274,-0.6157297128909007,0.32961082009468423
0,PAA-noPriority,6,-0.6506007347175577,0.3110180242827341,1.1626821716231532,-0.7053154100206209,0.6035733063353632
0,PAA-noPriority,6,-0.6331778244425423,0.3128336584891289,1.1121543523606332,-0.6840050955651754,0.46621774139018796
0,PAA-noPriority,6,-0.5417918936479541,0.3593150111505318,0.7551295496853719,-0.45314577836206543,0.5243777547943244
0,PAA-noPriority,6,-0.6578631217077042,0.3180673993743071,1.1725264764419856,-0.7588193078955472,0.6397512714545568
0,PAA-noPriority,6,-0.6147283177329296,0.27844352252365373,1.293703564449794,-0.5683110865787084,0.3171642568086977
0,PAA-noPriority,6,-0.631217344848457,0.31880027740319744,1.1326360028574725,-0.6738008086418074,0.45435654842731266
0,PAA-noPriority,6,-0.6010331894521953,0.34292661910577626,0.9322398894708789,-0.7918567440566593,0.5677021835294752
0,PAA-noPriority,6,-0.5897103379579987,0.30965211260034475,1.0700155515160485,-0.5018917600980208,0.3772999436654806
0,PAA-noPriority,6,-0.4592704678925467,0.36856818935881125,1.2484896411001856,-0.3422818707341593,0.14813598131247857
0,PAA-noPriority,6,-0.6396648848558458,0.3029278085000546,1.2205576048237508,-0.693173802819404,0.44803033940633286
0,PAA-noPriority,6,-0.5814448257738942,0.37765478679070036,0.9444891303068569,-0.716808125929693,0.4921673230944955
0,PAA-noPriority,6,-0.6260666174320818,0.26793424967537965,1.3879994509683689,-0.5900373683326726,0.32975098315987783
0,PAA-noPriority,6,-0.5255359760475898,0.36200848720520434,1.468477964887372,-0.5249735436571857,0.2447904820743645
0,PAA-noPriority,6,-0.6417836288214899,0.3323214733204229,0.9919746671444329,-0.695852740348983,0.7418977487432687
0,PAA-noPriority,6,-0.5490759212103543,0.3868277723915058,0.7702007157586646,-0.397236387045511,0.3517361673848939
0,PAA-noPriority,6,-0.6126128832360674,0.2882152858824928,0.9072453912952236,-0.5382834655769182,0.573211691032762
0,PAA-noPriority,6,-0.6220800445453011,0.2722076743892072,1.3796934333906814,-0.571822063137683,0.3376361834246334
0,PAA-noPriority,6,-0.6153513113695596,0.3820092088351377,0.8415174812746264,-0.6543954066233351,0.7127127441394583
0,PAA-noPriority,6,-0.5549178538417775,0.3435592362025412,0.7849825783431665,-0.5928321770295255,0.6407531287874147
0,PAA-noPriority,6,-0.5793412915617451,0.33478737579565215,0.8684058283919127,-0.6863327157638933,0.5308181267727838
0,PAA-noPriority,6,-0.6567399299723371,0.3414400696442566,0.9803189452974894,-0.679841247251877,0.6243854414904517
0,PAA-noPriority,6,-0.6006013615564106,0.36375826577096826,1.003495015435271,-0.8163898690143215,0.5808385903172416
0,PAA-noPriority,6,-0.6186086846128037,0.29184331783186385,1.3544698050897952,-0.5742699443086334,0.32337649394091156
0,PAA-noPriority,6,-0.6261705036554117,0.34870989811732755,0.9565815297270429,-0.7465709764671106,0.5523441805683612
0,PAA-noPriority,6,-0.5647698468831235,0.3291887927051834,1.4527389723778683,-0.5815998458599846,0.2632401536217593
0,PAA-noPriority,6,-0.5595616157644603,0.32150596226919187,1.1017707555238399,-0.618435252845644,0.29468050553723113
0,PAA-noPriority,6,-0.5329914369798011,0.4361983109964613,0.7994911844726069,-0.7077276618007815,0.45947579680861034
0,PAA-noPriority,7,-0.4163636384890932,0.40482036960078427,0.881542505232828,-0.5256516012844157,0.351579249822744
0,PAA-noPriority,7,-0.5104336495882762,0.4579006097234017,0.8550673523401052,-0.6875446494464507,0.9059337471665259
0,PAA-noPriority,7,-0.49785072886663206,0.4430522437348632,0.7849825783431665,-0.6557129155786577,0.9696855732643606
0,PAA-noPriority,7,-0.6222643999980979,0.34559279151035727,1.2484896411001858,-0.8794038054467033,0.5925319506491238
0,PAA-noPriority,7,-0.6834404792190015,0.2974356280781772,1.5071065198237947,-0.6784425512375352,0.4030241483953283
0,PAA-noPriority,7,-0.5067314168806598,0.42682184857781724,0.54254821706694,-0.36278151114298973,0.6428531612790399
0,PAA-noPriority,7,-0.6466011699157042,0.25922570032369474,1.5071065198237947,-0.6361754130573658,0.3541441048969306
0,PAA-noPriority,7,-0.6056667152876825,0.28045573670425633,1.5815356839371835,-0.7479323114726347,0.42497749055659445
0,PAA-noPriority,7,-0.512157844589748,0.38123687632844083,1.0700155515160485,-0.3415299473527254,0.13341015569184386
0,PAA-noPriority,7,-0.5276723536209044,0.4038681979455839,0.7240467010585573,-0.14224549119722485,0.3575472149505621
0,PAA-noPriority,7,-0.5255446637948872,0.3834060499083586,0.6915682278846585,-0.22626072579060247,0.3593566653685848
0,PAA-noPriority,7,-0.5500795009996542,0.4416095442821478,0.6747429940891573,-0.34748683689525645,0.7596092910535873
0,PAA-noPriority,7,-0.4817878654080028,0.39129764155486757,0.7397513981473143,-0.4779874977435442,0.35951340969706697
0,PAA-noPriority,7,-0.4571801691956409,0.409364251717575,0.8684058283919128,-0.4839547783049688,0.28021610263527413
0,PAA-noPriority,7,-0.4664837444530609,0.4124714690599406,0.755129549685372,-0.35045050042514336,0.3119507812273488
0,PAA-noPriority,7,-0.5216754373183855,0.4518258313305406,0.8277458339029348,-0.6765957366622973,0.9090786625679025
0,PAA-noPriority,7,-0.43486326576930284,0.4029794466634872,0.7240467010585573,-0.454252369412384,0.33948686481410295
0,PAA-noPriority,7,-0.6623014380920883,0.2643997445342441,1.484050047961325,-0.6526505280802766,0.33842972796104376
0,PAA-noPriority,7,-0.5196843765384178,0.3779092996981156,0.9322398894708788,-0.39341007577688974,0.213290211214421
0,PAA-noPriority,7,-0.637317372512435,0.3353906361922941,1.2205576048237508,-0.8379864141543157,0.591111347951972
0,PAA-noPriority,7,-0.49904179932318016,0.4305275812156436,0.8415174812746264,-0.6629317705756931,0.9524662330894053
0,PAA-noPriority,7,-0.6313181639137546,0.2998676495944255,1.4448051827559238,-0.7738079955317859,0.4989716566015273
0,PAA-noPriority,7,-0.5448372113173429,0.4171004091478466,0.6397664390839423,-0.42047679239424535,0.6136701302939469
0,PAA-noPriority,7,-0.5072473729937789,0.42303848137722594,0.6027637058449146,-0.3822982645244762,0.5986782588350996
0,PAA-noPriority,7,-0.5405108705133308,0.4023568612784761,0.7994911844726069,-0.28861950340852693,0.39465506588907406
0,PAA-noPriority,7,-0.6501795398808147,0.27921720929482535,1.4762845386668806,-0.7153172877667429,0.5941801538963641
0,PAA-noPriority,7,-0.5276723536209044,0.4038681979455839,0.7079937284797468,-0.14240088923430227,0.3728114777055374
0,PAA-noPriority,7,-0.6211489709357885,0.3583407764707077,1.387999450968369,-0.8142232614696157,0.54244085731878
0,PAA-noPriority,7,-0.5394524346687041,0.4488596150426137,0.6215404981423345,-0.34024393851898416,0.7565948707696034
0,PAA-noPriority,7,-0.5500414230230245,0.3377975589170136,1.1017707555238399,-0.4206152377245691,0.20520772927977463
0,PAA-noPriority,7,-0.5083017715682029,0.3892071757132089,0.8815425052328281,-0.41910130783064303,0.2479864089583968
0,PAA-noPriority,7,-0.6044538933940384,0.2825942642245449,1.5447694296661307,-0.7179567995848717,0.40840784308671907
0,PAA-noPriority,7,-0.6205689154738876,0.3269086310162484,1.1919712032812333,-0.7786567515381674,0.6854656483474597
0,PAA-noPriority,7,-0.5440364691744553,0.38265244535003207,1.0807043010154627,-0.4420151663897605,0.17385072840966764
0,PAA-noPriority,7,-0.4888088482208438,0.35693520005624135,0.9444891303068568,-0.5630166948604856,0.3741823434220799
0,PAA-noPriority,7,-0.4196558572007296,0.40304583834498187,0.9072453912952236,-0.5567661827648814,0.33869029448176924
0,PAA-noPriority,7,-0.6270715909129772,0.3471770263814042,1.2847880786040071,-0.7813715164820287,0.525411685249527
0,PAA-noPriority,7,-0.5153328502043978,0.43485783647269083,0.6747429940891573,-0.5526673755744229,0.726984720291747
0,PAA-noPriority,7,-0.590063354728285,0.34158374438857714,1.112154352360633,-0.7586231611120492,0.5578788141006651
0,PAA-noPriority,7,-0.5153328502043978,0.4343749481647051,0.6747429940891573,-0.5459219144444054,0.7290400141857072
0,PAA-noPriority,7,-0.640209769152122,0.3502593299420792,1.404464128193649,-0.8449004236599571,0.5263717403859413
0,PAA-noPriority,7,-0.5403461333053278,0.36787390184671676,0.9685229624340641,-0.7432795406578567,0.6609755383756488
0,PAA-noPriority,7,-0.5363435345541747,0.4393965629850798,0.7079937284797468,-0.3457142683882563,0.47663913213934717
0,PAA-noPriority,7,-0.5741883932870662,0.2853088893637353,1.266768880036419,-0.6127208830087809,0.40340793156155996
0,PAA-noPriority,7,-0.5629627326349782,0.33528714803757714,1.1427391744033626,-0.4597977182785421,0.20585802986010576
0,PAA-noPriority,7,-0.5239634534186915,0.41182571993996986,0.6574873400494294,-0.3104355984191886,0.66582485239483
0,PAA-noPriority,7,-0.6234961920666185,0.29468483406578055,1.3544698050897952,-0.7008432945178461,0.5263866200534206
0,PAA-noPriority,7,-0.4935840115752271,0.35702693300081806,0.9919746671444329,-0.4381603696006179,0.2340637935761838
0,PAA-noPriority,7,-0.6096303708356501,0.3106198399522915,1.3287674498039934,-0.6868795395153676,0.6094723783741974
0,PAA-noPriority,7,-0.6582705943107525,0.2978412302200835,1.3113527077656701,-0.6590525612645122,0.4490494130735345
0,PAA-noPriority,7,-0.598320459795734,0.3155159906860153,1.3796934333906816,-0.7078115894435989,0.5996390625052074
0,PAA-noPriority,7,-0.5048971857484348,0.3879741941466999,1.0261477756627881,-0.36467027489934234,0.1457573630317584
0,PAA-noPriority,7,-0.5597881456878903,0.3742270171073053,0.8684058283919128,-0.6246388747850775,0.3770999800897922
0,PAA-noPriority,7,-0.5136466908627273,0.444357492235466,0.5833828754229664,-0.3501037067888396,0.6788639542574177
0,PAA-noPriority,7,-0.6422202505889179,0.34379431512674874,1.3962560587641581,-0.8200705796003378,0.5264035807638389
0,PAA-noPriority,7,-0.4991165485984916,0.4281668506651018,0.5633356668893262,-0.3498141621339064,0.561988855065359
0,PAA-noPriority,7,-0.5346350695252357,0.324085232017192,0.8944862739468376,-0.499838755959858,0.2929602801167996
0,PAA-noPriority,7,-0.6002120735551846,0.33380194619854,1.1919712032812333,-0.7857693741939358,0.5346283625249836
0,PAA-noPriority,7,-0.5515413092583645,0.3126886638381972,1.1224418956996507,-0.5985580421502983,0.3262108554239729
0,PAA-noPriority,7,-0.5767628559946829,0.34591597234266497,0.9198275413214969,-0.4547300656239133,0.2783705490990024
0,PAA-noPriority,8,-0.6443206524569065,0.2606276738432196,1.3544698050897952,-0.642929140774398,0.3829360507562263
0,PAA-noPriority,8,-0.521162451947731,0.34875034109644476,1.3373897866387845,-0.3524222956681179,0.14784742078585314
0,PAA-noPriority,8,-0.656781134996186,0.3082921547763583,1.6245572178441157,-0.6462502181828997,0.31874530764383674
0,PAA-noPriority,8,-0.47267264354514393,0.48113230808254936,0.6915682278846585,-0.5407828673459601,0.4376837727502
0,PAA-noPriority,8,-0.5887743319028139,0.416469542799539,0.9919746671444328,-0.8775327816518083,0.5685980922421427
0,PAA-noPriority,8,-0.543844234901433,0.4190757396294934,0.49837892847537457,-0.48055751015664694,0.5737494376136107
0,PAA-noPriority,8,-0.49317425772969437,0.40041256248105095,0.8815425052328281,-0.1312359248193866,0.2865390372098947
0,PAA-noPriority,8,-0.39693760704802805,0.42897110489145635,0.9444891303068568,-0.34598215552259876,0.22483799989009698
0,PAA-noPriority,8,-0.6777513647119981,0.2935050797648164,1.2205576048237508,-0.628819732177217,0.47301291468321355
0,PAA-noPriority,8,-0.5842962498091152,0.38545781354496156,0.6915682278846585,-0.5154979352606711,0.8826485808856817
0,PAA-noPriority,8,-0.6599335327441249,0.3383373415771293,1.404464128193649,-0.694268038465031,0.3706638306229695
0,PAA-noPriority,8,-0.6500037375814818,0.3023911754316719,1.468477964887372,-0.7030992093051043,0.34465909665536804
0,PAA-noPriority,8,-0.5927333601121065,0.40310870505704377,0.8137411503644991,-0.7776892892984341,0.7466641525133034
0,PAA-noPriority,8,-0.6535659915054947,0.28988873289168265,1.257662470491028,-0.6093946046788213,0.36119597287142147
0,PAA-noPriority,8,-0.5277409978449361,0.41671736046279484,0.6027637058449147,-0.5373050633736705,0.8169443193377234
0,PAA-noPriority,8,-0.6342748927497631,0.27266369847361205,1.2484896411001856,-0.6215653537794406,0.41598353116831366
0,PAA-noPriority,8,-0.5770256736818571,0.39671321334440485,0.6397664390839424,-0.5794908870925232,0.7073961261181098
0,PAA-noPriority,8,-0.4024997083136393,0.42536549283986985,0.9685229624340641,-0.3238687570430417,0.210227057992432
0,PAA-noPriority,8,-0.5133888607510182,0.3573180519012535,1.3025580288099368,-0.3737380621906256,0.17639049496576903
0,PAA-noPriority,8,-0.5600162530812082,0.3723586384326637,0.7702007157586646,-0.43829947365325134,0.6222570807139411
0,PAA-noPriority,8,-0.6215515122348524,0.36923526218244085,1.0912883633487742,-0.8155947735288048,0.6662868609388249
0,PAA-noPriority,8,-0.6431736434573494,0.3121638894700868,1.537310666418436,-0.6563188632461481,0.2852500276454367
0,PAA-noPriority,8,-0.4138803251454162,0.41335097050031366,1.0148846002135226,-0.2779536844172008,0.22063625866779385
0,PAA-noPriority,8,-0.6248521660113757,0.36063748398134504,1.0700155515160485,-0.7919222071571235,0.6544838601350221
0,PAA-noPriority,8,-0.6045839549018296,0.3699362858219626,1.0148846002135226,-0.7564081567783021,0.6535033866166339
0,PAA-noPriority,8,-0.6278027171507314,0.3006978165065571,1.1626821716231532,-0.5839046466444395,0.3315062612860089
0,PAA-noPriority,8,-0.6688675188687407,0.29460146160140394,1.1224418956996507,-0.6254723996844053,0.5054932327922629
0,PAA-noPriority,8,-0.6692459217399573,0.32587283885279533,1.1822888156895437,-0.6806835221613821,0.5053544745432943
0,PAA-noPriority,8,-0.5512430413834611,0.3791097641983432,1.0148846002135226,-0.40084891876633816,0.2890003848783903
0,PAA-noPriority,8,-0.5377870836388496,0.42624137959499875,0.54254821706694,-0.49070852513727525,0.5818432734408121
0,PAA-noPriority,8,-0.6098362212633427,0.2968471914025098,1.211103777942239,-0.6467940655681822,0.5290852952727201
0,PAA-noPriority,8,-0.5535101102517815,0.36189669710271,0.8277458339029349,-0.36301104350508895,0.4861672940206213
0,PAA-noPriority,8,-0.5291848743150931,0.4078121129134414,0.8137411503644992,-0.2221354597284951,0.31673459427610506
0,PAA-noPriority,8,-0.6472313623223342,0.31102282935025855,1.5815356839371835,-0.638432284112554,0.29528730319750934
0,PAA-noPriority,8,-0.5907733066106957,0.40865282277934334,0.9685229624340641,-0.8525578544483938,0.5767629984237687
0,PAA-noPriority,8,-0.5058991514077892,0.35910829959042323,1.2937035644497938,-0.3552309567297409,0.1788367173802152
0,PAA-noPriority,8,-0.5678954069903682,0.36580558269060787,0.6915682278846585,-0.5999056594658503,0.8421461146683136
0,PAA-noPriority,8,-0.49118987902770594,0.39749266264803357,0.8815425052328281,-0.16646680681329057,0.291042214905055
0,PAA-noPriority,8,-0.5451633181010951,0.4147788774706955,0.5833828754229664,-0.5315524831681213,0.7292792731915239
0,PAA-noPriority,8,-0.4318263837557961,0.40545599138831784,0.9072453912952236,-0.34532841188744373,0.24509938917123356
0,PAA-noPriority,8,-0.5719729792226416,0.3960884122169597,0.5633356668893262,-0.4683220058562359,0.5420517543873868
0,PAA-noPriority,8,-0.5912885177883174,0.41733578990123926,1.0034950154352709,-0.875602724413221,0.6693412108735469
0,PAA-noPriority,8,-0.5446237209573608,0.42501832121233746,0.5209319169482601,-0.4786958717294011,0.5914779124280145
0,PAA-noPriority,8,-0.47716636226443343,0.40447509472309096,0.7994911844726069,-0.19616082275057778,0.30139932629904714
0,PAA-noPriority,8,-0.6331657991454833,0.3194884426910238,1.4448051827559236,-0.6331973794814482,0.288832079282517
0,PAA-noPriority,8,-0.6712081625514739,0.3211417230510154,1.2392489169603271,-0.7302722775019072,0.41334790247645553
0,PAA-noPriority,8,-0.46274973009178433,0.42810241057463205,0.7397513981473143,-0.5247223831230601,0.4473134994973188
0,PAA-noPriority,8,-0.5707617293050521,0.34475343765414085,1.3629295501408403,-0.42909967728192744,0.19422359816892354
0,PAA-noPriority,8,-0.45184237394914517,0.47690739082208317,0.7849825783431665,-0.5936302410567882,0.4390839417264883
0,PAA-noPriority,8,-0.5032471515605912,0.4213396672437401,0.6574873400494295,-0.4595416819301407,0.43399644664610043
0,PAA-noPriority,8,-0.46893408076150705,0.4656016184648955,0.7849825783431665,-0.5693505004516165,0.4054441184154964
0,PAA-noPriority,8,-0.4810659742188103,0.4327904933591566,0.881542505232828,-0.44215355612731494,0.30676601390087954
0,PAA-noPriority,8,-0.41580782457612375,0.42190611165478786,0.9803189452974894,-0.2936926522560577,0.22324570378698572
0,PAA-noPriority,8,-0.44146171679965696,0.403850268439779,0.8815425052328281,-0.3865566564056263,0.2575385222348632
0,PAA-noPriority,8,-0.4169191484428968,0.41671963615225993,0.9919746671444329,-0.28489614802669927,0.2178474190904113
0,PAA-noPriority,8,-0.6144186613591625,0.3167257449783495,1.003495015435271,-0.6063369035443131,0.5628074165001716
0,PAA-noPriority,8,-0.6759116819457708,0.2933679936936303,1.2111037779422387,-0.605398679545638,0.47531088505571273
0,PAA-noPriority,8,-0.47539460947487855,0.47120640474804365,0.6574873400494294,-0.5042006011717846,0.42663791894728575
0,PAA-noPriority,8,-0.5173325887578024,0.39160680763377365,0.8415174812746264,-0.2183423158390915,0.29348176519013924
0,PAA-noPriority,8,-0.49830153569709096,0.44823521732095184,0.7079937284797468,-0.419430763198518,0.39261651048129026
0,PAA-noPriority,9,-0.49438358240649005,0.40394085644116356,0.8684058283919127,-0.23031782982983318,0.23432713299608543
0,PAA-noPriority,9,-0.6871679190369371,0.2801547114603708,1.6802065944479638,-0.7086232903157483,0.34173973160789184
0,PAA-noPriority,9,-0.4674117907655207,0.4777448515907802,0.7079937284797467,-0.5459526765863443,0.6287674384794772
0,PAA-noPriority,9,-0.4157979632192503,0.46186224147443805,0.7079937284797467,-0.4790463258723469,0.3468038149767195
0,PAA-noPriority,9,-0.6417146708712057,0.25460255680319827,1.3879994509683689,-0.7018279358528134,0.35735696552655377
0,PAA-noPriority,9,-0.691189799013885,0.27607228595085453,1.6103444173701353,-0.7540595762905749,0.3688524719500025
0,PAA-noPriority,9,-0.5809136026673805,0.35746895460613526,0.8815425052328281,-0.6064525416880413,0.9160253716014113
0,PAA-noPriority,9,-0.6707193602782802,0.3430344974613492,1.4368275854712884,-0.8827001911374355,0.40153367325086675
0,PAA-noPriority,9,-0.48177721220187164,0.3719955216412836,1.1822888156895437,-0.3702773465671242,0.12482800200286723
0,PAA-noPriority,9,-0.47286913136400327,0.44404414869670444,0.49837892847537457,-0.388076217690298,0.6257527299562847
0,PAA-noPriority,9,-0.5325867935580458,0.4223849508180101,0.7849825783431665,-0.615351529136957,0.8441553560798871
0,PAA-noPriority,9,-0.4356183405682712,0.46417763821072067,0.6747429940891573,-0.49297630359434913,0.44463615105572385
0,PAA-noPriority,9,-0.6577612841707006,0.3478338872821522,1.2758102920010679,-0.8259677021579579,0.43868664641639565
0,PAA-noPriority,9,-0.4884312238319617,0.38893651213378866,1.0034950154352709,-0.2919900952755751,0.19039398975382918
0,PAA-noPriority,9,-0.5112066825967215,0.45864078029251854,0.7240467010585573,-0.5196123700040002,0.7565171925376868
0,PAA-noPriority,9,-0.45048153621757,0.45783989171612555,0.6915682278846585,-0.5603921907502573,0.5563741169853261
0,PAA-noPriority,9,-0.627510302349756,0.2607863708176149,1.3025580288099372,-0.6946090808557781,0.37457630570150907
0,PAA-noPriority,9,-0.6777805499319374,0.3280104162563523,1.3544698050897952,-0.8166665270735889,0.41989142491769044
0,PAA-noPriority,9,-0.5599529547673852,0.39814608262345946,0.8550673523401053,-0.6362480425888222,0.46680259858481177
0,PAA-noPriority,9,-0.6375143367644994,0.36070731936267775,1.2484896411001858,-0.8549779296483211,0.39178477012530183
0,PAA-noPriority,9,-0.4697627929578626,0.4331749572946624,0.6747429940891573,-0.5651404800724577,0.7141299448050097
0,PAA-noPriority,9,-0.6646735347313242,0.267521142279205,1.5887868407416337,-0.6890987701132106,0.3047497367037301
0,PAA-noPriority,9,-0.4852203494740994,0.43843917613809663,0.54254821706694,-0.3567224461323576,0.5896870364260545
0,PAA-noPriority,9,-0.6663667312888621,0.29322733629339814,1.6316171915607347,-0.7256874957938106,0.34667937478127353
0,PAA-noPriority,9,-0.4701800168958502,0.4682834540685038,0.6397664390839423,-0.626693273477243,0.7101721247152474
0,PAA-noPriority,9,-0.6491538477236304,0.3042743156255948,1.468477964887372,-0.6722274652410718,0.34251562083335996
0,PAA-noPriority,9,-0.661978686688105,0.31724633394782664,1.3713371082247576,-0.787454971463667,0.5346652988003464
0,PAA-noPriority,9,-0.46865137545074764,0.4439412613221867,0.4983789284753746,-0.39559925133044327,0.6249331943453557
0,PAA-noPriority,9,-0.46117791814031006,0.4023859963126177,1.1017707555238396,-0.37694534910185434,0.14491010432478282
0,PAA-noPriority,9,-0.6590618613158051,0.26940705560248057,1.5595799441917928,-0.6671228246604436,0.3267697476277715
0,PAA-noPriority,9,-0.4703154746603829,0.41637360159892045,0.8277458339029348,-0.4562100307262685,0.28664417000968945
0,PAA-noPriority,9,-0.4807179323066711,0.43750775901268996,0.6215404981423344,-0.42217677385808605,0.49641056716152887
0,PAA-noPriority,9,-0.6087487443520996,0.33395611612898474,1.201575571988228,-0.527623388844313,0.2766175330674862
0,PAA-noPriority,9,-0.49657351315551496,0.4530589727560258,0.6027637058449147,-0.4455427652570808,0.649307364016322
0,PAA-noPriority,9,-0.68535235257964,0.3002021481573457,1.4448051827559236,-0.7647242843633753,0.38856266227722397
0,PAA-noPriority,9,-0.5505825468763751,0.33655379107084227,1.0483111508478484,-0.6609239339082699,0.41729341024095773
0,PAA-noPriority,9,-0.6159038109062539,0.3696648904750076,1.112154352360633,-0.7544572546557291,0.5406939151427651
0,PAA-noPriority,9,-0.4852950427691292,0.4380794785692341,0.5633356668893262,-0.35399196036562425,0.5744832147043464
0,PAA-noPriority,9,-0.5732847184883019,0.3638035094371578,1.122441895699651,-0.6077116429094355,0.3780892507301873
0,PAA-noPriority,9,-0.6795308510176896,0.28571851701564327,1.6456462776948124,-0.682381151794352,0.32730006555812896
0,PAA-noPriority,9,-0.6862861409300038,0.29903411130668206,1.5521923516684872,-0.7342183335175745,0.36130069360727124
0,PAA-noPriority,9,-0.506352368513322,0.3840229477664291,1.0148846002135223,-0.26833882688661503,0.20233289059277199
0,PAA-noPriority,9,-0.4201787139291982,0.45674307743357917,0.7079937284797468,-0.44866553076939153,0.3429931300049902
0,PAA-noPriority,9,-0.46108295989128356,0.40276606212347793,1.1326360028574722,-0.3771203571581742,0.13653628493621656
0,PAA-noPriority,9,-0.5016772664452,0.40399845971154436,0.8137411503644991,-0.3434493048353353,0.2394873567901687
0,PAA-noPriority,9,-0.5787725206949779,0.35684823122188136,0.9072453912952236,-0.6047683016192038,0.8088398713519984
0,PAA-noPriority,9,-0.6720938297498137,0.2831650952569964,1.5147140218016457,-0.7214721145218821,0.343109683785937
0,PAA-noPriority,9,-0.5551788066402592,0.32818719150255704,1.4126245053551465,-0.47890898908566165,0.19211964838688655
0,PAA-noPriority,9,-0.5523997804385434,0.41074815507767753,0.755129549685372,-0.5095821959436038,0.5461475128535935
0,PAA-noPriority,9,-0.6002328799665196,0.33100062371018046,1.0807043010154627,-0.5562469233790706,0.26091942588533973
0,PAA-noPriority,9,-0.6284420425891437,0.3144206208240969,1.2847880786040071,-0.6767267092447575,0.3540321015624979
0,PAA-noPriority,9,-0.494690525133901,0.38134904180200774,1.003495015435271,-0.37663824246913913,0.18219273798571328
0,PAA-noPriority,9,-0.5031925187349418,0.39360033892049995,0.8944862739468376,-0.25390502395889564,0.22794777612648268
0,PAA-noPriority,9,-0.6807208753143155,0.2822839880090268,1.5071065198237947,-0.7406880802636712,0.3700638013251704
0,PAA-noPriority,9,-0.5764225178753641,0.3233715262387568,0.9803189452974894,-0.4712110631794607,0.327219302669208
0,PAA-noPriority,9,-0.6090883342426648,0.37112425248461617,1.1725264764419854,-0.6469061703089808,0.47734825697380134
0,PAA-noPriority,9,-0.5745816212969223,0.30559739671753705,1.1725264764419856,-0.5695149349622174,0.2231275832771412
0,PAA-noPriority,9,-0.5046025778866406,0.39795659435262803,0.8684058283919127,-0.33371902012088284,0.23878628261546891
0,PAA-noPriority,9,-0.5192497286070704,0.3827867272537528,0.8944862739468377,-0.5440322901153068,0.4063923288919632
0,PAA-noPriority,9,-0.5217128908603224,0.4468206382321238,0.7240467010585573,-0.5864891934618475,0.8377315200770683
0,PAA-noAdaptive,0,-0.5041278618255177,0.4586091194231788,0.6027637058449146,-0.4814485937896539,0.6460452343685571
0,PAA-noAdaptive,0,-0.7070221228261283,0.27179925165977165,1.707351230126634,-0.824458117842201,0.5424036474472603
0,PAA-noAdaptive,0,-0.68543802920017,0.2453328608990349,1.5595799441917928,-0.7123495018603782,0.4237414205180152
0,PAA-noAdaptive,0,-0.45516060558145915,0.446009799462573,0.6215404981423345,-0.45773320914264415,0.5509478867386691
0,PAA-noAdaptive,0,-0.7085562770685219,0.2836889050480594,1.6733516349767308,-0.8217222627682279,0.5549395900223127
0,PAA-noAdaptive,0,-0.5105544192977196,0.3870724420156864,0.8415174812746264,-0.29509156390937513,0.2678901120148426
0,PAA-noAdaptive,0,-0.5737668949926478,0.4122164725394195,0.7702007157586646,-0.5796098173679562,0.8869009571242714
0,PAA-noAdaptive,0,-0.5134320751635717,0.40503796258251423,0.54254821706694,-0.4394944874631566,0.5813330236630089
0,PAA-noAdaptive,0,-0.4780943587080797,0.40532564303949314,0.9803189452974894,-0.4286185191793061,0.18265731681803715
0,PAA-noAdaptive,0,-0.6851771318663284,0.29077312128332955,1.6595567729924292,-0.9411729240033863,0.400207135193906
0,PAA-noAdaptive,0,-0.5536104172050121,0.4196992770405442,0.6397664390839423,-0.4752996132571963,0.764027178450375
0,PAA-noAdaptive,0,-0.489696828377631,0.39790518903854016,0.9072453912952236,-0.35473505639219893,0.21083055373648146
0,PAA-noAdaptive,0,-0.5787885195528221,0.4139270343225208,0.755129549685372,-0.5264504456830196,0.8622644418727552
0,PAA-noAdaptive,0,-0.5446626973465939,0.4226052245940827,0.6915682278846585,-0.32991837339794955,0.4742490196734968
0,PAA-noAdaptive,0,-0.5755710047185599,0.4346230455107409,0.6747429940891573,-0.4921970936868852,0.8219014804913863
0,PAA-noAdaptive,0,-0.5409652875236659,0.4110290243842988,0.5633356668893262,-0.4144626932959657,0.5885347678050336
0,PAA-noAdaptive,0,-0.6805558359754313,0.293984353584157,1.574251127939735,-0.9311045929010607,0.4052004264687019
0,PAA-noAdaptive,0,-0.6308372544120988,0.3515598051903907,0.8415174812746264,-0.645594952188785,0.7999452656715413
0,PAA-noAdaptive,0,-0.6710513092884117,0.2897752685662928,1.484050047961325,-0.893234123423596,0.40835482142839813
0,PAA-noAdaptive,0,-0.4966071031330131,0.39005092580081674,0.8684058283919127,-0.3894830392939726,0.21531112025396096
0,PAA-noAdaptive,0,-0.5231621671446025,0.3969425404488628,0.7994911844726069,-0.4409004194552445,0.2980146360369974
0,PAA-noAdaptive,0,-0.5702770254827134,0.38395632430158033,0.6574873400494294,-0.5096210368664164,0.7175428840237219
0,PAA-noAdaptive,0,-0.7006609407921126,0.2694084573376384,1.6802065944479638,-0.7996729699069094,0.5395568716050421
0,PAA-noAdaptive,0,-0.4840701937699383,0.4238402290149125,0.7079937284797468,-0.4537005094643984,0.31759172459093804
0,PAA-noAdaptive,0,-0.5989388160555096,0.33671226108280017,0.9444891303068569,-0.5955330633520985,0.6852761633377369
0,PAA-noAdaptive,0,-0.6665430288955185,0.2773400510561367,1.4527389723778685,-0.765142348571025,0.3589498425670171
0,PAA-noAdaptive,0,-0.5089939825314314,0.41298734544841836,0.8137411503644992,-0.3722613418169161,0.24232958965869447
0,PAA-noAdaptive,0,-0.6481334588460808,0.2882767123245455,1.2299387677605003,-0.6892011785452116,0.6294831465644444
0,PAA-noAdaptive,0,-0.6742852758341902,0.2533884450962473,1.5447694296661307,-0.7498106225597512,0.4249808292664117
0,PAA-noAdaptive,0,-0.614830144272138,0.38122624780488595,0.8277458339029348,-0.6146356872682333,0.45576614748685707
0,PAA-noAdaptive,0,-0.5896263132136851,0.3581909042579093,0.8684058283919127,-0.6679176820128074,0.7291335115207274
0,PAA-noAdaptive,0,-0.6695805319447593,0.2796003331483061,1.6174664288022447,-0.8739303622906638,0.38577342122829184
0,PAA-noAdaptive,0,-0.5344961629226058,0.35705572345837944,0.8137411503644991,-0.390985648559574,0.3888038462531979
0,PAA-noAdaptive,0,-0.6103075644597383,0.36309321234405545,1.0483111508478484,-0.6496960907771845,0.5722816736749164
0,PAA-noAdaptive,0,-0.670805996349659,0.260973562143056,1.5298155376831448,-0.7722565429556758,0.3440941515448248
0,PAA-noAdaptive,0,-0.6542868651606696,0.3203543983507246,1.1919712032812333,-0.6557332664067825,0.6629120135099458
0,PAA-noAdaptive,0,-0.4692499841457982,0.4381306557948411,0.6574873400494295,-0.4621045249377886,0.48231268526629967
0,PAA-noAdaptive,0,-0.4669194639417955,0.427574183021591,0.6747429940891573,-0.4316694675690238,0.5550892187513162
0,PAA-noAdaptive,0,-0.5503607077044331,0.4440759897154418,0.7397513981473143,-0.5628016994363212,0.4956597350168296
0,PAA-noAdaptive,0,-0.6059650042188881,0.28284114536800964,1.3713371082247576,-0.5744653471355109,0.25378589521760153
0,PAA-noAdaptive,0,-0.5873930635519177,0.38714201941253346,0.7240467010585573,-0.49937792758387556,0.7769740841286378
0,PAA-noAdaptive,0,-0.573079002084933,0.3929451898194701,0.7240467010585573,-0.6296838319776905,0.8697404650892958
0,PAA-noAdaptive,0,-0.5293967602891329,0.3967119822646188,0.8277458339029348,-0.5173161992613678,0.2828271957896471
0,PAA-noAdaptive,0,-0.49969682079161704,0.3913882840803212,0.6215404981423345,-0.40126394927174697,0.4037335915161533
0,PAA-noAdaptive,0,-0.6576000967346252,0.33505849415896966,1.2392489169603274,-0.8167584336979926,0.662363491273209
0,PAA-noAdaptive,0,-0.6843487835173132,0.3116482922819868,1.4126245053551467,-0.8831691786680034,0.4051039704164592
0,PAA-noAdaptive,0,-0.6373372415534675,0.2958873417125411,1.2758102920010677,-0.716455889519781,0.5778062240809405
0,PAA-noAdaptive,0,-0.6739391086965446,0.2651798954330631,1.387999450968369,-0.7273911777542097,0.3808145203711735
0,PAA-noAdaptive,0,-0.6184539453246156,0.37293704673994954,0.8137411503644992,-0.7086622038638148,0.5103018348632629
0,PAA-noAdaptive,0,-0.6416801798883419,0.31841317329257707,1.3373897866387852,-0.8347435850654833,0.3979233155559348
0,PAA-noAdaptive,0,-0.5592684152333252,0.36767646096855344,0.6915682278846585,-0.5197238902138627,0.5029302627872658
0,PAA-noAdaptive,0,-0.5819683830779356,0.3403661707490051,1.0807043010154629,-0.5045131105381792,0.26547724719173305
0,PAA-noAdaptive,0,-0.6763915092659497,0.2803336647901745,1.5298155376831448,-0.7350638094481601,0.559569760448244
0,PAA-noAdaptive,0,-0.7039265716368835,0.2722113606520783,1.7006056912958405,-0.8264324955248645,0.459720104813561
0,PAA-noAdaptive,0,-0.6348884568611499,0.3014746910082618,1.2576624704910284,-0.712519804968997,0.5308865736487223
0,PAA-noAdaptive,0,-0.6576411243257574,0.31654082470929373,1.2576624704910284,-0.8322934194532996,0.43585107799547956
0,PAA-noAdaptive,0,-0.549016665373518,0.3858223224456022,0.7702007157586646,-0.46706961690579013,0.39396229699148344
0,PAA-noAdaptive,0,-0.6485662456497682,0.3319559728080306,0.9565815297270427,-0.7196217865902466,0.5953233918166022
0,PAA-noAdaptive,0,-0.6142974983466492,0.35835451723201844,1.0807043010154629,-0.6596848047012827,0.3293186407701871
0,PAA-noAdaptive,0,-0.5626870079758248,0.3236519639939811,0.9072453912952236,-0.5907491118944932,0.2875190812149927
0,PAA-noAdaptive,1,-0.6797719145141992,0.29200287610288916,1.6733516349767308,-0.9380468142649434,0.3803308015007256
0,PAA-noAdaptive,1,-0.6812416419001179,0.3100784335632844,1.5887868407416337,-0.9395943819083646,0.4106682479892319
0,PAA-noAdaptive,1,-0.7095227857595191,0.25880660913343917,1.596005053582509,-0.8242868469689864,0.5662923877146803
0,PAA-noAdaptive,1,-0.597964249732595,0.3392024880754317,0.8684058283919128,-0.6690793631432168,0.8508835410519063
0,PAA-noAdaptive,1,-0.4177348390398527,0.4187491458890185,0.5633356668893262,-0.43230857717698656,0.5006946687222777
0,PAA-noAdaptive,1,-0.41247705534243106,0.42021221489752153,0.6215404981423345,-0.4338787748699337,0.4907309486095855
0,PAA-noAdaptive,1,-0.4706582152928437,0.46868590727585835,0.6747429940891573,-0.6093398823495235,0.5500613139426941
0,PAA-noAdaptive,1,-0.6812811444860019,0.24622246026486277,1.537310666418436,-0.7362757520398058,0.43593613778884055
0,PAA-noAdaptive,1,-0.5383027545403894,0.3204843353344663,1.0807043010154629,-0.37799121713889383,0.18730047194933389
0,PAA-noAdaptive,1,-0.5015684323846676,0.37145098719299086,0.7397513981473143,-0.24440644712079043,0.3313790137702343
0,PAA-noAdaptive,1,-0.5246115665241506,0.44926354089953924,0.755129549685372,-0.6372941967931537,0.7000734485480598
0,PAA-noAdaptive,1,-0.5043895802520405,0.45475683226781766,0.7240467010585573,-0.5535766854176322,0.660621044289928
0,PAA-noAdaptive,1,-0.6861101891051461,0.2829227136980573,1.638646748247976,-0.8902443646409981,0.3579912391122847
0,PAA-noAdaptive,1,-0.6848838244029151,0.25225379745261883,1.4448051827559238,-0.7150639798701004,0.5576136202144987
0,PAA-noAdaptive,1,-0.656066513465159,0.29880997070662163,1.3544698050897952,-0.8487629645662444,0.7156630018278982
0,PAA-noAdaptive,1,-0.6766942732487073,0.2628328885157905,1.5595799441917928,-0.8190990190486698,0.33635754816459185
0,PAA-noAdaptive,1,-0.6884194372058113,0.27372374616965267,1.596005053582509,-0.8407389729770299,0.3665387361801856
0,PAA-noAdaptive,1,-0.4836903703709462,0.44095579618270647,0.6747429940891573,-0.5305799015555551,0.7108258274147934
0,PAA-noAdaptive,1,-0.5176042480972441,0.4082318128139491,0.8277458339029348,-0.48774695207960955,0.4017606202411015
0,PAA-noAdaptive,1,-0.4394123795199521,0.43811825286434136,0.6574873400494294,-0.40498250629321114,0.4705878298913051
0,PAA-noAdaptive,1,-0.5819072558624488,0.416710489173408,0.8415174812746266,-0.6011885537938084,0.8118997226713469
0,PAA-noAdaptive,1,-0.6216882895716801,0.33995288077914043,0.9803189452974894,-0.6175785129235003,0.7544789718822098
0,PAA-noAdaptive,1,-0.6640793810511136,0.3062644752370837,1.3962560587641581,-0.807721981592475,0.3410051533486761
0,PAA-noAdaptive,1,-0.6524212296000227,0.2813688343801865,1.5071065198237947,-0.7391469700328406,0.30539016124122254
0,PAA-noAdaptive,1,-0.6836691374292954,0.30326972561079985,1.574251127939735,-0.9147861949778097,0.4177834416576768
0,PAA-noAdaptive,1,-0.6903965580552803,0.24728229459237613,1.537310666418436,-0.7381016333167482,0.5555583680288787
0,PAA-noAdaptive,1,-0.6615657785081626,0.2892458118556309,1.396256058764158,-0.7483752800232878,0.5821750149868893
0,PAA-noAdaptive,1,-0.6262118768051208,0.3231896394848678,1.1121543523606332,-0.684913350212607,0.5249576252805093
0,PAA-noAdaptive,1,-0.5258517218390187,0.36247663762517135,0.8277458339029348,-0.27356294867506736,0.3174836360797252
0,PAA-noAdaptive,1,-0.5976979772455066,0.34792265840641534,0.8684058283919128,-0.6938576025323927,0.8444284017135264
0,PAA-noAdaptive,1,-0.5930377565510426,0.36991676975318183,1.059218945609956,-0.7620852445184101,0.4686775377152738
0,PAA-noAdaptive,1,-0.47403084373403476,0.43899741166607614,0.6397664390839423,-0.5061621027036884,0.6018965483637767
0,PAA-noAdaptive,1,-0.4908407849115825,0.4350601249337469,0.6397664390839423,-0.5153883271178392,0.7388338232169661
0,PAA-noAdaptive,1,-0.5326536891700193,0.34133927109687606,1.112154352360633,-0.3844814980501824,0.21518111438736484
0,PAA-noAdaptive,1,-0.4931424627432842,0.45595639326527965,0.7240467010585573,-0.4765526223432318,0.4969101257542582
0,PAA-noAdaptive,1,-0.6123054295246149,0.2874739533799806,1.2299387677605,-0.6860760942494458,0.4587102745932004
0,PAA-noAdaptive,1,-0.6277032364280852,0.31689142377020596,1.293703564449794,-0.82394865543301,0.4370199831501158
0,PAA-noAdaptive,1,-0.5415243362615275,0.34096307729616765,0.9072453912952236,-0.3109472201243298,0.2836524569241957
0,PAA-noAdaptive,1,-0.5730287450467626,0.3305961743136504,1.191971203281233,-0.7328127918071915,0.35255290839768744
0,PAA-noAdaptive,1,-0.6054741050384813,0.3271069000912489,1.162682171623153,-0.7426605888911764,0.4151231565307928
0,PAA-noAdaptive,1,-0.4405844638174651,0.4251456842111924,0.6215404981423344,-0.42535992058227723,0.4911579260896154
0,PAA-noAdaptive,1,-0.5327960671639491,0.4304947899059105,0.6574873400494295,-0.5093188404825133,0.6798524852621278
0,PAA-noAdaptive,1,-0.63503235035581,0.3265934223527924,1.122441895699651,-0.799836333501824,0.793464072253997
0,PAA-noAdaptive,1,-0.619511779185171,0.33519219927024135,0.9919746671444329,-0.577893119509121,0.7254911206410044
0,PAA-noAdaptive,1,-0.6483002982807633,0.28384540794495183,1.2484896411001856,-0.6882787490539481,0.42637666995352663
0,PAA-noAdaptive,1,-0.6424976624382471,0.30782309086345566,1.4448051827559238,-0.8546214528786583,0.3805862851293472
0,PAA-noAdaptive,1,-0.46496400889102174,0.39361891883347305,0.7240467010585573,-0.35412104825989354,0.42206558099259456
0,PAA-noAdaptive,1,-0.5273072659818954,0.33723385945709905,0.9565815297270427,-0.36456150288347233,0.24201790855664154
0,PAA-noAdaptive,1,-0.5480417171413012,0.3459969082491471,0.9685229624340641,-0.5285218989822893,0.6286489384360011
0,PAA-noAdaptive,1,-0.6840369073490983,0.2936295650200205,1.5298155376831448,-0.8666914419448041,0.3733778134558361
0,PAA-noAdaptive,1,-0.6596277077693993,0.27772085555446224,1.5071065198237947,-0.7795344295718921,0.42319452120489764
0,PAA-noAdaptive,1,-0.6450035335215922,0.3048292941520367,1.2392489169603274,-0.7237312197239112,0.6180260949042448
0,PAA-noAdaptive,1,-0.6119596855541041,0.35363965310675116,0.9565815297270429,-0.6023202686830437,0.76996702624533
0,PAA-noAdaptive,1,-0.6847176005153499,0.3022049493303876,1.5521923516684872,-0.880200132246982,0.43081720946978946
0,PAA-noAdaptive,1,-0.5471037975198828,0.35872677245832335,1.0372886595566415,-0.4375458153083983,0.21224646196701258
0,PAA-noAdaptive,1,-0.5884392903726988,0.3550707526927943,1.1427391744033624,-0.8319129830145556,0.46631835278508865
0,PAA-noAdaptive,1,-0.4591105300250514,0.3641368591826586,0.8137411503644992,-0.3974721015848265,0.3645005487170993
0,PAA-noAdaptive,1,-0.5357198482716814,0.38741484298639717,0.8550673523401053,-0.7102088900010148,0.5014705993974367
0,PAA-noAdaptive,1,-0.5589573401062304,0.3330705714870894,1.0148846002135226,-0.4709210717647315,0.2680093854937554
0,PAA-noAdaptive,1,-0.578525322291126,0.3266926649058704,1.1919712032812333,-0.6691982853453042,0.38192390524478853
0,PAA-noAdaptive,2,-0.5027571093352108,0.41193654466609003,0.54254821706694,-0.3012676720034125,0.44035966222657014
0,PAA-noAdaptive,2,-0.7043203820985572,0.27138673530826163,1.574251127939735,-0.8529044169088508,0.4448867484450279
0,PAA-noAdaptive,2,-0.6773120933410213,0.2506601428895678,1.574251127939735,-0.6832591622781192,0.3722659042229234
0,PAA-noAdaptive,2,-0.495907123661968,0.38605627006871784,0.5633356668893262,-0.21442210683951252,0.5602963824100906
0,PAA-noAdaptive,2,-0.44744771061481536,0.3975640133359418,0.7079937284797468,-0.4180607354087285,0.32913384961316233
0,PAA-noAdaptive,2,-0.49676872171692266,0.4362931493588277,0.6397664390839423,-0.4954481029211616,0.44778512480708954
0,PAA-noAdaptive,2,-0.6511477517890564,0.3173514982058719,1.574251127939735,-0.9413134982862565,0.44014180083437093
0,PAA-noAdaptive,2,-0.5144901079708636,0.38635447488208174,0.8137411503644991,-0.7038074301412545,0.9223830346134745
0,PAA-noAdaptive,2,-0.5527045153383969,0.3168594148806518,1.201575571988228,-0.41920336181969586,0.1780251425765054
0,PAA-noAdaptive,2,-0.6793127684973369,0.29119622896635744,1.7006056912958407,-0.9123974070906431,0.3938173145429777
0,PAA-noAdaptive,2,-0.5158717530325722,0.3838025416415974,0.7702007157586646,-0.6607681670089816,0.8485494120473802
0,PAA-noAdaptive,2,-0.45696456809232056,0.3947920699214668,0.7397513981473143,-0.40861598580120384,0.3231468188876021
0,PAA-noAdaptive,2,-0.492686630766112,0.38658287993663765,0.5633356668893262,-0.22342207784476056,0.5539372387764876
0,PAA-noAdaptive,2,-0.6789641119027041,0.2684551563929589,1.5147140218016457,-0.8288441134214379,0.5116290016535266
0,PAA-noAdaptive,2,-0.5352630970450682,0.37688356578626564,0.5833828754229664,-0.26660935546626546,0.45855404380065573
0,PAA-noAdaptive,2,-0.7016789274519463,0.2608423331729477,1.5669327069381127,-0.8397404595458322,0.3373521915598533
0,PAA-noAdaptive,2,-0.450473486263848,0.4221314303501357,0.6747429940891573,-0.3598635114600933,0.4652817656462139
0,PAA-noAdaptive,2,-0.5903492396331195,0.3333983694321213,1.0483111508478486,-0.7929033735660518,0.7278672494740288
0,PAA-noAdaptive,2,-0.6471999912991585,0.30532603986072493,1.396256058764158,-0.8398999720284689,0.5997999805381864
0,PAA-noAdaptive,2,-0.5707223611535979,0.31173147361321274,1.0700155515160485,-0.6788544645254189,0.8100312291412344
0,PAA-noAdaptive,2,-0.6042164106200933,0.31576402162330447,1.3459568890394897,-0.8669642520161878,0.6777044770206885
0,PAA-noAdaptive,2,-0.4664116639752233,0.4106458689837543,0.6215404981423345,-0.33497665845692554,0.37909857398009794
0,PAA-noAdaptive,2,-0.5110731783436462,0.36187066207113433,0.9198275413214969,-0.3907930705389431,0.22236711283214966
0,PAA-noAdaptive,2,-0.5259525796648089,0.3999678597270127,0.6747429940891573,-0.4797873531063869,0.49893544009559854
0,PAA-noAdaptive,2,-0.6852332916488746,0.28184976421156194,1.6103444173701353,-0.8773753459132049,0.4895061015579671
0,PAA-noAdaptive,2,-0.5509078134082774,0.40689741114316985,0.7397513981473143,-0.5343251848258053,0.7508862649383208
0,PAA-noAdaptive,2,-0.4748142316760681,0.43056387158785636,0.6397664390839424,-0.4505947836995595,0.559002942184756
0,PAA-noAdaptive,2,-0.6571958989474147,0.3022771187936176,1.2205576048237508,-0.7438228439917169,0.5070218114894922
0,PAA-noAdaptive,2,-0.48385006982657597,0.359078585478178,0.7702007157586646,-0.37167570785124876,0.2718736251483405
0,PAA-noAdaptive,2,-0.6747046554824239,0.29338583717510797,1.6595567729924292,-0.9323388646326756,0.40022182972628056
0,PAA-noAdaptive,2,-0.4672732515990088,0.4106458689837543,0.6397664390839424,-0.3348388094079575,0.3821450973908433
0,PAA-noAdaptive,2,-0.6948333864318368,0.284947985085038,1.638646748247976,-0.9004110570615522,0.4644147785525702
0,PAA-noAdaptive,2,-0.5074281954377349,0.3818964707357592,0.7849825783431665,-0.6395005334433274,0.8463750662441838
0,PAA-noAdaptive,2,-0.5859155839616306,0.32215914227831527,1.182288815689544,-0.6456849076381407,0.312904084331007
0,PAA-noAdaptive,2,-0.6398947007069223,0.2733935919660288,1.3200887962222396,-0.526142048096561,0.41862976172480104
0,PAA-noAdaptive,2,-0.4896123328064549,0.35000278695851683,0.8277458339029348,-0.3832221588264024,0.2662878861108578
0,PAA-noAdaptive,2,-0.5439780317776238,0.3565483936134769,1.0148846002135226,-0.5875330701168212,0.33950752925571237
0,PAA-noAdaptive,2,-0.6172398017367688,0.3007708297162867,1.2392489169603274,-0.5782788584551763,0.36035985240805374
0,PAA-noAdaptive,2,-0.5829487442599699,0.3426674408959209,1.0483111508478484,-0.7297916679140933,0.6373344539887896
0,PAA-noAdaptive,2,-0.5643480640050387,0.3530510855214338,1.0372886595566415,-0.673048987549374,0.691222221571399
0,PAA-noAdaptive,2,-0.5436586435785351,0.3662991968373454,0.8277458339029348,-0.7029882688120018,0.6998698202582323
0,PAA-noAdaptive,2,-0.6335447484210919,0.287885749807577,1.3459568890394897,-0.5909282952866886,0.2852579453683347
0,PAA-noAdaptive,2,-0.5957350805810189,0.32839166923324015,1.201575571988228,-0.616679868044299,0.27232706775747334
0,PAA-noAdaptive,2,-0.5390990323424498,0.356418752295244,0.8944862739468377,-0.544742398582285,0.4716323786522022
0,PAA-noAdaptive,2,-0.6506846967511143,0.3434553895891786,1.2392489169603271,-0.7706154600562595,0.42081658472250094
0,PAA-noAdaptive,2,-0.4770502702571182,0.4226320523535746,0.6747429940891573,-0.27932678892916124,0.4382471693014291
0,PAA-noAdaptive,2,-0.47906571261286857,0.4234355308473047,0.6747429940891573,-0.27909670043358603,0.4265868745851935
0,PAA-noAdaptive,2,-0.5565111390417935,0.34056290853599736,1.0912883633487742,-0.6081896699568304,0.3448201929584539
0,PAA-noAdaptive,2,-0.6703532299591938,0.28910867496901416,1.6870337002483238,-0.8906541120714859,0.39875426749186094
0,PAA-noAdaptive,2,-0.6259089302277013,0.27266931116335125,1.354469805089795,-0.5678423268085033,0.2312758460505726
0,PAA-noAdaptive,2,-0.694376648278948,0.27587114596720064,1.4917751340604715,-0.8042752941960861,0.4422606440466514
0,PAA-noAdaptive,2,-0.673838027947925,0.3108007464399705,1.5447694296661307,-0.8746208220199577,0.38488395237518314
0,PAA-noAdaptive,2,-0.5618005758108451,0.36253150027615744,0.8550673523401053,-0.6726789420920877,0.7606650333218361
0,PAA-noAdaptive,2,-0.6291549448961588,0.32019611272264353,1.0912883633487742,-0.7177251707696305,0.7390270865675623
0,PAA-noAdaptive,2,-0.5634230027278754,0.32588368451118066,1.1527538013223833,-0.4420170962596314,0.18928735006030067
0,PAA-noAdaptive,2,-0.5261332181855606,0.35094934353331875,0.9565815297270429,-0.45071042121623595,0.24862438394955239
0,PAA-noAdaptive,2,-0.5588223315902658,0.34941506564900904,0.8137411503644991,-0.46588371398938966,0.44960969949435087
0,PAA-noAdaptive,2,-0.6644429940272988,0.27771813437126264,1.4288054467365827,-0.6928967538314297,0.2978336307433637
0,PAA-noAdaptive,2,-0.6669358580970132,0.28651196950236535,1.5071065198237947,-0.8361549729365029,0.5928991348913706
0,PAA-noAdaptive,2,-0.5725421351090759,0.3709455866473278,0.6747429940891573,-0.5114069108350827,0.5423680461608987
0,PAA-noAdaptive,3,-0.6723188195882747,0.25402253213280257,1.4762845386668806,-0.7479750063329211,0.3694313322390488
0,PAA-noAdaptive,3,-0.47992414533849564,0.39669990365077423,0.7240467010585573,-0.37632367205077644,0.374938247469722
0,PAA-noAdaptive,3,-0.6681428693238635,0.325446801631749,1.5669327069381127,-0.9405804169509688,0.42903626878759893
0,PAA-noAdaptive,3,-0.5255509030570129,0.38646822250680357,0.54254821706694,-0.44042257445390953,0.5358603083451172
0,PAA-noAdaptive,3,-0.7070833706022983,0.26302998471703615,1.5815356839371835,-0.8278002891222712,0.4308976046446296
0,PAA-noAdaptive,3,-0.5519651034722644,0.31014535861364284,1.2667688800364187,-0.49019014710513764,0.2048098716125372
0,PAA-noAdaptive,3,-0.5546428134648698,0.4059648508883889,0.8137411503644992,-0.6696915887702387,0.8833492780475565
0,PAA-noAdaptive,3,-0.6870903983029731,0.275277565777745,1.6938332891759678,-0.8672994988515219,0.41680204214751654
0,PAA-noAdaptive,3,-0.5038139622129142,0.38593999834941706,0.7994911844726069,-0.2838042365293331,0.2973632397904301
0,PAA-noAdaptive,3,-0.4941774431520402,0.46272009420049764,0.7240467010585573,-0.5927496867136958,0.4560135565940865
0,PAA-noAdaptive,3,-0.6754238212067613,0.31586601270881653,1.5298155376831448,-0.9075719783687874,0.40401140153369114
0,PAA-noAdaptive,3,-0.6893285288098576,0.28040658937662755,1.603190767440991,-0.8763224901751003,0.5573892103299973
0,PAA-noAdaptive,3,-0.4957749267523301,0.4343637330113618,0.6215404981423344,-0.45894611692902443,0.42777152768810023
0,PAA-noAdaptive,3,-0.5398726677478286,0.4254649258270609,0.6747429940891573,-0.6016105741636644,0.8177538510606656
0,PAA-noAdaptive,3,-0.6405785999579517,0.2764076164674818,1.4368275854712884,-0.6870653112954047,0.5232443032205987
0,PAA-noAdaptive,3,-0.544053790053671,0.42729719892137574,0.7397513981473143,-0.6361419582805556,0.7301676680621088
0,PAA-noAdaptive,3,-0.6571300659806285,0.2966738022470846,1.3025580288099372,-0.7761761347749977,0.682928514341108
0,PAA-noAdaptive,3,-0.48548113054421727,0.3807388894296251,0.7849825783431665,-0.3840254793521417,0.3308577280049854
0,PAA-noAdaptive,3,-0.5195202757308393,0.41874592379706216,0.6574873400494294,-0.507378860339456,0.7800793325363375
0,PAA-noAdaptive,3,-0.6143130741578282,0.3265080101486363,1.0261477756627881,-0.640850808855195,0.465949130411877
0,PAA-noAdaptive,3,-0.5370367031832576,0.32379959081013404,1.2205576048237503,-0.48029009765857644,0.23271870998869143
0,PAA-noAdaptive,3,-0.6803464219452865,0.2711347442360998,1.596005053582509,-0.8355875034424669,0.35982942844960925
0,PAA-noAdaptive,3,-0.5254611777289526,0.38440669444527575,0.5833828754229664,-0.3543488624466062,0.4936857568407008
0,PAA-noAdaptive,3,-0.6984490402103875,0.26040500554219503,1.5447694296661307,-0.7692385578887716,0.4887941468792872
0,PAA-noAdaptive,3,-0.5411762036345676,0.3474622998568251,0.9322398894708788,-0.4153199896993753,0.24901963604852853
0,PAA-noAdaptive,3,-0.6577545715820903,0.30614255943511515,1.3796934333906816,-0.7561345702552119,0.5042689515648583
0,PAA-noAdaptive,3,-0.6939493516152673,0.26584156239619167,1.5815356839371835,-0.8264773880816563,0.3045997174652588
0,PAA-noAdaptive,3,-0.6553905020658302,0.2927703384958706,1.3200887962222396,-0.7475665652610302,0.3480135309783142
0,PAA-noAdaptive,3,-0.6853996935367384,0.28384452876635036,1.4994604217345198,-0.8637448280179498,0.3818933012311034
0,PAA-noAdaptive,3,-0.5234512150155644,0.45184315774514533,0.7849825783431665,-0.5153544260979024,0.369301104477531
0,PAA-noAdaptive,3,-0.5120380207688359,0.39498376983293637,0.6215404981423345,-0.4266078471365701,0.4330441814798858
0,PAA-noAdaptive,3,-0.6452773816479417,0.3060087337369837,1.201575571988228,-0.7325813180391935,0.5885548569910337
0,PAA-noAdaptive,3,-0.5644510372401321,0.37138547219301576,0.6747429940891573,-0.4801426869771442,0.7499840797641102
0,PAA-noAdaptive,3,-0.5141690552782882,0.4598031867923648,0.7079937284797467,-0.6494611766801789,0.5483205440163189
0,PAA-noAdaptive,3,-0.6038377842571132,0.34582425793518173,0.9072453912952236,-0.7531932108659379,0.6515777249988093
0,PAA-noAdaptive,3,-0.5725068757236267,0.41779518010590433,0.7702007157586646,-0.7114239337844833,0.8131959710457576
0,PAA-noAdaptive,3,-0.5846689634997233,0.3695118518865673,0.8550673523401052,-0.5360337042518823,0.6618191820858237
0,PAA-noAdaptive,3,-0.5062029274642599,0.39034050984597346,0.7240467010585573,-0.3255190870680355,0.333901914185165
0,PAA-noAdaptive,3,-0.5334986469822699,0.3950592736509987,0.5633356668893262,-0.4564113343128019,0.7362554802761083
0,PAA-noAdaptive,3,-0.6020299280860695,0.33577576554829225,1.1224418956996507,-0.8017260296135321,0.5400085761217921
0,PAA-noAdaptive,3,-0.634978775154664,0.3007315688099521,1.3287674498039936,-0.6706517155110167,0.2536421756840047
0,PAA-noAdaptive,3,-0.6507711353266492,0.3319315753420676,1.1725264764419854,-0.734018672066835,0.612064413896519
0,PAA-noAdaptive,3,-0.5605514926789923,0.41015287308794185,0.7079937284797466,-0.6045565781053088,0.6192390925739787
0,PAA-noAdaptive,3,-0.591902262926068,0.31226541667359775,1.003495015435271,-0.5717364412021665,0.6749749336859552
0,PAA-noAdaptive,3,-0.5950712320318082,0.36739450313036126,0.9072453912952236,-0.5873591671006121,0.3196320581240161
0,PAA-noAdaptive,3,-0.643335909395765,0.3128926505610525,1.3629295501408405,-0.7813195057132083,0.3288074209295402
0,PAA-noAdaptive,3,-0.5296495728205883,0.4156062249298634,0.6397664390839424,-0.4454039163524907,0.5047309463865499
0,PAA-noAdaptive,3,-0.5181927265531708,0.3820319166209876,0.7240467010585573,-0.3191098355757935,0.31393875389425246
0,PAA-noAdaptive,3,-0.5315068350464877,0.454061306091452,0.8137411503644992,-0.5401638386400913,0.37570301610959944
0,PAA-noAdaptive,3,-0.5064552086742469,0.43110903615752105,0.6747429940891573,-0.5469776341413362,0.42774311791560127
0,PAA-noAdaptive,3,-0.6211968177244532,0.37617754688504784,0.9803189452974895,-0.658519002861634,0.4318493634923275
0,PAA-noAdaptive,3,-0.5685862293711056,0.3724347918659598,0.8684058283919127,-0.5054131394651751,0.48218536707074494
0,PAA-noAdaptive,3,-0.5178958443219212,0.400204064765784,0.755129549685372,-0.5132277319421125,0.361461087544506
0,PAA-noAdaptive,3,-0.5286872582487222,0.36219037366556994,0.9919746671444329,-0.4884115641155404,0.2720974419445185
0,PAA-noAdaptive,3,-0.5888430021660553,0.30918985163304435,1.182288815689544,-0.6234799029101835,0.2716422670177693
0,PAA-noAdaptive,3,-0.625657058516475,0.3135521305168571,1.059218945609956,-0.5224686985195539,0.374602597699189
0,PAA-noAdaptive,3,-0.5611984896936842,0.3594189728958452,0.9565815297270427,-0.44273742380704506,0.32926612905787966
0,PAA-noAdaptive,3,-0.6539986274442189,0.3429459852667398,1.2667688800364192,-0.7754061697212039,0.5022536670234304
0,PAA-noAdaptive,3,-0.5510017743977228,0.3108308371054999,1.1427391744033624,-0.48686645856059235,0.2639304064417539
0,PAA-noAdaptive,3,-0.6292335375667684,0.27911201758306337,1.4448051827559238,-0.7016469830533423,0.5057424123001467
0,PAA-noAdaptive,4,-0.41802894418753656,0.4359065682297304,0.7397513981473142,-0.3906470639518803,0.34873631613416584
0,PAA-noAdaptive,4,-0.5025991550695539,0.3608625356644194,0.8815425052328281,-0.25876923380068606,0.2943252859851045
0,PAA-noAdaptive,4,-0.7064659441727674,0.26104857362673856,1.6245572178441157,-0.7802167599715611,0.545258285459743
0,PAA-noAdaptive,4,-0.5424360457082296,0.3828400541531934,0.7994911844726069,-0.6082498209258896,0.9456323272073416
0,PAA-noAdaptive,4,-0.680834969399816,0.24919574373948392,1.596005053582509,-0.731590072527742,0.452066360949425
0,PAA-noAdaptive,4,-0.5055415809643574,0.38328184892735667,0.5833828754229664,-0.3081905142579766,0.5801961935002575
0,PAA-noAdaptive,4,-0.4890040459244805,0.4759216389202157,0.6574873400494295,-0.5446383089053626,0.7618784970780548
0,PAA-noAdaptive,4,-0.5227048348117206,0.35541739302720926,1.0912883633487742,-0.45475791330547094,0.18591931192074132
0,PAA-noAdaptive,4,-0.6885626912275674,0.29268441108172066,1.6733516349767308,-0.9402542061413526,0.49272346030990216
0,PAA-noAdaptive,4,-0.4433086690137925,0.4245657964118303,0.7397513981473143,-0.38371286292981893,0.3626513563899211
0,PAA-noAdaptive,4,-0.5934355491916086,0.3711686571603838,0.9565815297270427,-0.7730636670814954,0.8318433351630027
0,PAA-noAdaptive,4,-0.4822063086163485,0.4053890596008262,0.755129549685372,-0.3535946897839045,0.28611143942745604
0,PAA-noAdaptive,4,-0.6424345564214999,0.2917912114753074,1.2576624704910284,-0.6991159876791541,0.666069154696216
0,PAA-noAdaptive,4,-0.4950088093268631,0.36568112533154346,0.8277458339029348,-0.284675978563191,0.2831291953535039
0,PAA-noAdaptive,4,-0.5491247697284358,0.38974711823979746,0.7702007157586646,-0.6201925883263643,0.9253038945005507
0,PAA-noAdaptive,4,-0.6638079193932814,0.2997216837570453,1.3287674498039936,-0.6786932554716476,0.3167594290488265
0,PAA-noAdaptive,4,-0.6549647573867119,0.2961950889712629,1.2758102920010679,-0.8220997664254032,0.5136568462510466
0,PAA-noAdaptive,4,-0.6386520610000801,0.30841148267145,1.396256058764158,-0.9106692095776279,0.5292280976323024
0,PAA-noAdaptive,4,-0.45969023483802174,0.4233787677909386,0.7240467010585573,-0.45840139422244713,0.37570812725969216
0,PAA-noAdaptive,4,-0.7036012041090949,0.27589539941342217,1.6456462776948126,-0.8129271411849178,0.5724604596314311
0,PAA-noAdaptive,4,-0.5590443676685402,0.34114833214334905,1.0148846002135226,-0.6976293136912556,0.8062858238724928
0,PAA-noAdaptive,4,-0.5174600102226528,0.44615329973769374,0.6915682278846585,-0.6291352892943013,0.7030965483000265
0,PAA-noAdaptive,4,-0.6644908402005434,0.2695415714915065,1.3796934333906816,-0.7962595676639423,0.33802456909648654
0,PAA-noAdaptive,4,-0.46649962304726034,0.4011690398294266,0.8944862739468376,-0.4226896878391953,0.23110013160893167
0,PAA-noAdaptive,4,-0.6290163453232792,0.3249009142629853,1.1224418956996507,-0.7478374382534838,0.6842606935467609
0,PAA-noAdaptive,4,-0.4773211561302462,0.46475717594491145,0.6574873400494294,-0.49780400290324545,0.7557832317255542
0,PAA-noAdaptive,4,-0.6145216022786136,0.31843904462607403,1.211103777942239,-0.7920645698056576,0.5719238724160276
0,PAA-noAdaptive,4,-0.5664530061606061,0.31939219142902314,0.9803189452974894,-0.6458070480394273,0.6166419976336509
0,PAA-noAdaptive,4,-0.5320728074356149,0.4190495656543242,0.755129549685372,-0.6588219742458838,0.8871058699129251
0,PAA-noAdaptive,4,-0.4742096472479547,0.40450503119701764,0.9072453912952236,-0.4887398167570353,0.2233142971013898
0,PAA-noAdaptive,4,-0.6339066467875119,0.32838810691916126,1.211103777942239,-0.5960767327365575,0.2687472507252514
0,PAA-noAdaptive,4,-0.6770841688958587,0.26498890912000805,1.484050047961325,-0.8374184271957607,0.33606633570051836
0,PAA-noAdaptive,4,-0.49652865002872987,0.45334413861615097,0.6747429940891573,-0.5069099015069704,0.7297961160461955
0,PAA-noAdaptive,4,-0.6574850140676716,0.29108082480087666,1.5595799441917928,-0.8573813472085561,0.47068365190657363
0,PAA-noAdaptive,4,-0.4790772118372949,0.41118870310288286,0.7849825783431665,-0.4114468480964484,0.3933223098890122
0,PAA-noAdaptive,4,-0.43268290980997204,0.4305710737133596,0.7240467010585573,-0.38829767528205184,0.36591523675178317
0,PAA-noAdaptive,4,-0.6678156938900701,0.2878895545243202,1.4368275854712882,-0.8557552916567912,0.5022841981066479
0,PAA-noAdaptive,4,-0.6724179460086994,0.2936850621449363,1.6664684781093735,-0.924855687955452,0.4855586601704709
0,PAA-noAdaptive,4,-0.667465521808021,0.2834874535352462,1.404464128193649,-0.8004322831466283,0.5074198115509476
0,PAA-noAdaptive,4,-0.6845270055105643,0.301793068721201,1.4762845386668806,-0.8820545752705231,0.5263031469729877
0,PAA-noAdaptive,4,-0.4713789495038389,0.4155932445391821,0.7397513981473143,-0.4399691859436092,0.3872860683778804
0,PAA-noAdaptive,4,-0.43012924152269233,0.4340019034951174,0.7079937284797467,-0.4081853696812049,0.36070926325657016
0,PAA-noAdaptive,4,-0.48665197003781097,0.38409180879748595,0.6397664390839423,-0.3065879549400911,0.42182670190320426
0,PAA-noAdaptive,4,-0.697073381391099,0.278364824673986,1.6174664288022447,-0.8797552886301834,0.3577239444421588
0,PAA-noAdaptive,4,-0.5884367485320824,0.35384772407430776,1.0034950154352709,-0.6755871480036559,0.4173763448091525
0,PAA-noAdaptive,4,-0.6224943451071914,0.29992200978852845,1.2847880786040071,-0.6537291155379897,0.423285087282951
0,PAA-noAdaptive,4,-0.6926422272759503,0.2856775770372813,1.5071065198237945,-0.7866970641601181,0.5984733142156223
0,PAA-noAdaptive,4,-0.5561069892844555,0.3763524128282499,0.8277458339029348,-0.5742548378598963,0.3470988104001994
0,PAA-noAdaptive,4,-0.5036990324711154,0.4607228189150274,0.6215404981423345,-0.5307485603227546,0.7580772975375052
0,PAA-noAdaptive,4,-0.5295789647196122,0.4401020524873983,0.6397664390839424,-0.6007561974927894,0.7797769074710574
0,PAA-noAdaptive,4,-0.5821629674942198,0.3384682595076229,0.8137411503644991,-0.49250709398549103,0.3409991187285171
0,PAA-noAdaptive,4,-0.5146684904442369,0.3788231514173282,0.8684058283919128,-0.4614953776512696,0.25835080398587384
0,PAA-noAdaptive,4,-0.5611568022880429,0.3988793178986102,0.7849825783431665,-0.6840149945580418,0.7914057868970898
0,PAA-noAdaptive,4,-0.6821385045588831,0.26045937287660037,1.5222835063120284,-0.841058164769699,0.3210901242105941
0,PAA-noAdaptive,4,-0.5348351528112296,0.3448699511810403,0.8550673523401052,-0.5178677877945411,0.46406057082777413
0,PAA-noAdaptive,4,-0.5215131898267571,0.4122534221916965,0.7702007157586646,-0.6465036236251231,0.8600208684830548
0,PAA-noAdaptive,4,-0.42181425475471845,0.44237242913205854,0.7702007157586644,-0.42078642922939496,0.3625492836432552
0,PAA-noAdaptive,4,-0.5100517468407506,0.40140262101159313,0.6915682278846585,-0.5597579202630476,0.5793281456546946
0,PAA-noAdaptive,4,-0.5620372975950099,0.41350709394237084,0.755129549685372,-0.6302635011186675,0.7221553280490521
0,PAA-noAdaptive,4,-0.6061612578380131,0.3045639717707417,1.1626821716231532,-0.5375476536860953,0.25092931878632074
0,PAA-noAdaptive,5,-0.4514796991926655,0.4584634802506379,0.5633356668893262,-0.47701816291023125,0.714244085428724
0,PAA-noAdaptive,5,-0.43501557174762695,0.4956737775815802,0.6027637058449147,-0.5111921852716582,0.7477647335839254
0,PAA-noAdaptive,5,-0.4126834845036343,0.4575987790615206,0.755129549685372,-0.5421871747287643,0.666073536171606
0,PAA-noAdaptive,5,-0.45527517113950006,0.4876594689907646,0.7079937284797468,-0.6938431045639597,0.9373761570399515
0,PAA-noAdaptive,5,-0.7002835724686494,0.24858307509130037,1.537310666418436,-0.7647392938374022,0.4499808365448786
0,PAA-noAdaptive,5,-0.516662709364829,0.36138716663040266,1.1224418956996507,-0.3868817626129638,0.20104844526888196
0,PAA-noAdaptive,5,-0.7007881748648874,0.29580346855744866,1.6245572178441157,-0.8777888971295649,0.45664149176415736
0,PAA-noAdaptive,5,-0.7087944173498744,0.282646840047692,1.596005053582509,-0.8263429916330555,0.43052939570351373
0,PAA-noAdaptive,5,-0.6884525319682193,0.290824221211092,1.6174664288022447,-0.9372833931088923,0.39105235679359085
0,PAA-noAdaptive,5,-0.4947164561663525,0.4037262209724961,0.7240467010585573,-0.17252669839343904,0.3874213274597489
0,PAA-noAdaptive,5,-0.6170354744470913,0.33878485049150575,1.2484896411001858,-0.7600592882740762,0.5576831265195628
0,PAA-noAdaptive,5,-0.6372233057702322,0.29907334728551194,1.3713371082247576,-0.6335271801030101,0.2805024615484803
0,PAA-noAdaptive,5,-0.4588491841042428,0.4821056857726894,0.7240467010585573,-0.7071045704536244,0.9158417155406916
0,PAA-noAdaptive,5,-0.4885905023886335,0.43607193544335504,0.6215404981423345,-0.5176845504402632,0.7157816989120367
0,PAA-noAdaptive,5,-0.607476812352455,0.3161376697962182,1.2111037779422387,-0.6780852521178936,0.2620198995395696
0,PAA-noAdaptive,5,-0.6538788652640342,0.31463793589056877,1.3287674498039936,-0.7345250874451952,0.3499108608252258
0,PAA-noAdaptive,5,-0.5781896387034131,0.3163919800513729,1.4527389723778685,-0.4688966135905881,0.23914716954073026
0,PAA-noAdaptive,5,-0.42025367036748246,0.46667806805737977,0.6027637058449147,-0.4554434560909302,0.6381907438100493
0,PAA-noAdaptive,5,-0.7059068833544899,0.27312182338473584,1.5595799441917928,-0.8660692753094044,0.42441138653330557
0,PAA-noAdaptive,5,-0.5549278536024851,0.35273753799466656,1.059218945609956,-0.6096182338331788,0.4988462287204264
0,PAA-noAdaptive,5,-0.5766340003842132,0.32988020437144455,1.0372886595566415,-0.6782203297183849,0.7682198498366573
0,PAA-noAdaptive,5,-0.6712519297388104,0.294245906339366,1.4606296681954094,-0.8564391651689889,0.3329997580325824
0,PAA-noAdaptive,5,-0.47456664957049266,0.43079322978630613,0.7240467010585573,-0.45508748581886616,0.515015103548953
0,PAA-noAdaptive,5,-0.5143924632979088,0.37399475842636254,0.7994911844726069,-0.24719513710143506,0.40523105807146875
0,PAA-noAdaptive,5,-0.5027482476565868,0.4098415863236141,0.6915682278846585,-0.23485239643368994,0.3864653400391248
0,PAA-noAdaptive,5,-0.6139766996037948,0.33087880016270177,1.0148846002135226,-0.5487221816450562,0.3740373269329863
0,PAA-noAdaptive,5,-0.6019745762884534,0.35609611866940877,0.9803189452974894,-0.5603708204067012,0.3154406043001803
0,PAA-noAdaptive,5,-0.6782421990326496,0.28572636129202067,1.5071065198237947,-0.8963074996939924,0.38148788225940544
0,PAA-noAdaptive,5,-0.4676105636189648,0.43464661971924023,0.7079937284797468,-0.4349769625561679,0.459898540712848
0,PAA-noAdaptive,5,-0.5403229851002922,0.41267006696430525,0.755129549685372,-0.6226031861173241,0.812906022430715
0,PAA-noAdaptive,5,-0.6236447587842974,0.3090030802184174,1.2847880786040071,-0.6162435934666506,0.3357672359218533
0,PAA-noAdaptive,5,-0.681064254909345,0.2893643252556206,1.404464128193649,-0.8293191928353423,0.45391421730414516
0,PAA-noAdaptive,5,-0.4500380845741418,0.45539835217645985,0.6574873400494295,-0.33234801083027204,0.48462306167478386
0,PAA-noAdaptive,5,-0.5336658971006056,0.39983043679682184,0.881542505232828,-0.40164278906312434,0.3809289111776664
0,PAA-noAdaptive,5,-0.6117852839516675,0.3026750372612202,1.1725264764419856,-0.5798187278838351,0.4160191048592983
0,PAA-noAdaptive,5,-0.5234040874937621,0.3742815332489371,0.8277458339029348,-0.28465392770721126,0.3024120548654065
0,PAA-noAdaptive,5,-0.5736633215797637,0.37986601621957544,0.8550673523401052,-0.3740503504644244,0.3630189972092232
0,PAA-noAdaptive,5,-0.6456887982739098,0.27807470945803126,1.3544698050897952,-0.6944833253593579,0.35953378839640493
0,PAA-noAdaptive,5,-0.5467066963905431,0.35860548653889157,0.9919746671444329,-0.6185336753685503,0.5452520529782656
0,PAA-noAdaptive,5,-0.5049528826349815,0.39822817701001634,0.7079937284797468,-0.18969915828648715,0.39349689917643793
0,PAA-noAdaptive,5,-0.6590046002763135,0.32345351265215144,1.2758102920010677,-0.7792761854458331,0.3750995010654346
0,PAA-noAdaptive,5,-0.43836906680159704,0.45960461751811144,0.6397664390839424,-0.4768561533389901,0.6429974708977659
0,PAA-noAdaptive,5,-0.4784917249745332,0.4600953420740118,0.6915682278846585,-0.5902814299268698,0.8625932209902467
0,PAA-noAdaptive,5,-0.5187405521577894,0.4040310444333571,0.7240467010585573,-0.6768022938365112,0.8372798353211206
0,PAA-noAdaptive,5,-0.4658481942955791,0.4699699486511649,0.7079937284797468,-0.6721023488042149,0.8589216907520424
0,PAA-noAdaptive,5,-0.580450026518449,0.3278353444352911,1.1326360028574725,-0.4000268160109566,0.442359506353425
0,PAA-noAdaptive,5,-0.6615674811512268,0.31397395802053907,1.2937035644497943,-0.7001370738036898,0.31439585687318516
0,PAA-noAdaptive,5,-0.44669019888667316,0.44751137357230686,0.7397513981473143,-0.5671991633707956,0.673893535493038
0,PAA-noAdaptive,5,-0.5616317195557319,0.357939157758532,1.0807043010154629,-0.7968866922344091,0.5768835535240866
0,PAA-noAdaptive,5,-0.48057488561820116,0.47201777807055745,0.6915682278846585,-0.6475990652083402,0.7405304838627398
0,PAA-noAdaptive,5,-0.49881155723701676,0.41681343566183193,0.6747429940891573,-0.3087380593519688,0.4478774961048188
0,PAA-noAdaptive,5,-0.6819987965738259,0.2869217678046233,1.5147140218016457,-0.9170388591888896,0.3851006321159072
0,PAA-noAdaptive,5,-0.6723411121854529,0.2639061926593304,1.4448051827559238,-0.7656549253225816,0.46069246705593675
0,PAA-noAdaptive,5,-0.7018990562879875,0.25438066459634423,1.5669327069381127,-0.7761183461980943,0.4358055081598041
0,PAA-noAdaptive,5,-0.5246486548163073,0.42154929625028137,0.6574873400494294,-0.33880182666132663,0.5184628797895801
0,PAA-noAdaptive,5,-0.4315980246516272,0.43599061177703796,0.7397513981473143,-0.5284512861335247,0.7023755982595292
0,PAA-noAdaptive,5,-0.5401567809112224,0.4193119696391321,0.7702007157586646,-0.6396287766729488,0.8256110755433059
0,PAA-noAdaptive,5,-0.6412677205437809,0.36053431984495987,1.112154352360633,-0.7076328299837324,0.712770454514512
0,PAA-noAdaptive,5,-0.5746011093176904,0.39817198702384343,0.8415174812746264,-0.7212459487714064,0.5956713337075176
0,PAA-noAdaptive,5,-0.6959851027140698,0.2991145632940734,1.5147140218016457,-0.8247261198689287,0.4731177421578214
0,PAA-noAdaptive,6,-0.5506936628141654,0.4350345406662557,0.8550673523401053,-0.7418671687635007,0.950045124851445
0,PAA-noAdaptive,6,-0.5516081536702784,0.36223568260668426,1.003495015435271,-0.45540137759615257,0.2036475019123607
0,PAA-noAdaptive,6,-0.685639642182521,0.29301720608025394,1.7406868620606524,-0.934082393170146,0.3731359298539479
0,PAA-noAdaptive,6,-0.7053713390663369,0.3030300247458464,1.596005053582509,-0.79233792579896,0.5097116379975151
0,PAA-noAdaptive,6,-0.4336898740589298,0.44702707159693544,0.7079937284797468,-0.5262024325388155,0.39384235147977154
0,PAA-noAdaptive,6,-0.502220510617558,0.39443557427337844,0.7240467010585573,-0.2193039777954097,0.3177837902924314
0,PAA-noAdaptive,6,-0.505666385295548,0.4041285915439925,0.5633356668893262,-0.38480575638424075,0.6148704162934199
0,PAA-noAdaptive,6,-0.45286428287029856,0.472830602422734,0.6915682278846585,-0.6514449755255297,0.7060059046417256
0,PAA-noAdaptive,6,-0.6768302225362628,0.2552270355081555,1.6103444173701353,-0.7483946783755409,0.3511364434201009
0,PAA-noAdaptive,6,-0.6875712181054252,0.29195570368255047,1.7140702228211238,-0.9405758370135284,0.5010152871714506
0,PAA-noAdaptive,6,-0.6634883450616161,0.3123912838310162,1.4762845386668806,-0.864498791160577,0.4007737413046201
0,PAA-noAdaptive,6,-0.688719582085211,0.28264478540324145,1.6938332891759678,-0.9171333591374221,0.5008725810838833
0,PAA-noAdaptive,6,-0.6788758183357453,0.2633684168123295,1.6456462776948126,-0.8290704086338728,0.34749245883731095
0,PAA-noAdaptive,6,-0.4804721849649887,0.42330837233365093,0.6574873400494294,-0.4696169090398318,0.47174112250807465
0,PAA-noAdaptive,6,-0.5673940080581198,0.334836300680791,1.0261477756627881,-0.3633061455690042,0.24505318658556846
0,PAA-noAdaptive,6,-0.6848714859817775,0.2837269863378647,1.6733516349767308,-0.8929058624961325,0.5008145338868407
0,PAA-noAdaptive,6,-0.4655302629974199,0.46380963575141665,0.6397664390839424,-0.6093611564658603,0.7204328556430527
0,PAA-noAdaptive,6,-0.500110224434362,0.39835014588091155,0.6215404981423344,-0.34589436068879775,0.4336953339839205
0,PAA-noAdaptive,6,-0.6281658603351085,0.3236109600776722,1.2392489169603271,-0.7255970375410423,0.4450775868972114
0,PAA-noAdaptive,6,-0.5577581168248382,0.41642853225019605,0.8415174812746264,-0.7116692618842372,0.82449817676466
0,PAA-noAdaptive,6,-0.5521507950648037,0.3912342211200158,0.8550673523401052,-0.6776813783683668,0.8775843884918182
0,PAA-noAdaptive,6,-0.49492199024398104,0.37377766951779257,0.9565815297270427,-0.3048822440248746,0.2247588610090058
0,PAA-noAdaptive,6,-0.6073936146147675,0.3598306063802024,1.1224418956996507,-0.7210842991079811,0.6289488385613891
0,PAA-noAdaptive,6,-0.5900791315719152,0.35748125236289663,1.2111037779422387,-0.8098493562052134,0.7130119482346835
0,PAA-noAdaptive,6,-0.6576703123080685,0.26709190693839846,1.5222835063120284,-0.7530804451611981,0.37213303873309656
0,PAA-noAdaptive,6,-0.6133880808791992,0.31892786587269906,1.2758102920010679,-0.7305421278577547,0.3058661752033923
0,PAA-noAdaptive,6,-0.5221003723601305,0.38762522026331536,0.7994911844726069,-0.6489421481791006,0.6576711575854264
0,PAA-noAdaptive,6,-0.5425775539579718,0.40733723938441957,0.755129549685372,-0.6297750221964683,0.8427494820042124
0,PAA-noAdaptive,6,-0.606484218390175,0.37967239405929964,1.1326360028574725,-0.82464266938947,0.6127408593225167
0,PAA-noAdaptive,6,-0.6704198533271546,0.2991856719205234,1.574251127939735,-0.852041888862081,0.482080643085461
0,PAA-noAdaptive,6,-0.48579408310479816,0.4105160306567547,0.8137411503644992,-0.5557926753078115,0.6145156302962185
0,PAA-noAdaptive,6,-0.6482491134013166,0.3283557992550238,1.3796934333906816,-0.8133526214701288,0.5482646715563861
0,PAA-noAdaptive,6,-0.6188548931474817,0.2849013988836072,1.3459568890394897,-0.6282384003273906,0.28481350492962304
0,PAA-noAdaptive,6,-0.5108587677229588,0.4352780770036892,0.7702007157586646,-0.6800990487206409,0.9092165459643506
0,PAA-noAdaptive,6,-0.6714014958988516,0.2903052066852119,1.5447694296661307,-0.8438113415504487,0.3895572175843678
0,PAA-noAdaptive,6,-0.5623271782802752,0.37641660594187065,0.7849825783431665,-0.6642186100753528,0.7831335827187145
0,PAA-noAdaptive,6,-0.5076273964685789,0.37918784658902915,0.7702007157586646,-0.2513841899479533,0.27325602409729877
0,PAA-noAdaptive,6,-0.49073532129584335,0.4539730074516647,0.7397513981473143,-0.6562450595461203,0.7461458083944732
0,PAA-noAdaptive,6,-0.45074731265932827,0.4457126920531541,0.6915682278846585,-0.4232920008073238,0.44368766113493746
0,PAA-noAdaptive,6,-0.6080268775806826,0.34678656428908666,1.0807043010154629,-0.6506297307125273,0.4645567443985582
0,PAA-noAdaptive,6,-0.5655117171245578,0.34002277618331894,1.003495015435271,-0.3886626339729229,0.2573733335659716
0,PAA-noAdaptive,6,-0.5887067573543385,0.3153622842183665,1.0700155515160485,-0.5080691200934636,0.300330940795278
0,PAA-noAdaptive,6,-0.4929177282154976,0.4013089741267363,0.5833828754229664,-0.49810031577008473,0.5298534681701657
0,PAA-noAdaptive,6,-0.47356617264924933,0.4547991729285122,0.6747429940891573,-0.599196758588908,0.593405346305031
0,PAA-noAdaptive,6,-0.4972100104168442,0.4435644315241876,0.7849825783431665,-0.3847069087385614,0.3676574713769897
0,PAA-noAdaptive,6,-0.44453589253875103,0.400388545289735,0.7240467010585573,-0.5375238474711553,0.5324651210754701
0,PAA-noAdaptive,6,-0.5149789288795575,0.4374307464044513,0.7849825783431665,-0.6360820845816697,0.7622332749278129
0,PAA-noAdaptive,6,-0.6997548960521514,0.2952448239471498,1.603190767440991,-0.747928431557251,0.49034097108301766
0,PAA-noAdaptive,6,-0.48640262155709485,0.45821194380524577,0.6915682278846585,-0.6898011035910665,0.7375316823736254
0,PAA-noAdaptive,6,-0.45803735482758406,0.4717173460996401,0.6915682278846585,-0.6738069885125427,0.724982146311016
0,PAA-noAdaptive,6,-0.6334741298676942,0.31287677858213686,1.404464128193649,-0.8079430053989002,0.5776585703630509
0,PAA-noAdaptive,6,-0.5121255859773428,0.3834540320871167,0.7994911844726069,-0.2780332643695566,0.2701879044614592
0,PAA-noAdaptive,6,-0.5439260155680211,0.43299524536031886,0.8277458339029348,-0.7470506845394183,0.9332847834295592
0,PAA-noAdaptive,6,-0.650134194420102,0.3106737807795719,1.4368275854712884,-0.7776252241228898,0.5123669574179915
0,PAA-noAdaptive,6,-0.6235175280564491,0.33144213574011244,1.2667688800364192,-0.6121414302402195,0.40930669488865
0,PAA-noAdaptive,6,-0.5382715856149093,0.33315054559282953,0.9444891303068569,-0.5445807265570428,0.36142284455572815
0,PAA-noAdaptive,6,-0.5832458556500261,0.3553384329716753,0.9803189452974895,-0.6090238706677151,0.38628274253590883
0,PAA-noAdaptive,6,-0.500980996247551,0.40090058908870896,0.7079937284797468,-0.2281520866952115,0.32960537394948825
0,PAA-noAdaptive,6,-0.5609326249618578,0.35159487181114246,0.9322398894708788,-0.5379780852120565,0.5003717600091502
0,PAA-noAdaptive,6,-0.4980317143205674,0.44789395698140655,0.7849825783431665,-0.5884487045157643,0.6051969508385054
0,PAA-noAdaptive,7,-0.4181788020798648,0.46399194651330167,0.6397664390839423,-0.38880107312760176,0.45136323981992793
0,PAA-noAdaptive,7,-0.5638077886031156,0.4186705870358495,0.6915682278846585,-0.4794252924721876,0.8682205746518201
0,PAA-noAdaptive,7,-0.4193865897073311,0.4699777700045299,0.6215404981423344,-0.40915336613043163,0.4730758456539731
0,PAA-noAdaptive,7,-0.6672718953155755,0.2964325657581629,1.6595567729924292,-0.939409110564031,0.40203103527954476
0,PAA-noAdaptive,7,-0.5122087551111469,0.3827017306584269,0.7079937284797468,-0.1809009985990331,0.34384898672219283
0,PAA-noAdaptive,7,-0.6704922817029488,0.2482730660553969,1.574251127939735,-0.6903236039973055,0.4642152501178872
0,PAA-noAdaptive,7,-0.6946490031818628,0.2917676391149528,1.6938332891759678,-0.9328393829877026,0.5889979350451109
0,PAA-noAdaptive,7,-0.709464093215993,0.26029483810754794,1.5815356839371835,-0.827651375850302,0.561902580627
0,PAA-noAdaptive,7,-0.46625940055378773,0.45161622357821807,0.6027637058449146,-0.44068327576492317,0.6252041044986381
0,PAA-noAdaptive,7,-0.48043429438651425,0.3539470280233448,1.0912883633487742,-0.5268559911425517,0.18745267922317455
0,PAA-noAdaptive,7,-0.5183762991607901,0.3852122586960237,0.8277458339029348,-0.21991841487819747,0.3070878336602501
0,PAA-noAdaptive,7,-0.5317607175318897,0.4001398504847374,0.6397664390839423,-0.4476114329034111,0.7426345777855224
0,PAA-noAdaptive,7,-0.4748499316792529,0.42962474863148364,0.7079937284797468,-0.29527945127541116,0.41246454716283826
0,PAA-noAdaptive,7,-0.5932388132769947,0.3591449259375765,0.755129549685372,-0.6064708315805941,0.7920773449255615
0,PAA-noAdaptive,7,-0.46783566477374156,0.3695851608296689,0.9919746671444329,-0.49833191545685784,0.22197055774733815
0,PAA-noAdaptive,7,-0.6120535074466147,0.3404071603005525,1.0483111508478484,-0.6469521312794526,0.8277415189688442
0,PAA-noAdaptive,7,-0.5719890453292885,0.3653500478201967,0.9685229624340641,-0.7059837109076466,0.6662570448621685
0,PAA-noAdaptive,7,-0.6439719711422371,0.2906565929280109,1.1326360028574722,-0.6796183305157866,0.5102258770136852
0,PAA-noAdaptive,7,-0.6534285010540055,0.3176921450920142,1.5222835063120284,-0.8193945621108712,0.6978990114882462
0,PAA-noAdaptive,7,-0.4296498200232953,0.4696173120994347,0.6574873400494294,-0.40378422144600973,0.45768733993861127
0,PAA-noAdaptive,7,-0.44142825262967733,0.46041526699776814,0.7240467010585573,-0.47583685856329205,0.4786318627764385
0,PAA-noAdaptive,7,-0.47320491510453316,0.4203280184730591,0.7849825783431665,-0.4130830321233434,0.3149022547397678
0,PAA-noAdaptive,7,-0.5664728024933917,0.3345205796442718,1.2667688800364192,-0.7317445662299289,0.2695534190100536
0,PAA-noAdaptive,7,-0.5116502631536689,0.38676186096831566,0.7397513981473143,-0.19896855947819195,0.2993528426210811
0,PAA-noAdaptive,7,-0.6717335312841002,0.2508516110626374,1.4527389723778685,-0.6669242485164052,0.45409152079101955
0,PAA-noAdaptive,7,-0.6859312714026589,0.2788777792884921,1.6595567729924292,-0.8728714997102077,0.4166642231942297
0,PAA-noAdaptive,7,-0.5033875489618378,0.40906181951661713,0.7240467010585573,-0.3653571185729425,0.3623895713240074
0,PAA-noAdaptive,7,-0.584967976456992,0.38081232702712375,1.059218945609956,-0.5827786816296874,0.5860668940890047
0,PAA-noAdaptive,7,-0.632338030432015,0.31650825767143387,1.0912883633487744,-0.6124981980744248,0.7673963536925392
0,PAA-noAdaptive,7,-0.45035084883099075,0.4567516294676988,0.6215404981423345,-0.4647383411400844,0.4767046835710745
0,PAA-noAdaptive,7,-0.4968737703449893,0.4300881928542998,0.6747429940891573,-0.48823795491757593,0.7174834100420818
0,PAA-noAdaptive,7,-0.5509506104181764,0.41940168559976365,0.6915682278846585,-0.5018643964281907,0.8584432879214026
0,PAA-noAdaptive,7,-0.5139521105560976,0.37424636299355357,0.7994911844726069,-0.5704327624906422,0.4714973900728824
0,PAA-noAdaptive,7,-0.5340404834558452,0.3097777181245405,1.0807043010154627,-0.5480933768632595,0.2423407365346682
0,PAA-noAdaptive,7,-0.45222272421712384,0.451111635078529,0.6215404981423345,-0.43976341393666996,0.4848695897527004
0,PAA-noAdaptive,7,-0.6023021656769917,0.3573103622694155,1.1017707555238396,-0.6239977609340923,0.8119785310122906
0,PAA-noAdaptive,7,-0.6230424595189885,0.30764865901580923,1.1121543523606332,-0.5966722408668013,0.5040426898908662
0,PAA-noAdaptive,7,-0.6318007107045175,0.32905897861674843,1.2576624704910284,-0.8422891735885127,0.6482871919582187
0,PAA-noAdaptive,7,-0.6637691827478103,0.27718500079044184,1.3796934333906816,-0.7086588477701413,0.5392717513088648
0,PAA-noAdaptive,7,-0.5223922571211339,0.41431240872515235,0.6915682278846585,-0.3780660305440004,0.41274597885175623
0,PAA-noAdaptive,7,-0.653378579352019,0.29671526488447514,1.4207380120476116,-0.7602388741216378,0.6186390321666644
0,PAA-noAdaptive,7,-0.49497058259684845,0.43891128434853055,0.6027637058449147,-0.36375579194903274,0.3969655851394626
0,PAA-noAdaptive,7,-0.6989182785461372,0.26821030939053925,1.631617191560735,-0.8611372196699921,0.4824076676108383
0,PAA-noAdaptive,7,-0.49082344383701637,0.3543142588575501,1.0148846002135226,-0.4815072247799187,0.24936018661897236
0,PAA-noAdaptive,7,-0.6917663369319312,0.29468323734028845,1.6103444173701353,-0.8879894233607993,0.6128943768891503
0,PAA-noAdaptive,7,-0.5028992951166739,0.40164097686599076,0.8684058283919127,-0.3266957435040544,0.27656245948262703
0,PAA-noAdaptive,7,-0.5749708039078836,0.3573928557750804,1.0372886595566415,-0.645201897661137,0.8263108924621891
0,PAA-noAdaptive,7,-0.6250682142478986,0.32348846448084423,1.2111037779422387,-0.8113500324293279,0.5623585323173204
0,PAA-noAdaptive,7,-0.6975704972057224,0.2861617513069558,1.6174664288022447,-0.9061016699426201,0.4855551773517718
0,PAA-noAdaptive,7,-0.49943626368839344,0.38118045897576236,0.9072453912952236,-0.31370739109127654,0.2792304090635587
0,PAA-noAdaptive,7,-0.5687120083072291,0.35957033178923814,0.9072453912952235,-0.49232846751239434,0.38394801748088236
0,PAA-noAdaptive,7,-0.4842924886111672,0.3928708366298409,0.8944862739468376,-0.337392344346093,0.2462485026416264
0,PAA-noAdaptive,7,-0.6821568767926754,0.32811781205606005,1.4368275854712882,-0.8575476079355319,0.4984924698046358
0,PAA-noAdaptive,7,-0.6654471451578491,0.2804154227203396,1.396256058764158,-0.7557809923683234,0.516757423611291
0,PAA-noAdaptive,7,-0.47563937894171593,0.4488048760973813,0.7079937284797468,-0.393236775159642,0.3896837441230784
0,PAA-noAdaptive,7,-0.6803143943517559,0.30099941851178014,1.6245572178441157,-0.916917193629069,0.4936548379024055
0,PAA-noAdaptive,7,-0.5395904085429921,0.3659617217663896,1.0372886595566415,-0.683620910815663,0.39147570936873877
0,PAA-noAdaptive,7,-0.5111587528088928,0.3816849307403841,0.881542505232828,-0.3054242787302212,0.3168569206983199
0,PAA-noAdaptive,7,-0.5558318189533142,0.35223169285360384,0.9198275413214969,-0.5808060964825822,0.6364624537715546
0,PAA-noAdaptive,7,-0.6747233015377887,0.3005397029941993,1.3025580288099372,-0.7812314822607488,0.6004773749826772
0,PAA-noAdaptive,8,-0.654953756406879,0.31171084021913514,1.5521923516684872,-0.9406339994886951,0.4516785004380729
0,PAA-noAdaptive,8,-0.45966809405698345,0.4288215081686194,0.6574873400494295,-0.47888356991649755,0.5929383512934516
0,PAA-noAdaptive,8,-0.6824216345002083,0.2920617725785123,1.6595567729924292,-0.9310793305755729,0.35274836122878706
0,PAA-noAdaptive,8,-0.49688344642543003,0.4651746117211958,0.7240467010585573,-0.5039714887952698,0.48016811657284003
0,PAA-noAdaptive,8,-0.706960209562635,0.2647585338489612,1.631617191560735,-0.8295183512248478,0.5809584733111395
0,PAA-noAdaptive,8,-0.5248639529732055,0.4327953962506614,0.6747429940891573,-0.574965472172875,0.9231643885473668
0,PAA-noAdaptive,8,-0.6925811836149404,0.2515645035391959,1.5071065198237947,-0.7654377165640163,0.47845128654190966
0,PAA-noAdaptive,8,-0.5336611444299517,0.37606563607271537,0.6574873400494295,-0.24303890712611342,0.4083149780690894
0,PAA-noAdaptive,8,-0.5264351412894409,0.38541326597583436,0.5209319169482601,-0.3040754090497812,0.5317806553449568
0,PAA-noAdaptive,8,-0.57633425298234,0.3103611025282678,1.3796934333906814,-0.549065577006739,0.19004015723169995
0,PAA-noAdaptive,8,-0.5461840868788385,0.4132918091773748,0.8684058283919128,-0.7263451600254947,0.8774053435264493
0,PAA-noAdaptive,8,-0.569325005372695,0.31649270482317415,1.3373897866387852,-0.5799910396524143,0.20523887337629318
0,PAA-noAdaptive,8,-0.477917339835453,0.39735786147748453,0.6027637058449146,-0.40870882953207016,0.5647554200583264
0,PAA-noAdaptive,8,-0.6641484591583818,0.27152071691771795,1.5147140218016457,-0.7457428739325438,0.29034023440600365
0,PAA-noAdaptive,8,-0.5664102086065186,0.3377359265171717,1.2484896411001856,-0.5383357357905851,0.21650849293835553
0,PAA-noAdaptive,8,-0.5254342783796294,0.45275593358876975,0.7702007157586646,-0.672561672865309,0.814167238659579
0,PAA-noAdaptive,8,-0.6044700743109699,0.28806237991270794,1.4207380120476116,-0.612111238081175,0.24818926740118963
0,PAA-noAdaptive,8,-0.5284302248417587,0.3388737827765397,1.0700155515160485,-0.48542393987816845,0.31929818657292985
0,PAA-noAdaptive,8,-0.6785958123770703,0.30663057302631447,1.4606296681954092,-0.8798482812003708,0.5402953098160562
0,PAA-noAdaptive,8,-0.6124134524769144,0.37387627634084597,1.1527538013223835,-0.8099574399188445,0.633294144997659
0,PAA-noAdaptive,8,-0.46987377454871637,0.45345231752378246,0.755129549685372,-0.6181488199561538,0.7594477953570615
0,PAA-noAdaptive,8,-0.6295007573399813,0.3287161542859243,1.3113527077656704,-0.8386171225979548,0.3740956937912375
0,PAA-noAdaptive,8,-0.4973826812300097,0.3793092582099895,0.6215404981423344,-0.4106892076737559,0.4404437460024864
0,PAA-noAdaptive,8,-0.6956686589070945,0.254305891202455,1.574251127939735,-0.790502942721105,0.4757496521571298
0,PAA-noAdaptive,8,-0.6438991776080242,0.3023814753720563,1.182288815689544,-0.7452760625414974,0.5784879607409091
0,PAA-noAdaptive,8,-0.6906473506349184,0.28475283873788265,1.6245572178441157,-0.8995251369344294,0.33606402795208484
0,PAA-noAdaptive,8,-0.6402687734767256,0.29908529550221247,1.4288054467365827,-0.7327381269545556,0.2713142053945804
0,PAA-noAdaptive,8,-0.6675110782346028,0.30021040965398826,1.574251127939735,-0.9135914283383724,0.38233724364100025
0,PAA-noAdaptive,8,-0.6370788732323684,0.33198941701906637,1.1121543523606332,-0.6945254028883685,0.513301730955065
0,PAA-noAdaptive,8,-0.6987344934279246,0.27206746768959084,1.652616161435534,-0.8610725448659913,0.5976428065878417
0,PAA-noAdaptive,8,-0.5473562819431922,0.3934952639638049,0.8277458339029348,-0.5990750608077381,0.7845367704099676
0,PAA-noAdaptive,8,-0.5333948719428632,0.384785806403699,0.6397664390839424,-0.26781714651528926,0.4018598387307092
0,PAA-noAdaptive,8,-0.6836666605078602,0.2957484724279341,1.5447694296661307,-0.8766694602481205,0.4051992579101708
0,PAA-noAdaptive,8,-0.5415390568949808,0.44067459667905473,0.6397664390839424,-0.5274125492384061,0.6365226699944525
0,PAA-noAdaptive,8,-0.6712660640806591,0.2794013272101069,1.387999450968369,-0.8056221495749776,0.35286797919483287
0,PAA-noAdaptive,8,-0.485265702164768,0.44907959703871453,0.6747429940891573,-0.4325854050808461,0.5053253960955647
0,PAA-noAdaptive,8,-0.5753944577595641,0.3349573205853234,1.0700155515160485,-0.7004216830662429,0.4755049862618064
0,PAA-noAdaptive,8,-0.4887404620145535,0.41092569200797635,0.6915682278846585,-0.5306110930371064,0.7640799995365612
0,PAA-noAdaptive,8,-0.6008508301589737,0.32422899518690823,1.0372886595566415,-0.45643361037170116,0.4072354468507603
0,PAA-noAdaptive,8,-0.5077322972867424,0.4193094969858289,0.7240467010585573,-0.37925412064530517,0.4749055113382787
0,PAA-noAdaptive,8,-0.5504842297693207,0.37539536578492455,0.5633356668893262,-0.2932251806557401,0.4159963114571964
0,PAA-noAdaptive,8,-0.5222425762933343,0.44484998670093734,0.6747429940891573,-0.56645583357535,0.7317635377578879
0,PAA-noAdaptive,8,-0.5744978427824792,0.4001820999368448,0.8815425052328281,-0.6355089716339346,0.6805450627809421
0,PAA-noAdaptive,8,-0.6738529158688258,0.29605603069941555,1.2847880786040071,-0.752112173667544,0.5777787954150952
0,PAA-noAdaptive,8,-0.6206565444735339,0.35101410180687787,1.112154352360633,-0.7485257436692898,0.6139457780863875
0,PAA-noAdaptive,8,-0.6014419219806507,0.3035961630251887,1.3459568890394897,-0.7739992514689412,0.35920220996589397
0,PAA-noAdaptive,8,-0.6927083270310377,0.26711091963947453,1.4448051827559238,-0.7821970160518484,0.5054668156727448
0,PAA-noAdaptive,8,-0.620723120888942,0.35009808018760485,1.2205576048237508,-0.7925452600800837,0.4027165325548497
0,PAA-noAdaptive,8,-0.6493738209668921,0.2856535800028553,1.5071065198237947,-0.8433579477500748,0.42508958727120005
0,PAA-noAdaptive,8,-0.5218772910988625,0.41841076311438724,0.7079937284797468,-0.5212033100662469,0.8079934276769324
0,PAA-noAdaptive,8,-0.5204843875858612,0.4154091870384928,0.5633356668893262,-0.37180804245249854,0.6042714914138656
0,PAA-noAdaptive,8,-0.6000481179650816,0.31178056989820097,1.0148846002135223,-0.6041380244133426,0.4524693032140066
0,PAA-noAdaptive,8,-0.5348424398155098,0.41954926310025903,0.6915682278846585,-0.5745242957022868,0.9078913693496029
0,PAA-noAdaptive,8,-0.5898857698747924,0.3514472685740155,0.9919746671444329,-0.6605507417065816,0.38564393308273737
0,PAA-noAdaptive,8,-0.626377383391501,0.3550436355764973,0.9198275413214968,-0.5849445353543163,0.521141563800733
0,PAA-noAdaptive,8,-0.5783665943707523,0.37757364308480523,0.9322398894708788,-0.6831433966011657,0.6247589298873103
0,PAA-noAdaptive,8,-0.5641165754940143,0.34506716998410186,0.9072453912952236,-0.6378267569003372,0.3717822266738593
0,PAA-noAdaptive,8,-0.5409072616533918,0.42470706170191724,0.7240467010585573,-0.6163635376169767,0.7023810067595233
0,PAA-noAdaptive,8,-0.4665539784708944,0.452926611356997,0.6747429940891573,-0.5615863567344863,0.5445504283631203
0,PAA-noAdaptive,8,-0.4822324341105202,0.39446546474227234,0.6397664390839423,-0.4641133387147585,0.5574082427153689
0,PAA-noAdaptive,9,-0.4467314589389678,0.39191758681084554,0.9198275413214968,-0.44780993511869616,0.31750660120062524
0,PAA-noAdaptive,9,-0.5111656247807144,0.4694118864932488,0.7079937284797467,-0.5949186415922455,0.812694929129527
0,PAA-noAdaptive,9,-0.6753036397606604,0.2435560296995225,1.574251127939735,-0.7107036684421192,0.35666409024228235
0,PAA-noAdaptive,9,-0.6816748183193766,0.2878623308435791,1.7006056912958407,-0.9145204054611991,0.40199186901228956
0,PAA-noAdaptive,9,-0.47671446684244334,0.4385403371179327,0.5833828754229664,-0.5300859661776061,0.5414262739622273
0,PAA-noAdaptive,9,-0.5226656004497408,0.3626607587860533,0.8550673523401053,-0.33303052081224227,0.29293577009331645
0,PAA-noAdaptive,9,-0.6736184299486307,0.307258716125894,1.6103444173701353,-0.9402401847159496,0.3903156856968045
0,PAA-noAdaptive,9,-0.5469818261002808,0.33172939549156344,1.266768880036419,-0.4395827521423913,0.20990566951616998
0,PAA-noAdaptive,9,-0.7036303458719105,0.27605702346896643,1.5887868407416337,-0.8362244859703543,0.4541765200506947
0,PAA-noAdaptive,9,-0.5869329925074658,0.39660035057151544,0.8277458339029348,-0.682392106293188,0.9096101157052938
0,PAA-noAdaptive,9,-0.5533679957271337,0.3626116121106212,0.755129549685372,-0.5436227113913183,0.8804687503883134
0,PAA-noAdaptive,9,-0.4552468825483519,0.40990432897806367,0.6215404981423344,-0.49566578457151705,0.7015626923291733
0,PAA-noAdaptive,9,-0.5317174204659384,0.3583681221918501,1.0483111508478486,-0.35084150904349765,0.24216164839916976
0,PAA-noAdaptive,9,-0.5304581207073886,0.42311867758537397,0.7079937284797468,-0.6012107223243021,0.8412034293171742
0,PAA-noAdaptive,9,-0.4956911544677191,0.38285568088333477,0.8137411503644992,-0.41081170233459563,0.5333385223613492
0,PAA-noAdaptive,9,-0.5313449306130371,0.3660893273153851,0.9444891303068568,-0.6728754260866113,0.6201411595574445
0,PAA-noAdaptive,9,-0.5851859367382912,0.3086744110775618,0.9685229624340641,-0.3948007546116254,0.2790048018999246
0,PAA-noAdaptive,9,-0.6922225088113116,0.28594820048354813,1.6174664288022447,-0.8853404942140404,0.362297055284235
0,PAA-noAdaptive,9,-0.473042844102401,0.46166588475170267,0.6574873400494295,-0.5633162456678293,0.49823969516676075
0,PAA-noAdaptive,9,-0.6945942551614218,0.28014704619926933,1.652616161435534,-0.8953199432470166,0.39140851467510174
0,PAA-noAdaptive,9,-0.5701300536722003,0.32773442309171474,1.0148846002135223,-0.5478558563040182,0.36262776133754115
0,PAA-noAdaptive,9,-0.5155015310619346,0.41819452675759977,0.6397664390839424,-0.4238909792202515,0.6338924578690543
0,PAA-noAdaptive,9,-0.5420118395124123,0.3840606556600282,0.881542505232828,-0.6758190187563783,0.6002496612716679
0,PAA-noAdaptive,9,-0.5486674607439945,0.3382123876631487,1.1822888156895437,-0.45157305804924947,0.21535339886885696
0,PAA-noAdaptive,9,-0.510514705933479,0.4497109238455869,0.7240467010585573,-0.654170755254403,0.8096518878311152
0,PAA-noAdaptive,9,-0.5924504874673004,0.3241061835824265,1.1527538013223835,-0.578066206696931,0.28447189741731427
0,PAA-noAdaptive,9,-0.685077326080191,0.2546550944088084,1.537310666418436,-0.7220999958205804,0.482411564744896
0,PAA-noAdaptive,9,-0.5005940322674522,0.3753410775730812,0.7240467010585573,-0.47630717062734196,0.6455316112659026
0,PAA-noAdaptive,9,-0.5053743693907283,0.45817161597549666,0.7079937284797467,-0.6539147501975131,0.8238269221633481
0,PAA-noAdaptive,9,-0.5443977256133266,0.39533492454877484,0.755129549685372,-0.6341346925160114,0.5863840959468675
0,PAA-noAdaptive,9,-0.48539426130478097,0.4292960697998792,0.6397664390839424,-0.5288546438070061,0.5536954775755871
0,PAA-noAdaptive,9,-0.6099379034001522,0.3578082393908927,1.1326360028574725,-0.7768816932573591,0.410800330948323
0,PAA-noAdaptive,9,-0.46706199186665154,0.4596836393072781,0.6747429940891573,-0.5682386345543808,0.588576581355189
0,PAA-noAdaptive,9,-0.6165284079369826,0.3142648709108654,1.293703564449794,-0.7675003780619367,0.7431724893398022
0,PAA-noAdaptive,9,-0.6214484131425658,0.34751585733612117,1.0912883633487742,-0.677220759748105,0.7139651009028691
0,PAA-noAdaptive,9,-0.6803388406602375,0.29334753150901555,1.4606296681954094,-0.8494354931759703,0.4898515283432728
0,PAA-noAdaptive,9,-0.5364141996428493,0.3389175183161526,1.162682171623153,-0.47818439553436365,0.2289425587316841
0,PAA-noAdaptive,9,-0.6507672640001004,0.3146304859676086,1.122441895699651,-0.6577473653929513,0.7868747382593626
0,PAA-noAdaptive,9,-0.6771906139654322,0.30180519400864914,1.5447694296661303,-0.8668259509088401,0.4055173814543937
0,PAA-noAdaptive,9,-0.6447780397185118,0.3435153997218368,1.3025580288099372,-0.8008570477348307,0.5772434243283172
0,PAA-noAdaptive,9,-0.6418535794928549,0.35290572388774044,1.1427391744033626,-0.773051552002255,0.7286114750129864
0,PAA-noAdaptive,9,-0.4773615755407832,0.4391707346064087,0.6215404981423345,-0.5214424234979586,0.5354428207121813
0,PAA-noAdaptive,9,-0.500980962636772,0.41203389419306075,0.9198275413214968,-0.5016136679957977,0.38911441041151995
0,PAA-noAdaptive,9,-0.5370126850848032,0.36196994738707816,1.0700155515160485,-0.46930621307321907,0.24029940306345457
0,PAA-noAdaptive,9,-0.5796564987547737,0.3210325664576342,1.2205576048237503,-0.699708328436819,0.4476113195750255
0,PAA-noAdaptive,9,-0.6270905880297102,0.32675767274799083,1.1017707555238399,-0.7616387850418302,0.6562338717102376
0,PAA-noAdaptive,9,-0.5076317269260822,0.4458451817161966,0.6747429940891573,-0.5930290018504397,0.7214018175853987
0,PAA-noAdaptive,9,-0.49150585004282527,0.39740492402837296,0.8137411503644991,-0.4504366021260947,0.3033933330223659
0,PAA-noAdaptive,9,-0.5030323060800379,0.42637330399594014,0.6915682278846585,-0.38299803208584454,0.6274478308146005
0,PAA-noAdaptive,9,-0.47302784357812316,0.44232905712628334,0.6027637058449146,-0.5136673968498975,0.5408770343477717
0,PAA-noAdaptive,9,-0.6695563672517549,0.2613428022889476,1.4917751340604715,-0.6985105822089999,0.3212192779513896
0,PAA-noAdaptive,9,-0.6670478436822518,0.24725030758136501,1.5521923516684872,-0.7012364136912448,0.39703878481212335
0,PAA-noAdaptive,9,-0.531537248651422,0.32994992558692243,0.9803189452974894,-0.5958551938375096,0.41503338382190635
0,PAA-noAdaptive,9,-0.5254548171652467,0.36513375777782736,0.8415174812746264,-0.3557515229902489,0.31445954862469827
0,PAA-noAdaptive,9,-0.5979281444944757,0.361219904987714,0.9685229624340641,-0.6954158577869665,0.7706519602532895
0,PAA-noAdaptive,9,-0.6310703610032062,0.27974760200953036,1.201575571988228,-0.6071496336666533,0.37708623931610263
0,PAA-noAdaptive,9,-0.611189483744474,0.3176389930141085,1.0034950154352709,-0.6609304769293789,0.7624800956009711
0,PAA-noAdaptive,9,-0.4882024960137533,0.4031520514486166,0.6215404981423344,-0.4910585937762031,0.6898516806061504
0,PAA-noAdaptive,9,-0.681941090806465,0.27914216051259544,1.6938332891759678,-0.8895308352200736,0.39690360801143304
0,PAA-noAdaptive,9,-0.5223986734029763,0.3660371216385562,0.7994911844726069,-0.36625008331150377,0.31707720120232585
0,PAA-noSLAMut,0,-0.6735829416724186,0.252865549395713,1.5521923516684872,-0.7063931559501068,0.4469336771034329
0,PAA-noSLAMut,0,-0.43560605185294676,0.4900767914974945,0.6915682278846585,-0.6049505212737328,0.6371734952930077
0,PAA-noSLAMut,0,-0.4569442758894976,0.453535827921558,0.5209319169482601,-0.49868331442632385,0.6291159534581559
0,PAA-noSLAMut,0,-0.5343916076198656,0.37599944341068287,0.7397513981473143,-0.1336501864115741,0.42039314487695056
0,PAA-noSLAMut,0,-0.6896951889570117,0.32162872012317845,1.7140702228211238,-0.9187969480724221,0.394827477008288
0,PAA-noSLAMut,0,-0.6540669334823338,0.3113369967731806,1.5669327069381127,-0.9414759854634436,0.3845448028573717
0,PAA-noSLAMut,0,-0.5016435853262955,0.4238751905381868,0.7397513981473143,-0.5777130944445191,0.9555783848054791
0,PAA-noSLAMut,0,-0.7074498041277086,0.2606934045080567,1.596005053582509,-0.8291407281616809,0.4363433169547493
0,PAA-noSLAMut,0,-0.3946622031260385,0.47394651268946764,0.7079937284797468,-0.6239872147288485,0.5304086403117839
0,PAA-noSLAMut,0,-0.5037086594739882,0.3971008097181612,1.3287674498039932,-0.27320831108361554,0.14433939599445053
0,PAA-noSLAMut,0,-0.4762434886455079,0.4361364456036922,0.6397664390839423,-0.5336069877724297,0.8229236447067436
0,PAA-noSLAMut,0,-0.501807005124993,0.4305906655362749,0.755129549685372,-0.5765513057847018,0.8946829721739682
0,PAA-noSLAMut,0,-0.6378928317781675,0.2839652359702997,1.3025580288099368,-0.6296423069698118,0.28448067368556773
0,PAA-noSLAMut,0,-0.6249875849154911,0.34070177382280037,1.0912883633487744,-0.7398761126361507,0.7639166013514828
0,PAA-noSLAMut,0,-0.6784142295779019,0.2939976546917239,1.6938332891759678,-0.940283976339423,0.3725040464988515
0,PAA-noSLAMut,0,-0.5237141149897825,0.3661597440484106,1.0807043010154629,-0.4119062147065319,0.1988257089334648
0,PAA-noSLAMut,0,-0.6348969797893905,0.3365600053291053,1.122441895699651,-0.7082764003229277,0.7421167968175431
0,PAA-noSLAMut,0,-0.5241421086954136,0.371668281760138,1.2205576048237503,-0.3530666099822586,0.17073632826896334
0,PAA-noSLAMut,0,-0.49418746664585955,0.4173297181860831,0.6574873400494295,-0.31355216764269683,0.6275300138927877
0,PAA-noSLAMut,0,-0.5382601638250669,0.3940926923142472,0.7849825783431665,-0.5597698534883424,0.854820524659122
0,PAA-noSLAMut,0,-0.4433400701347606,0.4839728706732199,0.6215404981423344,-0.5569494113720314,0.6504434660292672
0,PAA-noSLAMut,0,-0.5527911671444564,0.3512949929179874,1.3544698050897945,-0.47016758131721187,0.22235030005752052
0,PAA-noSLAMut,0,-0.6878993930744052,0.32130143334861677,1.707351230126634,-0.8947129786067732,0.3819352477817429
0,PAA-noSLAMut,0,-0.5035703385572664,0.40100742788895116,1.3025580288099368,-0.255440344333634,0.15534995681389302
0,PAA-noSLAMut,0,-0.5072181299685685,0.3700429615060679,0.8137411503644992,-0.22889301204838325,0.3211553487297296
0,PAA-noSLAMut,0,-0.6530764982088486,0.3070823972040435,1.3962560587641581,-0.7610544822564771,0.3548730552823541
0,PAA-noSLAMut,0,-0.4503430482057225,0.4533422406957449,0.54254821706694,-0.4949273759107943,0.610236841849522
0,PAA-noSLAMut,0,-0.646402335543958,0.31232540535557635,1.1919712032812333,-0.6868999021618857,0.43892817346051116
0,PAA-noSLAMut,0,-0.5793171593754812,0.3620627116908623,1.0483111508478486,-0.6675206196064817,0.7075853865107431
0,PAA-noSLAMut,0,-0.6627124645764593,0.27964072245541066,1.5298155376831448,-0.8130901051765484,0.36631556340179366
0,PAA-noSLAMut,0,-0.5484397941954391,0.3708273025419914,0.755129549685372,-0.20064242948981148,0.44118736009959436
0,PAA-noSLAMut,0,-0.562701852429492,0.32621434124039334,0.9803189452974895,-0.6448463765179266,0.5846406900980078
0,PAA-noSLAMut,0,-0.5803902733831515,0.39216207138175785,1.003495015435271,-0.4837283736746717,0.2563373959792676
0,PAA-noSLAMut,0,-0.665496655296152,0.31974503699449286,1.6456462776948126,-0.8469655026414099,0.35819197275282855
0,PAA-noSLAMut,0,-0.5885718579052373,0.3651882882026416,1.1527538013223833,-0.7794395743324427,0.6257686991201298
0,PAA-noSLAMut,0,-0.5111345773012901,0.41031158418745883,0.9198275413214969,-0.6336087507212436,0.47509371443562076
0,PAA-noSLAMut,0,-0.4871375279001586,0.44016912133562347,0.7240467010585573,-0.5686436302747625,0.4125325179283171
0,PAA-noSLAMut,0,-0.6325411580729302,0.28688083419563537,1.2205576048237503,-0.6056289499171834,0.29372430094153873
0,PAA-noSLAMut,0,-0.4704881854400984,0.4503443435486858,0.5633356668893262,-0.46283056211881063,0.7260991085459432
0,PAA-noSLAMut,0,-0.4149501299485648,0.4665826882813041,0.6574873400494294,-0.558387706587968,0.6657769562688751
0,PAA-noSLAMut,0,-0.48057008174886295,0.4444561334759511,0.5833828754229664,-0.44382674861241805,0.5961202205448448
0,PAA-noSLAMut,0,-0.6822692840877417,0.27687372154023515,1.484050047961325,-0.7608115615308458,0.47100610123606657
0,PAA-noSLAMut,0,-0.6188052469604715,0.3137411041264208,1.1626821716231532,-0.5266013818113564,0.5624676270299883
0,PAA-noSLAMut,0,-0.6739497279261226,0.2985074043311354,1.6456462776948126,-0.940555305576758,0.38640876273098523
0,PAA-noSLAMut,0,-0.5101193026369312,0.38793835100181995,0.8277458339029348,-0.24396454035987683,0.41149455965074866
0,PAA-noSLAMut,0,-0.6086834691079205,0.37787359490802064,0.9565815297270427,-0.6964455544596303,0.536929356649291
0,PAA-noSLAMut,0,-0.5633291724496992,0.3431082080214773,0.8944862739468376,-0.6172254635106876,0.5812245778421067
0,PAA-noSLAMut,0,-0.44370204696956106,0.4816658755702507,0.6397664390839423,-0.559420711955609,0.6553804189781505
0,PAA-noSLAMut,0,-0.6575489599176683,0.3255119983533617,1.4762845386668804,-0.8666496956609235,0.5848117165792898
0,PAA-noSLAMut,0,-0.6052383758647756,0.35327167531762804,1.1527538013223833,-0.7356888158674633,0.6268800485241519
0,PAA-noSLAMut,0,-0.6965352494432872,0.2743493085336544,1.4126245053551467,-0.7591865725945649,0.46022322531640797
0,PAA-noSLAMut,0,-0.46257723447771004,0.4517713933415391,0.6027637058449146,-0.46258102075434804,0.6135522948333472
0,PAA-noSLAMut,0,-0.6264181779239032,0.32264223307496775,1.1326360028574722,-0.7564500000861951,0.6700122985509487
0,PAA-noSLAMut,0,-0.4266702208921208,0.4542247549802639,0.6915682278846585,-0.6078120909411777,0.5101085599375415
0,PAA-noSLAMut,0,-0.528635670901592,0.40722565506403957,0.8550673523401053,-0.6709069514915583,0.6370003712463277
0,PAA-noSLAMut,0,-0.6703151484691524,0.2697637950625893,1.4606296681954094,-0.7021303200608747,0.4618300586517051
0,PAA-noSLAMut,0,-0.41015484951594594,0.46763014051520324,0.7079937284797468,-0.5799266952598743,0.5035091964016912
0,PAA-noSLAMut,0,-0.5606687533728388,0.39210093934587,0.7849825783431665,-0.5101983858503393,0.5488160603382706
0,PAA-noSLAMut,0,-0.5983906047322967,0.33686608084434466,1.1427391744033624,-0.45215063473793793,0.41548632000894364
0,PAA-noSLAMut,0,-0.40264979809225565,0.4677959495864406,0.6915682278846585,-0.593685687238391,0.4943496838521722
0,PAA-noSLAMut,1,-0.6466273942108026,0.2519554472888773,1.5222835063120284,-0.6807635221548404,0.4276102955632884
0,PAA-noSLAMut,1,-0.49872915964359776,0.49947406244343534,0.7994911844726069,-0.7801136565667631,0.5978504105556143
0,PAA-noSLAMut,1,-0.6646138330529199,0.2653577358890556,1.707351230126634,-0.7679172351779169,0.5683591317777953
0,PAA-noSLAMut,1,-0.44973529122780553,0.38996869368379183,1.1527538013223835,-0.34183201223319337,0.14429621344035923
0,PAA-noSLAMut,1,-0.496146602536926,0.4290892688623176,0.5209319169482601,-0.5249594374144244,0.5873143667196453
0,PAA-noSLAMut,1,-0.40340995425264214,0.45566869925281334,0.7994911844726069,-0.5024968362664275,0.5014028975006737
0,PAA-noSLAMut,1,-0.70677161575057,0.292087123511845,1.574251127939735,-0.7978551802086484,0.6143293229953608
0,PAA-noSLAMut,1,-0.48016618882488926,0.39132893568023897,0.7240467010585573,-0.22933763228108955,0.36931269386233667
0,PAA-noSLAMut,1,-0.626481731132599,0.35331116230444276,1.3459568890394897,-0.9422721454579495,0.5549432676773869
0,PAA-noSLAMut,1,-0.5895886129985619,0.41206895094159524,0.7994911844726069,-0.5644403849534309,0.8991928499317761
0,PAA-noSLAMut,1,-0.6881610467858378,0.281112203212676,1.652616161435534,-0.8906214403420547,0.5057063037402936
0,PAA-noSLAMut,1,-0.6617353720763977,0.27203152750823867,1.4207380120476116,-0.7511073527450394,0.463540818450214
0,PAA-noSLAMut,1,-0.5194854389488193,0.3757317906011027,0.7994911844726069,-0.2819595241839178,0.2858135360460771
0,PAA-noSLAMut,1,-0.4228407046188322,0.40080691431636223,0.9444891303068568,-0.3910746429820469,0.23455216352588693
0,PAA-noSLAMut,1,-0.6979441151567121,0.2907495272462061,1.603190767440991,-0.8742716692821151,0.4620271340845063
0,PAA-noSLAMut,1,-0.5725412255596316,0.40801974849447,0.9198275413214967,-0.8038621253032909,0.8586438439932607
0,PAA-noSLAMut,1,-0.5253659719818395,0.39531998705428706,0.6215404981423344,-0.33058372371044903,0.5831635944205271
0,PAA-noSLAMut,1,-0.5583467019722098,0.443764378813894,0.9919746671444329,-0.8533436913117181,0.819527955901852
0,PAA-noSLAMut,1,-0.5344085423145929,0.4762278666084197,0.8277458339029348,-0.8084794778236974,0.6715997570013033
0,PAA-noSLAMut,1,-0.5081154009291656,0.49324407275703874,0.8415174812746264,-0.8088656021687651,0.7154684884739254
0,PAA-noSLAMut,1,-0.41051369964939627,0.3845222938729797,0.9685229624340641,-0.45912800049513985,0.25215226616886965
0,PAA-noSLAMut,1,-0.4441456687334579,0.4654839322240926,0.7849825783431665,-0.6163459058659877,0.5449508210553154
0,PAA-noSLAMut,1,-0.5206255114706005,0.4822505515619203,0.8684058283919127,-0.7976068547823315,0.6197096419209853
0,PAA-noSLAMut,1,-0.6628487500576066,0.28339292518769066,1.3544698050897952,-0.7099275272086342,0.4748492789425624
0,PAA-noSLAMut,1,-0.4914220199356488,0.3818207455127636,0.9803189452974893,-0.47720349893066355,0.21965210787593265
0,PAA-noSLAMut,1,-0.4701716024132816,0.4212307949506043,0.6747429940891573,-0.4980663301374852,0.42663129653897336
0,PAA-noSLAMut,1,-0.43560413779600005,0.37918825776459963,0.8944862739468376,-0.47109829744186066,0.25872662491869897
0,PAA-noSLAMut,1,-0.4852751204000718,0.4358079011099968,0.7079937284797468,-0.44669538925272734,0.4870596965791242
0,PAA-noSLAMut,1,-0.4797791407973577,0.39082885702892634,0.7240467010585573,-0.2327839141517194,0.35525080554964833
0,PAA-noSLAMut,1,-0.5110982193357,0.45816083149407694,0.6574873400494294,-0.6465083968597461,0.6930483903892231
0,PAA-noSLAMut,1,-0.6724394153074099,0.296057363850728,1.5222835063120284,-0.8386138984629241,0.49565986536061646
0,PAA-noSLAMut,1,-0.44687726935014743,0.38982352500458123,1.1326360028574725,-0.32099867889986006,0.15390878410439607
0,PAA-noSLAMut,1,-0.6012499529949087,0.3670204870074786,0.7702007157586646,-0.5516434151749197,0.8976832307642393
0,PAA-noSLAMut,1,-0.6486551319167904,0.28049884265670305,1.3287674498039936,-0.6270219914748847,0.5820758062312137
0,PAA-noSLAMut,1,-0.5315008458796742,0.35626477117141286,1.059218945609956,-0.5362495510627963,0.2655543695972667
0,PAA-noSLAMut,1,-0.6059031474370984,0.3712050289209329,0.8944862739468376,-0.72488092804042,0.7520730856448764
0,PAA-noSLAMut,1,-0.6634832079383439,0.3095119174328777,1.468477964887372,-0.8757929533016761,0.6050100042540248
0,PAA-noSLAMut,1,-0.6490867100871691,0.2542679244941609,1.5147140218016457,-0.6746002443030183,0.43603526412062116
0,PAA-noSLAMut,1,-0.6125436350982378,0.3507748059878757,1.2667688800364192,-0.9102750510717381,0.5786177471907223
0,PAA-noSLAMut,1,-0.46382755702157735,0.39876798488272036,1.1224418956996507,-0.37346704674394965,0.1754306893280239
0,PAA-noSLAMut,1,-0.6208904888940762,0.3458479563203744,1.2758102920010679,-0.8690822797225263,0.5425791061417584
0,PAA-noSLAMut,1,-0.5608339543863374,0.3288324623220151,1.182288815689544,-0.45853634328799703,0.36478189147856144
0,PAA-noSLAMut,1,-0.5217834176191966,0.45732166047355277,0.7702007157586644,-0.689990240149444,0.7816652579680028
0,PAA-noSLAMut,1,-0.5687886937572021,0.4378391179999789,1.0261477756627881,-0.8422944468678214,0.7883214197523467
0,PAA-noSLAMut,1,-0.5962658319880044,0.33547539187159076,1.1527538013223835,-0.6681858734070392,0.3133874492990276
0,PAA-noSLAMut,1,-0.4692630875039018,0.3876696456323553,1.059218945609956,-0.38943084488429525,0.18515415363774412
0,PAA-noSLAMut,1,-0.5008305070810566,0.42714094326085095,0.5633356668893262,-0.5024414201759908,0.5942648636557195
0,PAA-noSLAMut,1,-0.6267480036196874,0.34459099197345905,1.3373897866387852,-0.9174939060687738,0.561398407015767
0,PAA-noSLAMut,1,-0.6241029475133789,0.3056338853672628,1.0700155515160488,-0.6003400499255304,0.7906107875733086
0,PAA-noSLAMut,1,-0.6517228321617975,0.27184526952082305,1.5447694296661305,-0.7160807108636517,0.48260692765587193
0,PAA-noSLAMut,1,-0.5782937498176531,0.3607804482762651,1.059218945609956,-0.6681252568340499,0.36324687825607443
0,PAA-noSLAMut,1,-0.541599049263991,0.3183148101586043,1.2299387677604998,-0.5058690040296391,0.2367804481394316
0,PAA-noSLAMut,1,-0.4735238032020529,0.42155440029428365,0.6747429940891573,-0.47707049571872995,0.4119580976698455
0,PAA-noSLAMut,1,-0.6640594515394918,0.29386194225988105,1.2205576048237508,-0.7007145256230827,0.3798863407033065
0,PAA-noSLAMut,1,-0.518383294457442,0.39603103532237005,0.7079937284797468,-0.3628805607128119,0.3962907546248181
0,PAA-noSLAMut,1,-0.5933599146173907,0.39200261816741633,1.1527538013223835,-0.8313445676059285,0.6333955618920598
0,PAA-noSLAMut,1,-0.46782197788065644,0.38878183392791216,1.1017707555238396,-0.36517520367436473,0.16153805968289134
0,PAA-noSLAMut,1,-0.6079718470671919,0.3469915104112745,0.9919746671444328,-0.6265851952309767,0.8152721601144032
0,PAA-noSLAMut,1,-0.6754156361972796,0.2853283422577559,1.4994604217345198,-0.7953472740661202,0.3415746544875524
0,PAA-noSLAMut,1,-0.5900663974686673,0.33860559644289184,1.0372886595566415,-0.6017816977198021,0.5353010669712056
0,PAA-noSLAMut,2,-0.4019891536983932,0.4398419612305487,0.9072453912952236,-0.4111796873258234,0.2602867731492899
0,PAA-noSLAMut,2,-0.6912921511570694,0.30523217759070176,1.7006056912958407,-0.8639428561596718,0.52510246819129
0,PAA-noSLAMut,2,-0.4450169034994424,0.48693144537336164,0.7240467010585573,-0.6240694611754884,0.6206379903879644
0,PAA-noSLAMut,2,-0.7082447476865898,0.28157134592855815,1.4917751340604712,-0.757839753928776,0.5538416928042607
0,PAA-noSLAMut,2,-0.5502843103319941,0.42677647836951627,0.7397513981473143,-0.6197013951402738,0.9344380293076202
0,PAA-noSLAMut,2,-0.6503413565808666,0.24254309204313138,1.5298155376831448,-0.6527579802852793,0.32165204193224806
0,PAA-noSLAMut,2,-0.639404570828766,0.31133202471609467,1.603190767440991,-0.9413969174885395,0.4994966941833411
0,PAA-noSLAMut,2,-0.464538853624195,0.4080508560476373,0.5209319169482601,-0.48882503395910265,0.6306228888287495
0,PAA-noSLAMut,2,-0.5517488336966893,0.3581715182077273,0.7849825783431665,-0.22352474169557235,0.34520425473197147
0,PAA-noSLAMut,2,-0.4649116442486669,0.411289504446758,1.257662470491028,-0.35974376512379497,0.12607924617878483
0,PAA-noSLAMut,2,-0.4527088771906821,0.4754944996113556,0.6915682278846585,-0.5929564503220852,0.6148257786162246
0,PAA-noSLAMut,2,-0.6919528701317401,0.2641608305178126,1.484050047961325,-0.7293352312036646,0.5524513228258248
0,PAA-noSLAMut,2,-0.5904497136256978,0.39417558201034847,0.8944862739468376,-0.700783561650707,0.8041968904918539
0,PAA-noSLAMut,2,-0.5581646515470121,0.353018472313438,0.9444891303068568,-0.5409977810055129,0.37005298033009526
0,PAA-noSLAMut,2,-0.49110281612992585,0.38245133689302274,0.6215404981423344,-0.4925760405874856,0.5693453557582788
0,PAA-noSLAMut,2,-0.592222849876603,0.3565987282178498,0.9803189452974895,-0.6745073453482595,0.7162814464615692
0,PAA-noSLAMut,2,-0.6625986909273733,0.2736423335807398,1.4606296681954094,-0.7104453507048853,0.475117614598285
0,PAA-noSLAMut,2,-0.6976972610229935,0.30483104185278254,1.3796934333906814,-0.7575453726093,0.5759429421176877
0,PAA-noSLAMut,2,-0.6820747099005956,0.29355296262902486,1.6456462776948126,-0.8182069486854943,0.5110781429135092
0,PAA-noSLAMut,2,-0.6436651278379418,0.31086846866706025,1.4994604217345198,-0.9092176667350775,0.5008236168500348
0,PAA-noSLAMut,2,-0.4688480577840469,0.46398146121416006,0.6397664390839424,-0.6052264998203096,0.6423910846858755
0,PAA-noSLAMut,2,-0.6496015857931537,0.2536628500629663,1.4448051827559238,-0.6289311854244902,0.32705170563367103
0,PAA-noSLAMut,2,-0.6353258219371332,0.25437963612537795,1.5447694296661307,-0.6911797407543014,0.28178061036193947
0,PAA-noSLAMut,2,-0.41676359617144554,0.4571573006026532,0.7849825783431665,-0.5119274067994188,0.45869968794104227
0,PAA-noSLAMut,2,-0.6195856184054784,0.3815086300317148,1.0700155515160485,-0.7764303829962605,0.5281009076581147
0,PAA-noSLAMut,2,-0.580181475677243,0.3283094559514197,0.9565815297270429,-0.6214702757116445,0.6720232616793711
0,PAA-noSLAMut,2,-0.6833143131544893,0.293849044724495,1.3287674498039934,-0.7951390912932754,0.46286483785106836
0,PAA-noSLAMut,2,-0.5316178509922651,0.4449961583363352,0.7849825783431665,-0.5548744218303099,0.5563260775498615
0,PAA-noSLAMut,2,-0.6186937779862081,0.3737831185095909,1.2847880786040071,-0.8110654401052109,0.5738429241107799
0,PAA-noSLAMut,2,-0.5055314853849285,0.38754891490348414,1.191971203281233,-0.32624777022482393,0.17530016277167815
0,PAA-noSLAMut,2,-0.5350114462923982,0.3425803656505715,0.9685229624340641,-0.4208899483350014,0.2322121843822944
0,PAA-noSLAMut,2,-0.559759592602924,0.4421025997491189,0.7397513981473142,-0.6237325269777738,0.8700311029626231
0,PAA-noSLAMut,2,-0.691285258402527,0.2887123801551499,1.6938332891759678,-0.8669004316678605,0.5050302740048698
0,PAA-noSLAMut,2,-0.6471688480911802,0.2857210014222099,1.484050047961325,-0.8820513149751207,0.492254548266729
0,PAA-noSLAMut,2,-0.6290055745863767,0.34599695683366843,1.1725264764419854,-0.7188291398208945,0.48759082607843196
0,PAA-noSLAMut,2,-0.5643633480183613,0.33672833857749734,1.0700155515160488,-0.47215691004522087,0.42317097571367057
0,PAA-noSLAMut,2,-0.4979865113897183,0.3660172091319585,1.1822888156895437,-0.30736553447148485,0.19487241474503694
0,PAA-noSLAMut,2,-0.5705962240613619,0.4301901716963924,0.7397513981473143,-0.5740282521525646,0.6760536743137775
0,PAA-noSLAMut,2,-0.5954441344060449,0.3484987770740986,1.1017707555238396,-0.5504873601177517,0.411601897398797
0,PAA-noSLAMut,2,-0.6350217819135016,0.3249004199572084,1.2205576048237503,-0.739306387108541,0.630900257616631
0,PAA-noSLAMut,2,-0.5174764815579634,0.36742987154124485,1.162682171623153,-0.3994484748544033,0.1907537039026667
0,PAA-noSLAMut,2,-0.6104742652148577,0.3024247934566863,1.0261477756627881,-0.45458534050883753,0.3313540041327019
0,PAA-noSLAMut,2,-0.4347825466950617,0.48693144537336164,0.7079937284797467,-0.6258675602847393,0.608089262019392
0,PAA-noSLAMut,2,-0.4951156914643656,0.45198954581680406,0.6915682278846585,-0.6438620448009746,0.7587484938937967
0,PAA-noSLAMut,2,-0.48540582694980516,0.40160521517004844,0.54254821706694,-0.4883838574885145,0.6202403714042795
0,PAA-noSLAMut,2,-0.6718209683263323,0.29947296117761174,1.4917751340604715,-0.8334761809507623,0.4682269083371661
0,PAA-noSLAMut,2,-0.4859693842420899,0.39008384181858846,0.9919746671444329,-0.28634898124866714,0.22549009851750407
0,PAA-noSLAMut,2,-0.6604345040961201,0.29673315811837647,1.5815356839371835,-0.8206235227376825,0.587854965970585
0,PAA-noSLAMut,2,-0.5512975074002373,0.4535484410446887,0.7240467010585573,-0.6594872253692179,0.8225087652280461
0,PAA-noSLAMut,2,-0.6882486787649255,0.3104541979568281,1.3459568890394897,-0.750066675539242,0.637264095669168
0,PAA-noSLAMut,2,-0.6512993822477267,0.3066844774930339,1.5595799441917928,-0.8546031611660758,0.5884017011962052
0,PAA-noSLAMut,2,-0.5616988201879058,0.3673782380607816,1.1527538013223835,-0.5092392557991733,0.29179000957676615
0,PAA-noSLAMut,2,-0.4428933654824938,0.39345893711864033,0.8277458339029348,-0.4314836969642206,0.3863819767569325
0,PAA-noSLAMut,2,-0.4790681698299604,0.44189924470500974,0.7079937284797468,-0.5140392627337758,0.6838764203411527
0,PAA-noSLAMut,2,-0.5479854622932215,0.4265726880826296,0.7240467010585573,-0.616731252075791,0.9263218476404887
0,PAA-noSLAMut,2,-0.511161224937562,0.42823483865287065,0.881542505232828,-0.448057750116963,0.45332317315309567
0,PAA-noSLAMut,2,-0.5102384114421247,0.4357239828951872,0.6915682278846585,-0.640791714031052,0.7575450861884869
0,PAA-noSLAMut,2,-0.544106998860188,0.3719240186768259,0.8684058283919128,-0.30063742128164295,0.2567160442412828
0,PAA-noSLAMut,2,-0.6709177773347554,0.3031275739465965,1.574251127939735,-0.8433670885660403,0.49289944535843155
0,PAA-noSLAMut,2,-0.4682310915694562,0.4162268784036695,1.2484896411001851,-0.377571612984241,0.14604715316421363
0,PAA-noSLAMut,3,-0.7102922873967994,0.27354403679269346,1.574251127939735,-0.7891650351402337,0.5796901281702407
0,PAA-noSLAMut,3,-0.6592182682167668,0.24578350195544144,1.537310666418436,-0.6740952300957216,0.3326968677458615
0,PAA-noSLAMut,3,-0.6363110753412418,0.3331777533161461,1.5669327069381127,-0.9407646697317406,0.41918356709356175
0,PAA-noSLAMut,3,-0.4948477026193242,0.45155050262393887,0.7849825783431665,-0.706861010738659,0.9036488332195158
0,PAA-noSLAMut,3,-0.5009498442216629,0.3838584000119359,0.5833828754229664,-0.23810841466632815,0.5351812202387962
0,PAA-noSLAMut,3,-0.43819933245101517,0.4554307161328298,0.7849825783431665,-0.6915253007648807,0.7540003603848742
0,PAA-noSLAMut,3,-0.6804682215843421,0.2958308046544455,1.7140702228211238,-0.86353562864855,0.41241245769257
0,PAA-noSLAMut,3,-0.5204520781340517,0.34998889662932847,1.1017707555238399,-0.41761015174537325,0.1953748692168316
0,PAA-noSLAMut,3,-0.48697250328461184,0.5027863250177289,0.6747429940891573,-0.6262826836040164,0.5939049261096747
0,PAA-noSLAMut,3,-0.5312513728797426,0.37815306552834327,0.4983789284753746,-0.26755820566328514,0.5644498141870711
0,PAA-noSLAMut,3,-0.5021593289266866,0.4440748081667982,0.6915682278846585,-0.5284965095440807,0.6157043355488785
0,PAA-noSLAMut,3,-0.49118044078648887,0.4012233387405114,0.6215404981423345,-0.2920365767272136,0.5663889119985857
0,PAA-noSLAMut,3,-0.6832683933704835,0.26777939226145564,1.3629295501408407,-0.7472959542533135,0.4568249511189174
0,PAA-noSLAMut,3,-0.6932459836533449,0.28441469351782106,1.4126245053551467,-0.7418159204863808,0.5858862371623104
0,PAA-noSLAMut,3,-0.7064111373380051,0.28030677012710675,1.4994604217345198,-0.7641289362518692,0.5799919281903184
0,PAA-noSLAMut,3,-0.6449249727434393,0.31174931045358856,1.6174664288022447,-0.8946096018883953,0.42563325188883316
0,PAA-noSLAMut,3,-0.456643855003818,0.47368081002546153,0.755129549685372,-0.6406980544026469,0.6563262203044465
0,PAA-noSLAMut,3,-0.5372485415262688,0.3549994438993107,0.8550673523401053,-0.33621587274000597,0.2755497077252528
0,PAA-noSLAMut,3,-0.48746927105175875,0.4603840352578854,0.7240467010585573,-0.6781589377272983,0.810242818600216
0,PAA-noSLAMut,3,-0.5159318939645885,0.3417675487883416,1.0807043010154629,-0.39310377437713473,0.20223471820319006
0,PAA-noSLAMut,3,-0.518904939798464,0.42583660215472585,0.6574873400494294,-0.501376960712061,0.8480844731544863
0,PAA-noSLAMut,3,-0.5825086177170273,0.37755469529405145,1.1326360028574722,-0.7884847262583964,0.7007339200317562
0,PAA-noSLAMut,3,-0.48245440034193815,0.45307723097424235,0.6027637058449147,-0.5453899444330302,0.8856090865827853
0,PAA-noSLAMut,3,-0.6112490723561806,0.3459597863118587,0.9198275413214968,-0.5677577327749092,0.6380486676219675
0,PAA-noSLAMut,3,-0.44898539475374755,0.49422735705585497,0.755129549685372,-0.6914054804398762,0.6808696525879896
0,PAA-noSLAMut,3,-0.5350592596154107,0.31699858233531186,0.9565815297270429,-0.44082311786381423,0.3813100256930412
0,PAA-noSLAMut,3,-0.48935514657357676,0.470490310501188,0.7079937284797468,-0.6677331298564179,0.817773850250181
0,PAA-noSLAMut,3,-0.4632249552314026,0.47303449678099047,0.7702007157586646,-0.6559827696873621,0.6673464529142122
0,PAA-noSLAMut,3,-0.52788921594231,0.36321060193354054,0.881542505232828,-0.38488058839436523,0.27021954496962686
0,PAA-noSLAMut,3,-0.5704717457995626,0.3041662197539556,1.2576624704910284,-0.5363304706939779,0.25175680813556234
0,PAA-noSLAMut,3,-0.4611025596725728,0.46474913662803347,0.7397513981473143,-0.7092527042361192,0.7645485778126331
0,PAA-noSLAMut,3,-0.5741898834552834,0.3299412142130461,1.003495015435271,-0.5948717915075064,0.7515772909246938
0,PAA-noSLAMut,3,-0.4661372436644243,0.45189860315638286,0.7994911844726069,-0.6431407352898451,0.6373208572327973
0,PAA-noSLAMut,3,-0.6400430684521249,0.31885106676741737,1.5298155376831446,-0.9406588850300812,0.4300210244481054
0,PAA-noSLAMut,3,-0.43883098432863604,0.4554307161328298,0.8137411503644992,-0.6704605436042332,0.7768927559493811
0,PAA-noSLAMut,3,-0.47300800504208096,0.48478279108288846,0.7079937284797467,-0.5996238042501701,0.5796976974339242
0,PAA-noSLAMut,3,-0.607508502944303,0.38790326886152904,1.2576624704910284,-0.8176406708957178,0.4338142973997319
0,PAA-noSLAMut,3,-0.5488566428992048,0.3634202341934183,0.8277458339029348,-0.4712206121067979,0.5164364057467878
0,PAA-noSLAMut,3,-0.5114084397097405,0.3851894478485021,0.8277458339029348,-0.3263951970367668,0.2978287841438262
0,PAA-noSLAMut,3,-0.5345188670760057,0.34559598749979414,1.059218945609956,-0.43195558292958613,0.2236037004489515
0,PAA-noSLAMut,3,-0.6606373575842625,0.3106257208181936,1.387999450968369,-0.7900111527299144,0.4970552042223667
0,PAA-noSLAMut,3,-0.485357476801338,0.40943478635236463,0.6397664390839424,-0.31168663569873223,0.5629483840926385
0,PAA-noSLAMut,3,-0.5007481320083373,0.3830523165921204,0.5209319169482601,-0.23879507042298104,0.5545704045293054
0,PAA-noSLAMut,3,-0.5237647194334679,0.43101868947108884,0.6574873400494294,-0.47859859922250136,0.8510868614672452
0,PAA-noSLAMut,3,-0.5208918770489476,0.43476780867601617,0.6397664390839423,-0.5187101827780592,0.8643403750632028
0,PAA-noSLAMut,3,-0.560094814128594,0.36312450829391507,0.9803189452974895,-0.6416241608302237,0.7079421614329915
0,PAA-noSLAMut,3,-0.653118396784461,0.2461009498245656,1.5222835063120284,-0.6906267478435796,0.3408867621816713
0,PAA-noSLAMut,3,-0.6704685311624534,0.2954840422966391,1.6664684781093735,-0.8815029837018613,0.38681173097583016
0,PAA-noSLAMut,3,-0.6329901517375671,0.2742753937631558,1.3200887962222398,-0.5593414684754505,0.3487611536477747
0,PAA-noSLAMut,3,-0.5304618868499358,0.4214624227308562,0.9565815297270429,-0.8168184203158164,0.5231435673218634
0,PAA-noSLAMut,3,-0.6143604718983994,0.30852502928548525,1.1626821716231532,-0.5885571966537689,0.31023711008280974
0,PAA-noSLAMut,3,-0.5572169741461381,0.3718902995890806,0.5633356668893262,-0.2599186996948085,0.5460923539716334
0,PAA-noSLAMut,3,-0.5392253910918152,0.3492032340459274,1.0261477756627881,-0.4610272672522847,0.23877227170939355
0,PAA-noSLAMut,3,-0.6567811620250941,0.2578683168927426,1.4448051827559238,-0.6741919374989519,0.33678936053612374
0,PAA-noSLAMut,3,-0.4605970759119532,0.4902184705042442,0.7397513981473143,-0.6982611936082492,0.688429623317724
0,PAA-noSLAMut,3,-0.6490687353074849,0.28118070107820553,1.2667688800364192,-0.6890311034787692,0.3588334592800868
0,PAA-noSLAMut,3,-0.5455404354644509,0.4065903290140147,0.8944862739468377,-0.5198630098349277,0.4491338203534759
0,PAA-noSLAMut,3,-0.5858325580603699,0.3309038287552572,0.9072453912952236,-0.6141209663783684,0.7819455586215271
0,PAA-noSLAMut,3,-0.6771010845391304,0.3002885734778793,1.6938332891759678,-0.8574022906603733,0.4130767271036978
0,PAA-noSLAMut,3,-0.6259037510178573,0.3029046600074241,1.2937035644497943,-0.6169819576182842,0.3159812808834117
0,PAA-noSLAMut,4,-0.5104300953510996,0.4088703786501696,0.8137411503644992,-0.21724823951693112,0.3104963190415989
0,PAA-noSLAMut,4,-0.5046423595750118,0.38578805003543537,0.5209319169482601,-0.37068937621281034,0.5807942070001152
0,PAA-noSLAMut,4,-0.39973697861944374,0.4035648209050944,1.003495015435271,-0.31998611814042344,0.1797917323165846
0,PAA-noSLAMut,4,-0.4720933439992205,0.4844499558038312,0.7702007157586646,-0.6064342339072414,0.6719820014583994
0,PAA-noSLAMut,4,-0.7060174664929992,0.26915225434064927,1.5669327069381127,-0.7827535909356921,0.35401122687640535
0,PAA-noSLAMut,4,-0.6656970119208067,0.3293989431642192,1.5887868407416335,-0.9433215527353898,0.45583327306455396
0,PAA-noSLAMut,4,-0.48829534463091856,0.38706668443602815,1.2667688800364185,-0.4441368199447844,0.15103347073386802
0,PAA-noSLAMut,4,-0.5521994794555642,0.43702878942357126,0.7240467010585573,-0.5731342290028234,0.8747671341855462
0,PAA-noSLAMut,4,-0.676705238874027,0.292917958807256,1.7538437111797658,-0.9349688614700667,0.3619031396291022
0,PAA-noSLAMut,4,-0.6547534865263934,0.2512734405466765,1.3544698050897952,-0.6482734722147978,0.29941281024905286
0,PAA-noSLAMut,4,-0.5721828239198323,0.41733932483578995,0.7240467010585573,-0.5077540706527783,0.6992253309443148
0,PAA-noSLAMut,4,-0.6036973873756384,0.40561384236082987,1.0807043010154627,-0.8124251571222393,0.5380145019245165
0,PAA-noSLAMut,4,-0.41525311455663416,0.4023260244837735,0.9565815297270427,-0.33443255476485423,0.19793364783205472
0,PAA-noSLAMut,4,-0.47353823654769844,0.3844724724933986,1.003495015435271,-0.4104308007419849,0.18900159771128716
0,PAA-noSLAMut,4,-0.4330970557221816,0.42312979805632206,0.9919746671444329,-0.3850416001410514,0.2290392074032907
0,PAA-noSLAMut,4,-0.571223234317402,0.4143874089668893,0.8277458339029348,-0.6422800267534432,0.814795115228631
0,PAA-noSLAMut,4,-0.5783957361170462,0.36751579448977123,0.6747429940891573,-0.500099499361363,0.4704055067259435
0,PAA-noSLAMut,4,-0.518703978794977,0.45033081307290923,0.6397664390839423,-0.5329561838267436,0.7720155558027775
0,PAA-noSLAMut,4,-0.623104776184938,0.3459001618606822,1.4126245053551467,-0.9024486322656553,0.4909905187253908
0,PAA-noSLAMut,4,-0.5451647253858736,0.4666141177334696,0.755129549685372,-0.6672082843596765,0.7860594896839922
0,PAA-noSLAMut,4,-0.6698064727034806,0.3028379427372493,1.631617191560735,-0.9039842442453233,0.37546035161736135
0,PAA-noSLAMut,4,-0.670934272361487,0.28662374852646233,1.6802065944479638,-0.8715388259560634,0.3467113348581825
0,PAA-noSLAMut,4,-0.5180723269173562,0.45033081307290923,0.6574873400494294,-0.5540209409873912,0.7491231602382706
0,PAA-noSLAMut,4,-0.4925042630878943,0.4163639536574541,0.6915682278846585,-0.42481204429390707,0.39019987423802605
0,PAA-noSLAMut,4,-0.40686734633608895,0.39829494900823764,0.9322398894708788,-0.3424570179976213,0.197870468790988
0,PAA-noSLAMut,4,-0.4796393656842491,0.4713628848839022,0.6915682278846585,-0.5912907002700425,0.6539518313781038
0,PAA-noSLAMut,4,-0.6745099839567448,0.28538208053351466,1.707351230126634,-0.8938136804033329,0.3376276603329951
0,PAA-noSLAMut,4,-0.6456731663046431,0.33191354343877466,1.484050047961325,-0.8468731983214044,0.6284422394529517
0,PAA-noSLAMut,4,-0.4630969925369534,0.48221438555553336,0.7849825783431665,-0.608115793235875,0.6598723442826219
0,PAA-noSLAMut,4,-0.459084891216761,0.43831043716772927,0.7849825783431665,-0.4642258049954918,0.4074697012259506
0,PAA-noSLAMut,4,-0.6904614877059203,0.282456230694167,1.603190767440991,-0.8793120103132488,0.34928784018380454
0,PAA-noSLAMut,4,-0.5976929846101051,0.3704205076800731,1.0483111508478484,-0.6752092070734881,0.6651663569685576
0,PAA-noSLAMut,4,-0.6244783911915477,0.3135057220540093,1.3113527077656701,-0.7572839087115575,0.6157588458613715
0,PAA-noSLAMut,4,-0.4507751125216363,0.39641233186320723,0.7994911844726069,-0.2747669319820383,0.23672503770446135
0,PAA-noSLAMut,4,-0.6358113081149298,0.3228713928197563,1.3879994509683689,-0.8244642023916399,0.5492949333080827
0,PAA-noSLAMut,4,-0.6099282186862405,0.3166903598780124,1.3113527077656701,-0.7179498879670166,0.6118196734849549
0,PAA-noSLAMut,4,-0.4371192581112724,0.4223323842756891,0.9803189452974894,-0.38233087217170264,0.21383538568158267
0,PAA-noSLAMut,4,-0.5227215666378444,0.42868090001062653,0.7702007157586646,-0.5872477945518645,0.5930386536811024
0,PAA-noSLAMut,4,-0.5119332860775984,0.4106147021591536,0.7994911844726069,-0.23351518296482454,0.3313153836693048
0,PAA-noSLAMut,4,-0.6505738753458885,0.3415407938398581,1.5147140218016455,-0.9228681868205488,0.44967251920465506
0,PAA-noSLAMut,4,-0.5258988192111115,0.45806130401431044,0.6574873400494295,-0.5920438288336743,0.8454016546248958
0,PAA-noSLAMut,4,-0.6586447623193952,0.3545180672988488,1.3373897866387852,-0.7325458199636354,0.3651396430109049
0,PAA-noSLAMut,4,-0.5151388244955825,0.4465022341465648,0.7079937284797468,-0.5696506806857992,0.6719229562988109
0,PAA-noSLAMut,4,-0.5512779007110223,0.45054769846755444,1.1224418956996507,-0.8600584583714728,0.63939308246597
0,PAA-noSLAMut,4,-0.6512768789617255,0.33149044357766505,1.552192351668487,-0.940585486718074,0.4442762100121199
0,PAA-noSLAMut,4,-0.5349699654530945,0.46849766776572555,0.7702007157586646,-0.6751083460025324,0.8001762487745003
0,PAA-noSLAMut,4,-0.55832844792708,0.45601732989967125,0.7702007157586646,-0.6200351170076772,0.7672395369492765
0,PAA-noSLAMut,4,-0.6144612287767958,0.33672307202804513,1.2299387677605,-0.6991828392780173,0.3086422920695284
0,PAA-noSLAMut,4,-0.6330077456373148,0.3625958617284297,1.2205576048237503,-0.8345849171874864,0.5185500697545692
0,PAA-noSLAMut,4,-0.6989900314319323,0.2746788826913811,1.4527389723778685,-0.7570875875772956,0.33794296560193376
0,PAA-noSLAMut,4,-0.552313386664332,0.43695685472448725,0.7397513981473143,-0.5732189727979524,0.8673809764386838
0,PAA-noSLAMut,4,-0.48249389069210924,0.3894685482336958,1.2205576048237503,-0.42014282406355186,0.16094109464330203
0,PAA-noSLAMut,4,-0.4562230433648928,0.39350955040123525,0.7849825783431665,-0.28840615613671206,0.25535443082431913
0,PAA-noSLAMut,4,-0.46072236648340403,0.4342169320554593,0.755129549685372,-0.4777832979278399,0.40897023998350834
0,PAA-noSLAMut,4,-0.6131880471545629,0.36412489422767547,1.201575571988228,-0.8346745229222534,0.5105974837014057
0,PAA-noSLAMut,4,-0.6567173852310905,0.26369022011677157,1.2847880786040071,-0.6434714080617511,0.3053432656228064
0,PAA-noSLAMut,4,-0.5875721574833868,0.33555263980416045,0.8684058283919128,-0.42894093692256724,0.32337041887428175
0,PAA-noSLAMut,4,-0.581643813428139,0.33301903629595236,0.9072453912952236,-0.4362025080888635,0.3171538465870692
0,PAA-noSLAMut,4,-0.6499212003870641,0.253685501134817,1.3459568890394897,-0.6509462318997702,0.30475586258008797
0,PAA-noSLAMut,4,-0.6888972551339937,0.30068160461611415,1.5147140218016457,-0.8802326901999343,0.347423880310191
0,PAA-noSLAMut,5,-0.4692694170094036,0.4927379465453591,0.6747429940891573,-0.5773154346803195,0.7240627641939277
0,PAA-noSLAMut,5,-0.603363905979634,0.3549791773052404,1.0261477756627881,-0.7908585376813381,0.8943384277460604
0,PAA-noSLAMut,5,-0.5362305588131636,0.3908746349916415,0.8550673523401053,-0.22008140513418936,0.2776195880073184
0,PAA-noSLAMut,5,-0.49496799500802363,0.4310431792523598,0.5209319169482601,-0.34898072227863686,0.5173301702598507
0,PAA-noSLAMut,5,-0.5241347875398312,0.3183784752240577,1.3544698050897952,-0.4754869565378385,0.17012544898477625
0,PAA-noSLAMut,5,-0.42767684417183516,0.4083946117402847,0.7079937284797468,-0.46267968604635357,0.4319119937644226
0,PAA-noSLAMut,5,-0.7063045482036787,0.2685590025099292,1.6245572178441157,-0.8082417099591677,0.4543579600618874
0,PAA-noSLAMut,5,-0.6694387620926187,0.33662062076630017,1.4917751340604712,-0.9406378827247444,0.47136278850659485
0,PAA-noSLAMut,5,-0.6725886148095679,0.2860591742174033,1.734071003737573,-0.8658121045268391,0.4014659196744967
0,PAA-noSLAMut,5,-0.6680605884852933,0.2500191197788776,1.574251127939735,-0.7031033089836441,0.3469184529828941
0,PAA-noSLAMut,5,-0.6894971019076391,0.2805070471272676,1.4527389723778683,-0.7854120171009598,0.4615234459274194
0,PAA-noSLAMut,5,-0.49784657710826297,0.42580598778994894,0.5633356668893262,-0.3361106610792338,0.5114262007331243
0,PAA-noSLAMut,5,-0.5156782117637777,0.4656757303961087,0.8137411503644992,-0.6567151901325804,0.8180359636486114
0,PAA-noSLAMut,5,-0.44652908437511557,0.42815055131191854,0.6215404981423345,-0.46891604260948067,0.4828381974175536
0,PAA-noSLAMut,5,-0.530282087853872,0.4073901846259357,0.9198275413214968,-0.3718596527644031,0.3163325661838095
0,PAA-noSLAMut,5,-0.48742301309074126,0.4541150085627132,0.7994911844726069,-0.671549761003912,0.7900712957502581
0,PAA-noSLAMut,5,-0.6969960626569066,0.31625367285000044,1.631617191560735,-0.9028747086935809,0.5079116917103487
0,PAA-noSLAMut,5,-0.6600380890396862,0.2934206803048425,1.6664684781093735,-0.8182204360147283,0.41206188474768995
0,PAA-noSLAMut,5,-0.5281289625484992,0.37850136851470884,0.8550673523401053,-0.25559164950971186,0.25141928290899956
0,PAA-noSLAMut,5,-0.5112923408682395,0.42162119087440725,0.6574873400494295,-0.2858228922676411,0.3566091844890479
0,PAA-noSLAMut,5,-0.5176533468644466,0.3297693536769103,1.201575571988228,-0.4391942259568338,0.1972404928524892
0,PAA-noSLAMut,5,-0.4389926224063288,0.3989876015596734,0.7397513981473143,-0.49699696831086976,0.4375008876903864
0,PAA-noSLAMut,5,-0.5042133021964956,0.4766049134491862,0.7397513981473143,-0.6626197390074327,0.6285912949192942
0,PAA-noSLAMut,5,-0.4546754471567073,0.43906640210404335,0.6397664390839424,-0.5617676871106221,0.5808379771079749
0,PAA-noSLAMut,5,-0.6405362136394803,0.34389438986552123,1.3113527077656704,-0.8413880402173131,0.6915101448264862
0,PAA-noSLAMut,5,-0.4964540099537612,0.4098686872836364,0.755129549685372,-0.3101824891729318,0.30172446304418177
0,PAA-noSLAMut,5,-0.6024735625738238,0.34926550052195504,1.1017707555238399,-0.7636684828899245,0.8533862413883258
0,PAA-noSLAMut,5,-0.5656094458018239,0.38773649583307235,0.8415174812746266,-0.5904033685729955,0.5666550926029021
0,PAA-noSLAMut,5,-0.47874540197530385,0.4442415012609976,0.7849825783431665,-0.5861883421192753,0.4958794466496819
0,PAA-noSLAMut,5,-0.7030717834117345,0.2774273331001923,1.6174664288022447,-0.7977186210119404,0.4912421942571525
0,PAA-noSLAMut,5,-0.7005484014052523,0.26113709990770106,1.596005053582509,-0.747931916643008,0.48034399914304693
0,PAA-noSLAMut,5,-0.6764021157715729,0.2950311818089011,1.5887868407416337,-0.8611616175704091,0.4875465004804361
0,PAA-noSLAMut,5,-0.48834452287208663,0.46213665182597746,0.7079937284797467,-0.4032537021952768,0.6383480272081716
0,PAA-noSLAMut,5,-0.650661379936723,0.3404249730192364,1.404464128193649,-0.8891970826000346,0.6797007163960375
0,PAA-noSLAMut,5,-0.6713812428988175,0.26324036715997584,1.5447694296661307,-0.7404292298891654,0.34215537364083926
0,PAA-noSLAMut,5,-0.6137170316702539,0.3505885438313997,1.1121543523606332,-0.8387432765138645,0.878119725182539
0,PAA-noSLAMut,5,-0.45970050458605166,0.3714003494294368,0.8550673523401052,-0.4218882639959645,0.27984758592918574
0,PAA-noSLAMut,5,-0.661776945162803,0.28981172638445596,1.7006056912958407,-0.8457459170015614,0.37422720871697657
0,PAA-noSLAMut,5,-0.43681286395314045,0.4207432456259532,0.7849825783431665,-0.5040316277513821,0.44455187802183466
0,PAA-noSLAMut,5,-0.46806658419018055,0.48969603599293154,0.7240467010585573,-0.6153283305968219,0.7224586900334915
0,PAA-noSLAMut,5,-0.62746266446633,0.30300488150779475,1.211103777942239,-0.8094885275532407,0.5383206132190669
0,PAA-noSLAMut,5,-0.4720084057505819,0.4837462835471726,0.6915682278846585,-0.5553894915037942,0.7263607345664269
0,PAA-noSLAMut,5,-0.6499530297759166,0.34967587332449784,1.4126245053551467,-0.9122782229509119,0.7091112219852799
0,PAA-noSLAMut,5,-0.6414383598292053,0.3448932253225605,1.2758102920010679,-0.8355816434300744,0.6787496740687423
0,PAA-noSLAMut,5,-0.5766954066432197,0.3654166109806512,0.8137411503644991,-0.48851897564008073,0.5290538605881006
0,PAA-noSLAMut,5,-0.5485167847399627,0.43514806600724915,0.9685229624340642,-0.7360651496502463,0.6544320665001756
0,PAA-noSLAMut,5,-0.6223707586994516,0.3394499041923679,1.2299387677605,-0.584419537552224,0.5031763794979842
0,PAA-noSLAMut,5,-0.5606971223333469,0.39697082825291463,0.9198275413214968,-0.6789351849226162,0.5962867717533087
0,PAA-noSLAMut,5,-0.5459064226419874,0.35251956197448064,0.8415174812746264,-0.5707363455210214,0.5408654261864715
0,PAA-noSLAMut,5,-0.5649878194056497,0.4109588941080835,0.755129549685372,-0.5231385120766296,0.8057672570304645
0,PAA-noSLAMut,5,-0.5101870640961668,0.4104434334890848,0.8550673523401053,-0.3525840843259776,0.38024708031923576
0,PAA-noSLAMut,5,-0.5283307228167679,0.3715902504321279,1.0034950154352709,-0.7250924110592589,0.43010342175608435
0,PAA-noSLAMut,5,-0.5820782037898066,0.38158791270990555,0.8815425052328281,-0.46942617752322446,0.3640166680203106
0,PAA-noSLAMut,5,-0.6144706915973026,0.3014274180844191,1.1326360028574725,-0.5136180329919632,0.3329360829715414
0,PAA-noSLAMut,5,-0.530188815181307,0.32622703285362914,1.0700155515160485,-0.41267708485981947,0.2256434474178742
0,PAA-noSLAMut,5,-0.5751076920651638,0.40933915369089985,1.0483111508478486,-0.8281212085038083,0.7374254164613598
0,PAA-noSLAMut,5,-0.6649412165263451,0.28761580157958544,1.7006056912958407,-0.8445188794029554,0.3942210094893028
0,PAA-noSLAMut,5,-0.642527090210683,0.3078542233402419,1.3796934333906816,-0.8240363944109534,0.6397847936791162
0,PAA-noSLAMut,5,-0.5328054526163466,0.32604290293566984,1.0912883633487742,-0.4147160631631107,0.21275121819132908
0,PAA-noSLAMut,5,-0.6207716362502718,0.3382556512628834,1.1427391744033626,-0.6210256201611299,0.46895344542601336
0,PAA-noSLAMut,6,-0.4959869074517398,0.4399751762559701,0.7240467010585573,-0.646567020260807,0.8997103608291044
0,PAA-noSLAMut,6,-0.4590282049421023,0.46597804861870945,0.6574873400494294,-0.5997762207428305,0.8955200600681523
0,PAA-noSLAMut,6,-0.5271726228822124,0.4268875656976336,0.7240467010585573,-0.25105464277427886,0.4088321765418998
0,PAA-noSLAMut,6,-0.7052043977254246,0.2854370780849529,1.484050047961325,-0.7926081297990433,0.5634715309997536
0,PAA-noSLAMut,6,-0.6806879445154606,0.2884756149283816,1.6802065944479638,-0.9218191628939714,0.48978591765971036
0,PAA-noSLAMut,6,-0.6624976970619227,0.2437321834620036,1.5669327069381127,-0.7223181400857277,0.3752799963391928
0,PAA-noSLAMut,6,-0.43228116920206244,0.4557217533907026,0.6397664390839423,-0.5730229282281576,0.7350336743087396
0,PAA-noSLAMut,6,-0.48509697288232767,0.3629609970410188,1.2758102920010672,-0.4821920116085462,0.15724404575089349
0,PAA-noSLAMut,6,-0.6367174324527404,0.30143065807555897,1.6103444173701353,-0.9439276303366799,0.393269327798493
0,PAA-noSLAMut,6,-0.5005966669875295,0.41676545814676996,0.5209319169482601,-0.43213405747032513,0.615325204973264
0,PAA-noSLAMut,6,-0.4519491559427717,0.45963946179338444,0.6747429940891573,-0.5309807262253132,0.7507008755175737
0,PAA-noSLAMut,6,-0.6721223216643744,0.2671498114458835,1.603190767440991,-0.7746324763794554,0.29201163357037696
0,PAA-noSLAMut,6,-0.5040592302770902,0.41415937660280483,0.5633356668893262,-0.4600935173334548,0.6299465862894947
0,PAA-noSLAMut,6,-0.49405561684248844,0.43263865466711254,0.6747429940891573,-0.5575231920979672,0.805845316115273
0,PAA-noSLAMut,6,-0.4595750954701268,0.44966418475237724,0.5833828754229664,-0.5100257582869154,0.8511454142300172
0,PAA-noSLAMut,6,-0.4731878520626112,0.3650063478603299,1.2937035644497938,-0.5035124772948208,0.15858765265106073
0,PAA-noSLAMut,6,-0.48937955869252925,0.43231304205024096,0.6397664390839423,-0.48013658906909085,0.8422127908128445
0,PAA-noSLAMut,6,-0.46997579921888766,0.43492221710335954,0.6027637058449147,-0.47259874515064626,0.7099707941775213
0,PAA-noSLAMut,6,-0.5469123653757384,0.34268709787038487,1.112154352360633,-0.5331185311158668,0.21181782646695774
0,PAA-noSLAMut,6,-0.5067554270337924,0.40646027008369146,0.8277458339029348,-0.4076274089711269,0.24724075191435985
0,PAA-noSLAMut,6,-0.6210531736389647,0.3334061414974496,1.1527538013223835,-0.7406004250929529,0.5225986745368514
0,PAA-noSLAMut,6,-0.531926814255504,0.39856061907758966,0.7551295496853719,-0.2879874380942087,0.4395954637384906
0,PAA-noSLAMut,6,-0.4965527454731301,0.35392855064901607,1.3287674498039932,-0.48127133172186065,0.15910800562450697
0,PAA-noSLAMut,6,-0.5987504801459889,0.324719500881853,1.1527538013223835,-0.6869603511585245,0.7259149727850236
0,PAA-noSLAMut,6,-0.6954191311095682,0.28423897755772065,1.631617191560735,-0.8933987554970221,0.4779785837916835
0,PAA-noSLAMut,6,-0.5968003315115135,0.3719936425222704,0.9919746671444328,-0.7843429504836146,0.5486061113920018
0,PAA-noSLAMut,6,-0.5388310669192061,0.3903259995217446,0.7702007157586646,-0.63577076487114,0.6589316302435491
0,PAA-noSLAMut,6,-0.6083604230816434,0.3102696185155385,1.2484896411001858,-0.6484760813173669,0.28783707883294507
0,PAA-noSLAMut,6,-0.6306811097017242,0.3194599449799712,0.9803189452974895,-0.6561288337045299,0.4764096023583425
0,PAA-noSLAMut,6,-0.4605396744652879,0.4409640311930829,0.7079937284797468,-0.33044723325842584,0.4256769878826887
0,PAA-noSLAMut,6,-0.5374299358087,0.4243288383834794,0.6747429940891573,-0.3230520247436737,0.4363857887309118
0,PAA-noSLAMut,6,-0.43253216127938054,0.4572015082628167,0.6574873400494294,-0.5625560752587526,0.7346921528009763
0,PAA-noSLAMut,6,-0.6009426971036904,0.35580542396895865,0.9072453912952236,-0.546366177615144,0.5127220005292448
0,PAA-noSLAMut,6,-0.5010647587874434,0.4122881542298991,0.7397513981473143,-0.6082163157107129,0.6678536443931418
0,PAA-noSLAMut,6,-0.5427681681605051,0.39192179234782654,0.7994911844726069,-0.35697681128719483,0.4474290230277275
0,PAA-noSLAMut,6,-0.514744647093883,0.3993057822793255,0.7240467010585573,-0.4090815987107774,0.6237223531695231
0,PAA-noSLAMut,6,-0.6160593928826048,0.2773395755181509,1.468477964887372,-0.8451247361065221,0.4570594239965923
0,PAA-noSLAMut,6,-0.5796438233251247,0.37075935796481296,1.0261477756627881,-0.44991243931377933,0.3853671575217169
0,PAA-noSLAMut,6,-0.5659587539585883,0.3516952512240515,1.3025580288099372,-0.7061002850821584,0.2632292319212935
0,PAA-noSLAMut,6,-0.5745799479001723,0.3596015957025074,0.9565815297270429,-0.6140812165315339,0.414821239612582
0,PAA-noSLAMut,6,-0.4574321219590806,0.46555372790852667,0.6574873400494294,-0.6006534137252866,0.8621903424196766
0,PAA-noSLAMut,6,-0.6267368451865718,0.3103539739885117,1.4288054467365827,-0.9014055213840896,0.4038915409406275
0,PAA-noSLAMut,6,-0.6140613364404045,0.3513964664926953,1.211103777942239,-0.8426118140660982,0.6865614917780942
0,PAA-noSLAMut,6,-0.5841314578753509,0.331798978328167,1.0700155515160488,-0.6790893425118126,0.46780123080033836
0,PAA-noSLAMut,6,-0.6328131558265355,0.32736157018235323,1.2299387677605003,-0.7556138111403332,0.5197141909144833
0,PAA-noSLAMut,6,-0.6624694489996774,0.2527738936576978,1.4527389723778685,-0.6610650858926064,0.31060758287878387
0,PAA-noSLAMut,6,-0.5896815978547094,0.34138138769703846,1.0261477756627881,-0.579869030222161,0.39234253782108885
0,PAA-noSLAMut,6,-0.5617665090886722,0.31467241706443116,1.1326360028574722,-0.61167501216525,0.2480779313114641
0,PAA-noSLAMut,6,-0.5514242811967464,0.383920215673095,0.7849825783431665,-0.35084445230853184,0.4608323140204269
0,PAA-noSLAMut,6,-0.6401186158734442,0.2998119998027887,1.6664684781093735,-0.9436563010993451,0.37936461156635926
0,PAA-noSLAMut,6,-0.5587713665897208,0.39291894509532255,0.8684058283919128,-0.6730932297706884,0.6844603352921521
0,PAA-noSLAMut,6,-0.6438336915380216,0.25665827617411774,1.5815356839371835,-0.7981352223102591,0.35444892654999405
0,PAA-noSLAMut,6,-0.6227839078665969,0.30830374885453155,1.5298155376831448,-0.923474264421839,0.3871085739385941
0,PAA-noSLAMut,6,-0.6526712380502776,0.2720900367346264,1.5147140218016457,-0.8205956686984937,0.4026622816681254
0,PAA-noSLAMut,6,-0.6490448972111613,0.2473864611590976,1.574251127939735,-0.7037924699873106,0.3692435074861175
0,PAA-noSLAMut,6,-0.5184355932326887,0.4211434053042897,0.9322398894708789,-0.6827753953975619,0.5345662287657056
0,PAA-noSLAMut,6,-0.6568261345095838,0.2832591896730082,1.404464128193649,-0.7308125403560529,0.36655003092378163
0,PAA-noSLAMut,6,-0.6871536951932058,0.2707174857542364,1.5815356839371835,-0.810788239267748,0.42341869358276457
0,PAA-noSLAMut,6,-0.6319944379847338,0.2641699943306458,1.337389786638785,-0.6345753035077266,0.34358562847748075
0,PAA-noSLAMut,6,-0.6367358993496207,0.30340744006780423,1.5887868407416337,-0.9409585487745369,0.39718543410801593
0,PAA-noSLAMut,7,-0.4624329048721937,0.424908140109712,0.4983789284753746,-0.43218079429751455,0.4550377794680836
0,PAA-noSLAMut,7,-0.413811468207673,0.4301858416852033,0.6574873400494295,-0.47133573290265957,0.3705330291880725
0,PAA-noSLAMut,7,-0.6911033760784075,0.24386936515662633,1.5521923516684872,-0.7115219654186655,0.43180339205381857
0,PAA-noSLAMut,7,-0.5743449926076186,0.36522150008592164,0.8684058283919127,-0.6337593049085983,0.8237203180107848
0,PAA-noSLAMut,7,-0.49513612175968846,0.4134293903258827,0.6747429940891573,-0.3114880848678263,0.39712367588609865
0,PAA-noSLAMut,7,-0.7016707192489828,0.2553695646663164,1.5447694296661307,-0.7955031878722103,0.45960889175795516
0,PAA-noSLAMut,7,-0.45494690801538445,0.46394315852508344,0.7079937284797468,-0.594527216971624,0.45577186044748996
0,PAA-noSLAMut,7,-0.5328562945763117,0.37825898239646677,0.9685229624340641,-0.4618538681019638,0.18158001841071397
0,PAA-noSLAMut,7,-0.6401715817673956,0.3136194534471143,1.5521923516684872,-0.9397625638922593,0.43206012483762296
0,PAA-noSLAMut,7,-0.6620499672988462,0.2822129268119696,1.638646748247976,-0.8189222125966555,0.3259443707036603
0,PAA-noSLAMut,7,-0.6897107874886114,0.26315160078895666,1.4606296681954094,-0.7014777330246493,0.5046293624113234
0,PAA-noSLAMut,7,-0.46976939282642194,0.4205130071664632,0.5633356668893262,-0.4049147312010666,0.4207346608486569
0,PAA-noSLAMut,7,-0.6103539949896695,0.3272843689986379,1.387999450968369,-0.9142901342681864,0.44997589625590056
0,PAA-noSLAMut,7,-0.6554030845552787,0.3013153050786838,1.603190767440991,-0.9278994466426393,0.38259722881520863
0,PAA-noSLAMut,7,-0.6677209613765196,0.31175362347260155,1.3459568890394897,-0.7407893372258125,0.6231623147417142
0,PAA-noSLAMut,7,-0.638018064347314,0.3816978437805315,1.0372886595566415,-0.7049652999863081,0.7787807395424693
0,PAA-noSLAMut,7,-0.6446589196479919,0.2974463897807591,1.3113527077656704,-0.6777955469663421,0.5363731725643566
0,PAA-noSLAMut,7,-0.7000527162720483,0.27290775325314015,1.537310666418436,-0.7681101308274556,0.4450091368729206
0,PAA-noSLAMut,7,-0.6926683190117023,0.26530803915744533,1.5147140218016457,-0.7578989918482477,0.47517243570027007
0,PAA-noSLAMut,7,-0.5847040893970489,0.3551443762190307,1.1326360028574722,-0.8657164639773297,0.41651779074657347
0,PAA-noSLAMut,7,-0.5899983407712965,0.3444024787758275,1.0261477756627881,-0.6879146666387527,0.586496295961561
0,PAA-noSLAMut,7,-0.5479411837445912,0.36138488117356593,1.003495015435271,-0.6592448736062299,0.36270030866220143
0,PAA-noSLAMut,7,-0.5863258020088151,0.38253048826347225,1.059218945609956,-0.6852361403491237,0.46876168503611615
0,PAA-noSLAMut,7,-0.41743362667436984,0.4363128508691599,0.6215404981423344,-0.5419229922946782,0.4991801898927104
0,PAA-noSLAMut,7,-0.510559824216814,0.39841937095875296,0.7397513981473143,-0.42910609452493115,0.28068758789670784
0,PAA-noSLAMut,7,-0.6345163716591408,0.32362843035807776,1.4448051827559238,-0.9160024081485952,0.429975647363057
0,PAA-noSLAMut,7,-0.6136015478371999,0.34677095937111196,1.2392489169603274,-0.7792332655597642,0.45027761961346985
0,PAA-noSLAMut,7,-0.5184678601990648,0.38777714631997995,0.7240467010585573,-0.5466960224288951,0.44448742786986833
0,PAA-noSLAMut,7,-0.6516130215149554,0.2911087842715633,1.1427391744033626,-0.5795263600108338,0.34002507441147056
0,PAA-noSLAMut,7,-0.6271129046699034,0.325335929279469,1.3459568890394897,-0.8247799260907156,0.4302029412033551
0,PAA-noSLAMut,7,-0.6009042391364444,0.3310876031342283,1.3025580288099372,-0.8729809011730614,0.44437324310340054
0,PAA-noSLAMut,7,-0.640247801775381,0.30960349871590137,1.5147140218016457,-0.890773795638266,0.42779206843650586
0,PAA-noSLAMut,7,-0.6598240911721749,0.28657746415701907,1.6245572178441157,-0.8433194563567585,0.3285833532800443
0,PAA-noSLAMut,7,-0.6902771653286827,0.24522178595903238,1.5595799441917928,-0.7179898435514763,0.41905386891484075
0,PAA-noSLAMut,7,-0.44425386572127873,0.4290597201497605,0.6027637058449147,-0.48888680699138476,0.4970350789050048
0,PAA-noSLAMut,7,-0.4664473277321043,0.45432604585716163,0.6574873400494295,-0.5157323719230417,0.5298796350062732
0,PAA-noSLAMut,7,-0.63255107529363,0.36434382015545114,0.9803189452974895,-0.6500178664199808,0.7600127050017602
0,PAA-noSLAMut,7,-0.642267374705775,0.34203300556153077,1.2205576048237503,-0.767145708885818,0.5739623170213429
0,PAA-noSLAMut,7,-0.4967489585766055,0.4178949988120534,0.6574873400494294,-0.4859586958711478,0.6500657898836968
0,PAA-noSLAMut,7,-0.6040875178981051,0.39100090156201117,0.9322398894708789,-0.6438627076894875,0.7169958841582966
0,PAA-noSLAMut,7,-0.5355640053225095,0.37338525923051036,1.201575571988228,-0.614321621916841,0.29197157542231295
0,PAA-noSLAMut,7,-0.42722358631811136,0.42132265078311654,0.6215404981423345,-0.5205036449144302,0.4969753167510461
0,PAA-noSLAMut,7,-0.541308621630067,0.38420533045989486,0.7702007157586646,-0.6039042633008903,0.6828950849016684
0,PAA-noSLAMut,7,-0.664795250595543,0.2854492827811267,1.638646748247976,-0.8654920754043776,0.34670097647479187
0,PAA-noSLAMut,7,-0.6063527466613734,0.3688492254450445,1.1626821716231532,-0.7647945115476482,0.4367603972689976
0,PAA-noSLAMut,7,-0.49367610256413863,0.40987217011985233,0.6915682278846585,-0.4878173515563235,0.6077883447337922
0,PAA-noSLAMut,7,-0.6466957136068641,0.3254482350410594,1.266768880036419,-0.8207300424820902,0.5604534660030602
0,PAA-noSLAMut,7,-0.6654251595088407,0.3198834898704255,1.2576624704910284,-0.7333811116927318,0.6291112180575927
0,PAA-noSLAMut,7,-0.4727850497674634,0.43127702692843917,0.6215404981423344,-0.45242828587602946,0.4479884004043546
0,PAA-noSLAMut,7,-0.5628059621328866,0.3673356140207086,0.9444891303068569,-0.4958521907967512,0.22093174670214077
0,PAA-noSLAMut,7,-0.6325260094467821,0.3167698604052894,1.4527389723778683,-0.8911917520819372,0.43044574871538027
0,PAA-noSLAMut,7,-0.5065509488331188,0.3720646123228585,0.7849825783431665,-0.5782413334715379,0.49452005217487305
0,PAA-noSLAMut,7,-0.5037525439720589,0.4171144062507485,0.6915682278846585,-0.500351961597002,0.692046480080686
0,PAA-noSLAMut,7,-0.6669661680008229,0.34318510295900106,1.293703564449794,-0.8075999058168088,0.7235465324874194
0,PAA-noSLAMut,7,-0.5721596665957941,0.37208350308299565,0.8944862739468377,-0.7226114946751513,0.6406072324815961
0,PAA-noSLAMut,7,-0.5968201183357185,0.3194831745645409,1.201575571988228,-0.698216689935371,0.4392148372978738
0,PAA-noSLAMut,7,-0.48934805465123193,0.41821570966703964,0.6574873400494294,-0.5060730639201371,0.6694235359866813
0,PAA-noSLAMut,7,-0.5307291539891514,0.44789995807373906,0.6915682278846585,-0.6196030089240476,0.5383207880037257
0,PAA-noSLAMut,7,-0.4769861989961813,0.46171031651986816,0.6574873400494294,-0.585466116573448,0.4607146742972805
0,PAA-noSLAMut,7,-0.6381755830423793,0.303616339270337,1.5298155376831448,-0.8399303913288605,0.336387937066234
0,PAA-noSLAMut,8,-0.5247798635844333,0.4190921201673602,0.54254821706694,-0.4782519484229395,0.56122544867221
0,PAA-noSLAMut,8,-0.48879840900361743,0.46654740640347614,0.6747429940891573,-0.6041902582357057,0.6908591388820737
0,PAA-noSLAMut,8,-0.4814706337760697,0.40871921838543895,1.0912883633487742,-0.1910181309994203,0.17119342256001974
0,PAA-noSLAMut,8,-0.667753489374632,0.2384968489414386,1.5447694296661307,-0.6770621201681708,0.30242615562085257
0,PAA-noSLAMut,8,-0.6307465132905689,0.3281083051564752,1.5447694296661307,-0.9422591159584128,0.4831385184000216
0,PAA-noSLAMut,8,-0.709229814055199,0.2736971398566024,1.5815356839371835,-0.7911101629604448,0.4327894873164636
0,PAA-noSLAMut,8,-0.4759546187983291,0.4095245280310186,1.1326360028574722,-0.2042276558460125,0.15564811561405079
0,PAA-noSLAMut,8,-0.6883539677265561,0.27857156390949245,1.7006056912958407,-0.8573507670494134,0.3274484651543702
0,PAA-noSLAMut,8,-0.4306210471509253,0.45071164715466827,0.7849825783431665,-0.526010978010054,0.3652641052441887
0,PAA-noSLAMut,8,-0.5431267607070887,0.43727415529448665,0.7079937284797468,-0.6408765039066715,0.9326612817685984
0,PAA-noSLAMut,8,-0.49228402871355137,0.4035913446392625,1.1017707555238396,-0.24392990806640835,0.16520444243980453
0,PAA-noSLAMut,8,-0.4586122345990189,0.4579710645715391,0.755129549685372,-0.5381620141820607,0.39793081089770227
0,PAA-noSLAMut,8,-0.5458254294374663,0.3890746873052575,0.8415174812746266,-0.6598385422050324,0.7828304153620671
0,PAA-noSLAMut,8,-0.4961073647226679,0.46454555401863074,0.6574873400494295,-0.6231764878604732,0.700884239107193
0,PAA-noSLAMut,8,-0.5552761114219809,0.43294781087142375,0.7079937284797468,-0.637778126577301,0.8495078621050507
0,PAA-noSLAMut,8,-0.5919071658101267,0.4287528144116412,0.8684058283919127,-0.6952098947174467,0.7592903826539168
0,PAA-noSLAMut,8,-0.5262107205809047,0.3875015005115152,1.003495015435271,-0.29697823810899227,0.21569718031473578
0,PAA-noSLAMut,8,-0.43706863966118464,0.4499333627023302,0.7702007157586644,-0.5111676797645356,0.36984656043598296
0,PAA-noSLAMut,8,-0.5132118104468528,0.4221997480973652,0.5633356668893262,-0.4548121423930006,0.5535158986947716
0,PAA-noSLAMut,8,-0.5740272469773531,0.36887098138083124,0.9072453912952236,-0.7324935156338361,0.6159972471715184
0,PAA-noSLAMut,8,-0.451190908937771,0.43172355442942284,0.881542505232828,-0.3972818503744551,0.2795000861171072
0,PAA-noSLAMut,8,-0.4999377532210271,0.42644576999147554,0.7849825783431665,-0.6124048391534302,0.5121625571328808
0,PAA-noSLAMut,8,-0.5611327980341032,0.3737750694048426,0.9444891303068569,-0.3485387066334167,0.23757391334285183
0,PAA-noSLAMut,8,-0.5491493676716032,0.42964170115970807,0.6747429940891573,-0.6204963378042595,0.8295790379832354
0,PAA-noSLAMut,8,-0.5573749644993382,0.3941920687304505,0.7702007157586646,-0.38524903788448184,0.41847971172984166
0,PAA-noSLAMut,8,-0.625540373880177,0.41924218407266134,0.9685229624340641,-0.7727546471294529,0.7217173920246959
0,PAA-noSLAMut,8,-0.566523535634665,0.30645390820068286,1.1725264764419856,-0.576476902590797,0.2564733846707105
0,PAA-noSLAMut,8,-0.6821445963284816,0.26198202465194015,1.468477964887372,-0.7226579059850652,0.4293590398462236
0,PAA-noSLAMut,8,-0.637358361620547,0.3006501349176724,1.2758102920010679,-0.7698560742558542,0.33099945223701804
0,PAA-noSLAMut,8,-0.5299369291124979,0.40786179724600313,0.6027637058449148,-0.47576619035891027,0.5374169878661355
0,PAA-noSLAMut,8,-0.46568211402097415,0.45331163745523584,0.7702007157586646,-0.5286282831206677,0.4115483478631349
0,PAA-noSLAMut,8,-0.5388728324520061,0.39703089533075014,0.7994911844726069,-0.42746121932978776,0.30820595027770026
0,PAA-noSLAMut,8,-0.5361035890086383,0.4227201058837469,0.7397513981473143,-0.5635553509330433,0.44614534934693656
0,PAA-noSLAMut,8,-0.7038674382547143,0.28818004559045657,1.4994604217345198,-0.7426815726784388,0.4306525261181857
0,PAA-noSLAMut,8,-0.6595400092882067,0.3335891671135559,1.3200887962222396,-0.856019040321154,0.5931123090368227
0,PAA-noSLAMut,8,-0.6518414635644887,0.2846283770075634,1.3962560587641581,-0.655727920479979,0.39401168300409317
0,PAA-noSLAMut,8,-0.7013124119501144,0.2884542447743831,1.652616161435534,-0.846882460384536,0.35970654748873304
0,PAA-noSLAMut,8,-0.48873490189610963,0.34908715217805575,1.0372886595566415,-0.40267828371611286,0.19362040728306834
0,PAA-noSLAMut,8,-0.6419273699364061,0.36373158858236093,1.3544698050897952,-0.8608441780574367,0.5803563507257525
0,PAA-noSLAMut,8,-0.6302864725728344,0.32015016450375794,1.1326360028574725,-0.7325519897666548,0.6455717738956668
0,PAA-noSLAMut,8,-0.6741131789072815,0.3139202236274493,1.4126245053551467,-0.8775217061616338,0.4779975761042824
0,PAA-noSLAMut,8,-0.5710270302720107,0.40065858947947336,0.8815425052328281,-0.7201253993396796,0.8925592334588164
0,PAA-noSLAMut,8,-0.5964000278247387,0.3776451717485913,1.0261477756627881,-0.7489809939856349,0.6751597655581979
0,PAA-noSLAMut,8,-0.6634769211669946,0.2965644931085888,1.631617191560735,-0.9166688761665011,0.5199713317284708
0,PAA-noSLAMut,8,-0.48383260943913575,0.4073793612273519,1.0807043010154627,-0.2140521977299052,0.1721240492430221
0,PAA-noSLAMut,8,-0.6319584195338638,0.3169247234397362,1.3025580288099372,-0.8227023924733992,0.4594793984109174
0,PAA-noSLAMut,8,-0.6096245867928809,0.30821083505959973,1.3629295501408407,-0.6799277318922557,0.3150944611335577
0,PAA-noSLAMut,8,-0.6141640068366314,0.35602414618560757,1.1626821716231532,-0.7610160892630862,0.6789118004639121
0,PAA-noSLAMut,8,-0.561166053198903,0.35341498467747434,0.9444891303068568,-0.34545363976863214,0.24572933968275606
0,PAA-noSLAMut,8,-0.6428387368842436,0.2545150974981118,1.4448051827559238,-0.655456199733755,0.35793350154972536
0,PAA-noSLAMut,8,-0.4812202166734697,0.44317508213773654,0.9198275413214969,-0.3325668214229361,0.30595267367491286
0,PAA-noSLAMut,8,-0.6308358679771529,0.32644804165186125,1.537310666418436,-0.9211943587977652,0.5060309139645285
0,PAA-noSLAMut,8,-0.6521552091891232,0.24593213991309132,1.5222835063120284,-0.6622394452011835,0.3737169519834814
0,PAA-noSLAMut,8,-0.5170868564298055,0.44379336993124685,0.8137411503644991,-0.6050912530108497,0.49101264382008675
0,PAA-noSLAMut,8,-0.6013034556954598,0.38470906604051686,0.9322398894708788,-0.697051300368542,0.42675063036976757
0,PAA-noSLAMut,8,-0.5683172279980557,0.399729390864819,0.8684058283919128,-0.7212002494677779,0.886157321826748
0,PAA-noSLAMut,8,-0.5826329509419661,0.38212323640907847,0.8944862739468376,-0.6461000973587153,0.49322395498739596
0,PAA-noSLAMut,8,-0.6395647926315314,0.3395791574109,1.2299387677605,-0.6476542062066521,0.2862558851437124
0,PAA-noSLAMut,8,-0.5187942266884757,0.4426389205958342,0.6747429940891573,-0.6061599353345262,0.7084841702839604
0,PAA-noSLAMut,8,-0.65438115816713,0.29749002933423135,1.603190767440991,-0.9091786919321307,0.5232859556712923
0,PAA-noSLAMut,9,-0.4853573387595782,0.35264123308637546,1.112154352360633,-0.3294936783130102,0.14076386147229836
0,PAA-noSLAMut,9,-0.5148973867297484,0.406801764706416,0.8137411503644992,-0.688998503047104,0.8125490591765347
0,PAA-noSLAMut,9,-0.48295201511586905,0.4618610999780257,0.7240467010585573,-0.4773485230819475,0.3523267385450025
0,PAA-noSLAMut,9,-0.684499361683278,0.30227654688070144,1.7140702228211238,-0.863733423769725,0.4560864704984587
0,PAA-noSLAMut,9,-0.7108600305910724,0.2860100588731608,1.5669327069381127,-0.8222246378727132,0.5539772031103725
0,PAA-noSLAMut,9,-0.6421247868474554,0.24759218362120822,1.4917751340604715,-0.6365802861758569,0.325680374647059
0,PAA-noSLAMut,9,-0.5282825684853707,0.3627731487887556,0.54254821706694,-0.33819417468903934,0.44431249315340304
0,PAA-noSLAMut,9,-0.6317576783821343,0.34567359465407727,1.4527389723778685,-0.9413637187462502,0.4021926022142601
0,PAA-noSLAMut,9,-0.4179211184430752,0.41473614302507117,0.8415174812746266,-0.487025748001944,0.26046860012797374
0,PAA-noSLAMut,9,-0.5190198109709577,0.39809059926086987,0.6574873400494294,-0.2377752090528936,0.3603438391770093
0,PAA-noSLAMut,9,-0.46291292110917126,0.4291606363859682,0.8137411503644992,-0.5465785489025833,0.31282431156920665
0,PAA-noSLAMut,9,-0.44366429458183915,0.38405790212214047,0.9685229624340642,-0.47381930939536865,0.16670060271974646
0,PAA-noSLAMut,9,-0.6459087620387373,0.2625802889611276,1.4207380120476116,-0.7360470198941109,0.4665207887993092
0,PAA-noSLAMut,9,-0.6922471502310985,0.2915014948241903,1.652616161435534,-0.8613463539304173,0.5009946554129577
0,PAA-noSLAMut,9,-0.48564367020469507,0.37613085253250034,0.6215404981423345,-0.3354779939404402,0.36402691326078634
0,PAA-noSLAMut,9,-0.6706515821677124,0.30011795688471377,1.6031907674409909,-0.8922343470396698,0.39765756628676446
0,PAA-noSLAMut,9,-0.5275133520396142,0.3846400959607205,0.7079937284797466,-0.2936287217578811,0.35964251259645297
0,PAA-noSLAMut,9,-0.44545498344739637,0.39234213357919323,0.8415174812746264,-0.4073179780013637,0.2775964431283757
0,PAA-noSLAMut,9,-0.6740797448039547,0.29320401913816213,1.6802065944479638,-0.9104108893752064,0.3964118493387206
0,PAA-noSLAMut,9,-0.5443019808979794,0.3064842418190895,1.1822888156895437,-0.5221748253996685,0.21924418251423416
0,PAA-noSLAMut,9,-0.6397736651307747,0.2825216362071848,1.3713371082247576,-0.6588025796675916,0.32212672933164116
0,PAA-noSLAMut,9,-0.5047623020752632,0.44383834242162246,0.755129549685372,-0.5180095336200746,0.34382099205522093
0,PAA-noSLAMut,9,-0.6762643329364165,0.2866462140566208,1.6245572178441157,-0.8281625478425034,0.4775015359637626
0,PAA-noSLAMut,9,-0.5312574736159382,0.38998048041960715,0.6747429940891573,-0.2813547007839648,0.3408115013739345
0,PAA-noSLAMut,9,-0.6956463258731989,0.2798671718374611,1.5595799441917928,-0.785024931805492,0.4590983606890494
0,PAA-noSLAMut,9,-0.49721905704730684,0.4497197984052197,0.7397513981473143,-0.49655278860036206,0.34764145738673113
0,PAA-noSLAMut,9,-0.7001596423005855,0.2965043200069031,1.4762845386668806,-0.8222681247769426,0.5854429608852347
0,PAA-noSLAMut,9,-0.650420457069863,0.3206642756157843,1.2847880786040071,-0.770453682412106,0.6332885780067345
0,PAA-noSLAMut,9,-0.4897257933127667,0.3508946893809347,1.0807043010154627,-0.35187895325178664,0.1430732803141046
0,PAA-noSLAMut,9,-0.49826758317089953,0.35471411174955,0.9803189452974894,-0.39231043279056566,0.1905263640194667
0,PAA-noSLAMut,9,-0.6175179800279584,0.32322192325829063,1.1527538013223835,-0.7272544222695405,0.7243211070826453
0,PAA-noSLAMut,9,-0.6112823475876743,0.34391798955789,1.122441895699651,-0.6868521587260167,0.7472010067953254
0,PAA-noSLAMut,9,-0.5971534098221134,0.3583896533613492,1.3373897866387852,-0.8121244105102811,0.5119093457852808
0,PAA-noSLAMut,9,-0.665323500068601,0.284652417879007,1.3287674498039936,-0.6529771726884059,0.5733241733053399
0,PAA-noSLAMut,9,-0.4436772507521649,0.4053371864801651,0.9444891303068569,-0.4530805206624981,0.18782250941934778
0,PAA-noSLAMut,9,-0.5863984715536139,0.3375246089677896,0.8137411503644992,-0.43656911514202446,0.548086546670116
0,PAA-noSLAMut,9,-0.5829459319763446,0.34880107019244205,0.7994911844726069,-0.5784237934900319,0.7193593621747298
0,PAA-noSLAMut,9,-0.5432854614880094,0.37857731565455294,0.8684058283919127,-0.7260160132625021,0.6739350560947219
0,PAA-noSLAMut,9,-0.5751546615760906,0.343096234614355,1.0372886595566415,-0.5833449956609457,0.2833279736212335
0,PAA-noSLAMut,9,-0.6720612307311513,0.26945255519646333,1.5071065198237947,-0.6752899215774122,0.4478277009753101
0,PAA-noSLAMut,9,-0.5589582089595202,0.3495953843191417,1.0034950154352709,-0.7304360974862387,0.6897201401997066
0,PAA-noSLAMut,9,-0.6034743560975168,0.3423895820388464,1.0148846002135226,-0.7354885398860536,0.6093589533167044
0,PAA-noSLAMut,9,-0.5190198109709577,0.3972435451699501,0.6574873400494295,-0.24331027660279733,0.35919959370261945
0,PAA-noSLAMut,9,-0.5494178048889562,0.37050269064808433,0.5833828754229664,-0.37675299917317207,0.542840937803162
0,PAA-noSLAMut,9,-0.5965556316173966,0.3259185227733316,1.0700155515160488,-0.6176265709210531,0.7724260531754428
0,PAA-noSLAMut,9,-0.542418083314527,0.35798203894885283,1.1725264764419856,-0.7954830539507082,0.3072010551875092
0,PAA-noSLAMut,9,-0.6558464399682427,0.3033297202014092,1.3200887962222398,-0.794956164860924,0.4676176075490558
0,PAA-noSLAMut,9,-0.5930179832272227,0.3628678167088363,0.8815425052328281,-0.5996937019243745,0.7828032227551301
0,PAA-noSLAMut,9,-0.5629739680769269,0.36388137718684244,0.9322398894708788,-0.5677093633285306,0.3729130193881005
0,PAA-noSLAMut,9,-0.42619543844334284,0.41333735284529627,0.8550673523401053,-0.5014140444103535,0.24812253419663052
0,PAA-noSLAMut,9,-0.6798287256095481,0.2682358148752373,1.5147140218016457,-0.6983278419005422,0.565374612147728
0,PAA-noSLAMut,9,-0.6475866483871544,0.32905410869605234,1.2576624704910284,-0.7663548233577184,0.6687096663182719
0,PAA-noSLAMut,9,-0.4739999123410791,0.4391803716175323,0.7397513981473143,-0.39726408604561325,0.3015227844896777
0,PAA-noSLAMut,9,-0.654509051143965,0.25566953257116215,1.5147140218016457,-0.7559565600157276,0.4317191507725341
0,PAA-noSLAMut,9,-0.4363984664265844,0.3970763997761966,0.8815425052328281,-0.3939677314343598,0.2590873888989763
0,PAA-noSLAMut,9,-0.47370010216700187,0.4362033053180922,0.8277458339029347,-0.45614427987283135,0.28079893792302324
0,PAA-noSLAMut,9,-0.5107419464850005,0.36511595571888933,1.0261477756627881,-0.44331621454473025,0.2431452757942175
0,PAA-noSLAMut,9,-0.5899291584777805,0.3190223002463518,0.9072453912952236,-0.6234644141453393,0.4207470279893702
0,PAA-noSLAMut,9,-0.5060594994689256,0.4060089856207513,0.7994911844726069,-0.6890284429107493,0.8047883600303297
0,PAA-noSLAMut,9,-0.4843827114808163,0.45963833667588216,0.755129549685372,-0.4811638981837395,0.34070552669238063
0,PAA-AdaptMut,0,-0.680867927342633,0.25064722594854405,1.5447694296661307,-0.7088067992832352,0.46231058873335584
0,PAA-AdaptMut,0,-0.5311725166140693,0.40702295209345846,0.54254821706694,-0.4660183803913941,0.54201230143198
0,PAA-AdaptMut,0,-0.5758453605936067,0.4016516269887493,0.9072453912952236,-0.7574711651241648,0.9314758961434297
0,PAA-AdaptMut,0,-0.708284882036139,0.2833050317387321,1.5147140218016457,-0.80645802337682,0.45930719734146735
0,PAA-AdaptMut,0,-0.4457196298145396,0.4627931237522164,0.7079937284797466,-0.4859566543827446,0.3774600383049751
0,PAA-AdaptMut,0,-0.49601322568131695,0.39593671952680654,1.0148846002135226,-0.45407379415563953,0.20046836074079125
0,PAA-AdaptMut,0,-0.5249543058515791,0.3727835118493776,0.8415174812746266,-0.272879936531976,0.2746185514591705
0,PAA-AdaptMut,0,-0.6893129767939977,0.2913543065634574,1.6664684781093735,-0.9389679340934428,0.3916485178550747
0,PAA-AdaptMut,0,-0.4332731475957264,0.4571630455099639,0.7079937284797466,-0.5039564500859599,0.37116563029410526
0,PAA-AdaptMut,0,-0.5177376136417081,0.36874967654086,1.0148846002135226,-0.39312697770228483,0.2229859356141152
0,PAA-AdaptMut,0,-0.5557557534609555,0.3794879569573303,0.7849825783431665,-0.6187435045036306,0.8637576148482882
0,PAA-AdaptMut,0,-0.6851771719338002,0.2735535406132982,1.5669327069381127,-0.8577667999413509,0.4440832675612539
0,PAA-AdaptMut,0,-0.4494839699040426,0.4491311506623715,0.755129549685372,-0.49322654109793246,0.4378199852454793
0,PAA-AdaptMut,0,-0.6313214107641245,0.32582512885795545,1.182288815689544,-0.8286719894279795,0.6659679263309728
0,PAA-AdaptMut,0,-0.6918010526705347,0.2824287732687797,1.6456462776948126,-0.9142870984630932,0.3914280002541222
0,PAA-AdaptMut,0,-0.6998661800134094,0.3035456762723391,1.6174664288022447,-0.8946882278833701,0.47647971719045606
0,PAA-AdaptMut,0,-0.6704771916058069,0.26070728270026144,1.4527389723778685,-0.7088746928745555,0.4810910127599618
0,PAA-AdaptMut,0,-0.6624605981094136,0.26060220899264197,1.3629295501408405,-0.6260659583256616,0.46871374817195194
0,PAA-AdaptMut,0,-0.48482986476461515,0.40723351660579554,0.7240467010585573,-0.3293476952112582,0.5311612420670261
0,PAA-AdaptMut,0,-0.6323347383476279,0.33878788354734934,1.1527538013223835,-0.7670109925657081,0.8073508316230178
0,PAA-AdaptMut,0,-0.6515496552902146,0.334739876637109,1.201575571988228,-0.7830330414970377,0.7059976505508061
0,PAA-AdaptMut,0,-0.4976780617922546,0.43831005804313,0.6215404981423344,-0.5135272296793678,0.5258450943466487
0,PAA-AdaptMut,0,-0.588092637412162,0.3708257805868823,0.9322398894708788,-0.7386470744570859,0.9073013954132678
0,PAA-AdaptMut,0,-0.51698408264195,0.4108851274183848,0.7849825783431665,-0.3127739291870399,0.29747230306071487
0,PAA-AdaptMut,0,-0.6618993544797684,0.31649058978610867,1.2392489169603274,-0.7613960226587877,0.728871974940269
0,PAA-AdaptMut,0,-0.5934926829054725,0.34411017086404516,0.8137411503644992,-0.6058361557872556,0.6449793352751961
0,PAA-AdaptMut,0,-0.605878446723539,0.3202392498591139,1.3200887962222398,-0.6597230755257022,0.3851120832021079
0,PAA-AdaptMut,0,-0.46483103648118157,0.4177633627643508,0.7702007157586646,-0.5382329759940024,0.29101307679994115
0,PAA-AdaptMut,0,-0.5679280684940997,0.3058612259472899,1.293703564449794,-0.5293641221684862,0.24983137980355657
0,PAA-AdaptMut,0,-0.6255852424418176,0.3435826862304418,1.059218945609956,-0.6755343475296007,0.7454303618280491
0,PAA-AdaptMut,0,-0.5455446979844994,0.39522628434180873,0.8684058283919128,-0.6701139491017056,0.7220334965415438
0,PAA-AdaptMut,0,-0.6715251574902222,0.29248333958762696,1.4044641281936487,-0.8319898496292442,0.33314231304807823
0,PAA-AdaptMut,0,-0.6590924221054777,0.29389986769544885,1.4917751340604715,-0.8419875656226388,0.31269545120442677
0,PAA-AdaptMut,0,-0.43931990908522545,0.4465180791352969,0.7240467010585573,-0.5687933936266318,0.4064755953038842
0,PAA-AdaptMut,0,-0.7060152867032295,0.28640333454810873,1.4288054467365827,-0.8068108971482435,0.47187451338787856
0,PAA-AdaptMut,0,-0.6027437562461511,0.36590605091413114,1.0372886595566415,-0.7217150086126736,0.5930835044471836
0,PAA-AdaptMut,0,-0.648482558967811,0.3003165552359508,1.4762845386668806,-0.6620714909245828,0.2824131754767072
0,PAA-AdaptMut,0,-0.5346342898025982,0.4057127020061439,0.6397664390839423,-0.46228728248596457,0.6238800689973892
0,PAA-AdaptMut,0,-0.6974915233053418,0.2996898076401959,1.603190767440991,-0.87448822788337,0.47633701110288873
0,PAA-AdaptMut,0,-0.6084904429157552,0.39028238830433937,0.9685229624340641,-0.7963286678913548,0.8344608022638415
0,PAA-AdaptMut,0,-0.6772374661271563,0.29700823268002774,1.574251127939735,-0.9170354532423766,0.37401512319448466
0,PAA-AdaptMut,0,-0.6541440754653681,0.3270936946262194,1.3113527077656704,-0.798114228214897,0.8209020826830322
0,PAA-AdaptMut,0,-0.6753141340050097,0.27388484955728376,1.5887868407416337,-0.8332044923347393,0.3173524419365929
0,PAA-AdaptMut,0,-0.5193361240865745,0.4053729064075483,0.5833828754229664,-0.4477692990217322,0.5404659214395628
0,PAA-AdaptMut,0,-0.662769913814598,0.31498776638119763,1.3200887962222396,-0.8687972668382216,0.4364724973026178
0,PAA-AdaptMut,0,-0.6422442546523497,0.3283959040788602,1.0912883633487742,-0.738915629300731,0.5514993827248986
0,PAA-AdaptMut,0,-0.5750175436504565,0.36065160285418935,1.0148846002135223,-0.6821182519254687,0.41314546404816144
0,PAA-AdaptMut,0,-0.4717656529309492,0.44623364933078935,0.6747429940891573,-0.6064611507242796,0.452258722418564
0,PAA-AdaptMut,0,-0.5304214716066727,0.4238236279498203,0.6747429940891573,-0.5884337644245693,0.7924650677673061
0,PAA-AdaptMut,0,-0.5614327154097113,0.3524105174631613,1.0034950154352709,-0.6498761845952057,0.40804292440198153
0,PAA-AdaptMut,0,-0.6364793988009909,0.34378840842099406,1.112154352360633,-0.7475237937873006,0.3971812592715262
0,PAA-AdaptMut,0,-0.6320727825463511,0.31051904512784306,1.2299387677605003,-0.559259566918221,0.3065206205627693
0,PAA-AdaptMut,0,-0.5056497120172402,0.38759216011052355,0.7994911844726069,-0.3657659808055155,0.272798048797896
0,PAA-AdaptMut,0,-0.516922893584568,0.3964719331896246,0.7849825783431665,-0.4303000387390547,0.3417038495597881
0,PAA-AdaptMut,0,-0.517194410173426,0.38400845536342343,0.9444891303068569,-0.47093891115262504,0.24811631510060783
0,PAA-AdaptMut,0,-0.503243069720031,0.44256485642906274,0.6574873400494295,-0.6204789925821571,0.5139509438347313
0,PAA-AdaptMut,0,-0.5765503812568638,0.33081827741761566,0.8684058283919127,-0.6215074281752295,0.7725814097978837
0,PAA-AdaptMut,0,-0.5911898543266411,0.3059424367625605,1.1427391744033626,-0.5536914334950414,0.5103687817063467
0,PAA-AdaptMut,0,-0.5100101373449687,0.374380077563664,0.8415174812746266,-0.32218215317807386,0.2560314192942829
0,PAA-AdaptMut,0,-0.6120067647408259,0.30737048659122473,1.0148846002135226,-0.5996570487504777,0.6382475130391849
0,PAA-AdaptMut,1,-0.6835617987552606,0.2896454042051705,1.7006056912958407,-0.911244006794649,0.3815298038054034
0,PAA-AdaptMut,1,-0.4766642150029402,0.3861722702257969,1.0261477756627881,-0.2703786003835456,0.18619369645796296
0,PAA-AdaptMut,1,-0.4604928990458091,0.3966895693481501,1.1017707555238399,-0.2926169995453975,0.1606715340514682
0,PAA-AdaptMut,1,-0.7056333897750026,0.3005865331132517,1.5071065198237947,-0.8287389414211146,0.5847214888319507
0,PAA-AdaptMut,1,-0.6845717035391464,0.29141379810530144,1.6664684781093735,-0.9421468418724206,0.40112352266822704
0,PAA-AdaptMut,1,-0.5242940872091723,0.4106116610477235,0.54254821706694,-0.34150399700391654,0.5703911950959043
0,PAA-AdaptMut,1,-0.5434922137909094,0.4020543202161013,0.8137411503644991,-0.6866468988162996,0.9454096263951556
0,PAA-AdaptMut,1,-0.4223162924218988,0.4560017560991506,0.7079937284797468,-0.5477023732795431,0.5121645341427903
0,PAA-AdaptMut,1,-0.39583249861326786,0.413750954646651,0.6915682278846585,-0.5247323716373028,0.4421564898045827
0,PAA-AdaptMut,1,-0.6728730958586792,0.25318896187982876,1.6174664288022447,-0.7323221118196814,0.39021527813324197
0,PAA-AdaptMut,1,-0.4987190776927594,0.4233084435925306,0.6027637058449146,-0.37868005478335826,0.6550741471095527
0,PAA-AdaptMut,1,-0.43637151499788657,0.4415004426460995,0.6915682278846585,-0.5630481368620713,0.7300329906964088
0,PAA-AdaptMut,1,-0.5481821195317765,0.3860374240812416,0.8415174812746264,-0.6741059982169552,0.8302621238081471
0,PAA-AdaptMut,1,-0.537910443066892,0.3313772317576116,1.2205576048237503,-0.4942063756379751,0.20150683007050718
0,PAA-AdaptMut,1,-0.4738926292277587,0.38123828404985366,1.0807043010154629,-0.31416162420767113,0.16570397662501107
0,PAA-AdaptMut,1,-0.6673988128756129,0.2590364752222121,1.5298155376831448,-0.7141455694841448,0.3914609950812859
0,PAA-AdaptMut,1,-0.560500630072134,0.35777076559020804,0.9444891303068567,-0.6388020259970638,0.5437956731606589
0,PAA-AdaptMut,1,-0.5179266678284439,0.43040912428365613,0.7702007157586646,-0.6335900311330003,0.9023107465483473
0,PAA-AdaptMut,1,-0.6590908572393286,0.2958403633036802,1.3879994509683689,-0.812438528489016,0.6256323559631067
0,PAA-AdaptMut,1,-0.5781118889263034,0.37334327099364256,0.9685229624340642,-0.7563846049785617,0.8648899401393914
0,PAA-AdaptMut,1,-0.6950249535398676,0.26891003017262455,1.638646748247976,-0.8744238352127521,0.35967456550549637
0,PAA-AdaptMut,1,-0.583736468146921,0.36080171364883007,0.8815425052328281,-0.5208068452209287,0.5610331557369803
0,PAA-AdaptMut,1,-0.4405052976733203,0.4359277165582466,0.6574873400494295,-0.5056775268386124,0.5973908291292673
0,PAA-AdaptMut,1,-0.5110549373461302,0.416965571618576,0.6915682278846585,-0.5799521466543919,0.7777621098795522
0,PAA-AdaptMut,1,-0.4815077019107516,0.44331350770750017,0.6027637058449147,-0.4718152647486754,0.6473226188782352
0,PAA-AdaptMut,1,-0.5258478716302235,0.42504868471382745,0.7702007157586646,-0.6097961714838774,0.8798744345126306
0,PAA-AdaptMut,1,-0.6409345351095829,0.3013486722132544,1.5669327069381127,-0.9187342659331812,0.4482471027854298
0,PAA-AdaptMut,1,-0.5977401209810298,0.3427978152554811,0.9322398894708788,-0.5810807371578092,0.5081250427843986
0,PAA-AdaptMut,1,-0.548937030643697,0.36928879339970944,0.7849825783431665,-0.43640796209704036,0.4642703491824724
0,PAA-AdaptMut,1,-0.677735395939824,0.2860629851014083,1.5669327069381127,-0.8491612641207793,0.38387782092544176
0,PAA-AdaptMut,1,-0.4664808024948117,0.37477901274576586,0.9803189452974894,-0.3426938063925202,0.29343245313091054
0,PAA-AdaptMut,1,-0.5738788952584615,0.33611643270095726,1.2392489169603274,-0.6639407755570165,0.3410884959013313
0,PAA-AdaptMut,1,-0.46856299848310573,0.44899381618042256,0.7079937284797468,-0.6075465266335814,0.6464426805686252
0,PAA-AdaptMut,1,-0.6273863816050993,0.3082025496918098,1.404464128193649,-0.7352153574260573,0.36748937406790166
0,PAA-AdaptMut,1,-0.6534485144964102,0.31489494360041503,1.3287674498039934,-0.7809030854909593,0.4205500523603999
0,PAA-AdaptMut,1,-0.5270182687807017,0.3975977984756548,0.7849825783431665,-0.6458951232367953,0.9201425453804223
0,PAA-AdaptMut,1,-0.5800196592305868,0.38867572091803015,1.1427391744033626,-0.7630254413453308,0.4919410250124841
0,PAA-AdaptMut,1,-0.49461250913682553,0.3865768499924867,0.8137411503644992,-0.4427368817961906,0.30241821980147005
0,PAA-AdaptMut,1,-0.5481059901535584,0.3837655405277081,0.8277458339029348,-0.7038540877808404,0.7576198289411845
0,PAA-AdaptMut,1,-0.6061610468971822,0.31651348485405795,1.1822888156895441,-0.6803785372303057,0.6650222706331422
0,PAA-AdaptMut,1,-0.4892163332213563,0.38699702623100063,0.9322398894708788,-0.7527763195120947,0.5264059514386347
0,PAA-AdaptMut,1,-0.45385046881643876,0.4417881281255636,0.6397664390839424,-0.48125268459251486,0.4786099562812254
0,PAA-AdaptMut,1,-0.6044864585378821,0.3446876585058621,0.9919746671444328,-0.7192221213707194,0.6188672280769575
0,PAA-AdaptMut,1,-0.4448693736393607,0.4033734033694946,0.7079937284797466,-0.3809411885967389,0.3335145500820657
0,PAA-AdaptMut,1,-0.6179724588088366,0.35353614122973587,1.2847880786040071,-0.8353051715228226,0.427802096394949
0,PAA-AdaptMut,1,-0.6252231023333662,0.325247037475645,1.059218945609956,-0.5942134728738202,0.4362805157595767
0,PAA-AdaptMut,1,-0.5130126166875713,0.39666377766972316,0.8415174812746264,-0.32478927347496284,0.32839574223532125
0,PAA-AdaptMut,1,-0.6990152985403466,0.2727721464953476,1.603190767440991,-0.8054548054292467,0.5723399450026099
0,PAA-AdaptMut,1,-0.5675566619014456,0.2992939086498518,1.3113527077656701,-0.5042658698922711,0.2470381128874261
0,PAA-AdaptMut,1,-0.6876642763944741,0.3051130257139342,1.5447694296661307,-0.8791778960488268,0.5862719523775006
0,PAA-AdaptMut,1,-0.41359753217497436,0.45119386950638596,0.7240467010585573,-0.5222442077672657,0.4596948717042662
0,PAA-AdaptMut,1,-0.6962628979401465,0.2868593602244903,1.6103444173701353,-0.9083626249273122,0.491074479268068
0,PAA-AdaptMut,1,-0.5126797180120154,0.3133106879841904,1.404464128193649,-0.5971025353095915,0.2688198508426768
0,PAA-AdaptMut,1,-0.5933916747412546,0.33769783282017674,1.112154352360633,-0.7853369786311205,0.6650961093269434
0,PAA-AdaptMut,1,-0.6241930553473403,0.3221679286942657,1.3025580288099372,-0.8001646193443477,0.7307538483554856
0,PAA-AdaptMut,1,-0.5042906870087319,0.37737308341326975,0.9685229624340641,-0.3921287172836806,0.2353881463952802
0,PAA-AdaptMut,1,-0.6329162101161151,0.280219593911956,1.5447694296661307,-0.8008184737479043,0.43957532268574984
0,PAA-AdaptMut,1,-0.5827472269472789,0.31408509410878094,1.396256058764158,-0.5870306315796495,0.23311896818084826
0,PAA-AdaptMut,1,-0.4104611207782426,0.41739139488665067,0.7849825783431665,-0.49138430301056085,0.33797491934006796
0,PAA-AdaptMut,1,-0.6181542390403482,0.3451572395389194,1.0912883633487744,-0.7640495234520396,0.7040196669602607
0,PAA-AdaptMut,2,-0.446774788062647,0.4873485096089226,0.6574873400494295,-0.5728102031002994,0.4441537972882689
0,PAA-AdaptMut,2,-0.5075105307866018,0.3742913554308954,0.755129549685372,-0.32372019376963723,0.347640507480622
0,PAA-AdaptMut,2,-0.6750003687646076,0.24824595807003025,1.5222835063120284,-0.7229778702659478,0.3332418379922226
0,PAA-AdaptMut,2,-0.5995869195445461,0.41098613985170546,0.8277458339029348,-0.6680320019325846,0.9723981891988533
0,PAA-AdaptMut,2,-0.4852386968568478,0.45201277238525195,0.54254821706694,-0.49529698843527736,0.6671681533537559
0,PAA-AdaptMut,2,-0.4520199955850622,0.3652885394695932,1.0483111508478486,-0.4437641430295569,0.18387033303963923
0,PAA-AdaptMut,2,-0.44385377663994807,0.45412341697449676,0.8137411503644991,-0.537214975850017,0.30944817156870813
0,PAA-AdaptMut,2,-0.7055007907519106,0.2662495571403521,1.5887868407416337,-0.8539359737144269,0.5461317380063704
0,PAA-AdaptMut,2,-0.685419722962512,0.29149696384696266,1.6938332891759678,-0.9421543235162944,0.39974104082470296
0,PAA-AdaptMut,2,-0.6112966507820006,0.36493476569544814,0.9444891303068569,-0.7171313004562139,0.8507614844492526
0,PAA-AdaptMut,2,-0.5150909505178106,0.47198927726869727,0.5833828754229664,-0.5034808039521683,0.7480164483206713
0,PAA-AdaptMut,2,-0.600405044869073,0.3802999464118243,0.9685229624340641,-0.7831427521579786,0.9408820305267472
0,PAA-AdaptMut,2,-0.5325273627840842,0.3848340072898532,0.9198275413214968,-0.5153922761497077,0.38715989799496847
0,PAA-AdaptMut,2,-0.4867889275932214,0.4384161331013298,0.7849825783431665,-0.5855229046927781,0.48729247418316535
0,PAA-AdaptMut,2,-0.5833665761439173,0.3520396391437427,1.1017707555238399,-0.775999582302522,0.3621327365662296
0,PAA-AdaptMut,2,-0.6716615660425663,0.2581164570931855,1.4368275854712884,-0.6930608505733803,0.46047957360582065
0,PAA-AdaptMut,2,-0.45528120406316236,0.39002942250276434,0.7994911844726069,-0.4305296876423193,0.27695155472027233
0,PAA-AdaptMut,2,-0.4935432183286695,0.4618298218255676,0.5833828754229664,-0.5269700519441627,0.7319997055286367
0,PAA-AdaptMut,2,-0.49963350818519225,0.37489264173497705,1.0261477756627881,-0.3874945798443051,0.2052884563108349
0,PAA-AdaptMut,2,-0.6547940360394611,0.3437518848595639,1.0700155515160485,-0.7361687637263283,0.8156519494746656
0,PAA-AdaptMut,2,-0.5132408031854767,0.3823443142542599,0.9919746671444329,-0.3775361900034091,0.26710625292113904
0,PAA-AdaptMut,2,-0.6899309431010889,0.3210407279859241,1.4368275854712884,-0.8760356136751399,0.5293912622392499
0,PAA-AdaptMut,2,-0.4701711192153211,0.477670126261981,0.6397664390839424,-0.5499934878745452,0.4351072709454951
0,PAA-AdaptMut,2,-0.6818495422228865,0.290103883030019,1.596005053582509,-0.8946765441624919,0.4936497957867366
0,PAA-AdaptMut,2,-0.4855729075227817,0.4401822088134065,0.6027637058449147,-0.41192358823587016,0.6534681630627814
0,PAA-AdaptMut,2,-0.6780388142674745,0.29977458309059635,1.468477964887372,-0.8285508104787102,0.5986045625037424
0,PAA-AdaptMut,2,-0.6298612592444242,0.28190701049259215,1.211103777942239,-0.6896766788017352,0.6378349101953933
0,PAA-AdaptMut,2,-0.6946622514185369,0.27595077844796323,1.4994604217345198,-0.8173077907665359,0.47427337439930134
0,PAA-AdaptMut,2,-0.5074088303487665,0.36908093730095815,0.8550673523401053,-0.34210109423035345,0.3256883896554042
0,PAA-AdaptMut,2,-0.6763591122463526,0.2927805654757013,1.6664684781093735,-0.9184560504631826,0.4211540808216476
0,PAA-AdaptMut,2,-0.6200337656811002,0.309095141799269,1.2847880786040071,-0.6710630811356366,0.28534163544110575
0,PAA-AdaptMut,2,-0.6288952456326193,0.3381359919365859,1.0483111508478486,-0.7214653022239792,0.776085248692313
0,PAA-AdaptMut,2,-0.6335451575239064,0.372985951032463,1.1725264764419854,-0.8212400677604021,0.6933731652633925
0,PAA-AdaptMut,2,-0.49854033870964576,0.4439500928285841,0.5633356668893262,-0.45484010931402874,0.6149385069104522
0,PAA-AdaptMut,2,-0.5631263722062595,0.41027755378519953,0.6915682278846585,-0.6005678976174722,0.5637023375445628
0,PAA-AdaptMut,2,-0.46823414318917733,0.41528770233436596,0.8137411503644992,-0.4699302057966621,0.44734671198141707
0,PAA-AdaptMut,2,-0.6073119912759092,0.3576464282006725,1.059218945609956,-0.7239870417963685,0.4090214406283817
0,PAA-AdaptMut,2,-0.5635244686106023,0.42585537519384103,0.9072453912952236,-0.713047348202943,0.6919274911815511
0,PAA-AdaptMut,2,-0.4618447790421561,0.39419789170928066,0.8137411503644991,-0.4663738239407616,0.4173738185504995
0,PAA-AdaptMut,2,-0.47850007017910146,0.4666836391875863,0.7079937284797468,-0.5430518021219022,0.41649703938443494
0,PAA-AdaptMut,2,-0.44495822415069153,0.48644092485073226,0.6574873400494295,-0.5561580183932487,0.4400737700854872
0,PAA-AdaptMut,2,-0.5445821473672409,0.36142335507797707,0.7702007157586646,-0.39491197056153465,0.7193426232464528
0,PAA-AdaptMut,2,-0.6769422256983392,0.28509974769271373,1.6245572178441157,-0.8442444424937318,0.4186773427549652
0,PAA-AdaptMut,2,-0.6827217798981629,0.31055289739330416,1.3459568890394897,-0.806275180049053,0.6234328367090365
0,PAA-AdaptMut,2,-0.700789022628693,0.271029870132129,1.5669327069381127,-0.8281321101645785,0.5588992237524415
0,PAA-AdaptMut,2,-0.6025181217050352,0.277227600376934,1.3796934333906816,-0.6883156456224474,0.40306460558359386
0,PAA-AdaptMut,2,-0.5021096901074772,0.39632131253168235,0.8944862739468376,-0.3605765408988291,0.251345017722736
0,PAA-AdaptMut,2,-0.4984357987070206,0.37789135086179454,0.9803189452974894,-0.40590291495860686,0.23348044616446603
0,PAA-AdaptMut,2,-0.48340100903575517,0.44727900540200105,0.6397664390839423,-0.5739035445964696,0.6806795994891301
0,PAA-AdaptMut,2,-0.6163241937021543,0.36851148887214247,0.8415174812746264,-0.6211650052296608,0.6914820257424701
0,PAA-AdaptMut,2,-0.6701853740281312,0.29491474733991935,1.5595799441917928,-0.8714866057544356,0.41414253844443083
0,PAA-AdaptMut,2,-0.5623068293026237,0.2797660551610816,1.3629295501408407,-0.593074901989618,0.266473133763537
0,PAA-AdaptMut,2,-0.6354577212223614,0.3223997494071252,1.1527538013223833,-0.8101486765554344,0.5863199262586857
0,PAA-AdaptMut,2,-0.6443214594482087,0.3042116656368581,1.5071065198237947,-0.8629147413942672,0.37531939193228886
0,PAA-AdaptMut,2,-0.5000807991664331,0.42501990362322345,0.707993728479747,-0.4949979600015724,0.4259069873172823
0,PAA-AdaptMut,2,-0.6271097596645007,0.3243118543046822,1.1527538013223833,-0.5708430723496355,0.32481373062372343
0,PAA-AdaptMut,2,-0.6599904258415374,0.3449221638014678,1.1527538013223835,-0.7722065273701177,0.6974134979183608
0,PAA-AdaptMut,2,-0.5558038662649359,0.313091232982622,1.0483111508478486,-0.612196143335846,0.7095975342088809
0,PAA-AdaptMut,2,-0.5038092408893787,0.46262240174965824,0.6397664390839423,-0.47070353373093765,0.44715062934044436
0,PAA-AdaptMut,2,-0.612758810300402,0.3802663131872965,0.881542505232828,-0.6641745074532887,0.79117932689084
0,PAA-AdaptMut,3,-0.6485115604096565,0.31770019723506915,1.5447694296661307,-0.9395906257820336,0.389201184381008
0,PAA-AdaptMut,3,-0.701708398382811,0.2770793614066371,1.6664684781093735,-0.8602130847906363,0.5829176770083508
0,PAA-AdaptMut,3,-0.5101549423362233,0.47848234734113343,0.755129549685372,-0.5974553220388475,0.5441577784280842
0,PAA-AdaptMut,3,-0.5120249040914027,0.4428359774877406,0.7240467010585573,-0.5960129397256637,0.9017925311054608
0,PAA-AdaptMut,3,-0.4928045091310332,0.4354091978970141,0.5833828754229664,-0.46627180992538814,0.4978009513390683
0,PAA-AdaptMut,3,-0.4654326224037545,0.43976048942939333,0.8550673523401053,-0.4771663634585446,0.2733137759179466
0,PAA-AdaptMut,3,-0.686118470789567,0.28334350151036103,1.6733516349767308,-0.8853292078234926,0.48811815217055055
0,PAA-AdaptMut,3,-0.6701721756360246,0.25003741715838546,1.5887868407416337,-0.7225778287958358,0.42979912030765205
0,PAA-AdaptMut,3,-0.5317573193695001,0.38810757322227135,1.0807043010154627,-0.4078069624259366,0.19099122517368367
0,PAA-AdaptMut,3,-0.5049666564212375,0.39708547381751524,0.9919746671444329,-0.282352300769334,0.19306358376572827
0,PAA-AdaptMut,3,-0.618859138950017,0.37195555498991784,0.9565815297270429,-0.720999089285018,0.8118240967118305
0,PAA-AdaptMut,3,-0.541907800146554,0.35235506023972507,0.8944862739468377,-0.33409019727051115,0.3098962825841865
0,PAA-AdaptMut,3,-0.6263456379682053,0.3558975790440716,0.9685229624340641,-0.7341414744015093,0.7582316461425229
0,PAA-AdaptMut,3,-0.6599384401686137,0.2849950575761467,1.3879994509683689,-0.7533937458890029,0.4651676628126956
0,PAA-AdaptMut,3,-0.6656912018360532,0.3147982747884866,1.3287674498039934,-0.7639820027370117,0.6513779344133723
0,PAA-AdaptMut,3,-0.5648404481694272,0.41810439226679,0.7397513981473143,-0.5762494072273828,0.7855437986937691
0,PAA-AdaptMut,3,-0.5924993314483658,0.3691247487902192,0.8550673523401052,-0.6832048001500669,0.7185967083814959
0,PAA-AdaptMut,3,-0.697629884905088,0.2854719118725514,1.638646748247976,-0.905351518533206,0.4538783867766081
0,PAA-AdaptMut,3,-0.6766383896622361,0.29043403152336583,1.5669327069381127,-0.8975054773312283,0.40325344614182707
0,PAA-AdaptMut,3,-0.6453368385061327,0.33807539375901363,1.2205576048237503,-0.8111110458510385,0.7021316706757434
0,PAA-AdaptMut,3,-0.5481250790452125,0.38330192602282553,1.0912883633487742,-0.4333179174479122,0.19983960830274655
0,PAA-AdaptMut,3,-0.5097754027996768,0.3972546776202426,1.003495015435271,-0.29767227452025774,0.22100942601621068
0,PAA-AdaptMut,3,-0.6237573062449568,0.29672455344743626,1.3544698050897952,-0.765596427691862,0.4910626653800903
0,PAA-AdaptMut,3,-0.49494420279533485,0.45044194831081763,0.6027637058449146,-0.48898322784823467,0.506532685964227
0,PAA-AdaptMut,3,-0.47124697375079433,0.4380853957485023,0.7849825783431665,-0.49062445905236524,0.29106553313245553
0,PAA-AdaptMut,3,-0.527160993328373,0.40133234758645414,0.8137411503644992,-0.517235439213752,0.32968198766136425
0,PAA-AdaptMut,3,-0.6939051972429925,0.26736391774326995,1.5815356839371835,-0.8421003356614939,0.5532299908765801
0,PAA-AdaptMut,3,-0.6940312587404087,0.27427774998574606,1.6103444173701353,-0.8580946816148505,0.5637638127942199
0,PAA-AdaptMut,3,-0.6174953706250315,0.30166078029577276,1.2847880786040071,-0.6107914653028899,0.2870555032581074
0,PAA-AdaptMut,3,-0.48867493388062505,0.4324287947762751,0.6027637058449147,-0.46142826770212625,0.515948181299162
0,PAA-AdaptMut,3,-0.6884699898317064,0.2546755775830406,1.6103444173701353,-0.8033024996902156,0.5462811923656421
0,PAA-AdaptMut,3,-0.6092531613547381,0.3418292183936889,1.2576624704910284,-0.7881985895961735,0.35180111952374316
0,PAA-AdaptMut,3,-0.6075111034724336,0.28785465739431304,1.3544698050897952,-0.776461231574469,0.6010040493214255
0,PAA-AdaptMut,3,-0.48112016920070955,0.454143053160621,0.7240467010585573,-0.562774043936089,0.4258071614073895
0,PAA-AdaptMut,3,-0.6812597835485017,0.3101480805364996,1.4207380120476114,-0.8384371339604761,0.6878608110857101
0,PAA-AdaptMut,3,-0.5012916534848756,0.42244415368061106,0.881542505232828,-0.47044250420209577,0.25024572147844076
0,PAA-AdaptMut,3,-0.5070332356974125,0.4268777997318283,0.7240467010585573,-0.6097608786706606,0.6324626565706617
0,PAA-AdaptMut,3,-0.6673114053773821,0.261097040356592,1.468477964887372,-0.7296073271956509,0.44178415410322386
0,PAA-AdaptMut,3,-0.47585182605068815,0.4630549491456509,0.6915682278846585,-0.5354486604844226,0.37117948893182556
0,PAA-AdaptMut,3,-0.6670480505033379,0.28769499057332715,1.4527389723778683,-0.7081930450781619,0.47668033313459335
0,PAA-AdaptMut,3,-0.5698587213497361,0.3638408498529756,0.8137411503644991,-0.36236576266435017,0.39765379539845797
0,PAA-AdaptMut,3,-0.6826310981312014,0.2664986193991379,1.6245572178441157,-0.7813500523235021,0.44870713013595703
0,PAA-AdaptMut,3,-0.647207516415788,0.30978058984035584,1.5222835063120284,-0.9222611520475474,0.3774372664408189
0,PAA-AdaptMut,3,-0.633981986464776,0.313697562780814,1.5071065198237947,-0.8933722094499548,0.39869144571086346
0,PAA-AdaptMut,3,-0.5714837205868236,0.39659468219652344,0.9198275413214969,-0.6704037253442098,0.36399147837933
0,PAA-AdaptMut,3,-0.6400102334987644,0.3396568629872081,1.1626821716231532,-0.704799031232606,0.6683999756054976
0,PAA-AdaptMut,3,-0.5591753094042403,0.3207001428584666,1.1427391744033624,-0.4459341245620809,0.2307042647492409
0,PAA-AdaptMut,3,-0.5537458536509198,0.40988151553297475,0.7397513981473143,-0.4146934517888322,0.4106618769055137
0,PAA-AdaptMut,3,-0.6620401011668801,0.2878081782108811,1.5222835063120284,-0.8829463703526841,0.45012137751873604
0,PAA-AdaptMut,3,-0.6110359032948909,0.3980489176461073,0.9444891303068568,-0.6933363648320533,0.5665270846078633
0,PAA-AdaptMut,3,-0.6793640219225545,0.3176729466780365,1.4840500479613248,-0.7964989362684827,0.574580701077192
0,PAA-AdaptMut,3,-0.5394047916826714,0.3639704982167631,1.059218945609956,-0.5920085469522272,0.25805239708783345
0,PAA-AdaptMut,3,-0.520840687422967,0.4662659907431044,0.7994911844726069,-0.6320737274417446,0.46430831746875983
0,PAA-AdaptMut,3,-0.518664009299157,0.3722788458970885,1.0148846002135226,-0.3893255852063409,0.3941665591710436
0,PAA-AdaptMut,3,-0.6157223213144162,0.33113193463162544,1.1626821716231532,-0.7416271870540673,0.5912821126969847
0,PAA-AdaptMut,3,-0.6807454691826257,0.3057923976401292,1.4126245053551467,-0.8242565975131916,0.6448622486362101
0,PAA-AdaptMut,3,-0.5374706529408936,0.4328015544471877,0.7397513981473143,-0.6433749906684356,0.7378792276232609
0,PAA-AdaptMut,3,-0.4849899072400149,0.4595772352207327,0.6574873400494295,-0.5469249540443709,0.3812052227801644
0,PAA-AdaptMut,3,-0.5816048977085148,0.3049157092400906,1.201575571988228,-0.5659191982275005,0.29850445097722017
0,PAA-AdaptMut,3,-0.5409967936858733,0.4134604578163598,0.7994911844726069,-0.5427968916246054,0.32558736724253273
0,PAA-AdaptMut,4,-0.6850038471586043,0.2436790631481312,1.5298155376831448,-0.735478441785181,0.3156222808808982
0,PAA-AdaptMut,4,-0.5711640426251063,0.406877908802419,0.9072453912952236,-0.7148810260519112,0.9623303898992251
0,PAA-AdaptMut,4,-0.5392611296695198,0.40217262651943475,0.5833828754229664,-0.4297051721468059,0.5057412163717271
0,PAA-AdaptMut,4,-0.42612845480781586,0.4198231287398647,0.9072453912952236,-0.32168842510917567,0.23366184601153414
0,PAA-AdaptMut,4,-0.47296206827774434,0.3716004604259755,1.0261477756627881,-0.2388308007222343,0.23972375550872202
0,PAA-AdaptMut,4,-0.6863731421979742,0.2921964633287023,1.6802065944479638,-0.9418027527804732,0.3992099131093596
0,PAA-AdaptMut,4,-0.4548448522227163,0.39303947012692475,1.1224418956996507,-0.4013400149454453,0.18735865510772493
0,PAA-AdaptMut,4,-0.7045205118183822,0.2709449100715922,1.596005053582509,-0.8542975178895705,0.3374197119614541
0,PAA-AdaptMut,4,-0.51150707269102,0.4404685454233583,0.7849825783431665,-0.5905732587335412,0.44655173206809423
0,PAA-AdaptMut,4,-0.5146646114763649,0.42701803733223664,0.6747429940891573,-0.5167471031770658,0.57092352404662
0,PAA-AdaptMut,4,-0.5650099318327568,0.406877908802419,0.881542505232828,-0.6907137168768919,0.950566471959036
0,PAA-AdaptMut,4,-0.6655508370037297,0.2989732149518208,1.6456462776948126,-0.9176136470306464,0.39255156903800864
0,PAA-AdaptMut,4,-0.5746616245992374,0.40186278246244145,0.8815425052328281,-0.687677390475493,0.8753679527628373
0,PAA-AdaptMut,4,-0.479926071757194,0.4023820948847125,0.6915682278846585,-0.47446990309218096,0.4246509474982343
0,PAA-AdaptMut,4,-0.43143344169786335,0.3926919719054437,0.8415174812746266,-0.3274013875834342,0.275526126701145
0,PAA-AdaptMut,4,-0.6560024755178284,0.3163643241473072,1.4527389723778685,-0.881867815807477,0.5825817710333236
0,PAA-AdaptMut,4,-0.5559898682402874,0.36970837012070795,0.755129549685372,-0.558895838862775,0.6853908552441872
0,PAA-AdaptMut,4,-0.4523380821602478,0.39817785099237596,0.7397513981473143,-0.3511557203868769,0.3272917631817299
0,PAA-AdaptMut,4,-0.5198393217118346,0.33741006191695494,0.9919746671444328,-0.4809588100273364,0.30696330869294086
0,PAA-AdaptMut,4,-0.5372693267343165,0.3932302962157833,0.6397664390839424,-0.3859574405967637,0.4543437778281959
0,PAA-AdaptMut,4,-0.6197302600546554,0.3180103873982527,1.1326360028574725,-0.7181457537517038,0.7108490087617012
0,PAA-AdaptMut,4,-0.6323246987142687,0.28978517949363214,1.4288054467365827,-0.7270101976297169,0.29774674917792976
0,PAA-AdaptMut,4,-0.4868475700371667,0.353457162753534,0.7397513981473143,-0.4213668562654613,0.4336221097618214
0,PAA-AdaptMut,4,-0.44482247250838736,0.38288599050153466,1.1326360028574722,-0.3923885968067636,0.2030914009105583
0,PAA-AdaptMut,4,-0.6372788840013376,0.2838120312129287,1.2847880786040071,-0.6842634152346191,0.48058112885564197
0,PAA-AdaptMut,4,-0.6897059408806128,0.2630901319132268,1.5521923516684872,-0.7964754238377523,0.32116153993413143
0,PAA-AdaptMut,4,-0.5325145724199694,0.34721548376865957,0.7702007157586646,-0.4652373977056506,0.523109746514963
0,PAA-AdaptMut,4,-0.49859012466765174,0.4152215272330718,0.8277458339029348,-0.39765619781986966,0.28847557389602557
0,PAA-AdaptMut,4,-0.5705722074363342,0.3593215094460817,0.9322398894708789,-0.7248106512382263,0.7463180176271766
0,PAA-AdaptMut,4,-0.584401256537481,0.391708595650918,0.9565815297270427,-0.7661840188619197,0.807589477544763
0,PAA-AdaptMut,4,-0.5436075962310971,0.3258762163562836,1.1626821716231532,-0.6483735204494854,0.30580459804517246
0,PAA-AdaptMut,4,-0.6274146229671128,0.3108952321262069,1.2392489169603274,-0.7384302703256347,0.43983244135157545
0,PAA-AdaptMut,4,-0.5658543041412171,0.3317922309878526,1.182288815689544,-0.6329418449188118,0.31104098904440475
0,PAA-AdaptMut,4,-0.6469160145371268,0.301255587492396,1.3113527077656704,-0.7829625099331332,0.5913400746776403
0,PAA-AdaptMut,4,-0.4398274495631628,0.4123452353881268,0.9072453912952236,-0.28797697374274295,0.2566068709529857
0,PAA-AdaptMut,4,-0.4293093861608289,0.3772394080894096,0.9803189452974894,-0.36431283469631237,0.22995024968403627
0,PAA-AdaptMut,4,-0.5521191611905867,0.38561079954060673,0.7994911844726069,-0.5185659551866088,0.4557166747776735
0,PAA-AdaptMut,4,-0.5712748291194842,0.38950940663191613,0.7551295496853719,-0.615762522875896,0.7507150450821185
0,PAA-AdaptMut,4,-0.5254783779890807,0.37078108747446337,0.755129549685372,-0.5703009468454097,0.6174593194558134
0,PAA-AdaptMut,4,-0.6493025587380081,0.321381170088756,1.211103777942239,-0.7738111045287835,0.6558353866712914
0,PAA-AdaptMut,4,-0.6981850805149289,0.2578373571404713,1.5669327069381127,-0.8038757234350623,0.3476929316265365
0,PAA-AdaptMut,4,-0.5856252021567369,0.3669238418538144,0.9198275413214968,-0.5302849903519888,0.43410669834239907
0,PAA-AdaptMut,4,-0.5021887939059522,0.41276725899510075,0.7994911844726069,-0.41130578001328927,0.3070283833838371
0,PAA-AdaptMut,4,-0.5989149852408726,0.34690665309101343,0.9198275413214969,-0.6528405581172245,0.841122932893126
0,PAA-AdaptMut,4,-0.6598073844683009,0.29199357100160606,1.3629295501408407,-0.751202983802696,0.5381949664350747
0,PAA-AdaptMut,4,-0.46082222270710693,0.3991232857901167,1.0807043010154627,-0.3193752624280245,0.22446210190148452
0,PAA-AdaptMut,4,-0.595054350022691,0.31381353778682985,1.0483111508478486,-0.6650170949589944,0.6353988808454463
0,PAA-AdaptMut,4,-0.5762992149092493,0.3787545723365796,0.7849825783431665,-0.4900591892482075,0.5702289301164146
0,PAA-AdaptMut,4,-0.4432416265305094,0.38445797247338975,0.8137411503644992,-0.3049434196846497,0.2886594494982188
0,PAA-AdaptMut,4,-0.6212536972498011,0.3282399354832418,1.0912883633487742,-0.7702407931932311,0.6922737152857364
0,PAA-AdaptMut,4,-0.5396338496714603,0.39639134004973337,0.6215404981423344,-0.4317744624656166,0.4637724784421673
0,PAA-AdaptMut,4,-0.6368850987028891,0.3311023019586184,1.3025580288099372,-0.8614468940804256,0.7802983424955542
0,PAA-AdaptMut,4,-0.6522300948838655,0.31026248756729,1.3373897866387852,-0.837391725098185,0.5979609252111359
0,PAA-AdaptMut,4,-0.624603633220075,0.3225613905836445,1.1919712032812333,-0.7821816723779919,0.7961575182278173
0,PAA-AdaptMut,4,-0.5833709191746815,0.32972788262518493,0.9919746671444328,-0.6626282779641084,0.630514721311813
0,PAA-AdaptMut,4,-0.6813708472008935,0.267872513831278,1.5887868407416337,-0.8250777471415602,0.3756885183629787
0,PAA-AdaptMut,4,-0.5251637508092275,0.3813916319463228,0.8944862739468376,-0.4428678784894539,0.2573549876958879
0,PAA-AdaptMut,4,-0.67420624672737,0.25045545442037725,1.4762845386668806,-0.7223542573242598,0.3450167239882945
0,PAA-AdaptMut,4,-0.6315032269514704,0.2782888217283258,1.2205576048237503,-0.6124853723524627,0.5423304719823978
0,PAA-AdaptMut,4,-0.6780835971348548,0.252625163686263,1.5521923516684872,-0.7942710343609376,0.3437398547884162
0,PAA-AdaptMut,5,-0.6759428141627442,0.2893857007771671,1.7006056912958407,-0.9415619162467266,0.3915950819195204
0,PAA-AdaptMut,5,-0.5510775719041816,0.3722878449091036,0.8684058283919127,-0.6395644109038381,0.8768535763876143
0,PAA-AdaptMut,5,-0.4786785075528874,0.4274384056589794,0.8415174812746264,-0.29499509791344647,0.2801360648879201
0,PAA-AdaptMut,5,-0.4990857585567513,0.41165190371140525,0.9198275413214968,-0.35263799135940926,0.19459064120903663
0,PAA-AdaptMut,5,-0.7062486247913548,0.26088174346086845,1.596005053582509,-0.8409448077461071,0.5407464175299658
0,PAA-AdaptMut,5,-0.5312282787168567,0.3949060494819384,0.5209319169482601,-0.48311333456157024,0.5650285661883137
0,PAA-AdaptMut,5,-0.6692850461291547,0.25437226405740104,1.5298155376831448,-0.6881074479715507,0.45180674776133356
0,PAA-AdaptMut,5,-0.45570014764407685,0.4883408140148095,0.8550673523401053,-0.5866124669441222,0.3313024480980748
0,PAA-AdaptMut,5,-0.4025101888294378,0.4608131466866057,0.8684058283919127,-0.5238422407221566,0.28904638528552173
0,PAA-AdaptMut,5,-0.6770181625699085,0.2820622276392294,1.6802065944479638,-0.9181194383706203,0.39145237583195314
0,PAA-AdaptMut,5,-0.5120378210657776,0.4026876401649514,0.881542505232828,-0.3469580936375357,0.22136498307109215
0,PAA-AdaptMut,5,-0.6987368916363398,0.2958398636801668,1.603190767440991,-0.9005035909786056,0.3739592889592174
0,PAA-AdaptMut,5,-0.6792878532416113,0.269428858065179,1.4762845386668806,-0.822934049195219,0.3538474528080949
0,PAA-AdaptMut,5,-0.6906669404591661,0.2727838662655979,1.5298155376831448,-0.8499655035087723,0.556151492742565
0,PAA-AdaptMut,5,-0.4155047765993876,0.45334910704888254,0.881542505232828,-0.49658563981219334,0.26332699899766226
0,PAA-AdaptMut,5,-0.5262557444435905,0.39316096505565157,0.5633356668893262,-0.47391003335172577,0.5389290956704205
0,PAA-AdaptMut,5,-0.5574242634005386,0.3999631081722537,0.755129549685372,-0.7160447042058371,0.8186803769054979
0,PAA-AdaptMut,5,-0.672542912375596,0.28740580538367,1.5595799441917928,-0.883632093420972,0.37160126936815213
0,PAA-AdaptMut,5,-0.558493242645754,0.3665732343838507,0.6915682278846585,-0.4217015663223099,0.5931325421691201
0,PAA-AdaptMut,5,-0.6147849126321804,0.3221371178831882,1.0483111508478484,-0.7729031559025765,0.47733343526251276
0,PAA-AdaptMut,5,-0.574660617623635,0.3800494917090066,0.9072453912952236,-0.6108156872340624,0.44990409377050505
0,PAA-AdaptMut,5,-0.6427558793839003,0.3290208794128014,1.0807043010154629,-0.6844363798355193,0.6932100031470784
0,PAA-AdaptMut,5,-0.6482448731480448,0.3177446950520058,1.2205576048237503,-0.7638327751659629,0.6344696684862984
0,PAA-AdaptMut,5,-0.6085341085170322,0.3312058171657909,0.9444891303068568,-0.5609676872713861,0.7944584232082048
0,PAA-AdaptMut,5,-0.4607339144122635,0.47687574092807755,0.8277458339029348,-0.5823758323884778,0.3240980020764869
0,PAA-AdaptMut,5,-0.6238105490197621,0.3149037424632418,1.2392489169603274,-0.8161585865834793,0.501558542149619
0,PAA-AdaptMut,5,-0.6824467606712844,0.27089150633498504,1.5887868407416337,-0.8631955538914046,0.36383295611309063
0,PAA-AdaptMut,5,-0.502066520123029,0.4106712594442795,0.6574873400494294,-0.4131673511772783,0.442293634789806
0,PAA-AdaptMut,5,-0.6670471027190696,0.27196328520032764,1.4126245053551467,-0.7644297475646367,0.4679336033281155
0,PAA-AdaptMut,5,-0.5009292643551997,0.4069740756571189,0.6397664390839423,-0.46915374897597584,0.4766462880482122
0,PAA-AdaptMut,5,-0.5513155512554543,0.3678379953461449,0.6747429940891573,-0.4658289875038131,0.7315720897209765
0,PAA-AdaptMut,5,-0.6388955230025928,0.2912958271252274,1.2484896411001858,-0.6936378101671566,0.7508947678118375
0,PAA-AdaptMut,5,-0.46992614246602277,0.44710773971020057,0.7240467010585573,-0.48032842422829536,0.32038055246384295
0,PAA-AdaptMut,5,-0.6600019609454784,0.3039923029969679,1.3025580288099372,-0.7535934126991595,0.6831628297935775
0,PAA-AdaptMut,5,-0.6376941653422067,0.3061630097337735,1.1725264764419856,-0.7460781501026306,0.42415520265526585
0,PAA-AdaptMut,5,-0.4818855137650472,0.47045504404364,0.8415174812746264,-0.5248210887422791,0.31749506099132035
0,PAA-AdaptMut,5,-0.6177491377907612,0.3277555529606099,1.059218945609956,-0.6530842256964627,0.6176714605434499
0,PAA-AdaptMut,5,-0.4981578148090916,0.4217189280710304,0.8815425052328281,-0.36679167568314114,0.2350909454310502
0,PAA-AdaptMut,5,-0.5838367827410791,0.3577171556442163,0.9803189452974895,-0.6748609702044596,0.7701823429858429
0,PAA-AdaptMut,5,-0.6072935338285426,0.33482531145425376,1.0261477756627881,-0.577294720598197,0.3057985676530725
0,PAA-AdaptMut,5,-0.5205854295007081,0.4344207165877316,0.7994911844726069,-0.6321086245396551,0.5312155283779688
0,PAA-AdaptMut,5,-0.44225143620385393,0.43978720815076666,0.7079937284797468,-0.4786078647756361,0.36189399080894136
0,PAA-AdaptMut,5,-0.6679890991097397,0.31083419295635356,1.3200887962222398,-0.8087557910003618,0.4588736835961102
0,PAA-AdaptMut,5,-0.5196143429051798,0.394920054564141,0.6747429940891572,-0.3847922103541115,0.38955464448897603
0,PAA-AdaptMut,5,-0.5798693108565712,0.35151615130621233,0.7849825783431665,-0.5304405773841447,0.854445774542669
0,PAA-AdaptMut,5,-0.532660003366405,0.3949406383883835,0.7397513981473142,-0.438897305997354,0.30859187081714246
0,PAA-AdaptMut,5,-0.6443503428894571,0.3079300220680434,1.1527538013223835,-0.6668239987753577,0.5196438229854728
0,PAA-AdaptMut,5,-0.5483382040997457,0.3876225524043768,0.9198275413214968,-0.5466386330347881,0.3762455104828352
0,PAA-AdaptMut,5,-0.5155025844975485,0.44954610624979524,0.7551295496853719,-0.6163241578965615,0.7740260917332722
0,PAA-AdaptMut,5,-0.6620437062174135,0.29216477731002544,1.2758102920010679,-0.6385451273694487,0.6009960609869089
0,PAA-AdaptMut,5,-0.5408497252091158,0.38490464527075907,0.8684058283919128,-0.5679862348339177,0.2975804190639318
0,PAA-AdaptMut,5,-0.4395486959377699,0.44919767285592627,0.8684058283919127,-0.444151357966781,0.2424846251333343
0,PAA-AdaptMut,5,-0.44575864894196615,0.46298177090445575,0.881542505232828,-0.5111132442869429,0.2863265020987361
0,PAA-AdaptMut,5,-0.6303977636258072,0.29929214214636424,1.1326360028574725,-0.6490395266905952,0.5648510942914342
0,PAA-AdaptMut,5,-0.6884614755979934,0.26173010404050495,1.5887868407416337,-0.7910365330916297,0.427542402946463
0,PAA-AdaptMut,5,-0.5953930744690169,0.3747513790563749,1.0700155515160485,-0.7198210858989323,0.4169255027579787
0,PAA-AdaptMut,5,-0.6715530092214123,0.2880878118795974,1.3796934333906814,-0.7929961776897767,0.4961417941762994
0,PAA-AdaptMut,5,-0.5816651067391778,0.35184343808077406,0.7702007157586646,-0.5550839651998951,0.8575867820204793
0,PAA-AdaptMut,5,-0.4725241020749532,0.4205377890827835,0.7240467010585573,-0.5226389588726239,0.5661574268520938
0,PAA-AdaptMut,5,-0.42596261644000605,0.46092317389004317,0.8137411503644991,-0.5577912585435232,0.34794009357035616
0,PAA-AdaptMut,6,-0.4745634755628062,0.44568021256977347,0.5633356668893262,-0.37492281971023755,0.5075580279680747
0,PAA-AdaptMut,6,-0.4552519071049438,0.37890318685429963,1.0261477756627881,-0.3445151920193531,0.17493542234249182
0,PAA-AdaptMut,6,-0.7072290626328261,0.2607991083049168,1.6103444173701353,-0.7933463545715091,0.5060160368829576
0,PAA-AdaptMut,6,-0.6850570322199219,0.29108945658085017,1.7207629803401692,-0.9425058942521156,0.4002721685400464
0,PAA-AdaptMut,6,-0.48037973104919585,0.38586881971080506,0.7849825783431665,-0.23116255150685228,0.29954991882340004
0,PAA-AdaptMut,6,-0.5834567837209607,0.37849435166048945,0.9198275413214969,-0.7191593030738601,0.9320325032398895
0,PAA-AdaptMut,6,-0.40100030652605667,0.40893766259136494,0.7397513981473142,-0.3737918394230747,0.26835924526938615
0,PAA-AdaptMut,6,-0.48145499387603197,0.4531590270289992,0.6215404981423344,-0.4722317842523488,0.5891446722036344
0,PAA-AdaptMut,6,-0.6780085580566306,0.2505825355521406,1.5595799441917928,-0.6985304506668111,0.5475763211514237
0,PAA-AdaptMut,6,-0.4498859181101757,0.4053006883773662,0.8550673523401053,-0.2684172224181096,0.2258795795112011
0,PAA-AdaptMut,6,-0.6744901077222005,0.30183231487935974,1.3962560587641581,-0.7805437063513859,0.7528449483807597
0,PAA-AdaptMut,6,-0.4392025836748877,0.4238184876589203,0.6574873400494295,-0.4339271164774445,0.5278647445769035
0,PAA-AdaptMut,6,-0.6803145847433342,0.2706621456663885,1.5595799441917928,-0.8213724082457328,0.3454045219523007
0,PAA-AdaptMut,6,-0.6883700418242833,0.28333272918612545,1.6733516349767308,-0.9187509798525472,0.3737030810814363
0,PAA-AdaptMut,6,-0.6171970833342524,0.3084132832420282,1.2392489169603271,-0.7024918698754623,0.36561318800611203
0,PAA-AdaptMut,6,-0.6882675998600118,0.28580693772637017,1.6456462776948126,-0.8931520575653327,0.3975871419620816
0,PAA-AdaptMut,6,-0.6584048810730181,0.2983761945984087,1.4288054467365827,-0.8490073602112943,0.6297489499351652
0,PAA-AdaptMut,6,-0.6654143708257891,0.29845339857832903,1.5298155376831448,-0.9087295194922891,0.414050379662959
0,PAA-AdaptMut,6,-0.6289896630033276,0.37631398560628004,1.182288815689544,-0.8221165066735641,0.8036248529592764
0,PAA-AdaptMut,6,-0.6729533799414117,0.27700744403908584,1.468477964887372,-0.8319055835413428,0.3587665927073302
0,PAA-AdaptMut,6,-0.6476506066197084,0.3247589132862486,1.3544698050897952,-0.8672399669120701,0.6279402555661506
0,PAA-AdaptMut,6,-0.6605727140566142,0.29408181131498207,1.4917751340604715,-0.8812632191197292,0.36697398323346203
0,PAA-AdaptMut,6,-0.6229926558906559,0.29646307935447425,1.3025580288099372,-0.6340775101568434,0.4493864238014448
0,PAA-AdaptMut,6,-0.5982777914071339,0.3261619131064352,1.0372886595566415,-0.648147117567326,0.8551652825550761
0,PAA-AdaptMut,6,-0.701779435773344,0.2618272962157815,1.6245572178441157,-0.8113233067850665,0.5321225668000296
0,PAA-AdaptMut,6,-0.5545107567918683,0.31876363511465733,1.1017707555238399,-0.47999957821952943,0.3531677250090489
0,PAA-AdaptMut,6,-0.6264931491927166,0.348127429582945,1.1326360028574725,-0.6706279300323444,0.4425719679594991
0,PAA-AdaptMut,6,-0.6127512341035598,0.3142325747357374,1.201575571988228,-0.6419038319509044,0.8258316894325309
0,PAA-AdaptMut,6,-0.6522139382278466,0.30350948714130843,1.3200887962222396,-0.7218080458449581,0.35614806853581477
0,PAA-AdaptMut,6,-0.6201741521328559,0.3439992322783362,0.9565815297270427,-0.6859577904965071,0.7799334150685483
0,PAA-AdaptMut,6,-0.46591449894006143,0.370634018704082,0.9803189452974893,-0.36314475649611005,0.18578005817854015
0,PAA-AdaptMut,6,-0.4639412530917921,0.4310935713426436,0.6215404981423344,-0.31436352238967613,0.4964317268716161
0,PAA-AdaptMut,6,-0.4861491204229916,0.4394932217791977,0.5833828754229664,-0.3686708404841941,0.4405442508730754
0,PAA-AdaptMut,6,-0.44065082696309055,0.4163408649946378,0.6397664390839424,-0.4167565608220386,0.5326797461586179
0,PAA-AdaptMut,6,-0.5315200712611114,0.34206405153018216,1.0034950154352709,-0.5655327793387789,0.26421013463978377
0,PAA-AdaptMut,6,-0.48209129230360726,0.41302865915639203,0.7079937284797466,-0.403192316074054,0.3218388287204367
0,PAA-AdaptMut,6,-0.49648639717501614,0.401142476562882,0.6747429940891573,-0.5851509260552833,0.6124153876313558
0,PAA-AdaptMut,6,-0.5229324517983991,0.35759708233004656,0.9072453912952236,-0.4059566010296229,0.28025141510064017
0,PAA-AdaptMut,6,-0.5433051099932069,0.39793034140003575,0.7849825783431665,-0.5030487376594716,0.8929318390070898
0,PAA-AdaptMut,6,-0.587912588169714,0.3681119173738817,0.9198275413214968,-0.5537617115027261,0.6450885117582436
0,PAA-AdaptMut,6,-0.6932411388879052,0.2832560738898261,1.5447694296661307,-0.8677603917403583,0.47683059547595485
0,PAA-AdaptMut,6,-0.64315639485247,0.3184128115323638,1.0700155515160485,-0.7017848243496744,0.7897839081650694
0,PAA-AdaptMut,6,-0.511506548920161,0.418949525635974,0.7079937284797468,-0.4503489973099389,0.368816632504235
0,PAA-AdaptMut,6,-0.45794135058693203,0.42775025301310415,0.6027637058449147,-0.3269896492967496,0.4902458738149395
0,PAA-AdaptMut,6,-0.5242240594575025,0.3872351716020607,0.8277458339029348,-0.616847483655604,0.6880863885667174
0,PAA-AdaptMut,6,-0.47018158491973355,0.37213975055984977,0.7551295496853719,-0.43097607681361527,0.3301840168329724
0,PAA-AdaptMut,6,-0.6001024727745652,0.3476710035053803,0.9322398894708788,-0.6315436333398722,0.7359392145443217
0,PAA-AdaptMut,6,-0.6331006824873133,0.36789874820541485,1.2299387677605,-0.7104922859177847,0.5536949033332433
0,PAA-AdaptMut,6,-0.53252821168204,0.4355184236556685,0.7240467010585573,-0.5270240913906113,0.720536419813101
0,PAA-AdaptMut,6,-0.5814559383759461,0.3348486765905898,1.0700155515160485,-0.657191326050644,0.7017635311273935
0,PAA-AdaptMut,6,-0.518109454928119,0.4260214714009723,0.7240467010585573,-0.3765298260141736,0.5825943723253081
0,PAA-AdaptMut,6,-0.7038535168960567,0.2577524895919411,1.631617191560735,-0.7505252714540346,0.5074176978484468
0,PAA-AdaptMut,6,-0.5960604037162234,0.35082696645782496,1.0148846002135226,-0.6401898348502222,0.5906465448860715
0,PAA-AdaptMut,6,-0.6034206199508324,0.3383724544918108,1.0483111508478484,-0.7247454433366467,0.8813563388524972
0,PAA-AdaptMut,6,-0.5390231500501603,0.33296503210353895,1.059218945609956,-0.619071376478705,0.48268185429921573
0,PAA-AdaptMut,6,-0.6024622585744999,0.33602392531383946,1.211103777942239,-0.7255066200348954,0.49946086278070656
0,PAA-AdaptMut,6,-0.44492623926791114,0.3793232171132531,0.9198275413214967,-0.3241094536912128,0.20923609909071555
0,PAA-AdaptMut,6,-0.677087575166911,0.2753097090056557,1.468477964887372,-0.7515422237883175,0.5618106395735009
0,PAA-AdaptMut,6,-0.5175997696601625,0.3798683830024566,0.8277458339029348,-0.6085725949826889,0.46066516496638965
0,PAA-AdaptMut,6,-0.4625222007397488,0.3773553650257132,0.8944862739468376,-0.3394041944164037,0.20989974613240792
0,PAA-AdaptMut,7,-0.5396439756626491,0.36320166348885763,1.0807043010154629,-0.3889701098996504,0.22577162342370097
0,PAA-AdaptMut,7,-0.6853378236911936,0.2905674462118758,1.6595567729924292,-0.9408587747750842,0.3905328264888336
0,PAA-AdaptMut,7,-0.5151424870418226,0.43174825819951757,0.5833828754229664,-0.447779474092789,0.5756310414253711
0,PAA-AdaptMut,7,-0.4283896697823115,0.5060733111018336,0.7849825783431665,-0.6354427515392544,0.48306692877771906
0,PAA-AdaptMut,7,-0.7019479192323859,0.2618513634572683,1.574251127939735,-0.8286351687604654,0.45918917836680767
0,PAA-AdaptMut,7,-0.4031056322254313,0.4965135781726602,0.7702007157586646,-0.5959409439451779,0.46170856646009517
0,PAA-AdaptMut,7,-0.6774723722147376,0.25463042713479755,1.574251127939735,-0.7388937072564814,0.4528601183317013
0,PAA-AdaptMut,7,-0.6915275776175392,0.29347883191493446,1.6938332891759678,-0.93829420903912,0.6012272780875115
0,PAA-AdaptMut,7,-0.5065616384412371,0.37793081365612263,0.7994911844726069,-0.25957769058400104,0.30378350159877177
0,PAA-AdaptMut,7,-0.6064612625509674,0.4295744793478608,0.9444891303068569,-0.720457262782924,0.9222828171102659
0,PAA-AdaptMut,7,-0.6443467744183503,0.3054122559334298,1.2299387677605003,-0.7124983881887399,0.6576849197430292
0,PAA-AdaptMut,7,-0.47778897453860375,0.4125609654781055,0.7849825783431665,-0.35531260765745526,0.32782332754055543
0,PAA-AdaptMut,7,-0.6288237696122901,0.3667108612170008,1.191971203281233,-0.8724170178706988,0.814597474034454
0,PAA-AdaptMut,7,-0.4214180937982187,0.4925298318888089,0.8137411503644991,-0.5639297109762579,0.49784796524610353
0,PAA-AdaptMut,7,-0.6532507873822222,0.32034639885049987,1.3200887962222398,-0.8835551197987666,0.6051202614798264
0,PAA-AdaptMut,7,-0.5992292973120922,0.3493219000874948,1.122441895699651,-0.6547503484112982,0.33059167924652944
0,PAA-AdaptMut,7,-0.5776493709859233,0.44729101803496096,0.8277458339029348,-0.6448113229006243,0.8806574223153536
0,PAA-AdaptMut,7,-0.5214044449930553,0.36053904684472704,1.0148846002135223,-0.3168083109279413,0.25138636740863646
0,PAA-AdaptMut,7,-0.4064815021768868,0.4681693212628949,0.755129549685372,-0.47086172969559537,0.40249598830353595
0,PAA-AdaptMut,7,-0.6916988984579964,0.26751776430388335,1.6103444173701353,-0.8615760043500599,0.37918823896017306
0,PAA-AdaptMut,7,-0.5089124651543764,0.36957327797560147,0.8550673523401053,-0.28622138441446243,0.2983427675744921
0,PAA-AdaptMut,7,-0.6361835525769637,0.3285833591180071,1.1725264764419856,-0.6864846869118935,0.7128788967008729
0,PAA-AdaptMut,7,-0.5848510827116122,0.3814537244203682,1.0912883633487744,-0.754327607013129,0.6153760127268991
0,PAA-AdaptMut,7,-0.5849601645744634,0.3558197369296242,0.9198275413214967,-0.6272099708635707,0.6942241145730634
0,PAA-AdaptMut,7,-0.6038495806033322,0.33888301644348884,1.1919712032812333,-0.763007429731816,0.4553924093293881
0,PAA-AdaptMut,7,-0.6014967544231313,0.43297161262765693,0.8944862739468377,-0.6725772090381165,0.9088899717296084
0,PAA-AdaptMut,7,-0.5674054397679442,0.40126403572119973,0.7849825783431666,-0.6989161201452019,0.850755026400433
0,PAA-AdaptMut,7,-0.6204675203065575,0.32950349157406605,1.1725264764419856,-0.6688599877316037,0.5507213054922666
0,PAA-AdaptMut,7,-0.6963225779104019,0.28757561339331195,1.6595567729924292,-0.9101182493751431,0.5880464941170267
0,PAA-AdaptMut,7,-0.4819959828558842,0.42692386256004067,0.6027637058449147,-0.427502047526427,0.5761358422370652
0,PAA-AdaptMut,7,-0.4360482110941265,0.4780878776810398,0.6915682278846585,-0.5376869129721211,0.4457932708984241
0,PAA-AdaptMut,7,-0.46088759622866127,0.4456419264865567,0.6397664390839424,-0.5529357812735693,0.594860154357326
0,PAA-AdaptMut,7,-0.49182671232556896,0.4792959750627168,0.7397513981473143,-0.6305325944243825,0.7856424100433251
0,PAA-AdaptMut,7,-0.6257232677063215,0.364040636068658,1.266768880036419,-0.8535673023076779,0.7208164088700476
0,PAA-AdaptMut,7,-0.44885464607247216,0.45872449220312606,0.755129549685372,-0.4457145748431536,0.36613865800448886
0,PAA-AdaptMut,7,-0.5178613570072479,0.3896228481281736,0.8277458339029348,-0.39959519031845225,0.3411762247399813
0,PAA-AdaptMut,7,-0.6107589566206497,0.37181924319831716,1.0148846002135226,-0.7813699311197901,0.771049181127989
0,PAA-AdaptMut,7,-0.5235286646323718,0.3606581202751319,0.9198275413214969,-0.3264947467286964,0.2809749168258577
0,PAA-AdaptMut,7,-0.469825230352499,0.4494275142212626,0.7240467010585573,-0.5382815146665174,0.5520158605540404
0,PAA-AdaptMut,7,-0.5967916906348035,0.3959784325331194,1.112154352360633,-0.8177036266430839,0.6300162528962423
0,PAA-AdaptMut,7,-0.5967619816929952,0.4417746787929369,0.9444891303068568,-0.7864745642763096,0.8643061276102959
0,PAA-AdaptMut,7,-0.4410112989405432,0.4944751202603953,0.7079937284797468,-0.6099415142278637,0.5816921195671722
0,PAA-AdaptMut,7,-0.5054096575117338,0.48327207026441343,0.7994911844726069,-0.6966078657685539,0.7540723675013086
0,PAA-AdaptMut,7,-0.48692517544595154,0.45029527775179723,0.6915682278846585,-0.5760719666911177,0.602117036050104
0,PAA-AdaptMut,7,-0.5927594751669023,0.3320220065972033,1.0483111508478484,-0.596736051740361,0.47418635381264007
0,PAA-AdaptMut,7,-0.45216159312333914,0.4857955977512514,0.7994911844726069,-0.6480846865742385,0.5958007553537921
0,PAA-AdaptMut,7,-0.5128067423810421,0.4588800752575044,0.7702007157586644,-0.6765838807889603,0.6699051473394757
0,PAA-AdaptMut,7,-0.5694367547870293,0.42225084273436114,0.7702007157586647,-0.5906874957598838,0.7278476761682983
0,PAA-AdaptMut,7,-0.5363563513899745,0.3641467119080254,1.0261477756627881,-0.41357859554525794,0.2410828806442205
0,PAA-AdaptMut,7,-0.6947132135614265,0.2602448852970799,1.5521923516684872,-0.78107352438772,0.46412613131569086
0,PAA-AdaptMut,7,-0.5736688697858038,0.3459063668017894,0.9565815297270427,-0.545686053241646,0.4646897788095899
0,PAA-AdaptMut,7,-0.552923250110142,0.4245239953057697,0.8684058283919128,-0.6962398406757657,0.5935524120056919
0,PAA-AdaptMut,7,-0.6827917705494836,0.29863548263398343,1.6316171915607347,-0.9167641412108323,0.5045766522463695
0,PAA-AdaptMut,7,-0.5288245028872164,0.3665551854608805,0.9803189452974894,-0.3749501722454613,0.2738641511368984
0,PAA-AdaptMut,7,-0.527776741312741,0.38770392243862517,0.755129549685372,-0.4624467049634216,0.5207469435508874
0,PAA-AdaptMut,7,-0.6163941853432194,0.3326476868108668,1.3025580288099372,-0.8400683857787744,0.45630165571809433
0,PAA-AdaptMut,7,-0.691201649697036,0.2749240291898492,1.5147140218016457,-0.8327689554136539,0.4759604302261285
0,PAA-AdaptMut,7,-0.5011574147187362,0.4367049968793307,0.6215404981423345,-0.5011397122092262,0.5652007339746417
0,PAA-AdaptMut,7,-0.667317530471035,0.29030063269091194,1.3544698050897952,-0.7455908672121778,0.6372884976195491
0,PAA-AdaptMut,7,-0.46479174127070977,0.4801399884926571,0.7079937284797467,-0.6367035459954191,0.7003009969226943
0,PAA-AdaptMut,8,-0.7009616863045822,0.2894700821884731,1.6938332891759678,-0.8939367517639006,0.5930951619942508
0,PAA-AdaptMut,8,-0.47455036193145633,0.4337263236355324,0.54254821706694,-0.4308242682260479,0.6191326007015449
0,PAA-AdaptMut,8,-0.6889378606489946,0.290234290160272,1.638646748247976,-0.9376424454885873,0.39020100266541025
0,PAA-AdaptMut,8,-0.5257580336974017,0.36346171971539387,0.7994911844726069,-0.22512000366086088,0.3668882188911244
0,PAA-AdaptMut,8,-0.4457223528333703,0.3939410309718579,0.7397513981473143,-0.49897508164195914,0.2982815787734133
0,PAA-AdaptMut,8,-0.4575401824928054,0.4405890170510278,0.5833828754229664,-0.39723236145626933,0.5869150951560403
0,PAA-AdaptMut,8,-0.7070176771239668,0.268333355996472,1.537310666418436,-0.8334712030191863,0.5630201128344963
0,PAA-AdaptMut,8,-0.5967579406809902,0.40768529829349937,0.8815425052328281,-0.6486331302990461,0.9602856988204659
0,PAA-AdaptMut,8,-0.6685724753327967,0.2493654600568987,1.4762845386668806,-0.6656788163793962,0.4740805755398144
0,PAA-AdaptMut,8,-0.5220418667626445,0.36406737785096105,1.0148846002135226,-0.4902356296430147,0.2260733022810891
0,PAA-AdaptMut,8,-0.6630044475471681,0.31100839907235994,1.2576624704910284,-0.7268664116584802,0.6571496235375693
0,PAA-AdaptMut,8,-0.6366933810246407,0.32239926993238,1.162682171623153,-0.7395798855885085,0.674091774781385
0,PAA-AdaptMut,8,-0.5961910613204924,0.40258427635127214,0.8415174812746264,-0.6736552777519623,0.9135003749302157
0,PAA-AdaptMut,8,-0.5123939323202598,0.42283209087931695,0.6027637058449147,-0.2694793659979903,0.589841447384581
0,PAA-AdaptMut,8,-0.5233823409948268,0.36953313801259674,0.7702007157586646,-0.23911400072706482,0.3415251960921438
0,PAA-AdaptMut,8,-0.562074650226808,0.4118445281424532,0.7994911844726069,-0.6249393860215957,0.7728406654506339
0,PAA-AdaptMut,8,-0.5072942422846187,0.39128498863908123,0.8277458339029348,-0.39521585325141906,0.26560696020839636
0,PAA-AdaptMut,8,-0.6534176880184489,0.30741551850992294,1.3373897866387852,-0.702694770284846,0.33819599040809534
0,PAA-AdaptMut,8,-0.5739811331992147,0.42269778128840674,0.7849825783431665,-0.6054352242451214,0.8715259463832297
0,PAA-AdaptMut,8,-0.6071691578937237,0.32389321568826085,1.201575571988228,-0.7634533876992688,0.5210538892181471
0,PAA-AdaptMut,8,-0.49427968695805796,0.42453355028303186,0.6215404981423345,-0.31291295893089754,0.5841295730514171
0,PAA-AdaptMut,8,-0.6469961500244074,0.30109428676342376,1.3113527077656701,-0.7956982838803883,0.6650572206191339
0,PAA-AdaptMut,8,-0.5653024162309561,0.3391026121966168,1.1224418956996507,-0.6077585719943829,0.3030480520514305
0,PAA-AdaptMut,8,-0.6850801707062415,0.259153120359092,1.5521923516684872,-0.7595794306204391,0.46371644166465736
0,PAA-AdaptMut,8,-0.4634666544402517,0.43945696492604946,0.54254821706694,-0.42087252226148353,0.5975041761443671
0,PAA-AdaptMut,8,-0.5919034432505825,0.3660451815330269,0.8684058283919128,-0.63610070187654,0.8480316352019406
0,PAA-AdaptMut,8,-0.6211136120883405,0.2696204625938347,1.2937035644497943,-0.6323765270881497,0.570467337529214
0,PAA-AdaptMut,8,-0.5301126291789177,0.3740545359797599,0.8550673523401052,-0.34157245594315394,0.3068745914662541
0,PAA-AdaptMut,8,-0.6886080280036257,0.2795420625976699,1.574251127939735,-0.804912917096922,0.48619312396110326
0,PAA-AdaptMut,8,-0.6928222154881409,0.2828695491200082,1.6595567729924292,-0.8780730449387253,0.5830466805883928
0,PAA-AdaptMut,8,-0.48052645502839225,0.43487063620470573,0.5633356668893262,-0.45596814802189967,0.6141148360037194
0,PAA-AdaptMut,8,-0.5858965109301453,0.33043830862654283,1.1017707555238396,-0.5584338538125484,0.4445128438450997
0,PAA-AdaptMut,8,-0.6993534794406324,0.26586708021588346,1.5298155376831448,-0.8090133612128187,0.5571493289177712
0,PAA-AdaptMut,8,-0.6282260475741155,0.3795619242669296,1.0261477756627881,-0.5758298553646739,0.6861613681116152
0,PAA-AdaptMut,8,-0.5719756876321493,0.33454190391163446,0.9322398894708789,-0.517218624159453,0.713318166331655
0,PAA-AdaptMut,8,-0.49279241609060787,0.41525320048507697,0.6915682278846585,-0.4726665563066555,0.38544896162992365
0,PAA-AdaptMut,8,-0.5341733318920431,0.4324727399336009,0.7079937284797466,-0.5715545583290255,0.8893503130841488
0,PAA-AdaptMut,8,-0.5945669667420099,0.3373044319268391,1.0700155515160485,-0.5756464686215154,0.39716758256926255
0,PAA-AdaptMut,8,-0.6004873314702908,0.3485120176613278,1.0372886595566415,-0.555408601282041,0.5035858405813215
0,PAA-AdaptMut,8,-0.4872290847868877,0.41590193239545475,0.6574873400494294,-0.3254583624012918,0.5286396197622394
0,PAA-AdaptMut,8,-0.6397378229124202,0.2979174106269644,1.4207380120476116,-0.6146746875548543,0.28280670225151316
0,PAA-AdaptMut,8,-0.6295596672275083,0.34569920390519143,0.9444891303068568,-0.6928226407176157,0.8224719645744489
0,PAA-AdaptMut,8,-0.6739678008596137,0.2646183382500631,1.4368275854712884,-0.6907482979805909,0.4260683395754118
0,PAA-AdaptMut,8,-0.6213271951269882,0.36142183020249125,0.9565815297270427,-0.6408687490252742,0.8067200545659364
0,PAA-AdaptMut,8,-0.6878534032385718,0.2936673660539916,1.5521923516684872,-0.9305442574507445,0.40331047560733746
0,PAA-AdaptMut,8,-0.6437156633712872,0.28760346900347944,1.1725264764419856,-0.6625464710610575,0.6456080289293166
0,PAA-AdaptMut,8,-0.5509883113413021,0.3754034840476608,0.8944862739468377,-0.3856936199803854,0.3101639644302627
0,PAA-AdaptMut,8,-0.6276579082202854,0.38162141660334326,1.1626821716231532,-0.7463501028888456,0.8023758297817004
0,PAA-AdaptMut,8,-0.4665014418618504,0.43536528610082836,0.5425482170669401,-0.39494551761080615,0.6163949867072622
0,PAA-AdaptMut,8,-0.6125402890642703,0.34403510572144397,0.9919746671444328,-0.5483698136351467,0.6281769538856995
0,PAA-AdaptMut,8,-0.6794195235312691,0.27175354926081857,1.4917751340604715,-0.6952284537109802,0.5378569677324586
0,PAA-AdaptMut,8,-0.6898529330836194,0.28392581768923203,1.6456462776948126,-0.8690048779901186,0.5906638243095286
0,PAA-AdaptMut,8,-0.5800600739494938,0.3599303085919767,0.9685229624340642,-0.6199670100078255,0.7077568380986855
0,PAA-AdaptMut,8,-0.4606629420129891,0.4191030292318626,0.7240467010585573,-0.4409447130169344,0.36013432619762364
0,PAA-AdaptMut,8,-0.49737174498990006,0.3532259824170809,0.7994911844726069,-0.36408102924319713,0.4376269834118419
0,PAA-AdaptMut,8,-0.5354964305143091,0.41798576875123966,0.6574873400494295,-0.5701823401065835,0.6413752971272542
0,PAA-AdaptMut,8,-0.5378160887884602,0.3383900623039888,0.9565815297270429,-0.582394514236964,0.41936793925456434
0,PAA-AdaptMut,8,-0.6645293323221932,0.2859781266066751,1.3713371082247576,-0.7288259015083225,0.5211458531742695
0,PAA-AdaptMut,8,-0.6272297888284684,0.3525884726611042,0.9322398894708788,-0.7175034763479653,0.8226924821754015
0,PAA-AdaptMut,8,-0.5491052851352388,0.354388303452942,0.9803189452974894,-0.5987539101509214,0.5219129113994192
0,PAA-AdaptMut,9,-0.44094394936658576,0.4030725790445045,0.9322398894708788,-0.32543857012033167,0.21564677022907883
0,PAA-AdaptMut,9,-0.6855906986719067,0.2470874281527468,1.5222835063120284,-0.7239464224593899,0.4453087401020164
0,PAA-AdaptMut,9,-0.7089603806310905,0.28004439511380685,1.5669327069381127,-0.8198133860218846,0.5591305750005146
0,PAA-AdaptMut,9,-0.4993802388217645,0.477029769031895,0.6574873400494294,-0.55335144805704,0.533592843932616
0,PAA-AdaptMut,9,-0.6892579141758098,0.27933235944671736,1.6870337002483236,-0.8844249981000696,0.3554574204134596
0,PAA-AdaptMut,9,-0.6017590586321881,0.3990054915663131,1.0034950154352709,-0.7325444683310963,0.9474886816501321
0,PAA-AdaptMut,9,-0.6867957585083442,0.2926365051118558,1.6664684781093735,-0.937700027641778,0.37142816894550096
0,PAA-AdaptMut,9,-0.5061238818743676,0.35155543763395913,1.2111037779422387,-0.4741340465857409,0.17094649869214656
0,PAA-AdaptMut,9,-0.49807386387443736,0.3971671265216559,0.7702007157586644,-0.223153201011842,0.29965565612738476
0,PAA-AdaptMut,9,-0.5036349167627636,0.395609387222889,0.54254821706694,-0.4508438512622138,0.4931691831645596
0,PAA-AdaptMut,9,-0.6851104594679376,0.2931362669191252,1.631617191560735,-0.8939786663050191,0.37810642943606787
0,PAA-AdaptMut,9,-0.5537285425888162,0.4384304511279746,0.755129549685372,-0.6791556190443666,0.9030938609346009
0,PAA-AdaptMut,9,-0.6774769417318502,0.25469826171852117,1.4288054467365827,-0.7065817275370916,0.4694540452411256
0,PAA-AdaptMut,9,-0.7089491027503726,0.27018474894234373,1.5815356839371835,-0.8395371847176921,0.5465256929795826
0,PAA-AdaptMut,9,-0.44822082661439033,0.4100345809464715,0.9322398894708787,-0.24775713327027157,0.23127723487285942
0,PAA-AdaptMut,9,-0.4551361290686054,0.39543319427792123,0.8944862739468376,-0.3536748974716093,0.24002101164629627
0,PAA-AdaptMut,9,-0.4768806394661077,0.4176141405480066,0.7397513981473142,-0.30099740021823795,0.33911787932338855
0,PAA-AdaptMut,9,-0.5183012322593757,0.45636947524927807,0.6215404981423344,-0.5003469737217056,0.5797511800811753
0,PAA-AdaptMut,9,-0.5264457062779124,0.4769440184186108,0.7079937284797468,-0.6129038312185319,0.7398055713299825
0,PAA-AdaptMut,9,-0.5384783376586929,0.43773954426845973,0.7240467010585573,-0.6117691418171297,0.8006868070175223
0,PAA-AdaptMut,9,-0.5164914341259159,0.38254979023855995,0.7994911844726069,-0.2636816605556869,0.28453195720051905
0,PAA-AdaptMut,9,-0.539082445760392,0.4440077049964263,0.6915682278846585,-0.6311680885640598,0.8563349522235022
0,PAA-AdaptMut,9,-0.510212562105903,0.41116449479233913,0.5833828754229664,-0.47482727215195447,0.6863835945637716
0,PAA-AdaptMut,9,-0.6382844851380625,0.2762703436945942,1.3200887962222396,-0.6990372858323556,0.39032270487013765
0,PAA-AdaptMut,9,-0.7032122936814164,0.2896515728598449,1.4762845386668806,-0.7996692208347527,0.5845125963496954
0,PAA-AdaptMut,9,-0.5237254375378889,0.39809285409800726,0.7702007157586646,-0.5847795660228543,0.7716228240513539
0,PAA-AdaptMut,9,-0.65832095024022,0.31761143140422166,1.201575571988228,-0.7453426233593825,0.6741386153691962
0,PAA-AdaptMut,9,-0.46668099099280136,0.40015548597582146,0.881542505232828,-0.33011689439517866,0.24384807751403711
0,PAA-AdaptMut,9,-0.4810144418567366,0.4640652963376396,0.6574873400494295,-0.4901340599506262,0.5238257216720098
0,PAA-AdaptMut,9,-0.6461438424951895,0.3437055269561695,1.1224418956996507,-0.7561686781753966,0.725213662888964
0,PAA-AdaptMut,9,-0.6744112710759438,0.3063415312685737,1.2937035644497943,-0.7783390452502312,0.5391301331555575
0,PAA-AdaptMut,9,-0.699322163204943,0.3027745081096286,1.387999450968369,-0.7575034970459437,0.49733699322303443
0,PAA-AdaptMut,9,-0.6583221553527693,0.32691481856820104,1.201575571988228,-0.7594627200919541,0.6800136661486454
0,PAA-AdaptMut,9,-0.582224363160706,0.353864772964254,0.9444891303068569,-0.5912210366319356,0.4632458614205338
0,PAA-AdaptMut,9,-0.5785279994191036,0.33029434715180994,1.2299387677605003,-0.582061715837011,0.2665808330237973
0,PAA-AdaptMut,9,-0.613690974647867,0.3843141539488685,1.1326360028574725,-0.6897731430313332,0.4127414857644734
0,PAA-AdaptMut,9,-0.513442183184896,0.45132640457939066,0.6397664390839423,-0.570426817176657,0.8258324528558612
0,PAA-AdaptMut,9,-0.6342646965259735,0.3482687273488508,1.0807043010154627,-0.7153154411163473,0.7182161239984446
0,PAA-AdaptMut,9,-0.6694147190273794,0.31115917786083075,1.4126245053551467,-0.8593667917001009,0.6375420554936903
0,PAA-AdaptMut,9,-0.46419118427352546,0.3735817369681098,0.9685229624340641,-0.29848994467485024,0.22204270983025234
0,PAA-AdaptMut,9,-0.6181394046701427,0.3339462449012893,1.2576624704910284,-0.8128405531396599,0.4497524077731626
0,PAA-AdaptMut,9,-0.5920900017329453,0.3736957310998682,0.9565815297270427,-0.6648815194133411,0.6630146257331948
0,PAA-AdaptMut,9,-0.5659143961167954,0.43074813146005697,0.7702007157586646,-0.6964389846331039,0.828817272856733
0,PAA-AdaptMut,9,-0.5003919946760795,0.3565402613318974,1.1224418956996507,-0.4018778352587744,0.19648644487610478
0,PAA-AdaptMut,9,-0.6688385874251721,0.2957933334056569,1.3287674498039936,-0.8516594322471892,0.534678549127372
0,PAA-AdaptMut,9,-0.6947487346253591,0.2857517162947841,1.4917751340604715,-0.8444574886556946,0.58129549062846
0,PAA-AdaptMut,9,-0.653520218650576,0.3308853946707372,1.182288815689544,-0.8052342025490328,0.6312796711901033
0,PAA-AdaptMut,9,-0.49039648447503714,0.4623562469146295,0.6574873400494295,-0.5127184049534494,0.5318361289321516
0,PAA-AdaptMut,9,-0.664443021048643,0.28906102091367814,1.4917751340604715,-0.806207937914075,0.3876377295345576
0,PAA-AdaptMut,9,-0.5141867382133307,0.395828384055546,0.755129549685372,-0.2888641676303411,0.3084347556104331
0,PAA-AdaptMut,9,-0.573311553684324,0.40071714181590873,0.8550673523401053,-0.5836213140055863,0.6031006717506832
0,PAA-AdaptMut,9,-0.5404961612042163,0.3646033185559511,1.059218945609956,-0.545043375639143,0.29796473056739464
0,PAA-AdaptMut,9,-0.6491134275190844,0.28039272775915036,1.4126245053551467,-0.7396451228361187,0.360367732933416
0,PAA-AdaptMut,9,-0.48272233529818287,0.428030636415488,0.6915682278846585,-0.3784171612010046,0.442451650199159
0,PAA-AdaptMut,9,-0.5310648167188365,0.37274536381872486,0.8277458339029348,-0.40086903569237176,0.450713463751654
0,PAA-AdaptMut,9,-0.5554948170909777,0.4428721078407854,0.7994911844726069,-0.6298284098558451,0.5130166748714
0,PAA-AdaptMut,9,-0.5911531766585708,0.3612669003605097,1.0372886595566415,-0.6169031907981488,0.5687360134499517
0,PAA-AdaptMut,9,-0.6251951940688818,0.3807358122966188,0.9803189452974894,-0.6375998312250388,0.5703807681522044
0,PAA-AdaptMut,9,-0.5012602600546963,0.3917535185907458,0.5833828754229664,-0.4312391920732578,0.4955449650504441
0,PAA-AdaptMut,9,-0.6855906964912155,0.2648362841142516,1.5071065198237947,-0.723495884248879,0.4540557314159172
0,NSGA3-PrioInit,0,-0.6267897764181234,0.32066235726193043,1.3113527077656704,-0.8493577085978103,0.2749647045111562
0,NSGA3-PrioInit,0,-0.6931873450075992,0.32128771730583827,1.3113527077656704,-0.8608983637597447,0.4234049337799212
0,NSGA3-PrioInit,0,-0.5902399186883521,0.2929846413940739,0.8137411503644991,-0.5983091156185992,0.4405178483659535
0,NSGA3-PrioInit,0,-0.6671830895034114,0.37343651775953096,1.0700155515160488,-0.8189661681445379,0.31426088144160474
0,NSGA3-PrioInit,0,-0.6961245900793663,0.2758830929460979,1.3962560587641581,-0.8675598940464961,0.3228519331728778
0,NSGA3-PrioInit,0,-0.6872290515496302,0.27186129181561214,1.484050047961325,-0.7696157884169679,0.2695681730970892
0,NSGA3-PrioInit,0,-0.5780663397872354,0.37834123682400567,0.8277458339029348,-0.5253388554340631,0.29003507910296494
0,NSGA3-PrioInit,0,-0.6121814765538284,0.2698159793197122,1.2758102920010679,-0.719640649246726,0.25359306637947693
0,NSGA3-PrioInit,0,-0.6259870602334697,0.284671480722048,1.2484896411001858,-0.8648733968898288,0.40617970182107543
0,NSGA3-PrioInit,0,-0.6545012922715788,0.2767530751458708,1.537310666418436,-0.8542452876446515,0.2748168982516246
0,NSGA3-PrioInit,0,-0.6840917279947082,0.2700210037393547,1.201575571988228,-0.713640030566538,0.4223507935710826
0,NSGA3-PrioInit,0,-0.6908357606756217,0.29010091876192784,1.3629295501408407,-0.8872966612026841,0.4599746350138842
0,NSGA3-PrioInit,0,-0.6032806940123013,0.3543383970851068,0.9198275413214969,-0.8353063402485509,0.44441685900860345
0,NSGA3-PrioInit,0,-0.6604762759026802,0.3348404227484034,0.8550673523401053,-0.7007399831021024,0.40980335689926967
0,NSGA3-PrioInit,0,-0.6838277839251294,0.32301785050558157,1.1725264764419854,-0.7550369612906863,0.28178764148271895
0,NSGA3-PrioInit,0,-0.6985296988456939,0.30761694195153,1.4448051827559238,-0.8634194968534462,0.301572104853565
0,NSGA3-PrioInit,1,-0.6885671643615112,0.32352169963348876,1.2758102920010677,-0.7410741231245268,0.2806541695406959
0,NSGA3-PrioInit,1,-0.6700672566773969,0.314071430784579,0.9444891303068569,-0.6460081697619036,0.31295803808944783
0,NSGA3-PrioInit,1,-0.6589454813143577,0.2873125164534538,0.8944862739468376,-0.6217289390305579,0.46569684480782103
0,NSGA3-PrioInit,1,-0.6431432168285198,0.28017939639804745,0.9198275413214969,-0.6483982271345908,0.33387432236610864
0,NSGA3-PrioInit,1,-0.6740310053975476,0.2694460195773679,1.1224418956996507,-0.6361392348470517,0.3209830308249022
0,NSGA3-PrioInit,1,-0.658840076933942,0.3397878979322283,0.8415174812746264,-0.6876128099618871,0.4291207077923277
0,NSGA3-PrioInit,1,-0.6537873251344369,0.309501428587876,0.8684058283919128,-0.7065147407675133,0.6869705619764139
0,NSGA3-PrioInit,1,-0.6235811915819867,0.26224785983096655,1.1919712032812333,-0.7349777405078382,0.2901880009659289
0,NSGA3-PrioInit,1,-0.5191686215402648,0.40012811128067194,0.7702007157586646,-0.5405561802930343,0.278573756129065
0,NSGA3-PrioInit,1,-0.6703522229347947,0.30369980989461903,1.1822888156895437,-0.864291748063135,0.6315437750618648
0,NSGA3-PrioInit,1,-0.6297761631456036,0.2915646452207131,1.2484896411001858,-0.8600048811132739,0.4445326711441922
0,NSGA3-PrioInit,1,-0.6110561148871866,0.3244764694201242,1.1427391744033626,-0.8785584214388159,0.34593496115048605
0,NSGA3-PrioInit,1,-0.58387163213189,0.3649890556271498,0.8815425052328281,-0.8246163023509979,0.5501660510726054
0,NSGA3-PrioInit,1,-0.6466697382830391,0.283944020915592,1.3796934333906816,-0.8704316940337714,0.29496721040865265
0,NSGA3-PrioInit,1,-0.6838745983220866,0.3304049428557519,1.2392489169603271,-0.8859573763494035,0.480772285286576
0,NSGA3-PrioInit,1,-0.6976198041024296,0.2727495582929693,1.574251127939735,-0.8669704352362974,0.27474115879616623
0,NSGA3-PrioInit,1,-0.6994348362191006,0.271573927432919,1.5595799441917928,-0.8730986325612866,0.4082521710803043
0,NSGA3-PrioInit,1,-0.6915683491206992,0.30244893899797914,1.3879994509683689,-0.889525057935695,0.31821770668341376
0,NSGA3-PrioInit,1,-0.608097697366362,0.2920788046896606,0.8684058283919128,-0.7248531371769736,0.4648460242975158
0,NSGA3-PrioInit,1,-0.6767407320786141,0.26836759256149056,1.182288815689544,-0.688061742864155,0.46344728329659224
0,NSGA3-PrioInit,1,-0.6847288937861264,0.2657566785191695,1.468477964887372,-0.7677247730856399,0.2658343009621108
0,NSGA3-PrioInit,1,-0.6778121143357616,0.30713157371682,1.0372886595566415,-0.8098773951554659,0.6517228546941585
0,NSGA3-PrioInit,2,-0.6376919789461007,0.27569888581834645,1.2484896411001858,-0.8462689798096248,0.47927836840552607
0,NSGA3-PrioInit,2,-0.7041267161134741,0.2708799048743845,1.5669327069381127,-0.8641781200251035,0.4366047172398238
0,NSGA3-PrioInit,2,-0.6566192705726598,0.27583267215000573,1.4606296681954094,-0.8530782343198553,0.29519645380491377
0,NSGA3-PrioInit,2,-0.6748802469514149,0.2993896384840884,0.9072453912952236,-0.7307129765153622,0.47007903779236376
0,NSGA3-PrioInit,2,-0.6435879277900033,0.29023615391866453,0.8944862739468377,-0.5964354876244421,0.4567173802485304
0,NSGA3-PrioInit,2,-0.69937099301984,0.2709366857989031,1.5071065198237947,-0.8615396207218792,0.31834536700383836
0,NSGA3-PrioInit,2,-0.6927767970626519,0.26820256489046124,1.3287674498039936,-0.8390722072619713,0.5538936157463928
0,NSGA3-PrioInit,2,-0.6944558641264436,0.25835806562700625,1.4606296681954094,-0.7770039044533179,0.3039534677521435
0,NSGA3-PrioInit,2,-0.6414010764943576,0.3259965859355665,1.2758102920010679,-0.8768062237230513,0.3275196867100528
0,NSGA3-PrioInit,2,-0.6877978463414441,0.33718987725014793,1.4288054467365827,-0.8925391929152721,0.4904809891515497
0,NSGA3-PrioInit,2,-0.6111059724690715,0.2843443074797221,0.9072453912952236,-0.7512295291375649,0.3529811500294753
0,NSGA3-PrioInit,2,-0.6522021235961141,0.2670218870216711,1.1121543523606332,-0.6955262056088057,0.2899873504592902
0,NSGA3-PrioInit,2,-0.5993332579642383,0.36610864461922094,0.7240467010585573,-0.5266740078709606,0.3439209049756613
0,NSGA3-PrioInit,2,-0.687293550097962,0.3008803249696742,1.112154352360633,-0.7661586673642586,0.3375036304694621
0,NSGA3-PrioInit,2,-0.694239535036759,0.2697913936480623,1.2576624704910284,-0.7131363032743163,0.43345409143356173
0,NSGA3-PrioInit,2,-0.7008044816382435,0.29875520755418794,1.5887868407416337,-0.8981978730407857,0.33035034378475486
0,NSGA3-PrioInit,2,-0.6410897159135894,0.31920721791937645,0.9198275413214969,-0.8122650302427357,0.42621440011352874
0,NSGA3-PrioInit,2,-0.6269928150164804,0.2844704958994137,1.1725264764419856,-0.8074824954499198,0.3439200174444272
0,NSGA3-PrioInit,3,-0.6646778244357465,0.26415484452639104,1.3629295501408407,-0.8549934512891406,0.3214339666772462
0,NSGA3-PrioInit,3,-0.6055621248339038,0.32964659338942126,1.003495015435271,-0.8729779874037729,0.5049856373472258
0,NSGA3-PrioInit,3,-0.6957242301839276,0.262703457711779,1.5071065198237947,-0.8274334932108015,0.280899571113821
0,NSGA3-PrioInit,3,-0.6410687577029412,0.25616021942387296,1.2484896411001858,-0.7492015409870655,0.273717449904695
0,NSGA3-PrioInit,3,-0.6180386872237953,0.28152831502483594,0.9198275413214969,-0.675174048500127,0.49037100848335224
0,NSGA3-PrioInit,3,-0.6446011329879302,0.3008686604024266,1.2299387677605003,-0.8820291636016865,0.3262719963872077
0,NSGA3-PrioInit,3,-0.6916448476302156,0.2645169056138511,1.5222835063120284,-0.8477061275013561,0.4296422567949071
0,NSGA3-PrioInit,3,-0.6924445632746823,0.2834082544325903,1.2937035644497943,-0.8657334170028615,0.46803791116688787
0,NSGA3-PrioInit,3,-0.6842768624668218,0.26333418314361995,1.182288815689544,-0.697377802837647,0.302298579584069
0,NSGA3-PrioInit,3,-0.6829264135711153,0.2962089308017317,0.9919746671444329,-0.7511491074808434,0.4602781188501037
0,NSGA3-PrioInit,3,-0.6143028110075892,0.3254784875135327,0.8684058283919128,-0.6955303688444623,0.2926574844497651
0,NSGA3-PrioInit,3,-0.6906866362554128,0.2592105885274066,1.2484896411001858,-0.748593003425317,0.4546846210430271
0,NSGA3-PrioInit,3,-0.6908481194704137,0.28705041787376584,1.4917751340604715,-0.8951303074068633,0.31988850167747196
0,NSGA3-PrioInit,3,-0.685895676946529,0.29823576863562373,1.2392489169603271,-0.7454629452866574,0.28415630723328134
0,NSGA3-PrioInit,3,-0.6639803514229811,0.27335033597568137,1.2667688800364192,-0.8639327174112695,0.4505582871242565
0,NSGA3-PrioInit,4,-0.6762419090058496,0.3149424345167337,0.8944862739468376,-0.6722648694801504,0.4857314739363291
0,NSGA3-PrioInit,4,-0.5867051983731898,0.330938111281976,0.9198275413214969,-0.8194452399013598,0.51298206973406
0,NSGA3-PrioInit,4,-0.6341341603023084,0.29286663924803313,0.8415174812746266,-0.6213993059359197,0.4818517264983299
0,NSGA3-PrioInit,4,-0.7014488929395888,0.2728493079532509,1.5447694296661307,-0.8655785476570952,0.4479672173122653
0,NSGA3-PrioInit,4,-0.6752278305811096,0.311808038723355,1.3287674498039936,-0.890433211225705,0.4901811002754405
0,NSGA3-PrioInit,4,-0.6401753698822715,0.29294468977196,0.9919746671444329,-0.8148859067853961,0.6289648527284657
0,NSGA3-PrioInit,4,-0.6933224584397618,0.256727164689149,1.4606296681954094,-0.7530720015913779,0.2858120759982422
0,NSGA3-PrioInit,4,-0.6806355767285895,0.29570132795711385,1.191971203281233,-0.7295538806261379,0.2982750399051522
0,NSGA3-PrioInit,4,-0.6662770452382624,0.2910495364557469,0.9444891303068568,-0.70292564115548,0.5982168939711965
0,NSGA3-PrioInit,4,-0.6444281465988292,0.26210477102083524,1.1527538013223835,-0.6540602820964082,0.27581558583142807
0,NSGA3-PrioInit,4,-0.7002901398055046,0.27454146054863515,1.5815356839371835,-0.8724606479905329,0.31034447851322533
0,NSGA3-PrioInit,4,-0.6575691991683995,0.2882396047050387,0.9198275413214969,-0.5775777440987129,0.32745305264213637
0,NSGA3-PrioInit,4,-0.6257181734259097,0.27562577382828524,1.201575571988228,-0.833290733328319,0.4920213117189755
0,NSGA3-PrioInit,4,-0.6297895709301428,0.3075553974125652,1.1725264764419856,-0.8756134122117262,0.32922910587115084
0,NSGA3-PrioInit,4,-0.6991003622374139,0.29178984701668476,1.5071065198237947,-0.8520072820756919,0.30418372465332644
0,NSGA3-PrioInit,4,-0.6652622180073288,0.2785129379059887,1.0483111508478486,-0.6045057914481273,0.30341872227041156
0,NSGA3-PrioInit,4,-0.6585452382724799,0.2889895293750257,0.8684058283919128,-0.6062242020666008,0.38931795099159794
0,NSGA3-PrioInit,4,-0.5549844778476014,0.3702377339160516,0.755129549685372,-0.5362747026076542,0.2850947407988353
0,NSGA3-PrioInit,4,-0.6875194549663067,0.27072385136933097,1.2205576048237503,-0.7573868146132652,0.4700984729393506
0,NSGA3-PrioInit,4,-0.6599185410589229,0.2712589849242791,1.3713371082247576,-0.8454266362233096,0.3199266778519494
0,NSGA3-PrioInit,4,-0.6818895076325399,0.2768800056151134,1.2847880786040071,-0.8455658980480993,0.5896192985706732
0,NSGA3-PrioInit,4,-0.6775969087840218,0.29447070465619796,0.9322398894708789,-0.6829180972683254,0.35308711113055874
0,NSGA3-PrioInit,5,-0.701301134545996,0.27206395005618417,1.537310666418436,-0.8676560154465239,0.44263113618155214
0,NSGA3-PrioInit,5,-0.6709377574836977,0.28256581536681274,1.122441895699651,-0.8366377473171372,0.5475193198199996
0,NSGA3-PrioInit,5,-0.6175895250612224,0.3316170855114474,0.9322398894708789,-0.8287568826949862,0.40343021687844854
0,NSGA3-PrioInit,5,-0.662074165155458,0.2849945222523206,0.9072453912952236,-0.7775621656634523,0.545697622204013
0,NSGA3-PrioInit,5,-0.6490798974913881,0.2756353730039117,1.5298155376831448,-0.8581831722917099,0.2978682779436621
0,NSGA3-PrioInit,5,-0.5815037968459601,0.3659427459536274,0.7994911844726069,-0.5801378919590332,0.31197720245630445
0,NSGA3-PrioInit,5,-0.6144219287357121,0.28721269105344394,0.881542505232828,-0.6705641694708033,0.4325586329952424
0,NSGA3-PrioInit,5,-0.6427523643323368,0.32599905064922313,1.182288815689544,-0.8589844458452184,0.3046349370544164
0,NSGA3-PrioInit,5,-0.6633678964947949,0.34532242015638914,0.8137411503644991,-0.6645755433376893,0.5151947497313392
0,NSGA3-PrioInit,5,-0.692220484498461,0.2634036586416871,1.3879994509683689,-0.7422511033983824,0.4348395173434323
0,NSGA3-PrioInit,5,-0.670660636290706,0.3522502971211968,1.182288815689544,-0.8574490050502798,0.31791923102351466
0,NSGA3-PrioInit,5,-0.6722272930014048,0.328976021914415,1.191971203281233,-0.8892846700073255,0.49309343891095897
0,NSGA3-PrioInit,5,-0.6320028597187274,0.27490701386197325,1.239248916960327,-0.6901674355981503,0.2891875691715677
0,NSGA3-PrioInit,5,-0.6874108069694679,0.3034255329874999,1.3544698050897952,-0.8904630447368396,0.30633440631501446
0,NSGA3-PrioInit,5,-0.6932892818297662,0.25641534307935515,1.4527389723778685,-0.7672456089875581,0.28724089951443776
0,NSGA3-PrioInit,5,-0.625806266835101,0.27447936024919856,1.2758102920010679,-0.8462022267859843,0.4894796791714697
0,NSGA3-PrioInit,5,-0.6911135251182128,0.31939727958755293,1.1725264764419856,-0.7644251699164366,0.298766534296764
0,NSGA3-PrioInit,5,-0.6994218766744043,0.2722600504505168,1.5887868407416337,-0.8731626485259552,0.3012737678296304
0,NSGA3-PrioInit,5,-0.6181283737597945,0.29062998325971573,1.003495015435271,-0.8166452731487153,0.5634807189196137
0,NSGA3-PrioInit,5,-0.6620154326116939,0.37054888175153866,0.9565815297270429,-0.7597878248930734,0.32663030843461305
0,NSGA3-PrioInit,6,-0.6938384799718925,0.2732328375751355,1.5298155376831448,-0.8512909591835232,0.44554115283712914
0,NSGA3-PrioInit,6,-0.650929627305009,0.28522353827139435,1.2847880786040071,-0.8332564683410503,0.40822689847117444
0,NSGA3-PrioInit,6,-0.6854938969442674,0.2674831693335987,1.182288815689544,-0.722217658342979,0.45946432128315884
0,NSGA3-PrioInit,6,-0.6271019974989983,0.26994570531305084,1.2205576048237508,-0.6726443038037936,0.27617127205217173
0,NSGA3-PrioInit,6,-0.6958919288405874,0.2745733703351643,1.5447694296661307,-0.872203727957312,0.31785518367499704
0,NSGA3-PrioInit,6,-0.5758557805803902,0.3554795863741821,0.7397513981473143,-0.5944739270407331,0.2962083224370085
0,NSGA3-PrioInit,6,-0.6182405788069383,0.3094086977349245,0.9072453912952236,-0.7840934512904143,0.4683271959374844
0,NSGA3-PrioInit,6,-0.6601403898788667,0.2997038790227098,0.9444891303068569,-0.5711658765185069,0.3114347227013522
0,NSGA3-PrioInit,6,-0.6941190815596185,0.29992357040179973,1.1427391744033626,-0.754451096845069,0.3118662218901669
0,NSGA3-PrioInit,6,-0.6915573375972064,0.31986374780021587,1.3459568890394897,-0.8840908702491234,0.4620312967288284
0,NSGA3-PrioInit,6,-0.6205162896600552,0.289078756185722,0.8815425052328281,-0.6960452953502072,0.4467681249577248
0,NSGA3-PrioInit,6,-0.6484192870609898,0.2849532502707,0.9198275413214969,-0.6453065574981842,0.33725692206801755
0,NSGA3-PrioInit,6,-0.6952856693110416,0.2694555181928946,1.4527389723778685,-0.828844796787368,0.29909123055704534
0,NSGA3-PrioInit,6,-0.6967147842343181,0.297442329928251,1.484050047961325,-0.867735491569872,0.3009090284075329
0,NSGA3-PrioInit,6,-0.6572867507064073,0.3137075179310285,1.2299387677605003,-0.8444924796401206,0.3280058892784124
0,NSGA3-PrioInit,6,-0.6685102801903525,0.26951395714602644,1.1017707555238399,-0.6284398764488396,0.29074101930866786
0,NSGA3-PrioInit,6,-0.6930649154184874,0.2793853902129372,1.3544698050897952,-0.8449851172714915,0.5991373111349867
0,NSGA3-PrioInit,6,-0.6658411973445617,0.3233483167359857,0.9198275413214969,-0.7280390611054919,0.47495631716153774
0,NSGA3-PrioInit,7,-0.6264775731224387,0.2723204032412965,1.1626821716231532,-0.7143947459433712,0.2982278782622176
0,NSGA3-PrioInit,7,-0.6910281615653107,0.3142402309886512,1.1822888156895437,-0.7500130092490375,0.3032812044402974
0,NSGA3-PrioInit,7,-0.6592948766390302,0.2838032412850645,1.2205576048237508,-0.837595153568192,0.4777101984675053
0,NSGA3-PrioInit,7,-0.6223948257621273,0.32504906238396386,0.9198275413214968,-0.8146940844874144,0.5138009123983723
0,NSGA3-PrioInit,7,-0.6838871647086995,0.27193234181068815,1.1017707555238399,-0.7507924644081524,0.4594938631600913
0,NSGA3-PrioInit,7,-0.6390188577367119,0.28589432870814957,0.8944862739468376,-0.5847029915359705,0.31189500307298823
0,NSGA3-PrioInit,7,-0.643204448611775,0.3202319478756322,1.1326360028574725,-0.8849369439006971,0.3292060421648685
0,NSGA3-PrioInit,7,-0.6655567737820407,0.27470434455096626,1.0372886595566415,-0.6548178767781205,0.30286575056820764
0,NSGA3-PrioInit,7,-0.6837268459687177,0.3116978797645917,1.1725264764419854,-0.8773881794166087,0.4355546845137919
0,NSGA3-PrioInit,7,-0.6962560962069387,0.2944643805656866,1.4288054467365827,-0.9152678773200901,0.3315402673854516
0,NSGA3-PrioInit,7,-0.6202770903920258,0.290310812503184,0.8684058283919127,-0.6703378310393648,0.5555205473686973
0,NSGA3-PrioInit,7,-0.6920697294374615,0.26457562452431327,1.4448051827559236,-0.7701109835969425,0.27284568882387294
0,NSGA3-PrioInit,7,-0.5731735432601538,0.36438083032378826,0.7849825783431665,-0.5599482428172262,0.30174010297160525
0,NSGA3-PrioInit,7,-0.69907364476475,0.27383252753452036,1.537310666418436,-0.8836159907748247,0.30435541133023375
0,NSGA3-PrioInit,7,-0.673250321964933,0.2775117746435985,1.3025580288099372,-0.8517984936068407,0.2954466421516858
0,NSGA3-PrioInit,7,-0.6975139944148854,0.27602614432977923,1.4448051827559238,-0.877077235157816,0.4357714807595038
0,NSGA3-PrioInit,7,-0.6738436415753174,0.30779037671857806,1.0372886595566415,-0.7575018515502739,0.41190165534532486
0,NSGA3-PrioInit,8,-0.6051913933136895,0.3585179379478344,0.9072453912952236,-0.8425625377628805,0.6270609817531183
0,NSGA3-PrioInit,8,-0.6597726148210424,0.28045976575979087,1.2299387677605003,-0.8584472464843769,0.45296437682007634
0,NSGA3-PrioInit,8,-0.6243962718070819,0.2610690104315892,1.3544698050897952,-0.707905825254039,0.2812887773060492
0,NSGA3-PrioInit,8,-0.6775623770273944,0.3278381283618389,0.9685229624340642,-0.737912299024064,0.5098876590863088
0,NSGA3-PrioInit,8,-0.6669339178165677,0.2789962404543142,1.5521923516684872,-0.9069250070123015,0.3240731251036465
0,NSGA3-PrioInit,8,-0.6970495894964783,0.2605804869655014,1.5447694296661307,-0.7996269613935205,0.32218220812904863
0,NSGA3-PrioInit,8,-0.6945981584053996,0.2936322497255919,1.5147140218016457,-0.9213204892750717,0.3271927703574002
0,NSGA3-PrioInit,8,-0.6475708079166911,0.3140123280631065,1.2392489169603274,-0.8802256272575812,0.317143665505608
0,NSGA3-PrioInit,8,-0.6946314921307872,0.3091209017212454,1.3373897866387852,-0.8787856658915899,0.48104005924395243
0,NSGA3-PrioInit,8,-0.6108663986882871,0.33426595453005337,0.8137411503644991,-0.6873001542543095,0.3463629614879652
0,NSGA3-PrioInit,8,-0.6866020581227851,0.3215620057868138,1.2576624704910284,-0.792424046144345,0.3039388146819254
0,NSGA3-PrioInit,8,-0.6858332077094614,0.27328872747155525,1.603190767440991,-0.8913459599813434,0.456513225382567
0,NSGA3-PrioInit,8,-0.6920483383072804,0.2593981280929135,1.266768880036419,-0.7602844533140428,0.5397697680080318
0,NSGA3-PrioInit,8,-0.6468174357978326,0.27963167731483424,1.0261477756627881,-0.7350789170747831,0.5299022921899706
0,NSGA3-PrioInit,8,-0.690541347254267,0.2724710970353577,1.2576624704910284,-0.7213638457694743,0.29854388460086484
0,NSGA3-PrioInit,9,-0.6856059052985886,0.3090670495859683,1.3879994509683689,-0.9149428583325131,0.5126869903432908
0,NSGA3-PrioInit,9,-0.6940363533361847,0.26274664990146634,1.5815356839371835,-0.861733178464317,0.3170735394577918
0,NSGA3-PrioInit,9,-0.7039334591840793,0.263702778339847,1.5887868407416337,-0.863529119877614,0.444456468844035
0,NSGA3-PrioInit,9,-0.6603650691093967,0.2646684989003453,1.4527389723778685,-0.856533868151463,0.3255295771774451
0,NSGA3-PrioInit,9,-0.6374053490763556,0.30457702820905386,1.2299387677605003,-0.8757859189391158,0.33065749317205934
0,NSGA3-PrioInit,9,-0.6352044021407993,0.27315596746413984,1.2392489169603274,-0.8225704858605531,0.4676251178416472
0,NSGA3-PrioInit,9,-0.6922333071581279,0.2551867077836419,1.2576624704910284,-0.7330022053668623,0.43084583132844995
0,NSGA3-PrioInit,9,-0.6018404273234385,0.3159624229300854,0.9322398894708789,-0.8257160006591724,0.530777585606883
0,NSGA3-PrioInit,9,-0.6952367910943972,0.26308536995474596,1.5447694296661307,-0.7808840638864721,0.2939033374189345
0,NSGA3-PrioInit,9,-0.6962180314097538,0.297455038686228,1.537310666418436,-0.8912878966599275,0.3261195070759823
0,NSGA3-PrioInit,9,-0.6374871567361293,0.2775841155572004,0.9565815297270429,-0.6932298944853142,0.4778093878346056
0,NSGA3-PrioInit,9,-0.6609679594702961,0.31417978693536724,0.8944862739468377,-0.7364662814547032,0.48483152954333963
0,NSGA3-PrioInit,9,-0.6300736027265202,0.2645142756319323,1.2299387677605003,-0.6829113638070916,0.2839326055153273
0,NSGA3-PrioInit,9,-0.6879383210370331,0.2894418568287519,1.2111037779422387,-0.7584461354615322,0.29411727196492043
0,NSGA3-PrioInit,9,-0.5688651637410269,0.34772211157983035,0.7702007157586646,-0.5148151649386801,0.31368954064737953
0,NSGA3-PrioInit,9,-0.696904544617425,0.2665385658450331,1.3025580288099372,-0.8358267653645897,0.45975761958243294
0,NSGA3-PrioInit,9,-0.674536374871229,0.27416928846300176,1.1017707555238399,-0.7884328724877567,0.4868561256195193
1,StandardNSGA2,0,-0.6653238201557903,0.29775791547863734,1.3544698050897952,-0.6563150468932978,0.2810602067188334
1,StandardNSGA2,0,-0.4837904031080991,0.4590054203490183,0.6747429940891573,-0.2348989320667682,0.34205813143511443
1,StandardNSGA2,0,-0.5110281765198212,0.41932178934424724,1.1017707555238399,-0.44858711558155695,0.18484651771553767
1,StandardNSGA2,0,-0.5096813023380025,0.48923439812640523,0.54254821706694,-0.3453594617269179,0.4658537988727806
1,StandardNSGA2,0,-0.48734767810074564,0.46464683028795123,0.6574873400494294,-0.5897716542019206,0.7255870939989215
1,StandardNSGA2,0,-0.4716760249560563,0.5186043792402016,0.7702007157586646,-0.3493564821276439,0.29130683260009926
1,StandardNSGA2,0,-0.6680081992815019,0.30138527654913794,1.3879994509683689,-0.6983285037309989,0.3009753233736886
1,StandardNSGA2,0,-0.6785910128411652,0.32073436045767006,1.3113527077656701,-0.7387641444337463,0.3381750638032216
1,StandardNSGA2,0,-0.44399035471523157,0.5092720884280355,0.7079937284797468,-0.3691190338237228,0.36530160286216234
1,StandardNSGA2,0,-0.5931823078611471,0.41522760075796167,0.9803189452974895,-0.8673625265138394,0.4357301692424091
1,StandardNSGA2,0,-0.4944687247511941,0.5017203428477612,0.54254821706694,-0.4126361181764377,0.6399492494458197
1,StandardNSGA2,0,-0.4856237083922588,0.4785951537129365,0.6747429940891573,-0.27422257854001125,0.35144288476212954
1,StandardNSGA2,0,-0.6522944742859986,0.35982627199193995,1.2576624704910284,-0.8577843049713045,0.33161229339758325
1,StandardNSGA2,0,-0.6472506508601177,0.3081520360143045,1.3200887962222398,-0.6073286714380158,0.2746085680978846
1,StandardNSGA2,0,-0.4616734689016303,0.5091542928422156,0.7994911844726069,-0.3737145631957978,0.30324321830903633
1,StandardNSGA2,0,-0.5877264955799197,0.42640030076361446,0.9198275413214969,-0.8333061932319378,0.38832718157329504
1,StandardNSGA2,0,-0.6721429788189588,0.33975672683624847,1.2758102920010679,-0.8081530485710221,0.33549608986553536
1,StandardNSGA2,0,-0.6595691813242611,0.3160432301462384,1.3025580288099372,-0.67934529731412,0.3106207678612051
1,StandardNSGA2,0,-0.619068693854857,0.34862003510264,1.0148846002135226,-0.6697761671820743,0.5367309403359588
1,StandardNSGA2,0,-0.5336741871250243,0.4526577545305163,0.6215404981423345,-0.54048991322757,0.6860445145514227
1,StandardNSGA2,0,-0.5731204012565743,0.41283337291129224,0.7397513981473143,-0.577380459083353,0.6141049457840033
1,StandardNSGA2,0,-0.6121152271111056,0.34141888431659184,1.0912883633487744,-0.5620011732257548,0.26771712074136433
1,StandardNSGA2,0,-0.5077372322962534,0.45078839158187867,0.5633356668893262,-0.32013613951290115,0.4774170038985389
1,StandardNSGA2,0,-0.45421098045875696,0.48208589220168463,0.6397664390839424,-0.44378163877037435,0.49128466767668816
1,StandardNSGA2,0,-0.5406218143130946,0.4862512682561471,0.6027637058449146,-0.5023358125034694,0.606665131628942
1,StandardNSGA2,0,-0.6020975212728327,0.36537206803921396,1.1427391744033626,-0.5874615390909563,0.2366310731553627
1,StandardNSGA2,0,-0.574254475402779,0.3517076367836706,1.2205576048237503,-0.5174406233838984,0.22927565127900845
1,StandardNSGA2,0,-0.45308345181056886,0.5014781254354659,0.5833828754229664,-0.5375252515900352,0.7188620840045635
1,StandardNSGA2,0,-0.5750195129937838,0.4058138558247616,0.9565815297270429,-0.7755796305049253,0.4403384897110353
1,StandardNSGA2,0,-0.5560457432219229,0.36855662622983976,1.059218945609956,-0.49295265002741023,0.21684017310851442
1,StandardNSGA2,0,-0.54493513444423,0.44593939543072736,0.7240467010585573,-0.6360052739775857,0.5105495794368207
1,StandardNSGA2,0,-0.4695524000991348,0.5145688925302505,0.755129549685372,-0.32852507034170764,0.30146864287859165
1,StandardNSGA2,0,-0.4902953469531445,0.4933734535410347,0.6215404981423345,-0.40436255373135116,0.4080219930754649
1,StandardNSGA2,0,-0.47590186091001785,0.44766474595369665,0.8277458339029348,-0.42856049996632006,0.29045189470682437
1,StandardNSGA2,0,-0.5496732267166944,0.463325096892614,0.6397664390839424,-0.57286579427687,0.715069727451598
1,StandardNSGA2,0,-0.6376475087410602,0.34341727864835847,1.1725264764419856,-0.5955264317000595,0.2908798273885365
1,StandardNSGA2,0,-0.5276627369964009,0.43927919679597116,0.6397664390839424,-0.555921432756578,0.6701541137783733
1,StandardNSGA2,0,-0.675216247997294,0.3339940477822826,1.211103777942239,-0.7692483559825639,0.31284920938046223
1,StandardNSGA2,0,-0.6284865498329049,0.32750951252053334,1.211103777942239,-0.6374681234953931,0.3166390079320943
1,StandardNSGA2,0,-0.6313465831129015,0.36163763465018184,1.122441895699651,-0.7389006794176702,0.31574566652569025
1,StandardNSGA2,0,-0.5951954802013276,0.3611381341658723,1.0700155515160485,-0.5444162738497681,0.23498897330205945
1,StandardNSGA2,0,-0.512690516746963,0.4418797282289574,0.7849825783431665,-0.6884483487611655,0.5275542101381795
1,StandardNSGA2,0,-0.5110565634919209,0.4245793412857579,1.059218945609956,-0.4566087464818409,0.20152548955487246
1,StandardNSGA2,0,-0.5349906317228516,0.4550540132612424,0.7079937284797468,-0.7247857530946898,0.6258075138423519
1,StandardNSGA2,0,-0.6080660088620837,0.39088565524836816,1.0372886595566415,-0.7693607241401355,0.5778191484888632
1,StandardNSGA2,0,-0.5055169556760089,0.5111911478176492,0.5833828754229664,-0.44158559212150594,0.5954835146578301
1,StandardNSGA2,0,-0.5215845388467215,0.424902648583317,0.7849825783431665,-0.5408163324249962,0.3591744492343912
1,StandardNSGA2,0,-0.5004896357116081,0.4640448150761071,0.8550673523401053,-0.4243489174091037,0.23537348247114984
1,StandardNSGA2,0,-0.6540903671738226,0.3024682647421738,1.3879994509683689,-0.6825784148092774,0.2932793955189139
1,StandardNSGA2,0,-0.5603296079556781,0.3753054677567219,1.0912883633487742,-0.5304628477186947,0.21962651843620745
1,StandardNSGA2,0,-0.579363189707554,0.4283156884257897,0.7994911844726069,-0.7067750772750079,0.510664269518535
1,StandardNSGA2,0,-0.6544922776148994,0.38257900321666893,1.1527538013223835,-0.748865741656396,0.3111378322074684
1,StandardNSGA2,0,-0.5518144499143792,0.37788347451166243,1.0912883633487742,-0.5358374148453856,0.22729132553471648
1,StandardNSGA2,0,-0.6095732471666098,0.38414202327070557,1.0483111508478486,-0.7130011272837414,0.3209348294070046
1,StandardNSGA2,0,-0.5360260428687667,0.4373638091337959,0.6915682278846585,-0.6824525487135078,0.5478170258331334
1,StandardNSGA2,0,-0.5534763090835874,0.3968052478389626,0.7849825783431665,-0.6201092997534075,0.5603095738131854
1,StandardNSGA2,0,-0.6305048980633681,0.31026127754075755,1.2576624704910284,-0.5857840467757424,0.2695761255243417
1,StandardNSGA2,0,-0.5375824838521274,0.46730064089096396,0.6397664390839423,-0.5076587037615774,0.5651790284770961
1,StandardNSGA2,0,-0.5837928696548753,0.41866096906498546,0.881542505232828,-0.7824716733759656,0.4794944889428468
1,StandardNSGA2,0,-0.5299835263931172,0.42245676276446337,0.9444891303068568,-0.46320997210606657,0.22207952767070757
1,StandardNSGA2,1,-0.3987127601248671,0.4240458396247845,0.9685229624340642,-0.3486158097568992,0.18680704780643603
1,StandardNSGA2,1,-0.5485358596585981,0.4894322339963888,0.5833828754229664,-0.7042399131706591,0.6900336460693797
1,StandardNSGA2,1,-0.542876180265051,0.5105976734489224,0.54254821706694,-0.6364195401890181,0.6522361108938386
1,StandardNSGA2,1,-0.5434258622084245,0.5233962015715841,0.5633356668893262,-0.6694832437325755,0.6730790066907469
1,StandardNSGA2,1,-0.6466446415599971,0.4111457585564532,0.7994911844726069,-0.7267886988561478,0.38099950641493807
1,StandardNSGA2,1,-0.6051562189247254,0.48195915681040047,0.7397513981473143,-0.8010716761615846,0.4604824624675308
1,StandardNSGA2,1,-0.49515472090699164,0.37726881362546594,1.3879994509683684,-0.38435238418234424,0.17150088008024691
1,StandardNSGA2,1,-0.611571609671459,0.30621568140958055,1.0261477756627881,-0.5884499863615,0.29088640775671826
1,StandardNSGA2,1,-0.4492948986833036,0.4254919758654184,1.1017707555238396,-0.29141883986297384,0.18776853940248378
1,StandardNSGA2,1,-0.468489810073245,0.41098557153907295,1.2205576048237503,-0.3337161724339309,0.13175457251667066
1,StandardNSGA2,1,-0.5987824095845682,0.48435386031591643,0.6747429940891573,-0.7531426493294211,0.5723033378012621
1,StandardNSGA2,1,-0.43695151469514465,0.41180100613058623,1.059218945609956,-0.38503925733850247,0.1821070727523712
1,StandardNSGA2,1,-0.5747684082419823,0.32150119189721116,1.3287674498039932,-0.5568407144062393,0.19133157190386788
1,StandardNSGA2,1,-0.4856225672176775,0.37242255946153413,1.2847880786040067,-0.36399064650023033,0.16112232201856638
1,StandardNSGA2,1,-0.426944093538239,0.44470591088308425,1.0912883633487742,-0.3995482099407026,0.1584886708046281
1,StandardNSGA2,1,-0.5247007895044369,0.498290234092641,0.5633356668893262,-0.6130200169642345,0.6022526428508147
1,StandardNSGA2,1,-0.5320064920540354,0.3520529039159127,1.2111037779422387,-0.5652421383602746,0.21174039451645008
1,StandardNSGA2,1,-0.5368876851719397,0.36670919738103464,1.2299387677604998,-0.4847190346268416,0.17718708049440732
1,StandardNSGA2,1,-0.5574057894739988,0.4921767723166397,0.6027637058449146,-0.7398814493045519,0.5505600601177246
1,StandardNSGA2,1,-0.6058028047514655,0.3113206662954608,1.1017707555238399,-0.5591669734658579,0.27630257891622395
1,StandardNSGA2,1,-0.5468548398928962,0.45372939389586264,0.5833828754229664,-0.7032529197223603,0.5392550775027766
1,StandardNSGA2,1,-0.47942522785301567,0.39934639003112943,1.191971203281233,-0.44078843992184014,0.16557440344716529
1,StandardNSGA2,1,-0.4679755569891901,0.41680610470808144,1.191971203281233,-0.30894944941616376,0.14471157303464602
1,StandardNSGA2,1,-0.5168269386530252,0.39101915265609444,1.3459568890394893,-0.40077690010366834,0.16751632370915465
1,StandardNSGA2,1,-0.40485611181790493,0.4229382151204832,1.003495015435271,-0.35284596937334467,0.1784468505405335
1,StandardNSGA2,1,-0.5374736039060121,0.5082234964640249,0.54254821706694,-0.6145851743959231,0.6480561974302395
1,StandardNSGA2,1,-0.6406837098726446,0.4256703696906935,0.8277458339029348,-0.7660361622051806,0.4285114884391891
1,StandardNSGA2,1,-0.6038718362749264,0.3155628340517815,1.0148846002135223,-0.5687112345472765,0.2957920402263028
1,StandardNSGA2,1,-0.4170963376998871,0.42673797527050394,1.182288815689544,-0.42453032377629035,0.16251252582598097
1,StandardNSGA2,1,-0.5707421196238889,0.3355793153235207,1.1725264764419856,-0.5126093523411576,0.2599049948842828
1,StandardNSGA2,1,-0.6265307078247675,0.44046010609563757,0.7849825783431665,-0.750218169259759,0.41162704053322036
1,StandardNSGA2,1,-0.5091928752704747,0.44897375311893895,0.755129549685372,-0.5637789767512137,0.28048645400750816
1,StandardNSGA2,1,-0.5758121003371568,0.3609688586104595,1.257662470491028,-0.44012148723578637,0.20722602909047202
1,StandardNSGA2,1,-0.6197064548323118,0.4627673470989455,0.7994911844726069,-0.7757374740798445,0.45611360332948364
1,StandardNSGA2,1,-0.4556480026517432,0.3975699755814087,1.0700155515160485,-0.40266646390512495,0.189972541677618
1,StandardNSGA2,1,-0.541029901085691,0.44903314747656947,0.881542505232828,-0.623264746888692,0.2567936363111123
1,StandardNSGA2,1,-0.5525615312255256,0.35680190792887456,1.0807043010154627,-0.5322699650083171,0.22640859019455256
1,StandardNSGA2,1,-0.49815324642389713,0.3636309807797035,0.9919746671444329,-0.5063591275627155,0.2408131745511576
1,StandardNSGA2,1,-0.5742003284585753,0.3753136577722883,0.8137411503644992,-0.5172882996302177,0.3201970783653748
1,StandardNSGA2,1,-0.5975808784502654,0.47892662154523863,0.6915682278846585,-0.7137304571372849,0.5128119771337379
1,StandardNSGA2,1,-0.47415704290373845,0.42958803708891685,1.0372886595566415,-0.3731010464921325,0.18402093342723366
1,StandardNSGA2,1,-0.5842900478191544,0.4720217491736987,0.755129549685372,-0.7825806991682216,0.43802359373492256
1,StandardNSGA2,1,-0.5649006859109876,0.4641410200454475,0.6915682278846585,-0.6795087618215705,0.4938689871217967
1,StandardNSGA2,1,-0.5278915132792068,0.49723230766015514,0.5633356668893262,-0.6088632857941592,0.6250921394084521
1,StandardNSGA2,1,-0.5407909207285824,0.5127880800810769,0.5633356668893262,-0.6330084096314293,0.6361610161932731
1,StandardNSGA2,1,-0.5617945281522229,0.40507715529936783,0.9444891303068569,-0.5513707297509445,0.26812707015640197
1,StandardNSGA2,1,-0.49103007492506895,0.42130288989141207,0.9198275413214968,-0.538083376777583,0.23340154758554896
1,StandardNSGA2,1,-0.6295726187189772,0.43663451377744983,0.7079937284797467,-0.7413927554111668,0.42514617055271947
1,StandardNSGA2,1,-0.5780061941122941,0.40839852551744127,0.6574873400494294,-0.6076374312180327,0.502921706662488
1,StandardNSGA2,1,-0.570306996806615,0.4144377390952263,0.8550673523401053,-0.4690238448900244,0.23756349280123362
1,StandardNSGA2,1,-0.5194511235754378,0.38798741742375537,1.1626821716231532,-0.42082574729512323,0.1931195349128032
1,StandardNSGA2,1,-0.5015415895325388,0.3962196648242566,1.1427391744033624,-0.3791429789670158,0.18730292951627753
1,StandardNSGA2,1,-0.55968526492905,0.45837788080972713,0.6915682278846585,-0.7134079444165391,0.47973809487391234
1,StandardNSGA2,1,-0.589673326427324,0.46901170859931723,0.7240467010585573,-0.7980447492625998,0.44639604364948077
1,StandardNSGA2,1,-0.44766870093085326,0.4002188986125007,1.1527538013223833,-0.37451158917580507,0.15176739158629857
1,StandardNSGA2,1,-0.6174340174995028,0.3437943948734153,0.9565815297270427,-0.6403147574352801,0.3613823542290425
1,StandardNSGA2,1,-0.5890040931123702,0.4147117514432358,0.6215404981423344,-0.6252383358471272,0.6042577998791501
1,StandardNSGA2,1,-0.4677982578668184,0.42764435852126753,1.1427391744033626,-0.33980720740348974,0.15053309922189229
1,StandardNSGA2,1,-0.4716285932845066,0.4088537750101883,0.9803189452974893,-0.40896382058374375,0.197475497167051
1,StandardNSGA2,1,-0.6320602194817114,0.36516328674959225,0.9685229624340642,-0.6921885349113849,0.3704488979600022
1,StandardNSGA2,2,-0.4430655200382967,0.45202870725886635,1.0148846002135226,-0.40207895999383697,0.1295083356386469
1,StandardNSGA2,2,-0.6298679227529304,0.3421432786257206,1.4448051827559238,-0.5089351357751621,0.24876080673847228
1,StandardNSGA2,2,-0.5520067551614503,0.4787383646463235,0.6215404981423345,-0.6750253834645825,0.6792323065987651
1,StandardNSGA2,2,-0.5294721757343359,0.4978697541936592,0.54254821706694,-0.6646076579430189,0.5062097986590748
1,StandardNSGA2,2,-0.39815217208055736,0.44225686532825065,0.8944862739468376,-0.3169369340182019,0.17730076158420927
1,StandardNSGA2,2,-0.4086523792914768,0.4401521397580058,0.8415174812746266,-0.27475793323076325,0.2138725118864219
1,StandardNSGA2,2,-0.5160560963883325,0.535513805765649,0.7702007157586646,-0.8158677732383479,0.43661660681390196
1,StandardNSGA2,2,-0.5481184995400528,0.5054851192698274,0.7240467010585573,-0.8542155144065612,0.5361717491034625
1,StandardNSGA2,2,-0.6736945679185105,0.3055967772543884,1.1427391744033626,-0.6117628224194003,0.3644994964803522
1,StandardNSGA2,2,-0.5129199794177519,0.5247500921527385,0.6747429940891573,-0.8282957740761484,0.459824974874365
1,StandardNSGA2,2,-0.5233851662271223,0.4781378838341209,0.5833828754229664,-0.6549110917875025,0.5860807221111115
1,StandardNSGA2,2,-0.5640564877324477,0.3623192787300388,1.0483111508478486,-0.420455650821909,0.19412662554845067
1,StandardNSGA2,2,-0.5987034833698686,0.35036080452161544,1.3200887962222396,-0.413623289841036,0.23131178259746193
1,StandardNSGA2,2,-0.5530536270341468,0.47936613630641967,0.6215404981423345,-0.6910113337485623,0.6691520693244565
1,StandardNSGA2,2,-0.4705859799637432,0.4834656589403714,0.7079937284797468,-0.6252225104777313,0.4817543162806244
1,StandardNSGA2,2,-0.5901077396661348,0.40792639287634047,0.8815425052328281,-0.6834382375754713,0.43123618764911786
1,StandardNSGA2,2,-0.6262295855895761,0.3301059386037723,1.404464128193649,-0.4920015309377902,0.23642780476669012
1,StandardNSGA2,2,-0.6567806403994609,0.3140938392209657,1.293703564449794,-0.5516032678783791,0.3441034495892988
1,StandardNSGA2,2,-0.4835892778158623,0.5003632099373865,0.8415174812746266,-0.5695805742772526,0.3034806214043755
1,StandardNSGA2,2,-0.6714750202961262,0.3200386229112221,1.2576624704910284,-0.6050955231574209,0.273277005416758
1,StandardNSGA2,2,-0.6189371133150138,0.38820320805440706,0.8415174812746266,-0.6997717907760153,0.44666244035924424
1,StandardNSGA2,2,-0.6673381414929084,0.30901377309264333,1.211103777942239,-0.5873481788623827,0.36296432248547633
1,StandardNSGA2,2,-0.5477842446252716,0.49303730015815744,0.6574873400494294,-0.7859404609413609,0.6053701716409862
1,StandardNSGA2,2,-0.659567437791275,0.31427984511183243,1.191971203281233,-0.5802340145792239,0.3393811545250953
1,StandardNSGA2,2,-0.42072789749763706,0.4526394992354123,0.8137411503644992,-0.3583207970535939,0.2449273208598949
1,StandardNSGA2,2,-0.5048564674969317,0.4629524674627798,0.6397664390839423,-0.6155028875161115,0.518384827557262
1,StandardNSGA2,2,-0.6484876221531797,0.32227222815913226,1.201575571988228,-0.5216765984695074,0.2620854500070494
1,StandardNSGA2,2,-0.5513466692602634,0.48452329184334914,0.6215404981423345,-0.7084800554640711,0.6355507827896789
1,StandardNSGA2,2,-0.5305086931244709,0.5179202555757053,0.7702007157586646,-0.758074666230333,0.38803853863532123
1,StandardNSGA2,2,-0.5478584361530087,0.4887431540941084,0.7397513981473143,-0.7738080234594281,0.569106050305869
1,StandardNSGA2,2,-0.6105692148180596,0.4100527863307689,0.9565815297270427,-0.6227264288920626,0.39965999613854675
1,StandardNSGA2,2,-0.6677999155228006,0.31113163919609893,1.3629295501408405,-0.5976478166271404,0.3481499120723236
1,StandardNSGA2,2,-0.43640029692548354,0.42998157540408144,1.0372886595566415,-0.288601842460503,0.14801192854312414
1,StandardNSGA2,2,-0.5105766418549548,0.37439335423503417,1.0261477756627881,-0.3835259383922599,0.16934317374736732
1,StandardNSGA2,2,-0.6364036682841564,0.3448941823564564,1.0148846002135226,-0.4991454744571856,0.367089514571702
1,StandardNSGA2,2,-0.5393090031253226,0.3989568271850464,0.9072453912952236,-0.42455416047447087,0.261599293706594
1,StandardNSGA2,2,-0.5323579184621807,0.4729873194238701,0.6027637058449146,-0.6711461206462861,0.6150332631900872
1,StandardNSGA2,2,-0.4857920186815006,0.5054390016927963,0.7849825783431665,-0.5877903949314156,0.31597914807837385
1,StandardNSGA2,2,-0.631803976075519,0.33902705008886036,0.9803189452974894,-0.5629902524190561,0.4149876176931412
1,StandardNSGA2,2,-0.5252016201979073,0.3842618361623913,1.0372886595566415,-0.45168439446369224,0.19732363682870188
1,StandardNSGA2,2,-0.5839626306274297,0.42196666366008645,0.6915682278846585,-0.6730227610366566,0.48841138414277924
1,StandardNSGA2,2,-0.5255456018992288,0.5084195478900523,0.6747429940891573,-0.7186754037603889,0.44476543357701354
1,StandardNSGA2,2,-0.5455826706280941,0.49190728806092104,0.6215404981423345,-0.7364899979411457,0.4940168089645094
1,StandardNSGA2,2,-0.5180983269377915,0.4153792713627721,1.0700155515160485,-0.40084355957555556,0.17562311624412907
1,StandardNSGA2,2,-0.48644563830545173,0.44309218980400045,0.8415174812746264,-0.5658349171019854,0.3347793038816776
1,StandardNSGA2,2,-0.584755456149181,0.34001285346200955,1.059218945609956,-0.4666670678903507,0.20833776473289828
1,StandardNSGA2,2,-0.6026855104351514,0.3859033183798052,1.122441895699651,-0.5340613727399255,0.2851487282492475
1,StandardNSGA2,2,-0.4667047625638485,0.46807127833205964,0.755129549685372,-0.5837165477370293,0.32533751711791803
1,StandardNSGA2,2,-0.4904834239911162,0.4486991932981371,0.7240467010585573,-0.48206083153872575,0.35418202096811935
1,StandardNSGA2,2,-0.5479758920457204,0.49612678323839055,0.7397513981473143,-0.8294280200411803,0.5502922799755104
1,StandardNSGA2,2,-0.6254198683038725,0.33132574754868377,1.3287674498039934,-0.46799178410833464,0.24025228372451526
1,StandardNSGA2,2,-0.669647561930628,0.31807956682537153,1.3796934333906816,-0.604848332188955,0.3494901617231176
1,StandardNSGA2,2,-0.43068671892493116,0.41989792494666334,0.9198275413214968,-0.28082326081422593,0.16760030548503807
1,StandardNSGA2,2,-0.5762967322977898,0.41446111729893464,0.8550673523401053,-0.6159883359142182,0.4130250668055295
1,StandardNSGA2,2,-0.6387740392847571,0.32449516108249754,1.4448051827559238,-0.5075200414355395,0.24429707998382083
1,StandardNSGA2,2,-0.49158195827761375,0.46849030484454623,0.7849825783431665,-0.5386229655292943,0.2905038086790951
1,StandardNSGA2,2,-0.4571843585064884,0.41477678318549077,0.8684058283919127,-0.37742327694877875,0.22170855546832263
1,StandardNSGA2,2,-0.6470072675283619,0.3168433338523559,1.10177075552384,-0.5771949937743739,0.37201497296092867
1,StandardNSGA2,2,-0.4451617067665132,0.4283615310521146,1.003495015435271,-0.3052961873604244,0.15777677241452273
1,StandardNSGA2,2,-0.45190095674171377,0.4367215425107617,0.9444891303068568,-0.386782627711433,0.15371111957137984
1,StandardNSGA2,3,-0.6149871192402122,0.2954266451694454,1.0700155515160485,-0.5905586862194843,0.3182927654546269
1,StandardNSGA2,3,-0.46863217809756585,0.39970412878421857,1.337389786638785,-0.3825377726445901,0.14486736872072078
1,StandardNSGA2,3,-0.5288801578415081,0.44019090899993357,0.5209319169482601,-0.6513855505606185,0.6231498073787225
1,StandardNSGA2,3,-0.44421843497344204,0.43057290881360616,1.0372886595566415,-0.38640863890068494,0.1742676172272465
1,StandardNSGA2,3,-0.6610696478710926,0.34267288997762935,0.9198275413214969,-0.6437317406772483,0.3495795507938356
1,StandardNSGA2,3,-0.4830799216477457,0.4013611080056293,1.2205576048237503,-0.3862662988912435,0.12139509548091769
1,StandardNSGA2,3,-0.5373815038172964,0.5030226524996392,0.6915682278846585,-0.7640823300374504,0.4496415747555306
1,StandardNSGA2,3,-0.508951726545602,0.4267916692142199,0.8415174812746264,-0.2585572022663728,0.23932582751620535
1,StandardNSGA2,3,-0.5635284991215296,0.45140241293287336,0.7079937284797468,-0.7283015983666454,0.7670028418447635
1,StandardNSGA2,3,-0.515325074749428,0.4912796402037122,0.7702007157586646,-0.8569539891080649,0.5321172046592194
1,StandardNSGA2,3,-0.548759432417319,0.48294943170926175,0.7240467010585573,-0.8063714506590844,0.6891598282142505
1,StandardNSGA2,3,-0.4524815378046399,0.39593294754376424,1.2484896411001853,-0.3166019718929361,0.12988721280956395
1,StandardNSGA2,3,-0.6266570679244362,0.31301994583787013,1.201575571988228,-0.5479711632128723,0.24552139549484447
1,StandardNSGA2,3,-0.5388699054592128,0.45959326812989126,0.5633356668893262,-0.6482023946888165,0.581054135693004
1,StandardNSGA2,3,-0.506859551629965,0.42636715377812234,0.9803189452974893,-0.29961287905798395,0.19176927689882167
1,StandardNSGA2,3,-0.6421619729738619,0.3273399325626646,0.9685229624340642,-0.6210975634197687,0.31210882859802724
1,StandardNSGA2,3,-0.6081412922612932,0.3206473193105689,1.3287674498039934,-0.5055832238426122,0.20222367534657745
1,StandardNSGA2,3,-0.6464234338268654,0.3097247844703953,1.059218945609956,-0.5756199192053547,0.25901330022354097
1,StandardNSGA2,3,-0.5500955864737982,0.4881315414689572,0.7240467010585573,-0.8282190679008892,0.5067127946224653
1,StandardNSGA2,3,-0.6124647485680018,0.33951967012908535,1.1822888156895437,-0.5233526253700098,0.21939039920550982
1,StandardNSGA2,3,-0.6534571105699876,0.34636501907143247,0.8684058283919128,-0.6216410569275702,0.34450802535667907
1,StandardNSGA2,3,-0.5089528001876916,0.4213250420287847,0.8550673523401052,-0.2590077404768837,0.23057883620230452
1,StandardNSGA2,3,-0.5170243103623442,0.4963851929998412,0.755129549685372,-0.8454212510128268,0.5391654613686759
1,StandardNSGA2,3,-0.5492349328670808,0.43757076689954966,0.6574873400494294,-0.6935134494713282,0.6345957700525229
1,StandardNSGA2,3,-0.6318836152843458,0.35816287212626835,0.8815425052328281,-0.6105801276760646,0.3005503805932192
1,StandardNSGA2,3,-0.5526035067040622,0.36055059602056094,1.3025580288099372,-0.46243450809325076,0.16512797324604248
1,StandardNSGA2,3,-0.48168554299858785,0.4472706198656873,0.7994911844726069,-0.521242805052913,0.264683970308493
1,StandardNSGA2,3,-0.4705237343340619,0.417067072080085,1.003495015435271,-0.3230517559907692,0.1613062165222053
1,StandardNSGA2,3,-0.5427684127535068,0.48017280341597585,0.6215404981423344,-0.6919383049525674,0.5531964668970976
1,StandardNSGA2,3,-0.6369046338970344,0.2992441100751956,1.1017707555238396,-0.5751133371702719,0.2676307488281088
1,StandardNSGA2,3,-0.5911198848334832,0.3692203578660639,0.9198275413214968,-0.6854497033622106,0.3833240350410772
1,StandardNSGA2,3,-0.5125926016045892,0.4056884635455236,1.0912883633487742,-0.40885177353712016,0.1915218444468041
1,StandardNSGA2,3,-0.5611049748428147,0.4654782410483172,0.6215404981423344,-0.7106155376905909,0.7106990659092977
1,StandardNSGA2,3,-0.5567585837620175,0.3737217399292151,0.9444891303068569,-0.43540097012169066,0.20943258099180867
1,StandardNSGA2,3,-0.5496622721741123,0.45315864347592366,0.6397664390839424,-0.6779106010085237,0.5973267609987569
1,StandardNSGA2,3,-0.6219877535425258,0.4441275414463335,0.8944862739468377,-0.7496017912369768,0.38784694890396443
1,StandardNSGA2,3,-0.6021411208444817,0.33718564473067253,1.2205576048237508,-0.5196322493278769,0.2160487141934903
1,StandardNSGA2,3,-0.5693709666407837,0.33646899884295556,1.2111037779422387,-0.48219313042458073,0.18304536501351973
1,StandardNSGA2,3,-0.5331046043519319,0.36415467609510765,1.2758102920010677,-0.45344473977893196,0.17695016764718052
1,StandardNSGA2,3,-0.6073698080811603,0.3057412644726208,0.9919746671444329,-0.5596337033208524,0.3368019020979771
1,StandardNSGA2,3,-0.463250665653011,0.42380681347835764,0.9565815297270427,-0.3684401571729232,0.20404009263727288
1,StandardNSGA2,3,-0.567049595145322,0.41475636186139503,0.7240467010585573,-0.744330861485462,0.4392519055018179
1,StandardNSGA2,3,-0.6298850662392553,0.3174350022984523,1.0700155515160485,-0.5968652398783352,0.2927439115482609
1,StandardNSGA2,3,-0.5315960698084131,0.4944310369064787,0.7702007157586646,-0.8002612224785143,0.4345576968219345
1,StandardNSGA2,3,-0.5722757139007062,0.4628180771483269,0.6397664390839423,-0.7025966697660626,0.7256724987248384
1,StandardNSGA2,3,-0.5827690332740038,0.3784912487607598,0.9322398894708789,-0.5678775517249404,0.28534065580125756
1,StandardNSGA2,3,-0.5501416936424921,0.4528923378455965,0.6027637058449146,-0.6774553373939954,0.5890213612458808
1,StandardNSGA2,3,-0.5118428457791814,0.47332975782517295,0.6915682278846585,-0.7543219647953595,0.4898476479121764
1,StandardNSGA2,3,-0.5194883800334816,0.3795301645048708,0.9444891303068568,-0.4207928815679677,0.25478333523178487
1,StandardNSGA2,3,-0.4954190767066076,0.46949342019572154,0.7849825783431665,-0.6547225517939929,0.35693030225545175
1,StandardNSGA2,3,-0.5577082542619809,0.43217468392167235,0.7079937284797467,-0.7151026272225148,0.735959065782938
1,StandardNSGA2,3,-0.45857685850727437,0.45149560696016044,1.112154352360633,-0.477595711401442,0.20468858661173578
1,StandardNSGA2,3,-0.5599282038777448,0.47655780197700315,0.6215404981423345,-0.775570563340376,0.4697872283597523
1,StandardNSGA2,3,-0.5965762367292863,0.4153264792479659,0.8137411503644991,-0.6676549153135983,0.4073481155834672
1,StandardNSGA2,3,-0.5444777734555432,0.4324288544591253,0.54254821706694,-0.6513258846894968,0.6233416942856811
1,StandardNSGA2,3,-0.5650674773389168,0.438993605522751,0.7079937284797467,-0.7251562087227968,0.7580553636123699
1,StandardNSGA2,3,-0.5767586507920693,0.45841217587868127,0.6574873400494295,-0.7074186511902113,0.7176470992652253
1,StandardNSGA2,3,-0.5622744656148777,0.38521519163949514,0.8277458339029348,-0.6445057194009255,0.27340662898545376
1,StandardNSGA2,3,-0.5540854406618594,0.43973066381590337,0.6915682278846584,-0.6396856888451512,0.41904660539202065
1,StandardNSGA2,3,-0.445043525770812,0.41300846716260986,1.1017707555238399,-0.3898144509701511,0.1613795995797663
1,StandardNSGA2,4,-0.646664552941689,0.3103871746812593,1.0912883633487742,-0.5549372167408367,0.4066965909057025
1,StandardNSGA2,4,-0.5340369894034398,0.47571521806812755,0.755129549685372,-0.7401913924337313,0.710986795080909
1,StandardNSGA2,4,-0.4937332342422298,0.5043872182312371,0.7079937284797468,-0.7858772762635794,0.5710169913774097
1,StandardNSGA2,4,-0.635586909035754,0.3821722127570015,1.3879994509683689,-0.7455422094015424,0.3630287500825897
1,StandardNSGA2,4,-0.5698706168082216,0.37054841510541986,1.0912883633487742,-0.3849493374019763,0.20275304391699117
1,StandardNSGA2,4,-0.45528643898521926,0.47562197065774414,0.6397664390839424,-0.6923745127821064,0.43660884005191625
1,StandardNSGA2,4,-0.5356690767059253,0.3969624261832784,0.7994911844726069,-0.28118763845641637,0.27994601136552094
1,StandardNSGA2,4,-0.6736749346368918,0.336142575675738,1.0807043010154627,-0.6438410451612546,0.42359521538367445
1,StandardNSGA2,4,-0.5125622171100067,0.46011488491551605,0.54254821706694,-0.6926721867630478,0.5027273234690425
1,StandardNSGA2,4,-0.538019278532116,0.43456112072429703,1.0372886595566415,-0.8500311642893014,0.3903789743696942
1,StandardNSGA2,4,-0.5089292731345829,0.49673229839287336,0.6574873400494294,-0.7717471346879803,0.6880144157588226
1,StandardNSGA2,4,-0.5388821766209686,0.48660821436457447,0.6215404981423344,-0.7186036060026643,0.6439360716570776
1,StandardNSGA2,4,-0.6057827676628312,0.31985253481072506,0.9444891303068569,-0.4175371833684931,0.31431837523475015
1,StandardNSGA2,4,-0.5772924967733161,0.3490075281267206,0.8944862739468377,-0.3535391294242475,0.2807907814635191
1,StandardNSGA2,4,-0.5739732771083276,0.37610262357720287,0.9685229624340641,-0.41572962656863843,0.23680183142785416
1,StandardNSGA2,4,-0.5780121341877736,0.35775499088118146,0.7994911844726069,-0.471953097733565,0.43682482220515667
1,StandardNSGA2,4,-0.6412277022694282,0.3514786423823636,1.1017707555238399,-0.6558830438246022,0.4670694181428199
1,StandardNSGA2,4,-0.644220617269897,0.3287247950376666,1.2484896411001858,-0.5685855112541556,0.39951589133603715
1,StandardNSGA2,4,-0.6401167200290934,0.34052224641218076,1.2758102920010677,-0.5940613196838888,0.29712198564513237
1,StandardNSGA2,4,-0.49411299007798204,0.4898236425089637,0.6027637058449147,-0.7337879433229924,0.5758818640099642
1,StandardNSGA2,4,-0.5959540844312404,0.43126114745475475,0.755129549685372,-0.7108866849134325,0.6770848688274335
1,StandardNSGA2,4,-0.6168355284431695,0.38687746976868165,1.3287674498039934,-0.7464628892882279,0.3611647902089762
1,StandardNSGA2,4,-0.5950191039772342,0.36149219999981075,0.7397513981473143,-0.6165409407448635,0.4525655273572144
1,StandardNSGA2,4,-0.4699820858619435,0.46318276582126583,0.5833828754229664,-0.6653912292985451,0.4959846724900718
1,StandardNSGA2,4,-0.5465711445878018,0.4825643279638582,0.6397664390839423,-0.7426754165450632,0.6310354017044764
1,StandardNSGA2,4,-0.5625139958377927,0.3731033644453591,0.7702007157586646,-0.32941488971197963,0.36170328567010257
1,StandardNSGA2,4,-0.5607241659178983,0.44642308728743246,0.9444891303068569,-0.8207153478181806,0.4363755413515367
1,StandardNSGA2,4,-0.6545448151597155,0.3110849826025849,1.059218945609956,-0.5660964047747367,0.40247735996455136
1,StandardNSGA2,4,-0.4906501489785214,0.45294452498809623,0.5833828754229664,-0.6981733558499483,0.6129432865850999
1,StandardNSGA2,4,-0.5050945240360378,0.43815617842148946,0.7702007157586646,-0.7523146464613815,0.5393156046363246
1,StandardNSGA2,4,-0.5177725920488545,0.45871104478159275,0.6215404981423344,-0.6714905948868533,0.5249626340603628
1,StandardNSGA2,4,-0.5722849122906105,0.36849135689102586,1.0261477756627881,-0.37709250014569295,0.2111132411828937
1,StandardNSGA2,4,-0.6486717698049931,0.33045470050227366,1.2847880786040071,-0.597891957461227,0.3051406614032716
1,StandardNSGA2,4,-0.5948105594753674,0.3663615516059781,1.0261477756627881,-0.6286587702333447,0.402814778852853
1,StandardNSGA2,4,-0.5659819296486762,0.3983211441461578,1.1427391744033626,-0.7907333466623445,0.3154843068020535
1,StandardNSGA2,4,-0.4575561322386747,0.47598052844236494,0.6574873400494295,-0.6921915608134401,0.4350336553083184
1,StandardNSGA2,4,-0.6098487447775438,0.3912527714162234,1.2205576048237503,-0.759209345834546,0.376017384939946
1,StandardNSGA2,4,-0.6511866247650693,0.3382552667330915,1.0483111508478486,-0.5239573506523366,0.4089939775652584
1,StandardNSGA2,4,-0.5984516608811135,0.42709732224098984,0.755129549685372,-0.6889607417369071,0.6793828391999327
1,StandardNSGA2,4,-0.5703847408879292,0.3804734425575444,1.0261477756627881,-0.3937673812025822,0.22202327071881722
1,StandardNSGA2,4,-0.49866799547933266,0.4419125895330841,0.6574873400494295,-0.5336042899292478,0.39308405375694233
1,StandardNSGA2,4,-0.6603403607741052,0.3496704469068019,1.3459568890394897,-0.6070736776946839,0.35895514604379625
1,StandardNSGA2,4,-0.5054516336737018,0.46974163227951654,0.9803189452974895,-0.792123617706497,0.4224861257255368
1,StandardNSGA2,4,-0.5260942608833764,0.46850255250702,0.7240467010585573,-0.758375633195243,0.5927665819143929
1,StandardNSGA2,4,-0.5360555088606793,0.4236551050935272,0.6747429940891573,-0.6853091296936877,0.7012055597909956
1,StandardNSGA2,4,-0.5629394501569055,0.41356273616787237,0.8684058283919128,-0.7582565624362532,0.553410862933385
1,StandardNSGA2,4,-0.6028613575244804,0.34848815555187496,1.162682171623153,-0.4344914022675333,0.23093598437097063
1,StandardNSGA2,4,-0.579654420696883,0.3571957385625534,0.9072453912952236,-0.3908929001872442,0.25311418492652915
1,StandardNSGA2,4,-0.5828549293795955,0.45811919539780294,1.0148846002135223,-0.7061908894305248,0.39814428972484717
1,StandardNSGA2,4,-0.622012362803398,0.3881191470122852,1.1527538013223835,-0.7042516945409363,0.557711334672512
1,StandardNSGA2,4,-0.5545803513102104,0.37045537788078187,0.8137411503644991,-0.49727748572336994,0.29205162731182954
1,StandardNSGA2,4,-0.4731547565628255,0.47261847030780546,0.6027637058449147,-0.6901857569061842,0.4954162322549796
1,StandardNSGA2,4,-0.4872380537621689,0.465460966327791,0.5633356668893262,-0.72743563936323,0.5397198767870708
1,StandardNSGA2,4,-0.5446049694585982,0.4403032701795232,0.7240467010585573,-0.5369853637010478,0.47891808324303986
1,StandardNSGA2,4,-0.49040754479492454,0.45596151623515774,0.5633356668893262,-0.7151479555932435,0.625835515811645
1,StandardNSGA2,4,-0.6631354500178235,0.35663638475171533,1.201575571988228,-0.6899135536383743,0.40090444687841753
1,StandardNSGA2,4,-0.47867797153965447,0.45828818308892877,0.6027637058449146,-0.6687017900816644,0.4964510458159941
1,StandardNSGA2,4,-0.5129944061596172,0.4023767068217282,0.7240467010585573,-0.4358690923688776,0.3798963368172033
1,StandardNSGA2,4,-0.5437253925218213,0.3954865480415376,0.8137411503644992,-0.30847325736906434,0.2767792779768282
1,StandardNSGA2,4,-0.626620392854419,0.35503123840374834,1.1017707555238399,-0.5168408425984087,0.30197323952920835
1,StandardNSGA2,5,-0.4134493576882196,0.47531125553912634,1.3373897866387845,-0.37219195691104845,0.11609226367172676
1,StandardNSGA2,5,-0.6452433168588945,0.4076662373154122,1.1326360028574725,-0.8621088012780692,0.3479902230719019
1,StandardNSGA2,5,-0.5055104091766267,0.5173222707763804,0.9444891303068567,-0.5706091657191954,0.24877196387792583
1,StandardNSGA2,5,-0.4086594744407538,0.4709639400945238,1.257662470491028,-0.3541037381785694,0.13487665698084478
1,StandardNSGA2,5,-0.564099262990798,0.3858390614834976,1.537310666418436,-0.540284872751655,0.22445369216628536
1,StandardNSGA2,5,-0.6377695888745952,0.307653679945816,1.1326360028574725,-0.5575693933080056,0.49500748883853046
1,StandardNSGA2,5,-0.46250104330964986,0.45939827435017316,0.7079937284797466,-0.20871872796679636,0.32548222173941044
1,StandardNSGA2,5,-0.5291241144709155,0.4151509693886424,0.6397664390839423,-0.544822423070587,0.7419744039574495
1,StandardNSGA2,5,-0.45843431374394045,0.4663129135934085,0.54254821706694,-0.23614165154228636,0.39219956488262253
1,StandardNSGA2,5,-0.6709626499152461,0.34081912363099126,1.1326360028574725,-0.7044337124692046,0.4766392566402119
1,StandardNSGA2,5,-0.6456930770559065,0.33167589678407217,0.9803189452974895,-0.6274656495029116,0.5311587337541104
1,StandardNSGA2,5,-0.6029215219699872,0.3150535997866566,1.059218945609956,-0.50151779407483,0.516578639205192
1,StandardNSGA2,5,-0.6580105202718618,0.39563035428638027,1.0912883633487744,-0.7782652922662132,0.36749256843944617
1,StandardNSGA2,5,-0.5708809947953346,0.43540517752052654,0.7849825783431665,-0.6647823675869712,0.42179496474617595
1,StandardNSGA2,5,-0.6198441950471555,0.37430306703801874,0.9072453912952236,-0.639350532321622,0.44497302829083674
1,StandardNSGA2,5,-0.66039897314118,0.34582164903999724,1.0483111508478486,-0.6784431145366299,0.4759814854674482
1,StandardNSGA2,5,-0.6685892393294852,0.3437542749143641,1.122441895699651,-0.7003444043469139,0.48019439243006207
1,StandardNSGA2,5,-0.5784296967472633,0.3863091961933284,0.7240467010585573,-0.580975462849926,0.5942047942913117
1,StandardNSGA2,5,-0.6131208360614149,0.42213509171574126,1.0034950154352709,-0.8137714377269163,0.35544067669285556
1,StandardNSGA2,5,-0.6078847922725542,0.3358832541627124,0.8550673523401053,-0.6112440249117832,0.637406167544971
1,StandardNSGA2,5,-0.5134204573505459,0.40957590544590444,1.468477964887372,-0.48247587802151887,0.20265600954629007
1,StandardNSGA2,5,-0.4643883058735111,0.49222231896005353,0.6397664390839423,-0.2980371709468125,0.5439844913942291
1,StandardNSGA2,5,-0.4307070485880338,0.4659374136793716,1.3879994509683684,-0.32004740555501393,0.12585330421408555
1,StandardNSGA2,5,-0.4443708248789372,0.4465517094442476,0.7994911844726069,-0.2673162936443073,0.3102565110876376
1,StandardNSGA2,5,-0.5163636319404838,0.41067688132952807,1.5147140218016455,-0.49034564726589513,0.1953986628257935
1,StandardNSGA2,5,-0.47876307570866034,0.48974893641830536,1.0807043010154629,-0.5519839860185274,0.18550037345459153
1,StandardNSGA2,5,-0.6244659559453798,0.404332962445393,1.182288815689544,-0.8144994978709088,0.31789102541146125
1,StandardNSGA2,5,-0.49161014667348313,0.47984426313444783,0.6027637058449146,-0.28044707495777327,0.5615130819966762
1,StandardNSGA2,5,-0.5554701434637591,0.3671473044329763,1.239248916960327,-0.4368498999720435,0.27593461148100307
1,StandardNSGA2,5,-0.44923713728649944,0.43960911814386955,0.9685229624340641,-0.24060608936706288,0.2365649743908999
1,StandardNSGA2,5,-0.6317759325023719,0.35574506077341583,1.1017707555238399,-0.7179426594527896,0.33370212090291423
1,StandardNSGA2,5,-0.6287337478113846,0.3972858358733086,1.0261477756627881,-0.7381169773280115,0.30504908595648816
1,StandardNSGA2,5,-0.6356284126012357,0.4164734159372546,0.9565815297270429,-0.837785364396144,0.4615066406621683
1,StandardNSGA2,5,-0.5222563187666214,0.3772888978548501,1.0700155515160485,-0.5095371572107412,0.22547449709878284
1,StandardNSGA2,5,-0.5349927515637841,0.42286086712416404,1.003495015435271,-0.3458315975256005,0.27685904273893874
1,StandardNSGA2,5,-0.5495726986925127,0.4031162669939132,1.4288054467365823,-0.47997079964815637,0.17710669903764664
1,StandardNSGA2,5,-0.48966869969927423,0.4696002329743276,0.6215404981423344,-0.33969071646719945,0.5885353429657668
1,StandardNSGA2,5,-0.508638864032123,0.4273952131781934,1.4044641281936487,-0.47767366323631555,0.21377717646236608
1,StandardNSGA2,5,-0.4926495520155205,0.39186541013942544,1.31135270776567,-0.46724021209660505,0.1687933970937423
1,StandardNSGA2,5,-0.5056597927832448,0.45936770965811496,0.6397664390839423,-0.35959753505332537,0.635237900249473
1,StandardNSGA2,5,-0.545793404855098,0.4078965065264887,0.6747429940891573,-0.5873289581443837,0.728113031262519
1,StandardNSGA2,5,-0.6037292628918591,0.4284401428458232,1.2937035644497943,-0.7493997273416586,0.27456348978332656
1,StandardNSGA2,5,-0.44686374557023256,0.4963531567900459,1.1822888156895437,-0.46060646778269587,0.1543833684227968
1,StandardNSGA2,5,-0.4177247949533446,0.4698037750639489,1.2205576048237503,-0.3726533748070735,0.13642130322090895
1,StandardNSGA2,5,-0.5609722932013549,0.3514463872887831,1.0372886595566415,-0.4312596170551206,0.4423655087053139
1,StandardNSGA2,5,-0.5772309967650641,0.36082767476561867,0.7849825783431665,-0.5239434981613176,0.5219923985059681
1,StandardNSGA2,5,-0.6416842055524352,0.3357213206361614,1.059218945609956,-0.728719366037615,0.5153979002556909
1,StandardNSGA2,5,-0.5671587994823041,0.36352656376222986,0.755129549685372,-0.4823702276971498,0.5702969324388834
1,StandardNSGA2,5,-0.43127786750716635,0.46238142054950104,1.3629295501408403,-0.30030725251651,0.134886803206222
1,StandardNSGA2,5,-0.48422206503198656,0.48612477621606337,0.6574873400494294,-0.31084839788261787,0.5504371162298343
1,StandardNSGA2,5,-0.49875597267526894,0.4487706581013139,0.6574873400494295,-0.438236240706253,0.6672886935865894
1,StandardNSGA2,5,-0.5969128610250947,0.3923351816261169,0.9198275413214968,-0.5942163002921664,0.38111151256161735
1,StandardNSGA2,5,-0.5809634238620489,0.38602426958245806,0.7240467010585573,-0.583336241690968,0.7020631065911609
1,StandardNSGA2,5,-0.4999344932503721,0.4552758249403185,0.6397664390839424,-0.4240761584168228,0.6746604111104764
1,StandardNSGA2,5,-0.46056157025799926,0.4629670108205337,0.5633356668893262,-0.23179316214652806,0.4026646337999621
1,StandardNSGA2,5,-0.5513106817521114,0.4167384995149236,0.8815425052328281,-0.4513501076564802,0.4101567134299269
1,StandardNSGA2,5,-0.4403686457169858,0.46567047321949895,0.9444891303068568,-0.28752188702518,0.25378589259942536
1,StandardNSGA2,5,-0.5611664017235537,0.39461098585865917,0.6915682278846585,-0.6236741076240181,0.6922243653708996
1,StandardNSGA2,5,-0.5980115159499173,0.42071218044094305,1.0807043010154627,-0.765620674880598,0.332285787133141
1,StandardNSGA2,5,-0.5493561843609758,0.3823319828235536,1.0807043010154629,-0.5187712157505338,0.2967163737562187
1,StandardNSGA2,6,-0.4687467681531928,0.4435826340720629,0.7702007157586644,-0.2357908355523775,0.25005853253022436
1,StandardNSGA2,6,-0.5250953348864513,0.46091049353763436,0.4983789284753746,-0.609717787134338,0.6163675942677813
1,StandardNSGA2,6,-0.6269582840392725,0.3027852338203366,1.1326360028574725,-0.6030912396914703,0.3256939340112544
1,StandardNSGA2,6,-0.5352408778412296,0.3703332778777824,1.4207380120476112,-0.43762943184863345,0.13552930553490944
1,StandardNSGA2,6,-0.5134307358722717,0.49666310866551705,0.8137411503644992,-0.8484152499203811,0.4157083199330895
1,StandardNSGA2,6,-0.5380143196177337,0.436180657248762,0.6747429940891573,-0.6266510916721455,0.843588143283176
1,StandardNSGA2,6,-0.5025817365501793,0.3841473401457617,1.2484896411001853,-0.3424315660497664,0.11350086059087092
1,StandardNSGA2,6,-0.4924360713860437,0.5204973682606212,0.7079937284797468,-0.7918537643397867,0.47202442752648466
1,StandardNSGA2,6,-0.4476319536569047,0.49925807793818944,0.7240467010585573,-0.4663140294487615,0.30699703489158603
1,StandardNSGA2,6,-0.6605356353427514,0.33788268722485226,1.1326360028574725,-0.5605652637217993,0.3995855297256699
1,StandardNSGA2,6,-0.5167744964726675,0.49186161788069693,0.6215404981423345,-0.6960819999057822,0.6953253554691023
1,StandardNSGA2,6,-0.6218797135330869,0.3807084200443972,0.9565815297270429,-0.7335946674151541,0.7306084558322967
1,StandardNSGA2,6,-0.5230903467653372,0.4062699150540773,0.9072453912952236,-0.2801463265375396,0.24398002671576985
1,StandardNSGA2,6,-0.581215171251357,0.3752635584898364,0.7849825783431665,-0.5929912149385868,0.5516773182719443
1,StandardNSGA2,6,-0.48498237590517873,0.4828196136927879,0.6027637058449146,-0.6712196220254507,0.5971978661696561
1,StandardNSGA2,6,-0.567751534187232,0.35393340004990587,0.9072453912952236,-0.3754070913343869,0.3074489939738996
1,StandardNSGA2,6,-0.4506154338650498,0.4897981638080237,0.755129549685372,-0.4164866192861159,0.2998213130928373
1,StandardNSGA2,6,-0.5869093887275024,0.33627796568149265,1.0372886595566415,-0.4774465760821198,0.26891816363416304
1,StandardNSGA2,6,-0.515040397562139,0.48002813772707087,0.755129549685372,-0.8225656287660092,0.4952729906553044
1,StandardNSGA2,6,-0.4580658840945734,0.4560400210426616,0.7994911844726069,-0.3244875951727619,0.2730958206582538
1,StandardNSGA2,6,-0.5610557987834671,0.3428758400214756,1.3796934333906814,-0.4853986856199298,0.157160751753827
1,StandardNSGA2,6,-0.5399555058624805,0.46783009376402934,0.8277458339029348,-0.7198389233228344,0.3233245134172417
1,StandardNSGA2,6,-0.5987609575450495,0.3798428303523478,0.9322398894708788,-0.753380153971953,0.36696526202979135
1,StandardNSGA2,6,-0.6039426099189666,0.3514848997890151,0.881542505232828,-0.5341665664520712,0.4536910601062667
1,StandardNSGA2,6,-0.5723751853210384,0.35050773259709833,1.3713371082247574,-0.5208946546309121,0.1633493915638561
1,StandardNSGA2,6,-0.6358822323048265,0.3227055466820697,1.0148846002135223,-0.5411211732017366,0.46662507462148073
1,StandardNSGA2,6,-0.6412346430227539,0.36793027943506607,1.0148846002135226,-0.7260189284252674,0.5746702112531623
1,StandardNSGA2,6,-0.5067266284309605,0.5124758403936733,0.6915682278846585,-0.7459463489515358,0.46446424833910493
1,StandardNSGA2,6,-0.559039772170256,0.41198902636724233,0.755129549685372,-0.7348780047471444,0.5217201098357889
1,StandardNSGA2,6,-0.5387170227306182,0.37013647227643204,1.3200887962222396,-0.4352234538619162,0.13207516202277625
1,StandardNSGA2,6,-0.6436742069184348,0.3190852206924394,1.182288815689544,-0.6608078035111498,0.38241826254731537
1,StandardNSGA2,6,-0.47996881688972676,0.4921833642201253,0.54254821706694,-0.6637083464751348,0.5960145224030986
1,StandardNSGA2,6,-0.49082638557547387,0.507422447455685,0.6574873400494294,-0.7679043170060689,0.46504555115256585
1,StandardNSGA2,6,-0.4817715223520628,0.5199826757264281,0.6915682278846585,-0.7927721621300119,0.46160662337917263
1,StandardNSGA2,6,-0.5683900894017261,0.41986786067925574,0.7702007157586646,-0.8051091217205183,0.5420015403890168
1,StandardNSGA2,6,-0.5518792415519218,0.44664287462456365,0.6397664390839423,-0.596880415639675,0.7639205248850297
1,StandardNSGA2,6,-0.5390149615104602,0.4170747774059128,0.6397664390839424,-0.5725489443356369,0.6643958900499981
1,StandardNSGA2,6,-0.5764120441023083,0.39339629011926686,0.9565815297270429,-0.6657755754693424,0.35224971382206866
1,StandardNSGA2,6,-0.6544556311990224,0.3301940974858928,1.1017707555238399,-0.5367771031817095,0.47529112132944445
1,StandardNSGA2,6,-0.5134463787089345,0.4990196214213345,0.8277458339029348,-0.8483853100567359,0.42346901907929446
1,StandardNSGA2,6,-0.5501414082999319,0.35799922971949577,1.2299387677604998,-0.485301184742516,0.2196264489467669
1,StandardNSGA2,6,-0.4996542213014978,0.42949472660600996,1.0261477756627881,-0.4569862784870026,0.2034661372104753
1,StandardNSGA2,6,-0.5215034633666304,0.43774380609313146,0.5633356668893262,-0.5704784063754207,0.6151261324635651
1,StandardNSGA2,6,-0.5485771933754013,0.4349523232033663,0.6574873400494294,-0.6026753434781311,0.8059480095257511
1,StandardNSGA2,6,-0.6343085269248322,0.30761452529735145,1.1326360028574722,-0.6193420352377096,0.34211782974422816
1,StandardNSGA2,6,-0.5234894165284698,0.40157004575032784,1.162682171623153,-0.3535194041616762,0.19589788180151652
1,StandardNSGA2,6,-0.6082531738293212,0.34900162671776025,1.0148846002135226,-0.502423146009771,0.37715592840651546
1,StandardNSGA2,6,-0.5303665462223075,0.4478155346882522,0.54254821706694,-0.5863181010319092,0.6375639518007603
1,StandardNSGA2,6,-0.4622384970161752,0.4832926404080604,0.6915682278846584,-0.3709368200665511,0.3249174464268106
1,StandardNSGA2,6,-0.5262502648620689,0.4479872380966633,0.5833828754229664,-0.5782091021569329,0.5277523695500498
1,StandardNSGA2,6,-0.51534654066186,0.42552744105812945,0.9803189452974893,-0.6170523786212543,0.23430417364188982
1,StandardNSGA2,6,-0.5326166082351701,0.39026592712325414,0.8277458339029348,-0.5472817487201488,0.3913453588530682
1,StandardNSGA2,6,-0.5555390307961005,0.4508783488189179,0.6915682278846585,-0.5428893799767192,0.7905347093946329
1,StandardNSGA2,6,-0.5956534055711475,0.3864053742601872,0.8944862739468376,-0.6373712265643426,0.6628438862131525
1,StandardNSGA2,6,-0.567488151790545,0.4016349103562936,0.8684058283919128,-0.34591053018007034,0.33839422621311793
1,StandardNSGA2,6,-0.5330486974391727,0.3683721272298994,1.2205576048237503,-0.4283514834913073,0.15448064061460462
1,StandardNSGA2,6,-0.46386114601724826,0.45236510855698375,0.7551295496853719,-0.33435645470015646,0.28625911882449573
1,StandardNSGA2,6,-0.46504759274059426,0.4702683159689688,0.7702007157586644,-0.29294372506623445,0.2924521281033859
1,StandardNSGA2,6,-0.6299902097637265,0.3560654525832235,1.0807043010154629,-0.7253563979280593,0.3651029653876562
1,StandardNSGA2,6,-0.6487170724598978,0.33326864607485873,1.0700155515160488,-0.5782738368404525,0.3759302257378785
1,StandardNSGA2,7,-0.6575610153063843,0.33208488668376274,1.484050047961325,-0.7302670661136894,0.24706851255551934
1,StandardNSGA2,7,-0.44044339535113386,0.44135101612691996,0.7397513981473143,-0.49285079250764097,0.3753750652140557
1,StandardNSGA2,7,-0.6355970933669883,0.31556196834499844,1.1427391744033626,-0.6211610636367763,0.3098430655543184
1,StandardNSGA2,7,-0.48662658255333524,0.5017439662462942,0.7849825783431665,-0.5600064242695699,0.30051916084258534
1,StandardNSGA2,7,-0.5127436808395632,0.41973256666702596,0.6915682278846585,-0.32206668979472564,0.4810473117521784
1,StandardNSGA2,7,-0.6802161233178261,0.36286418494662254,1.4288054467365827,-0.8385693199285246,0.29080136488192015
1,StandardNSGA2,7,-0.5224045893456853,0.41513444931774846,0.49837892847537457,-0.46283387104066004,0.575805265787616
1,StandardNSGA2,7,-0.5495062099426654,0.3896626128762547,0.6574873400494294,-0.483387959369197,0.7747222517490094
1,StandardNSGA2,7,-0.6718532383522862,0.36651007830438004,1.3713371082247576,-0.846868736388205,0.2670360022148731
1,StandardNSGA2,7,-0.4648738157308577,0.4331807768310501,1.2111037779422387,-0.3838307932391455,0.13867823092948603
1,StandardNSGA2,7,-0.4423402055903898,0.48483429151650537,0.8277458339029348,-0.5819841184185289,0.2908878550931405
1,StandardNSGA2,7,-0.47144308677700825,0.4204306610411364,1.0912883633487742,-0.3784931578821525,0.16351032478301875
1,StandardNSGA2,7,-0.5156294916491717,0.4153491201194866,0.6215404981423344,-0.5306840586244314,0.7297914212347969
1,StandardNSGA2,7,-0.5582093318667605,0.38449373712208007,0.6027637058449147,-0.3633371008901927,0.6469553357705436
1,StandardNSGA2,7,-0.5406012524730811,0.4683859594385728,0.6747429940891573,-0.6492947050931415,0.4243644976374794
1,StandardNSGA2,7,-0.5054670680889366,0.49111912230888366,0.755129549685372,-0.6353246290492098,0.3353578604399353
1,StandardNSGA2,7,-0.583226887495831,0.3382266970855105,1.3459568890394897,-0.5410294623230255,0.20042447450330494
1,StandardNSGA2,7,-0.4495921481129292,0.46195041022531713,0.8944862739468376,-0.4664611324330993,0.22910887715819403
1,StandardNSGA2,7,-0.6758320435144695,0.3723371329911383,1.4126245053551467,-0.7952212513420538,0.325335177961178
1,StandardNSGA2,7,-0.4797774675613228,0.410584864055685,0.9322398894708788,-0.3951319583152177,0.2210269726612193
1,StandardNSGA2,7,-0.6357200467470726,0.3172695858960657,1.1725264764419854,-0.6432203551413522,0.3135236901213863
1,StandardNSGA2,7,-0.6246909743127811,0.3634183221283937,1.2299387677605,-0.8122370119485229,0.4706411355668365
1,StandardNSGA2,7,-0.5354131106249923,0.39922974181422843,0.7240467010585573,-0.34603166893501647,0.525673228345628
1,StandardNSGA2,7,-0.5193365972517862,0.4174760901226703,0.5833828754229664,-0.44641534318246856,0.5464817798366502
1,StandardNSGA2,7,-0.5108501646659105,0.45151175812266137,1.059218945609956,-0.5156224956607252,0.22486274009890952
1,StandardNSGA2,7,-0.5456725204188808,0.39280174254209477,0.7702007157586644,-0.4271244543209562,0.43392231078013144
1,StandardNSGA2,7,-0.5222509510326951,0.4240537444194836,0.54254821706694,-0.48761748414147493,0.5847083168826973
1,StandardNSGA2,7,-0.5272547414836541,0.42557017370665573,0.6397664390839424,-0.5028250965482008,0.7071834085937085
1,StandardNSGA2,7,-0.5845550244559691,0.38914452062417204,1.003495015435271,-0.5946189395952892,0.30320028398182136
1,StandardNSGA2,7,-0.668951427734827,0.3534777995825069,1.3879994509683689,-0.81916691065579,0.2698214526474555
1,StandardNSGA2,7,-0.5751242744070515,0.37696730550354357,0.7240467010585573,-0.5171381214710695,0.6755240180765756
1,StandardNSGA2,7,-0.5528689384540572,0.4140748100485583,0.6747429940891573,-0.5038460888682559,0.6143798957892972
1,StandardNSGA2,7,-0.5468696458573401,0.4058168251901072,0.6027637058449146,-0.41300221139130244,0.5546562634777011
1,StandardNSGA2,7,-0.6660283797313514,0.3589821701534931,1.4288054467365827,-0.7637389477822937,0.2516061769836185
1,StandardNSGA2,7,-0.6598241730068334,0.36578988284425945,1.2484896411001858,-0.7809159692308612,0.30804130654055656
1,StandardNSGA2,7,-0.49593969278428174,0.4476339341156915,0.7397513981473142,-0.4935635905908093,0.3588709222148674
1,StandardNSGA2,7,-0.5501061395500345,0.4054160433824688,0.6027637058449147,-0.4519360342425595,0.6846784542907196
1,StandardNSGA2,7,-0.5941187655577923,0.3820098366215693,1.0372886595566415,-0.519799672228585,0.25447405941402607
1,StandardNSGA2,7,-0.616640392117337,0.37703607922941834,0.8684058283919127,-0.6043421372961447,0.49496280561424344
1,StandardNSGA2,7,-0.601213996622132,0.3663871286091879,1.1326360028574722,-0.6560760628008355,0.2448246252627996
1,StandardNSGA2,7,-0.5577842471574064,0.42078462314339715,0.6397664390839423,-0.3545330942585963,0.5893496317483985
1,StandardNSGA2,7,-0.5804795094732628,0.39200879087949836,1.0034950154352709,-0.5377926169223205,0.3459149571623579
1,StandardNSGA2,7,-0.4811407135753115,0.4158317322439295,0.7994911844726069,-0.519238890723227,0.44744927690329533
1,StandardNSGA2,7,-0.4537153533740327,0.44022403844012725,0.8277458339029348,-0.5017831844363,0.23352072340058863
1,StandardNSGA2,7,-0.6536132331896426,0.3286822072556247,1.3200887962222398,-0.7316295814475954,0.25895884148483844
1,StandardNSGA2,7,-0.510261891991214,0.399335573384179,0.7079937284797467,-0.42479152725666014,0.49896618900052286
1,StandardNSGA2,7,-0.6461946261236491,0.3217817312935546,1.2392489169603274,-0.6825526078773401,0.28312380581806273
1,StandardNSGA2,7,-0.513881167477636,0.43606575311109363,0.6574873400494294,-0.528957911531909,0.6365330483909366
1,StandardNSGA2,7,-0.5519295837593976,0.34446327926989173,1.328767449803993,-0.5089274674158195,0.1511034430400088
1,StandardNSGA2,7,-0.5700048790911847,0.39687855218382045,0.9444891303068569,-0.5010971386247286,0.21788439656718134
1,StandardNSGA2,7,-0.6346632794418401,0.3566971110343039,1.1224418956996507,-0.7195405281276512,0.3896502145601221
1,StandardNSGA2,7,-0.5193747224972813,0.4423100970274884,0.5633356668893262,-0.5189368860538888,0.47282752469335587
1,StandardNSGA2,7,-0.6213960275993013,0.37430225591641475,1.0807043010154627,-0.6822149995804715,0.5153213862384736
1,StandardNSGA2,7,-0.6131664491563942,0.36737543690587027,0.8415174812746264,-0.6116703956216811,0.6019465869807157
1,StandardNSGA2,7,-0.6298509234967561,0.3521832273004876,0.9685229624340642,-0.6301993611229226,0.4195473008748092
1,StandardNSGA2,7,-0.6419710733412743,0.3546144901351179,1.122441895699651,-0.7301114107917906,0.3295156187176067
1,StandardNSGA2,7,-0.6280515683007746,0.35868958359532443,1.0700155515160485,-0.574271412795216,0.39884236125486805
1,StandardNSGA2,7,-0.6241940671564385,0.37380176828215855,0.9803189452974894,-0.6381502101110528,0.5616430202739757
1,StandardNSGA2,7,-0.4951319757642655,0.4341116169826053,0.7994911844726069,-0.5619137662912222,0.23772486252567376
1,StandardNSGA2,7,-0.6639807960616977,0.33720366955387227,1.3796934333906816,-0.7521588473414131,0.27670062206605806
1,StandardNSGA2,8,-0.41867124396602334,0.5402376814861846,0.755129549685372,-0.5363235866380884,0.2820440569636191
1,StandardNSGA2,8,-0.6239886020822196,0.4057893292627021,1.0700155515160488,-0.8602206809863684,0.344630854705852
1,StandardNSGA2,8,-0.6756885935024588,0.3124904130455034,1.1822888156895437,-0.6227842435645815,0.33811464560564936
1,StandardNSGA2,8,-0.4261755726633128,0.5538665376747309,0.7702007157586646,-0.6267954376479838,0.2895178887883998
1,StandardNSGA2,8,-0.6953851063627212,0.32489119739591193,1.191971203281233,-0.6939371511667848,0.3667113465248061
1,StandardNSGA2,8,-0.44919412985064805,0.45285777007677197,1.201575571988228,-0.3758481084983953,0.13519698519958745
1,StandardNSGA2,8,-0.5840764941229704,0.44166367721809163,0.6747429940891573,-0.6269675327373871,0.7303455406201886
1,StandardNSGA2,8,-0.6411089802939106,0.3508688459257101,1.4368275854712884,-0.7083316251580248,0.32353085444743956
1,StandardNSGA2,8,-0.520387793666474,0.4509592226364229,0.5633356668893262,-0.5877467161669843,0.5698875191378446
1,StandardNSGA2,8,-0.4663794863761998,0.43663475357033404,0.9919746671444328,-0.28451963727051394,0.17952713926282513
1,StandardNSGA2,8,-0.5533882519571864,0.4773628475688138,0.6574873400494294,-0.7052953588272569,0.7034752168679923
1,StandardNSGA2,8,-0.5335377810302876,0.4579702207232822,0.5833828754229664,-0.5784200174895967,0.6392443945361016
1,StandardNSGA2,8,-0.47712721391564755,0.4350470663793861,1.0148846002135223,-0.31807868166519204,0.17596467482804543
1,StandardNSGA2,8,-0.4431235727832193,0.45510337181862226,1.1527538013223833,-0.36264712153283046,0.16223893425967922
1,StandardNSGA2,8,-0.596000353555857,0.40867826290337367,1.003495015435271,-0.8523821966749722,0.40339493675066845
1,StandardNSGA2,8,-0.6566739673522497,0.37244897713632474,1.0700155515160488,-0.7547711083072278,0.3501249911159584
1,StandardNSGA2,8,-0.5956239225110715,0.4234611174057015,1.059218945609956,-0.8267215383642297,0.33719661841718845
1,StandardNSGA2,8,-0.6762253585598476,0.3439461421057758,1.3544698050897952,-0.6901545401580619,0.32493252133074557
1,StandardNSGA2,8,-0.46272037205937516,0.46102789904196906,1.201575571988228,-0.3393984393250642,0.14852538147914957
1,StandardNSGA2,8,-0.4285142925130347,0.5302598883732956,0.7397513981473142,-0.5790770276968307,0.29645248926585366
1,StandardNSGA2,8,-0.6694523752929407,0.33917304075507604,1.4126245053551467,-0.6566980032582264,0.32152350002049823
1,StandardNSGA2,8,-0.5479205379807153,0.4893960026300765,0.6915682278846585,-0.6091872643075404,0.552437928658769
1,StandardNSGA2,8,-0.686411029389895,0.33176680313500795,1.2847880786040071,-0.6625156546043429,0.3507704789839633
1,StandardNSGA2,8,-0.4869179033175929,0.48300825173963463,0.7702007157586646,-0.44320495910442953,0.2840174235417471
1,StandardNSGA2,8,-0.47142439174654616,0.5035675194885936,0.6027637058449147,-0.5921248747505508,0.36271054769083333
1,StandardNSGA2,8,-0.535821705275149,0.41667377293420016,1.1017707555238396,-0.40275347431464253,0.21223918749339576
1,StandardNSGA2,8,-0.607417911188022,0.35947635533268213,1.2392489169603271,-0.5689071130579668,0.31512657779249587
1,StandardNSGA2,8,-0.5380400314757396,0.4486154318995892,0.6397664390839423,-0.6722587702116025,0.6323397038869438
1,StandardNSGA2,8,-0.4587165968877119,0.47712472981146375,0.8277458339029348,-0.45517118981038285,0.22587776603350962
1,StandardNSGA2,8,-0.642922606796588,0.35340048406555197,1.387999450968369,-0.7329750129737752,0.3266718619252498
1,StandardNSGA2,8,-0.6297138500623362,0.3944514807740311,0.8415174812746266,-0.6699011603706696,0.42114912725273806
1,StandardNSGA2,8,-0.6625919359517523,0.3472312058789755,1.337389786638785,-0.6263198885584222,0.34210028512791374
1,StandardNSGA2,8,-0.42711150664688347,0.5229447453248662,0.8684058283919127,-0.5078260840669128,0.2019244245078804
1,StandardNSGA2,8,-0.5657862289367981,0.39108923617036906,0.7994911844726069,-0.6399946703686307,0.5470276310850494
1,StandardNSGA2,8,-0.5685883336828844,0.46554234660428157,0.7849825783431665,-0.7885654685882408,0.601173263389282
1,StandardNSGA2,8,-0.4353612691261185,0.5232603561667453,0.7240467010585573,-0.5714734333744863,0.2990981273609498
1,StandardNSGA2,8,-0.497252301802536,0.485868438605846,0.6747429940891573,-0.6175420202304209,0.52525933549406
1,StandardNSGA2,8,-0.6355806061292691,0.3710501548647233,1.0700155515160485,-0.7246754739115426,0.4866389627184504
1,StandardNSGA2,8,-0.49308972571238224,0.444666301414534,0.9322398894708788,-0.4951357970197538,0.26932173012079313
1,StandardNSGA2,8,-0.464075785305517,0.5092754072557547,0.7079937284797468,-0.65478184894889,0.4710758208088458
1,StandardNSGA2,8,-0.5424832631598896,0.3994907422213875,0.9072453912952236,-0.42178506860546144,0.2602707887674067
1,StandardNSGA2,8,-0.4555496783484688,0.45855330163216623,0.9198275413214969,-0.418510139758755,0.19064388400766694
1,StandardNSGA2,8,-0.5408098811767438,0.42536895788229784,0.7397513981473143,-0.6497567185319865,0.500013613116944
1,StandardNSGA2,8,-0.573262701641628,0.4552912638872814,0.9072453912952236,-0.7929244557648868,0.34151345807491057
1,StandardNSGA2,8,-0.509104013513444,0.4987915575119817,0.755129549685372,-0.5520320569713094,0.3086563175317571
1,StandardNSGA2,8,-0.5982190085552819,0.3646297221932918,1.2667688800364192,-0.6247820588091195,0.2834701553011018
1,StandardNSGA2,8,-0.5157079742259549,0.4117383047833737,0.8815425052328281,-0.4668495825147203,0.24343456575498265
1,StandardNSGA2,8,-0.5565617382164373,0.42967604430703055,0.8137411503644992,-0.7622658910548324,0.38374286397512597
1,StandardNSGA2,8,-0.523297158941471,0.43490592142084894,0.9198275413214968,-0.3441518448221126,0.23941973907504951
1,StandardNSGA2,8,-0.6431682006534141,0.3869977488793029,1.201575571988228,-0.7868662759455959,0.35961609357482194
1,StandardNSGA2,8,-0.47248843041748456,0.4314182918322314,1.0372886595566415,-0.3889983287481566,0.17474705700311216
1,StandardNSGA2,8,-0.612909145992886,0.37984953205993294,1.1121543523606332,-0.7700880854333074,0.32666929934822087
1,StandardNSGA2,8,-0.6461507005049778,0.34250143680003414,1.1121543523606332,-0.6768221300485731,0.3292510191865946
1,StandardNSGA2,8,-0.6847327784209092,0.3282601469098644,1.162682171623153,-0.6794299323078163,0.37871936848483506
1,StandardNSGA2,8,-0.5837545428440267,0.42745368036369263,0.7079937284797468,-0.6151553736361992,0.5163921934626753
1,StandardNSGA2,8,-0.57475128169108,0.3480390597422728,1.1427391744033624,-0.5125461776731737,0.25890149493897974
1,StandardNSGA2,8,-0.46690328361290356,0.46994381517345724,0.7551295496853719,-0.46827238267662785,0.291587522809632
1,StandardNSGA2,8,-0.5300050076103384,0.4464219915191192,0.9444891303068569,-0.7116641227372678,0.2754130650931089
1,StandardNSGA2,8,-0.5854400494020162,0.39928956192354803,0.7079937284797468,-0.6255815479924731,0.6095191653238062
1,StandardNSGA2,8,-0.6357435631463633,0.3779465489455995,1.0372886595566415,-0.6718952804492975,0.41930842611702
1,StandardNSGA2,9,-0.5338161949252545,0.3660721216738182,1.3025580288099368,-0.5730019812822873,0.1587858980632247
1,StandardNSGA2,9,-0.506296748833466,0.4592642994307738,0.6215404981423345,-0.27604183864767556,0.37049910189321744
1,StandardNSGA2,9,-0.6110039570134284,0.3287439369243349,1.3962560587641577,-0.6944225907760323,0.2355060044555965
1,StandardNSGA2,9,-0.6792338919279116,0.3345667438943102,1.2299387677605,-0.7801765483873235,0.3218160939863208
1,StandardNSGA2,9,-0.5691878939106683,0.3892508961922533,0.7240467010585573,-0.5341534551839641,0.7425247831472465
1,StandardNSGA2,9,-0.6522964409309691,0.29774119413439415,1.2484896411001853,-0.6741198042851786,0.2732700509348578
1,StandardNSGA2,9,-0.5304207651564141,0.459636516955883,0.5209319169482601,-0.34720511144184424,0.515740587806271
1,StandardNSGA2,9,-0.4723804950668303,0.5295691335754944,0.6027637058449148,-0.4524570834459832,0.47364104908826443
1,StandardNSGA2,9,-0.6359262684570582,0.3673277002100654,1.0912883633487744,-0.8689120887713896,0.34440098042029527
1,StandardNSGA2,9,-0.4054558274347224,0.4408543697907758,1.1326360028574725,-0.42759414534864976,0.1723094270925693
1,StandardNSGA2,9,-0.49041273071403435,0.4987955329622814,0.5633356668893262,-0.4207950727822757,0.5889113391669853
1,StandardNSGA2,9,-0.6041083031606249,0.3544409905389393,0.8550673523401052,-0.7100904462614778,0.6481784868768543
1,StandardNSGA2,9,-0.5448689683436461,0.44153427509678417,0.5633356668893262,-0.3403074216405795,0.539403416343607
1,StandardNSGA2,9,-0.5189181748582523,0.4592294290950729,0.6215404981423344,-0.44267730346012346,0.6692889862486598
1,StandardNSGA2,9,-0.5053831424456308,0.5095509239356115,0.6215404981423345,-0.3864246567159838,0.3614736243340204
1,StandardNSGA2,9,-0.42280704946840497,0.46389321609937256,0.8944862739468376,-0.47727130173674953,0.22586739950465923
1,StandardNSGA2,9,-0.4825467888822089,0.5188947714983063,0.5833828754229664,-0.4388894542593592,0.4584925476493503
1,StandardNSGA2,9,-0.47578293269616545,0.524619341950597,0.6027637058449147,-0.4335348887670813,0.4174816152011533
1,StandardNSGA2,9,-0.5143342859868173,0.4728931865231626,0.6747429940891572,-0.4926138937569351,0.5602141255526061
1,StandardNSGA2,9,-0.626166970630415,0.3767173920753581,0.9565815297270429,-0.81614407131357,0.3959051462027525
1,StandardNSGA2,9,-0.6661730920569641,0.3196189714385448,1.1919712032812333,-0.7603650095773713,0.3104815698410537
1,StandardNSGA2,9,-0.6723484081352741,0.3340416759093354,1.2392489169603271,-0.7866892217954111,0.33979267116357315
1,StandardNSGA2,9,-0.6468588033319154,0.3043515579895061,1.2205576048237503,-0.7467176000893123,0.294490074829899
1,StandardNSGA2,9,-0.4914133856593713,0.48411108868247743,0.6215404981423345,-0.30710140539721414,0.3918770797529919
1,StandardNSGA2,9,-0.5823048739399403,0.34508601565867975,1.3459568890394893,-0.6189908314390098,0.19624824556464388
1,StandardNSGA2,9,-0.458148962759476,0.47493344207672267,0.7702007157586646,-0.48207752603593707,0.2802209197654532
1,StandardNSGA2,9,-0.5475742337629264,0.4044335006365241,0.6574873400494295,-0.3549640944376931,0.5773486763392242
1,StandardNSGA2,9,-0.4936859032081486,0.44682247976978234,0.6574873400494295,-0.3982403867250054,0.4527902790364237
1,StandardNSGA2,9,-0.6134988637849046,0.3897354809963775,0.8550673523401052,-0.5282179641893222,0.6184929907109428
1,StandardNSGA2,9,-0.5060551172015739,0.49310256501692606,0.6397664390839424,-0.3667071078445129,0.46416745695243466
1,StandardNSGA2,9,-0.6348383536770423,0.32274418491762863,1.1527538013223833,-0.7423222026174955,0.2997219183386669
1,StandardNSGA2,9,-0.510831740446387,0.4544806942214429,0.6747429940891573,-0.529639255393496,0.7042879187030466
1,StandardNSGA2,9,-0.4508002348342294,0.4231386218671361,1.162682171623153,-0.45017661835929734,0.18058077159819486
1,StandardNSGA2,9,-0.4392870979917397,0.4614952400419883,0.9565815297270427,-0.42195167486578367,0.2396542170786126
1,StandardNSGA2,9,-0.5886092941420593,0.33988999705319184,1.31135270776567,-0.6737699239794097,0.22083485191194466
1,StandardNSGA2,9,-0.6197285618050956,0.3128808543428044,1.1017707555238396,-0.7254803840592524,0.3425517695305865
1,StandardNSGA2,9,-0.4980165152191415,0.48486256840983427,0.6397664390839424,-0.42477007231067965,0.34682227952692324
1,StandardNSGA2,9,-0.40581165279755915,0.43839938183753197,1.1121543523606332,-0.4255631738691489,0.1703479580726206
1,StandardNSGA2,9,-0.6469131623227995,0.3007512347087756,1.2758102920010672,-0.6586557541908004,0.2648976010202996
1,StandardNSGA2,9,-0.6438173807611128,0.33173129539517016,1.0372886595566415,-0.6356826510361189,0.5132772360552083
1,StandardNSGA2,9,-0.6572059287950476,0.3701652878803306,1.1527538013223835,-0.8540470314680808,0.3346188732383431
1,StandardNSGA2,9,-0.4330508338626048,0.45651829948036315,0.9444891303068568,-0.45800904440960427,0.2058859903861348
1,StandardNSGA2,9,-0.4885078226233862,0.4324763536546635,1.0700155515160485,-0.6641238306289738,0.23292924526823144
1,StandardNSGA2,9,-0.45220147551398276,0.4509487541669053,0.8277458339029348,-0.5026378113364891,0.2545113635542964
1,StandardNSGA2,9,-0.6090388134007163,0.3512191058762393,0.8684058283919128,-0.5557923043904687,0.4379773248932752
1,StandardNSGA2,9,-0.4819583707138543,0.43605817196599916,0.881542505232828,-0.38857580078156906,0.2906090939692271
1,StandardNSGA2,9,-0.5504194984821675,0.40817182409170316,0.6574873400494295,-0.4510451928579563,0.7083612067441901
1,StandardNSGA2,9,-0.46614678868316883,0.49623296917432513,0.6215404981423345,-0.4659158556471182,0.550065550711033
1,StandardNSGA2,9,-0.6277475781362638,0.3656487142922884,0.9803189452974895,-0.6546160403505438,0.3762838688324878
1,StandardNSGA2,9,-0.5692491782227503,0.3454068320638527,1.3629295501408403,-0.649596987956343,0.2050305800847573
1,StandardNSGA2,9,-0.6323858876584629,0.36852170042966265,0.9322398894708789,-0.5939521769334182,0.4965838872053078
1,StandardNSGA2,9,-0.5729403391751309,0.41388806298752057,0.7397513981473143,-0.5813012195703449,0.40567889178089
1,StandardNSGA2,9,-0.5771552097024034,0.42128778561956415,0.7994911844726069,-0.5854730490728214,0.4310842464118432
1,StandardNSGA2,9,-0.635391829398067,0.3105634545104989,1.1224418956996507,-0.7019767720881481,0.31517850454598645
1,StandardNSGA2,9,-0.6184671972286166,0.332605778472419,1.0034950154352709,-0.6320744298324916,0.48422352815225517
1,StandardNSGA2,9,-0.457787704590839,0.483143120997698,0.7240467010585573,-0.4488398033435148,0.3282560179905755
1,StandardNSGA2,9,-0.566206930859426,0.40808090851568635,0.8277458339029348,-0.4615057835637043,0.36003814491822606
1,StandardNSGA2,9,-0.5870873061816353,0.3595606473739445,0.8137411503644991,-0.5515094202562851,0.38452530073759406
1,StandardNSGA2,9,-0.5538060652519101,0.4453655723233524,0.7551295496853719,-0.6026046345572331,0.38037732940780933
1,StandardNSGA2,9,-0.6214013323454183,0.3195338133798947,1.003495015435271,-0.6093457613238906,0.5319990238546376
1,NSGA3,0,-0.6085175156089755,0.3076317858651912,0.9919746671444329,-0.6682325908130938,0.25205345615251395
1,NSGA3,0,-0.5847535337732337,0.39549474384410244,0.7240467010585573,-0.6097899692832913,0.2944617410804634
1,NSGA3,0,-0.6741439688238842,0.30071028368709335,1.0912883633487744,-0.7238878923047978,0.2750820724822124
1,NSGA3,0,-0.6749928930283218,0.31077591311713354,1.0261477756627881,-0.7032939801612654,0.4201544929299604
1,NSGA3,0,-0.6531757371209486,0.29891197171948475,0.9444891303068569,-0.6083634567602558,0.2926991379296155
1,NSGA3,0,-0.6132639004086788,0.3657637664736776,1.0261477756627881,-0.8410348890979185,0.2686516796455071
1,NSGA3,0,-0.6636327486217144,0.34758551520407116,0.9565815297270429,-0.7119960280288558,0.2690290237016514
1,NSGA3,0,-0.6496940179921051,0.36018109087492667,0.755129549685372,-0.684852870802317,0.4294404871815532
1,NSGA3,0,-0.6785292562392835,0.33922362562797137,1.0700155515160488,-0.8397909744760887,0.2954795259411543
1,NSGA3,0,-0.5803611547151515,0.39908282357363617,0.755129549685372,-0.8108741787898781,0.5330361989326431
1,NSGA3,0,-0.6680367676109051,0.3695654791230146,0.9685229624340642,-0.8270752852950235,0.4027459068503469
1,NSGA3,0,-0.6628618512532551,0.32497306255133124,1.1725264764419856,-0.8223985657861373,0.365237806512479
1,NSGA3,0,-0.6392285038750259,0.32869078459314893,0.8684058283919128,-0.7883710993281051,0.3783822779790311
1,NSGA3,0,-0.6082927524685967,0.3257753940982847,0.7397513981473143,-0.5954695513591535,0.3898543426813813
1,NSGA3,0,-0.6683837936366858,0.3271999385930361,1.0700155515160488,-0.8153427348765959,0.2810352936668582
1,NSGA3,0,-0.6413277078791866,0.3278823066187773,0.8550673523401053,-0.6823813735816799,0.3128852346193639
1,NSGA3,1,-0.6306385308683714,0.3504631627960348,0.7702007157586646,-0.7756732257811905,0.3556081892563822
1,NSGA3,1,-0.6302494162163272,0.31714968275171207,0.755129549685372,-0.6778828931121084,0.3381447675827871
1,NSGA3,1,-0.6368175664138193,0.3374487637921345,0.9565815297270429,-0.8099162521645734,0.2613008945322343
1,NSGA3,1,-0.6720022001114401,0.33360721888831535,0.9565815297270429,-0.8225151835181336,0.3738659457603837
1,NSGA3,1,-0.6468355156667018,0.31391904423126527,0.8684058283919128,-0.7712265338540315,0.31968465293973874
1,NSGA3,1,-0.671776021718857,0.30886532314020104,1.1121543523606332,-0.7642045044533164,0.27259050451356315
1,NSGA3,1,-0.674818108542007,0.310569061362979,0.8550673523401053,-0.7136831390872791,0.32266960220783086
1,NSGA3,1,-0.663745650291275,0.32767639555244693,0.7702007157586646,-0.76023538188336,0.41677593978293836
1,NSGA3,1,-0.6079341391315249,0.3814344878045032,0.7397513981473143,-0.5887466429308017,0.27180575413906227
1,NSGA3,1,-0.6722575236498611,0.3372523438325528,1.122441895699651,-0.8150944225357577,0.2724309051613412
1,NSGA3,1,-0.6458863019358434,0.31664389716343483,1.0700155515160488,-0.7747314384382872,0.26080408459154286
1,NSGA3,1,-0.6742296274771469,0.30982724990878185,1.0372886595566415,-0.7885201351336046,0.2969988250793265
1,NSGA3,1,-0.6644900853292967,0.3375012848124719,0.755129549685372,-0.7115493983774491,0.3592919521416324
1,NSGA3,1,-0.6614770589895735,0.3423158426688535,0.9444891303068569,-0.7368951431556925,0.2719079805476703
1,NSGA3,1,-0.6237070104755746,0.30674846363765895,0.9803189452974895,-0.7029425828109386,0.25889204058224935
1,NSGA3,1,-0.6716419599762041,0.32539506304374133,0.9444891303068569,-0.7876882514833163,0.4102401029576651
1,NSGA3,2,-0.6874634565837263,0.30303491018521267,1.266768880036419,-0.7283222662692432,0.24842701172108014
1,NSGA3,2,-0.6831302796467295,0.3298138737446191,1.2205576048237508,-0.8358228595146052,0.2768884038807348
1,NSGA3,2,-0.6360880396583497,0.35420758972888766,1.003495015435271,-0.8066663665784775,0.2510219034468584
1,NSGA3,2,-0.6840848745287211,0.31782827937365404,1.266768880036419,-0.8420844606850008,0.2912228008293737
1,NSGA3,2,-0.6673121252108121,0.3043476982474959,0.9072453912952236,-0.7327680441747827,0.33435345768453045
1,NSGA3,2,-0.6360069238572025,0.33070648142729253,0.8684058283919128,-0.7423636303711818,0.27683200244305955
1,NSGA3,2,-0.674317802109782,0.3459675606721849,0.9919746671444329,-0.6733391082141397,0.2666342125005906
1,NSGA3,2,-0.6081710362354187,0.30451558627637365,1.191971203281233,-0.6509701354469674,0.22210509262086697
1,NSGA3,2,-0.6219689676517979,0.37143834126915987,0.7994911844726069,-0.8130128760123693,0.4751453567025209
1,NSGA3,2,-0.6577981987937727,0.3154917454983927,1.003495015435271,-0.8025105788853277,0.3043524681481485
1,NSGA3,2,-0.6714843058509731,0.33613816703662314,0.9803189452974895,-0.8444941708050754,0.334425493411346
1,NSGA3,2,-0.6768588394075005,0.3365714659075502,0.8684058283919128,-0.7560986436005159,0.32469710481096553
1,NSGA3,2,-0.6566840730345325,0.3067825530359468,0.8815425052328281,-0.718209220645371,0.339938180684077
1,NSGA3,3,-0.6277761945734317,0.32910937499511295,0.9565815297270429,-0.8277492133929762,0.32845460662185755
1,NSGA3,3,-0.6857264959161843,0.30359876178582235,0.9919746671444329,-0.7432442481496506,0.3135473235518126
1,NSGA3,3,-0.5919255943513312,0.3981241637621994,0.7994911844726069,-0.8650807279330592,0.34799932350095897
1,NSGA3,3,-0.6614911918925779,0.3694932048287896,0.7849825783431665,-0.6702928891184767,0.35129301778639344
1,NSGA3,3,-0.6504773208595683,0.32337479228090876,0.7994911844726069,-0.6249511410374033,0.32292145045869514
1,NSGA3,3,-0.585721541700828,0.31339582459436877,1.0912883633487744,-0.6370043592515185,0.24647165259633458
1,NSGA3,3,-0.6805721455788643,0.3541252484310271,1.0807043010154629,-0.8567000535136916,0.33058043870085174
1,NSGA3,3,-0.6749595983996379,0.30834151846790214,1.1326360028574725,-0.7347515801926316,0.2626224498309654
1,NSGA3,3,-0.6101787917758864,0.3949540879213435,1.0807043010154629,-0.858758019815132,0.24944529736903753
1,NSGA3,3,-0.6193021704655765,0.32281223991878416,0.7849825783431665,-0.6867804331147496,0.3375034542757867
1,NSGA3,3,-0.6687488160649073,0.3510572524535157,1.0700155515160485,-0.7502635153362273,0.24768615628827545
1,NSGA3,3,-0.5839660664037156,0.3945381668634701,0.7079937284797468,-0.6924640062023848,0.26708644600680254
1,NSGA3,3,-0.6792911046029722,0.34456688537263147,1.112154352360633,-0.8457589084985011,0.28041424138369886
1,NSGA3,3,-0.634161246467922,0.3241866306364411,1.0807043010154629,-0.821264848016509,0.2790688152788845
1,NSGA3,3,-0.6797067249304873,0.31179119428845203,1.0807043010154629,-0.8200337241618989,0.31691845798588936
1,NSGA3,4,-0.6682037566786295,0.32029578562984967,1.2392489169603274,-0.8145497873877547,0.26392799289402563
1,NSGA3,4,-0.6666839045039904,0.35533941894238774,1.1822888156895437,-0.8678910084613527,0.246618653121846
1,NSGA3,4,-0.5631607182289248,0.39531281154115483,0.7397513981473143,-0.6013486220723915,0.25248915112783965
1,NSGA3,4,-0.6656519903062526,0.3112181297334408,0.9919746671444329,-0.7449700589428124,0.2828998268201634
1,NSGA3,4,-0.6555861083553395,0.3464462094526498,0.8277458339029348,-0.7487679276596922,0.31650777760765997
1,NSGA3,4,-0.6242480955548654,0.31360219854584315,1.0261477756627881,-0.677782212445667,0.2295668904622517
1,NSGA3,4,-0.6398620101296941,0.3177567150139746,0.7849825783431665,-0.6497487629788206,0.2947879226728528
1,NSGA3,4,-0.6546198305235841,0.34864147578020804,1.003495015435271,-0.7332418676925238,0.2520830834826091
1,NSGA3,4,-0.57067851486992,0.40447968159887476,0.7702007157586646,-0.8023523558728616,0.3702464849282017
1,NSGA3,4,-0.6130964499957318,0.32164775906537546,0.8277458339029348,-0.6981693357075214,0.3317734303271117
1,NSGA3,4,-0.6390258908869604,0.3232422407701886,1.1326360028574722,-0.7867024128692268,0.2654473362754278
1,NSGA3,4,-0.6609715169158669,0.378595867410252,1.0807043010154627,-0.845779534153427,0.32928794521912785
1,NSGA3,4,-0.6433525014292044,0.3198805382095062,0.9072453912952236,-0.6731431880750369,0.2528430015875126
1,NSGA3,4,-0.639591951191701,0.34227588329131564,0.8277458339029348,-0.6268886892144835,0.2688278620360231
1,NSGA3,4,-0.6281112150080344,0.3302129326122283,0.9919746671444329,-0.7956616175834197,0.2950380377177698
1,NSGA3,4,-0.6181524345296389,0.3753258786663185,0.9919746671444329,-0.8224650607178976,0.24025804556693459
1,NSGA3,4,-0.6369019737247074,0.32262439236009,0.8137411503644992,-0.6613543199909857,0.2726996489825929
1,NSGA3,4,-0.67082980055848,0.3177808779763092,1.3113527077656704,-0.8200848549376586,0.26278374741963584
1,NSGA3,4,-0.6570597058217478,0.3157092218011288,1.2576624704910284,-0.7484959205834566,0.2416112294208609
1,NSGA3,4,-0.6559326451158334,0.3239051535422484,0.8944862739468377,-0.751268838139183,0.30827992089894246
1,NSGA3,5,-0.6204925176391198,0.30538159583599916,1.059218945609956,-0.6985896188835802,0.2630832371243263
1,NSGA3,5,-0.6740798302865469,0.30059127926713447,1.2205576048237508,-0.755067332229971,0.25228956933906754
1,NSGA3,5,-0.6757788402492861,0.3682820383907114,1.1326360028574722,-0.840922398111719,0.347108459756711
1,NSGA3,5,-0.6518705895691715,0.30833847235296385,1.201575571988228,-0.808499505377793,0.2571604143109326
1,NSGA3,5,-0.6277182406538788,0.32974521422005265,0.8137411503644991,-0.7185121640879435,0.32109719238533907
1,NSGA3,5,-0.5867113296702906,0.3862833552348252,0.7994911844726069,-0.6485694465632983,0.260540017918418
1,NSGA3,5,-0.6705258576403814,0.34881254225292746,0.8815425052328281,-0.7183476334623884,0.3441982099913406
1,NSGA3,5,-0.6678500979605413,0.34161503979605945,1.0372886595566415,-0.7176772751564776,0.2649868756731034
1,NSGA3,5,-0.6443627773608037,0.3132693370627213,1.0483111508478486,-0.8119364238741487,0.3019108705204704
1,NSGA3,5,-0.6726710232487829,0.31343076000248055,1.0912883633487742,-0.7179824127885961,0.3320804693175122
1,NSGA3,5,-0.6393966970453704,0.34323364311642834,1.0807043010154629,-0.8661102192488463,0.280034480716702
1,NSGA3,5,-0.6679655025988025,0.3300526954348219,1.162682171623153,-0.8471763117042274,0.25922594376419933
1,NSGA3,5,-0.6542550555258263,0.32231883294902053,0.9803189452974894,-0.6595810693246509,0.2840473583329328
1,NSGA3,5,-0.6316899528269306,0.3484117994072723,0.9322398894708789,-0.8144597712352833,0.3197282716858868
1,NSGA3,6,-0.6607991566304519,0.311529650850927,1.0700155515160488,-0.7265489664083071,0.2489937555863404
1,NSGA3,6,-0.6609184586136413,0.3530097978744272,0.9803189452974894,-0.6851435907703278,0.25559498987496887
1,NSGA3,6,-0.625286405602359,0.32200067962858875,0.9685229624340641,-0.7976812747334051,0.32192484286753364
1,NSGA3,6,-0.6471411572768598,0.30647755103025565,0.9444891303068569,-0.6062885264174108,0.25557969807919606
1,NSGA3,6,-0.6677865731850663,0.3124164273213199,0.8137411503644992,-0.71398439173299,0.3376656115692732
1,NSGA3,6,-0.6340199089241079,0.316881971821073,0.755129549685372,-0.6911002991947542,0.3226552372256408
1,NSGA3,6,-0.6600292566116795,0.3708617965515954,0.7240467010585573,-0.7056397869594695,0.3837760131183739
1,NSGA3,6,-0.661732637249143,0.31467379252813127,1.0261477756627881,-0.8048450413280728,0.30693565631115477
1,NSGA3,6,-0.5580387063109515,0.40382737810661384,0.6915682278846585,-0.5288484547215828,0.2439637172257557
1,NSGA3,6,-0.594427857614435,0.38198272072287986,0.7079937284797468,-0.8036721681313178,0.360158488529011
1,NSGA3,6,-0.6162421761686112,0.34738721867827904,0.9803189452974894,-0.7895537780637274,0.2497879768484265
1,NSGA3,6,-0.6584682778244482,0.3459030931198798,1.182288815689544,-0.7998464895075593,0.25219025236999737
1,NSGA3,6,-0.6068837782494387,0.3086874258817126,0.9565815297270427,-0.6493039055684484,0.2323088164582877
1,NSGA3,6,-0.6501168788149492,0.33967376902724145,0.9198275413214969,-0.8369560095474249,0.31086333831021296
1,NSGA3,6,-0.6240198615802879,0.31504713735589784,1.0700155515160485,-0.7704193703285318,0.25073146653004763
1,NSGA3,7,-0.617559361288285,0.35037718519210637,0.9565815297270427,-0.7958003506178196,0.2774389710518915
1,NSGA3,7,-0.6569232923892981,0.33855656788956956,1.201575571988228,-0.8230519928025917,0.26222536652434264
1,NSGA3,7,-0.6597230009653441,0.2909006329385206,1.0483111508478486,-0.6578594186477679,0.2816574681157844
1,NSGA3,7,-0.6427276878679126,0.32617373445135256,0.8277458339029348,-0.5656095620434016,0.3006901579971121
1,NSGA3,7,-0.6605730117509102,0.34104488304614283,1.0372886595566415,-0.6951456703736995,0.2689855200348509
1,NSGA3,7,-0.6162158600848693,0.3223261129546849,0.7849825783431665,-0.5444546768363526,0.27343414949130224
1,NSGA3,7,-0.5742387184755915,0.3799411195695769,0.6915682278846585,-0.6054437029945825,0.268052385954425
1,NSGA3,7,-0.6640927138539185,0.3104419603147967,1.1725264764419856,-0.7835651757782468,0.3014798572294617
1,NSGA3,7,-0.6687927683652218,0.3025219265844323,1.122441895699651,-0.7195837156780135,0.2691044170428708
1,NSGA3,7,-0.6152419810485773,0.35664854154542336,0.7849825783431665,-0.78257207367077,0.37917248445245916
1,NSGA3,7,-0.6344921011323422,0.29999091100007613,0.9198275413214969,-0.6795306398051835,0.2670588208923151
1,NSGA3,7,-0.6634902302843521,0.3024421146092528,1.0261477756627881,-0.7887302057128701,0.327941640462575
1,NSGA3,7,-0.6363442879152718,0.31023365101038225,0.8137411503644991,-0.6625702609157182,0.31520252164975693
1,NSGA3,7,-0.6689016887290589,0.3292714180763173,0.9565815297270429,-0.7740849374636619,0.33104154287544374
1,NSGA3,7,-0.6437837432081537,0.3463140355020323,0.755129549685372,-0.6742768075994515,0.3431622593109124
1,NSGA3,7,-0.6326234834823102,0.32447712203976553,1.0912883633487742,-0.8453818791043242,0.28677435889461006
1,NSGA3,7,-0.6361363826785188,0.30629830257160173,1.1326360028574725,-0.7640553078115802,0.26731433141171096
1,NSGA3,7,-0.6423118916477351,0.3040337558504976,0.9803189452974895,-0.6059128034794818,0.26646053979032447
1,NSGA3,8,-0.6724723981497911,0.3198355762938235,1.2299387677605,-0.8173598994511305,0.26909100422936794
1,NSGA3,8,-0.6135403715664939,0.3494475327774186,0.8277458339029348,-0.6495758295072319,0.2546205741468155
1,NSGA3,8,-0.6713860097725866,0.29079129129659603,0.9803189452974895,-0.7120347390046182,0.3482677707507195
1,NSGA3,8,-0.6101937751190187,0.3386052469041709,0.8415174812746266,-0.814672311059647,0.3717408614633736
1,NSGA3,8,-0.6564920845878776,0.303174610676085,1.0148846002135226,-0.8039045488524816,0.3456866670256193
1,NSGA3,8,-0.6681503153663899,0.28815747178877393,1.211103777942239,-0.7301888633242781,0.2715047768957361
1,NSGA3,8,-0.6296182877108116,0.3038686354419585,1.0807043010154629,-0.6852642800398785,0.23744176701575975
1,NSGA3,8,-0.639473211725987,0.3047085369920285,0.8137411503644992,-0.6762656407733301,0.351549440183042
1,NSGA3,8,-0.6361109425379713,0.30284559099754105,1.1527538013223833,-0.7786487843287928,0.27074498972154837
1,NSGA3,8,-0.6700323947310357,0.33286967157843156,1.1121543523606332,-0.8405209551777958,0.33861281961198236
1,NSGA3,8,-0.6618432156926923,0.3268302956610947,1.0807043010154629,-0.682586550650397,0.24257547276448044
1,NSGA3,8,-0.6707974543848148,0.3011588662525645,1.1725264764419854,-0.8196083935490875,0.31543463898215934
1,NSGA3,8,-0.6334377138257136,0.328747195013668,1.0261477756627881,-0.7950709509070866,0.2540699924434036
1,NSGA3,8,-0.6425454172988166,0.3034664758636051,0.9803189452974895,-0.7634740047186727,0.2902808468077194
1,NSGA3,8,-0.6315434369197886,0.3067537646593264,0.8944862739468377,-0.7612464621115402,0.44232497752469174
1,NSGA3,8,-0.6570939585468751,0.3147216196574799,0.8137411503644991,-0.7100339832545306,0.3483464762172745
1,NSGA3,9,-0.6632591736083127,0.31958833527979713,0.9685229624340641,-0.8063681229166505,0.33297211164294743
1,NSGA3,9,-0.6089660869472125,0.32964453897689083,0.6915682278846585,-0.6592780121481437,0.37288681571163373
1,NSGA3,9,-0.6415276551501773,0.3181143764648908,0.9198275413214969,-0.7919871914053225,0.31382443839502
1,NSGA3,9,-0.6486081707175023,0.31327343847455325,0.8415174812746266,-0.5656749806814169,0.2665635769543927
1,NSGA3,9,-0.6218043983465303,0.3703490623271156,0.8815425052328281,-0.7676335446094583,0.28116656686019914
1,NSGA3,9,-0.6722514053067886,0.3549774749826809,1.003495015435271,-0.8473452705380016,0.29450178342384403
1,NSGA3,9,-0.6173079776465564,0.319400832429045,0.8944862739468377,-0.653745609852578,0.2619082060636414
1,NSGA3,9,-0.6579221553922638,0.3620959423183322,0.9198275413214968,-0.676832350137225,0.25172061940673535
1,NSGA3,9,-0.5972468799809274,0.399919823279113,0.6747429940891573,-0.7733147710015598,0.4442696245427717
1,NSGA3,9,-0.6692404282777881,0.3569002291495948,0.8415174812746266,-0.7973190782285379,0.3357320810088564
1,NSGA3,9,-0.6527205220935046,0.3589862757309626,0.7079937284797467,-0.6604877363499337,0.3581798717947991
1,NSGA3,9,-0.5666938295591238,0.41176018223742067,0.6574873400494295,-0.5257537300360862,0.2899235377419651
1,NSGA3,9,-0.6608430505931325,0.3016295098822152,1.0372886595566415,-0.6643846827802851,0.2414427972220496
1,NSGA3,9,-0.6672991597420371,0.3005766774634825,0.9072453912952236,-0.6721962877330043,0.39223789876770254
1,NSGA3,9,-0.6485860770684301,0.3327504747412956,0.7397513981473143,-0.5876005943835902,0.3585686598564154
1,NSGA3,9,-0.6532387917949569,0.4170550446399578,0.7849825783431665,-0.8144121840514288,0.32716700333519766
1,NSGA3,9,-0.6383569311923358,0.3309571743015609,0.755129549685372,-0.5773688730842569,0.30644584898300986
1,NSGA3,9,-0.6472577188067469,0.41748447733467897,0.7849825783431665,-0.8003477186426238,0.30949257194220225
1,PAA-NSGA-II,0,-0.7066373394430917,0.3568555103462859,1.5595799441917928,-0.8107211412527233,0.33064519468416237
1,PAA-NSGA-II,0,-0.6371480621512546,0.29587818304420865,1.3200887962222396,-0.5388828525027697,0.29904783697629894
1,PAA-NSGA-II,0,-0.42618325357735964,0.4762546960611605,0.6215404981423344,-0.4578083111153789,0.520544410478698
1,PAA-NSGA-II,0,-0.4719671774899764,0.5428067501015243,0.5833828754229664,-0.5998202170620981,0.5836433049114971
1,PAA-NSGA-II,0,-0.4994813034571748,0.43824603683846775,0.7397513981473143,-0.3233587334189597,0.36053955064865784
1,PAA-NSGA-II,0,-0.6973290899043312,0.3615221382906244,1.6938332891759678,-0.8431934772344334,0.2795145968992815
1,PAA-NSGA-II,0,-0.5552414039836349,0.45014076624191696,0.755129549685372,-0.5873510180124003,0.713903089010465
1,PAA-NSGA-II,0,-0.47566543269085837,0.4806411220376178,0.4983789284753746,-0.4208887521656748,0.6248362991993905
1,PAA-NSGA-II,0,-0.6675798821632286,0.3998764432785977,1.5147140218016457,-0.9865395335628555,0.3223458416432919
1,PAA-NSGA-II,0,-0.5186642024003862,0.4110899183169948,1.293703564449794,-0.5733738003566995,0.15766971247478687
1,PAA-NSGA-II,0,-0.6242454086064274,0.31787517396413884,1.182288815689544,-0.5008559789937527,0.3395600180808909
1,PAA-NSGA-II,0,-0.4827429338939021,0.5179006600850581,0.6027637058449147,-0.5167682128856559,0.7069313810363115
1,PAA-NSGA-II,0,-0.48665960689068655,0.48979476662661164,0.54254821706694,-0.38368844676274727,0.6242462598034632
1,PAA-NSGA-II,0,-0.5520121277666672,0.371322005606637,1.2576624704910284,-0.6081564701145364,0.21001705348305832
1,PAA-NSGA-II,0,-0.6963317864835462,0.3614327167269992,1.596005053582509,-0.8507407572256869,0.291491112342612
1,PAA-NSGA-II,0,-0.6434391895971828,0.396653779389599,1.337389786638785,-0.8873648203066296,0.31349036004770997
1,PAA-NSGA-II,0,-0.6537523304675638,0.4030820816547712,1.4126245053551467,-0.9575939616262918,0.32077151634966905
1,PAA-NSGA-II,0,-0.6674436311292172,0.38736531610832137,1.4527389723778685,-0.916266471775564,0.3885857644391401
1,PAA-NSGA-II,0,-0.6301118864222982,0.3422160528990389,1.3113527077656701,-0.6440919574482986,0.22503668478333694
1,PAA-NSGA-II,0,-0.6574194313931739,0.40213004100662647,1.4917751340604712,-0.9676622927286171,0.31577822507487313
1,PAA-NSGA-II,0,-0.4345470328360569,0.4790229648877954,0.6027637058449146,-0.4496526894395302,0.5377554409070571
1,PAA-NSGA-II,0,-0.6809443729349111,0.36568832270049734,1.4448051827559238,-0.7442220848873999,0.31812379578171224
1,PAA-NSGA-II,0,-0.6921833454452637,0.3586845692213627,1.6664684781093735,-0.8183943778663684,0.289326820341153
1,PAA-NSGA-II,0,-0.45292543488630627,0.4750180659516442,0.6574873400494295,-0.49452088408146355,0.5210769148744196
1,PAA-NSGA-II,0,-0.4708219234458575,0.5423093245532907,0.6215404981423345,-0.579079584743597,0.5809568261036283
1,PAA-NSGA-II,0,-0.5903337881453554,0.3815461148118232,1.0912883633487742,-0.7236732462881321,0.4898358982957444
1,PAA-NSGA-II,0,-0.6147192591655278,0.32918677864032697,1.1427391744033626,-0.5086461175671723,0.45239516469940516
1,PAA-NSGA-II,0,-0.4960621949816167,0.5097732825907224,0.6747429940891573,-0.6407202709048423,0.6730043087429681
1,PAA-NSGA-II,0,-0.587726849921225,0.38854192458406217,1.537310666418436,-0.7494898772869962,0.23701439268723826
1,PAA-NSGA-II,0,-0.6750238385250593,0.3739680118556287,1.4994604217345198,-0.8991240276797399,0.3024630165424727
1,PAA-NSGA-II,0,-0.4404725979702504,0.47617340792082474,0.6574873400494294,-0.44379451567041006,0.5006041441349494
1,PAA-NSGA-II,0,-0.4824677785472506,0.4975023476175715,0.6397664390839424,-0.5252635425247265,0.6784756200652308
1,PAA-NSGA-II,0,-0.5282392556377798,0.4670716240385436,0.7702007157586644,-0.6262087065602794,0.6971411691890312
1,PAA-NSGA-II,0,-0.5079324881797704,0.44716350400428195,0.7079937284797468,-0.3724615598230347,0.42883060730716915
1,PAA-NSGA-II,0,-0.5923848844847817,0.3510268298943847,1.059218945609956,-0.551647606176841,0.27440502159382285
1,PAA-NSGA-II,0,-0.567058178985707,0.41919088542933725,0.9919746671444329,-0.789849414094445,0.46550897401730024
1,PAA-NSGA-II,0,-0.6931095839902228,0.35604028255212594,1.574251127939735,-0.8186295742644865,0.3232232759470628
1,PAA-NSGA-II,0,-0.5044606862462505,0.44430909310389133,0.755129549685372,-0.3256314665449592,0.3713236475076495
1,PAA-NSGA-II,0,-0.49775881940947075,0.4849483586434788,0.5633356668893262,-0.4273177936717998,0.5948457599047063
1,PAA-NSGA-II,0,-0.5580080245734933,0.4574000271526053,0.8815425052328281,-0.7655006698843362,0.4336889957975358
1,PAA-NSGA-II,0,-0.5945154172961252,0.39429412005203457,1.2392489169603271,-0.77863596465968,0.2622301968160432
1,PAA-NSGA-II,0,-0.5911290531663185,0.32872507149712116,1.2111037779422387,-0.4923605123487319,0.2877588637048379
1,PAA-NSGA-II,0,-0.5412057042286345,0.4531575905492088,0.8277458339029348,-0.5928143602228891,0.35889212041499513
1,PAA-NSGA-II,0,-0.6257054230167575,0.35933362412082415,1.3713371082247576,-0.715906111484722,0.2680992708987576
1,PAA-NSGA-II,0,-0.4629942731697982,0.4709915764465345,0.6215404981423345,-0.4269089012957082,0.634535100485613
1,PAA-NSGA-II,0,-0.5247850991482317,0.3989968831694294,1.4527389723778683,-0.5157849923676174,0.1815660360442358
1,PAA-NSGA-II,0,-0.46840586915463334,0.4198726790510429,0.7079937284797468,-0.35827021269003445,0.45271967109202726
1,PAA-NSGA-II,0,-0.5364661163737827,0.4299601958988314,0.9322398894708789,-0.686351129466212,0.47627022034354916
1,PAA-NSGA-II,0,-0.604048067479639,0.34799341450424526,1.1017707555238399,-0.592908582254226,0.44155264621326407
1,PAA-NSGA-II,0,-0.6721120661798855,0.3768364867550084,1.387999450968369,-0.8902469047964349,0.3140299214797301
1,PAA-NSGA-II,0,-0.5365392112909866,0.44928594837594693,0.7240467010585573,-0.5753757136639506,0.6553018050869666
1,PAA-NSGA-II,0,-0.6482777253639,0.40682597951542787,1.112154352360633,-0.6686427996668209,0.36726831697063705
1,PAA-NSGA-II,0,-0.5767573297877504,0.3931174479281158,1.4527389723778685,-0.7273991935373182,0.23194286725008167
1,PAA-NSGA-II,0,-0.581376915816352,0.41394936470252386,1.1527538013223835,-0.6860394619483763,0.24699972679853896
1,PAA-NSGA-II,0,-0.5459449308601138,0.3703096324927716,0.7994911844726069,-0.48824010566400255,0.4695902367516078
1,PAA-NSGA-II,0,-0.5772468778559563,0.4199953725404969,1.0148846002135223,-0.7150180677347466,0.34712862433475167
1,PAA-NSGA-II,0,-0.5838021391478299,0.3626595810030433,1.0372886595566415,-0.5368275164008036,0.29393378061058434
1,PAA-NSGA-II,0,-0.6468529815808128,0.3688192426127489,1.5521923516684872,-0.794987907359596,0.2783583193808553
1,PAA-NSGA-II,0,-0.6246037747124104,0.33384245004074675,1.1017707555238399,-0.5627887515769872,0.3646480031166374
1,PAA-NSGA-II,0,-0.5561943980708159,0.45486838901276344,0.8550673523401053,-0.7414167004186873,0.4207967665709907
1,PAA-NSGA-II,1,-0.6664498874156084,0.40672998891559214,1.484050047961325,-0.9829529983388781,0.3170929612171304
1,PAA-NSGA-II,1,-0.6560428065606574,0.29547786406601856,1.2667688800364192,-0.5903313738724141,0.414700012931098
1,PAA-NSGA-II,1,-0.42057200516085497,0.5161344824936988,0.7397513981473143,-0.545883135484994,0.46369947305901266
1,PAA-NSGA-II,1,-0.5306437301655084,0.4211116846666284,0.7079937284797467,-0.5000539240530395,0.8084520754470486
1,PAA-NSGA-II,1,-0.7069174768633296,0.3320041262883846,1.5521923516684872,-0.7924890867747512,0.31600148179972065
1,PAA-NSGA-II,1,-0.5830571696060163,0.4147182472005831,0.755129549685372,-0.3457743815202283,0.36834562588348674
1,PAA-NSGA-II,1,-0.6912514260812272,0.3331585212169461,1.638646748247976,-0.782506894809506,0.26446487200933316
1,PAA-NSGA-II,1,-0.42701170405524824,0.5235560880632493,0.6915682278846585,-0.5839098915425588,0.4464814093789665
1,PAA-NSGA-II,1,-0.5533104223286902,0.4159315529774849,0.5209319169482601,-0.4437364860886549,0.6034433393652829
1,PAA-NSGA-II,1,-0.5861296004159013,0.3863882998924922,1.201575571988228,-0.5501958299654668,0.15815134927277807
1,PAA-NSGA-II,1,-0.6372702399598309,0.36815495262589554,1.3200887962222398,-0.881810312561026,0.27589051140286136
1,PAA-NSGA-II,1,-0.5152195056993332,0.45156328472866053,0.6915682278846585,-0.5842123972282861,0.7570732934123733
1,PAA-NSGA-II,1,-0.6495726259786834,0.34533362931397116,1.4126245053551465,-0.6856976814898724,0.23266012507258887
1,PAA-NSGA-II,1,-0.6559926260952015,0.30989040079296537,1.2758102920010679,-0.6246126316342944,0.41988974540560875
1,PAA-NSGA-II,1,-0.556032049767649,0.40206510221602326,0.6747429940891573,-0.4732747062406853,0.7029469137920391
1,PAA-NSGA-II,1,-0.49358625016183383,0.5011946201486802,0.6574873400494295,-0.5234924795438115,0.35795719553528527
1,PAA-NSGA-II,1,-0.4977078937669539,0.47680653818437124,0.6397664390839424,-0.49742786063245675,0.6671431683241892
1,PAA-NSGA-II,1,-0.6795802381330791,0.38501350959513736,1.468477964887372,-0.847569338341368,0.34156471204627326
1,PAA-NSGA-II,1,-0.691654233077131,0.3297402391037475,1.6103444173701353,-0.7822477096263503,0.2541980032365084
1,PAA-NSGA-II,1,-0.6268087982069956,0.31651352824703016,1.3287674498039934,-0.6366531885535539,0.3692351857886451
1,PAA-NSGA-II,1,-0.5400267975965966,0.46732397604402554,0.9444891303068568,-0.7030033044375029,0.40093067199535143
1,PAA-NSGA-II,1,-0.7004162224115891,0.3399737690485936,1.4606296681954092,-0.7490264415109131,0.32571253478764584
1,PAA-NSGA-II,1,-0.5217066289614724,0.4904978424396356,0.7994911844726069,-0.685381177446006,0.5502155816656099
1,PAA-NSGA-II,1,-0.5720671699411053,0.44603466557159444,1.1427391744033626,-0.8357940324537931,0.3421836013953318
1,PAA-NSGA-II,1,-0.5395091747707792,0.42690569896044794,0.5633356668893262,-0.4289048807012942,0.5950959425187612
1,PAA-NSGA-II,1,-0.4507091362868251,0.5134840676781101,0.6915682278846585,-0.5491336717754708,0.4700900210030605
1,PAA-NSGA-II,1,-0.6239927492334486,0.3744209654593651,1.2937035644497943,-0.8669876375940386,0.3471813077654902
1,PAA-NSGA-II,1,-0.6844364011054569,0.32870019851219934,1.5815356839371835,-0.8028212302132947,0.291262356166161
1,PAA-NSGA-II,1,-0.5995132868991044,0.39054513463678475,1.1822888156895437,-0.6679258569101618,0.21410709627376043
1,PAA-NSGA-II,1,-0.4893655201325968,0.4837887343515381,0.7079937284797468,-0.46169455804090287,0.5220855696529003
1,PAA-NSGA-II,1,-0.4812944188041154,0.4853600955485374,0.7240467010585573,-0.4759459172609734,0.46889592958696336
1,PAA-NSGA-II,1,-0.45407110305579235,0.5100760185658199,0.6574873400494294,-0.5437364096740767,0.45725173873193137
1,PAA-NSGA-II,1,-0.42896291795526886,0.5175084234886188,0.6915682278846585,-0.5533605225219336,0.45107619183294567
1,PAA-NSGA-II,1,-0.6452361313366997,0.3572373567035737,1.201575571988228,-0.6469599059438835,0.22104091194639822
1,PAA-NSGA-II,1,-0.4672454395980951,0.4863385147020979,0.7240467010585573,-0.4508399028055818,0.4444220825091822
1,PAA-NSGA-II,1,-0.46311260984248415,0.49116565104405535,0.7397513981473143,-0.5082969911280218,0.3253975003780884
1,PAA-NSGA-II,1,-0.5952496548363201,0.40246386689531344,0.8550673523401053,-0.502641854696251,0.5080885696694819
1,PAA-NSGA-II,1,-0.504762130124252,0.43125328516296013,0.7849825783431665,-0.41396207607153623,0.26806463664568875
1,PAA-NSGA-II,1,-0.6132377279836604,0.35659962091777625,1.3796934333906814,-0.6974182888377924,0.3198327735203784
1,PAA-NSGA-II,1,-0.5347198762308999,0.45844820743245346,0.9198275413214969,-0.7887238374533712,0.3732287034603414
1,PAA-NSGA-II,1,-0.6894198167202832,0.33892310383119184,1.484050047961325,-0.7719743331554426,0.2849957373011749
1,PAA-NSGA-II,1,-0.7068980097154157,0.33397396604889434,1.5521923516684872,-0.7928770398607892,0.3060162489819967
1,PAA-NSGA-II,1,-0.5102724994330008,0.44721049586919276,0.7702007157586646,-0.5142325581097855,0.30551356804440966
1,PAA-NSGA-II,1,-0.5742760747321707,0.40640332307189536,0.6215404981423344,-0.4014559890734527,0.5907279798100503
1,PAA-NSGA-II,1,-0.5813976988498532,0.3776753314462229,1.122441895699651,-0.552448234751046,0.19123546275501271
1,PAA-NSGA-II,1,-0.5645526431496306,0.4228959859925701,0.6747429940891573,-0.3576630982423402,0.526521328221142
1,PAA-NSGA-II,1,-0.4652862623545926,0.47867660674775153,0.6397664390839423,-0.419340650364912,0.4784271187606711
1,PAA-NSGA-II,1,-0.6235943272215577,0.42361327783302744,1.211103777942239,-0.8088460346342071,0.5559949529337299
1,PAA-NSGA-II,1,-0.5770844179757201,0.38459153440072613,1.182288815689544,-0.60318198621269,0.17436030935139077
1,PAA-NSGA-II,1,-0.5363797556265315,0.4288536132382953,0.6027637058449146,-0.48689954667366103,0.6118630964352516
1,PAA-NSGA-II,1,-0.542455575995635,0.3952852026997321,0.6397664390839424,-0.47119089163435407,0.639669062820047
1,PAA-NSGA-II,1,-0.5703080345383272,0.4347748332118546,1.003495015435271,-0.7987611209796907,0.3298414347118476
1,PAA-NSGA-II,1,-0.5329238843512952,0.44617749057486156,0.7079937284797468,-0.558152696854546,0.7759813714577442
1,PAA-NSGA-II,1,-0.586217586783401,0.4661366759266949,0.8684058283919128,-0.7261405265434699,0.452968042853899
1,PAA-NSGA-II,1,-0.6341066838878693,0.35995677958873556,1.0372886595566415,-0.5874279980562728,0.487946009195098
1,PAA-NSGA-II,1,-0.6146902034146887,0.3253214367758652,1.2937035644497943,-0.6149980026216543,0.37004766497346897
1,PAA-NSGA-II,1,-0.696219835819105,0.32795728981315386,1.5147140218016455,-0.7536001577102137,0.27548656281051864
1,PAA-NSGA-II,1,-0.5289802805418509,0.4390400370920056,0.9072453912952236,-0.6601047148426212,0.2851976359177125
1,PAA-NSGA-II,1,-0.5375479867892676,0.40848408672015835,1.0148846002135226,-0.6878320244287778,0.43389723144003955
1,PAA-NSGA-II,1,-0.5279479595798104,0.42469396996102715,0.7079937284797467,-0.47855313488691636,0.7677218957427073
1,PAA-NSGA-II,2,-0.5113822498815639,0.4700288692971837,0.4983789284753746,-0.36621063517716973,0.5976584225809208
1,PAA-NSGA-II,2,-0.6695882698461897,0.38758726091063816,1.4762845386668804,-0.986844985468139,0.3444913374243709
1,PAA-NSGA-II,2,-0.45320805558049404,0.42388414944452457,1.201575571988228,-0.3356307127393753,0.1565064814123945
1,PAA-NSGA-II,2,-0.656686745659415,0.30466105561121265,1.3459568890394897,-0.625533637098254,0.338242943328085
1,PAA-NSGA-II,2,-0.6873695512506028,0.3580638764232947,1.7140702228211238,-0.8176482666902807,0.2940991330306953
1,PAA-NSGA-II,2,-0.7069282988313772,0.33128103354324906,1.5815356839371835,-0.7976783999298898,0.33071579769337633
1,PAA-NSGA-II,2,-0.5248499819839552,0.5315110804567128,0.7849825783431665,-0.7267095563569613,0.5805982141793476
1,PAA-NSGA-II,2,-0.5163788248813462,0.4709571945616647,0.6747429940891573,-0.4714803088825592,0.8291239999930632
1,PAA-NSGA-II,2,-0.48583659228465387,0.436871660486079,0.7397513981473143,-0.15209377271944746,0.3997512317365807
1,PAA-NSGA-II,2,-0.4465136442575949,0.43755124688296265,1.0372886595566415,-0.37253627813208495,0.21544613968801754
1,PAA-NSGA-II,2,-0.6794040817480129,0.3853509460424943,1.4606296681954092,-0.960957293657734,0.35110082215656024
1,PAA-NSGA-II,2,-0.5717546192153788,0.3733846817002616,0.9803189452974895,-0.5620541122310778,0.3054594270042798
1,PAA-NSGA-II,2,-0.6918107635476775,0.34211729799208385,1.6456462776948126,-0.7750110362071727,0.30376715649044383
1,PAA-NSGA-II,2,-0.6404968911591225,0.38275099153414816,1.3713371082247576,-0.8394279728070171,0.47437254065687967
1,PAA-NSGA-II,2,-0.6227019659808868,0.35430283080602043,1.0034950154352709,-0.5244379143353587,0.4535621545144516
1,PAA-NSGA-II,2,-0.47440284007802075,0.4460469356947102,0.755129549685372,-0.19544083183577335,0.31798909844771117
1,PAA-NSGA-II,2,-0.686586574769257,0.35504688517623306,1.6938332891759678,-0.8239398760855081,0.2841139002129712
1,PAA-NSGA-II,2,-0.46549785431816487,0.4466029196925776,0.7551295496853719,-0.19381825733304056,0.3136775840880211
1,PAA-NSGA-II,2,-0.4605637129984773,0.42243226622899466,1.112154352360633,-0.32731522595436086,0.18981795530445808
1,PAA-NSGA-II,2,-0.6771701679161277,0.3583795067917251,1.6174664288022447,-0.7847952852579947,0.3007444537861917
1,PAA-NSGA-II,2,-0.517105678409815,0.48466161051435164,0.6574873400494295,-0.47053758698168713,0.7557072259151265
1,PAA-NSGA-II,2,-0.696565230653915,0.33700264787855155,1.5595799441917928,-0.7730997856546321,0.32224164623527
1,PAA-NSGA-II,2,-0.6950311590506948,0.3248192651373005,1.5521923516684872,-0.7524068573493146,0.32261154048041074
1,PAA-NSGA-II,2,-0.638129231006544,0.39281937092141916,1.2847880786040071,-0.887249825218355,0.47438835053943845
1,PAA-NSGA-II,2,-0.6644676169398156,0.3650409174380996,1.3113527077656701,-0.8264034368026631,0.28765865012007386
1,PAA-NSGA-II,2,-0.5004691432329341,0.41389831797380305,0.8137411503644992,-0.3214206240097101,0.29604193799183065
1,PAA-NSGA-II,2,-0.5829363593704862,0.4210335851218943,0.9444891303068568,-0.6839996095229436,0.49511123739433904
1,PAA-NSGA-II,2,-0.6339991600804536,0.39847207660346584,1.3459568890394897,-0.9120856219376074,0.4336970488395869
1,PAA-NSGA-II,2,-0.6170582503637057,0.4206678180253579,1.0912883633487742,-0.5810055071721107,0.5320046677655013
1,PAA-NSGA-II,2,-0.4532087476215425,0.4332634536074648,1.2205576048237503,-0.34975080947194687,0.1623815321918438
1,PAA-NSGA-II,2,-0.6034868993398407,0.42327742622696596,0.8415174812746266,-0.7001827301722836,0.5271740640643864
1,PAA-NSGA-II,2,-0.554981859726672,0.511678814806569,0.8550673523401053,-0.7215262281751208,0.5594199306922691
1,PAA-NSGA-II,2,-0.5176810351457004,0.518600325491484,0.7994911844726068,-0.7352590520103011,0.5846959879697111
1,PAA-NSGA-II,2,-0.7069040230658448,0.33221512826875055,1.5815356839371835,-0.7975186737483835,0.32559569631462204
1,PAA-NSGA-II,2,-0.4893234353420923,0.43755635974968676,0.7551295496853719,-0.2558201904607018,0.4637354113732718
1,PAA-NSGA-II,2,-0.5602330817026913,0.4710210412352886,0.8815425052328281,-0.7232549208508788,0.5008875134667872
1,PAA-NSGA-II,2,-0.6257926440334508,0.4027619928085418,1.3025580288099372,-0.8536251004690186,0.42628201816120403
1,PAA-NSGA-II,2,-0.6351882666728681,0.40124053277096455,1.3629295501408405,-0.9294150956720933,0.445460966779776
1,PAA-NSGA-II,2,-0.5427355603850386,0.45149724876157993,0.6915682278846585,-0.43167231660477656,0.8020585712856085
1,PAA-NSGA-II,2,-0.610774182358078,0.36150205857489465,1.201575571988228,-0.5754250989737614,0.25793221577260966
1,PAA-NSGA-II,2,-0.49120910429957776,0.43824561391776545,0.755129549685372,-0.2483975464438941,0.4739886580234328
1,PAA-NSGA-II,2,-0.5456881125947419,0.4948076993943495,0.7702007157586646,-0.6918911954822166,0.6872011715599625
1,PAA-NSGA-II,2,-0.514709162439914,0.399518576815843,1.0483111508478486,-0.46528297747923075,0.24467244492512016
1,PAA-NSGA-II,2,-0.5361489376957256,0.44865187181423477,0.6574873400494294,-0.45807153155839214,0.7857555430471685
1,PAA-NSGA-II,2,-0.5197897310047359,0.4689775672831062,0.5209319169482601,-0.34882208012838917,0.6046015709336072
1,PAA-NSGA-II,2,-0.4739117550957504,0.426874919258902,1.2205576048237503,-0.371102701879831,0.18452083922432191
1,PAA-NSGA-II,2,-0.4495165567293723,0.4340992801610091,0.9685229624340641,-0.3676594598483032,0.2287584597497438
1,PAA-NSGA-II,2,-0.5901943546445103,0.40904365744997584,0.9565815297270429,-0.5845647619530987,0.5416895198173898
1,PAA-NSGA-II,2,-0.5311733148246198,0.4951129844860899,0.8277458339029348,-0.6675621532688104,0.4059224059119357
1,PAA-NSGA-II,2,-0.49540452444505556,0.48736489940874284,0.6027637058449146,-0.5415709560331109,0.6453295112039109
1,PAA-NSGA-II,2,-0.6601273042287633,0.30930041308468875,1.3287674498039934,-0.6479176916500009,0.35009344036337253
1,PAA-NSGA-II,2,-0.52340983194835,0.4593584901498765,0.5633356668893262,-0.4095903548062081,0.5546345340729288
1,PAA-NSGA-II,2,-0.49794170597598375,0.45647142560004417,0.6574873400494294,-0.4486707180666941,0.6281320951082549
1,PAA-NSGA-II,2,-0.50849671260674,0.4887374826019231,0.6915682278846585,-0.48302348923732613,0.8265520072429423
1,PAA-NSGA-II,2,-0.5070869319320748,0.448435418135371,0.6397664390839423,-0.5156850421161628,0.7024660346892893
1,PAA-NSGA-II,2,-0.6318442912234705,0.3917968444312668,1.3200887962222396,-0.8761118342976892,0.43180522580962083
1,PAA-NSGA-II,2,-0.556392914038079,0.4746777889372324,0.8815425052328281,-0.728363378525448,0.5794519106643026
1,PAA-NSGA-II,2,-0.6365498981644169,0.34003092834529525,1.1224418956996507,-0.6310387866025797,0.35829760427967294
1,PAA-NSGA-II,2,-0.6499584587912213,0.31848121204679786,1.2576624704910284,-0.5945815878127891,0.3750005326103113
1,PAA-NSGA-II,2,-0.5971643777559457,0.4047500945784961,0.9198275413214968,-0.6735342906990517,0.5624605991621172
1,PAA-NSGA-II,3,-0.6467683639124833,0.2933382047623477,1.3544698050897954,-0.6155222256644572,0.3102381879704379
1,PAA-NSGA-II,3,-0.7042774433303027,0.34668774341760444,1.5521923516684872,-0.8166714789483706,0.3234965951958941
1,PAA-NSGA-II,3,-0.5544371658179952,0.4206932950248256,0.7397513981473143,-0.2841850858936163,0.522641864972425
1,PAA-NSGA-II,3,-0.5129844696126522,0.4613037204036054,0.54254821706694,-0.5011075292510183,0.4798397905751325
1,PAA-NSGA-II,3,-0.5235370775568042,0.4244077393220499,0.7079937284797467,-0.3844650234615365,0.8638927384604503
1,PAA-NSGA-II,3,-0.6867979658338526,0.4001567845366808,1.5147140218016455,-0.982929355664797,0.32718848371832543
1,PAA-NSGA-II,3,-0.36688920127773245,0.4787237092740712,0.7702007157586646,-0.5885367680515136,0.39506012098279775
1,PAA-NSGA-II,3,-0.6942639682401824,0.37791877076169633,1.6245572178441157,-0.9074856059028693,0.3367574470192264
1,PAA-NSGA-II,3,-0.4543801947427795,0.5504967907241276,0.6915682278846585,-0.570449774904156,0.38869816025986
1,PAA-NSGA-II,3,-0.5426699252665188,0.4331124459658267,1.1224418956996507,-0.5589759701065831,0.1592190434673207
1,PAA-NSGA-II,3,-0.5042320594407931,0.43253249783743825,0.6397664390839424,-0.40674241713831644,0.6665119369651136
1,PAA-NSGA-II,3,-0.4059738819546926,0.4915823281932514,0.7397513981473143,-0.5998325912364157,0.3673347406176113
1,PAA-NSGA-II,3,-0.39512602053792356,0.4821884626528187,0.7849825783431665,-0.5428151237519476,0.35605593346980136
1,PAA-NSGA-II,3,-0.4365969775301384,0.4294409601374351,0.8277458339029348,-0.5508643363646565,0.6107549539679462
1,PAA-NSGA-II,3,-0.5396292167939325,0.4259689179112229,0.6915682278846585,-0.41052138837264895,0.7853736554007205
1,PAA-NSGA-II,3,-0.6645303832603595,0.3793372498634675,1.3287674498039936,-0.8172804464861809,0.2852837171212635
1,PAA-NSGA-II,3,-0.6976295158711222,0.38217227062251424,1.5887868407416337,-0.8858073316630778,0.3090083820911801
1,PAA-NSGA-II,3,-0.5216317217602623,0.4490701480794398,0.9685229624340641,-0.5292959215068962,0.198079067425899
1,PAA-NSGA-II,3,-0.4907311430302624,0.4167229624529215,0.8815425052328281,-0.6526417803355795,0.5843430081234974
1,PAA-NSGA-II,3,-0.4496261981758103,0.5346015627148619,0.7079937284797468,-0.5185316993042929,0.3875871341682164
1,PAA-NSGA-II,3,-0.6396374262282392,0.3505386168286841,1.293703564449794,-0.8050609731027235,0.292561101521407
1,PAA-NSGA-II,3,-0.5303758937766615,0.4574153669536155,1.0483111508478484,-0.5567575529145364,0.1728688405615976
1,PAA-NSGA-II,3,-0.637654217512913,0.4103691279256207,1.2576624704910284,-0.7678291197170722,0.2392970547015966
1,PAA-NSGA-II,3,-0.6139650968978094,0.3202925908561324,1.1527538013223835,-0.5774102803538325,0.31199026149934295
1,PAA-NSGA-II,3,-0.47865673209889953,0.5166217170505668,0.5833828754229664,-0.6137494341753973,0.5211788283610573
1,PAA-NSGA-II,3,-0.5603767622947341,0.4548125141496907,0.7994911844726069,-0.6462568411013443,0.8112498773499315
1,PAA-NSGA-II,3,-0.48147360620155644,0.5201412841020272,0.5833828754229664,-0.6315772820358434,0.5411467353464862
1,PAA-NSGA-II,3,-0.4636347456933697,0.41344188269945,0.8137411503644991,-0.49226084514328694,0.3726418851685294
1,PAA-NSGA-II,3,-0.5627733499876346,0.4040136607196714,0.8550673523401053,-0.5913711572578995,0.47187851177250034
1,PAA-NSGA-II,3,-0.5448816762256008,0.4403355669241774,0.6027637058449147,-0.44908833747773624,0.5713255072240488
1,PAA-NSGA-II,3,-0.4865863199217883,0.4967609473325719,0.755129549685372,-0.7110815583834615,0.42744747326481825
1,PAA-NSGA-II,3,-0.5669927988006999,0.4151696660572332,0.7702007157586646,-0.3423798133928747,0.5320683869957199
1,PAA-NSGA-II,3,-0.6893461998437636,0.3898020957797214,1.5298155376831446,-0.9335572091166796,0.3283181616724528
1,PAA-NSGA-II,3,-0.5482812378983863,0.4862571326505173,0.7397513981473143,-0.5549086855633083,0.4375323112731742
1,PAA-NSGA-II,3,-0.577752902588603,0.37736482357499546,1.003495015435271,-0.374223778177426,0.4939925963873767
1,PAA-NSGA-II,3,-0.6557820353788252,0.3510036761335668,1.2847880786040071,-0.7498622685068403,0.28777658677507273
1,PAA-NSGA-II,3,-0.6682054664228616,0.30043378825656025,1.484050047961325,-0.6615054249373126,0.29069104126272194
1,PAA-NSGA-II,3,-0.43901268961765344,0.46908790556024577,0.8137411503644991,-0.6800280461899325,0.36681636818706037
1,PAA-NSGA-II,3,-0.5175039775685804,0.5086978074810089,0.6747429940891573,-0.5737139331972425,0.690953406000191
1,PAA-NSGA-II,3,-0.4544808868331535,0.5415145390622167,0.6915682278846585,-0.5616016660043541,0.3768765766028032
1,PAA-NSGA-II,3,-0.544176649882803,0.49568635540478817,0.7240467010585573,-0.5649626692750396,0.7528510793691813
1,PAA-NSGA-II,3,-0.3670816418279387,0.47087045884474577,0.7994911844726069,-0.5742569451374357,0.3840649688245942
1,PAA-NSGA-II,3,-0.6037469965945739,0.3905528503875535,0.8815425052328281,-0.5071980499943052,0.5840899194342566
1,PAA-NSGA-II,3,-0.619582480560086,0.3104591952215165,1.1626821716231532,-0.6451674618168937,0.38519353872069323
1,PAA-NSGA-II,3,-0.580773182525459,0.3937316765249915,0.9322398894708789,-0.7171381201850372,0.6024338906076213
1,PAA-NSGA-II,3,-0.6701605641730394,0.39271123114737383,1.387999450968369,-0.8698658411385944,0.3189293576393785
1,PAA-NSGA-II,3,-0.691922944874864,0.3720265067314999,1.6103444173701353,-0.8872856059028693,0.3366147409316591
1,PAA-NSGA-II,3,-0.5169841852347408,0.5064018173505296,0.6747429940891573,-0.5525450710700701,0.720567962658097
1,PAA-NSGA-II,3,-0.5964481456191688,0.40968687085717104,0.9919746671444329,-0.6788605838125743,0.6436112134549983
1,PAA-NSGA-II,3,-0.5158356722569317,0.47158770742128253,0.5833828754229664,-0.5252269835573264,0.4694171956903296
1,PAA-NSGA-II,3,-0.5360217484938591,0.4698681639224457,0.7240467010585573,-0.6228076779386942,0.7369249661669778
1,PAA-NSGA-II,3,-0.5905161769486005,0.4389570747993076,0.9803189452974894,-0.7931488793815267,0.5485848577117207
1,PAA-NSGA-II,3,-0.49023796852334406,0.500378701372504,0.6027637058449147,-0.5838556574437233,0.5460681044366558
1,PAA-NSGA-II,3,-0.47379677571867707,0.5277867376890981,0.6747429940891573,-0.5599648720705587,0.4104891122511033
1,PAA-NSGA-II,3,-0.5541528785051169,0.45558873046327386,0.7849825783431665,-0.6709592220537253,0.80962484179811
1,PAA-NSGA-II,3,-0.6354620138637311,0.4040356931786603,1.1822888156895441,-0.8423710858679259,0.30689092910103194
1,PAA-NSGA-II,3,-0.6889654697995254,0.39899570427956005,1.537310666418436,-0.958532111904694,0.3245495011419414
1,PAA-NSGA-II,3,-0.475538488557185,0.5268064973232203,0.6574873400494295,-0.5469145591664388,0.4097347534910812
1,PAA-NSGA-II,3,-0.5465816468747061,0.4248915541174901,0.6915682278846585,-0.31763773794284117,0.5247428199162131
1,PAA-NSGA-II,3,-0.6940695141493282,0.36347843136886765,1.6174664288022447,-0.862419247596803,0.35310143315593895
1,PAA-NSGA-II,4,-0.6693957840942434,0.28786839967911015,1.5815356839371835,-0.6761479431679736,0.25338466266556364
1,PAA-NSGA-II,4,-0.4504520464123306,0.5345289289362736,0.6915682278846585,-0.5116559371249609,0.4482794746252462
1,PAA-NSGA-II,4,-0.5188085034483674,0.36750353122726354,1.3459568890394895,-0.47268263007561495,0.1472538714776496
1,PAA-NSGA-II,4,-0.6950513356591649,0.3343587671387425,1.652616161435534,-0.7269727058963462,0.3436688713722754
1,PAA-NSGA-II,4,-0.7074023722706357,0.33442968399437384,1.574251127939735,-0.7800251426029254,0.34004519032932157
1,PAA-NSGA-II,4,-0.40761075494702864,0.4585612899618571,0.6915682278846585,-0.4428821109753315,0.3980958896322143
1,PAA-NSGA-II,4,-0.478163888057802,0.5052406703202669,0.5209319169482601,-0.4502629083525644,0.5066893452852635
1,PAA-NSGA-II,4,-0.5725323663684322,0.4267519410772678,0.8550673523401052,-0.6280608848206495,0.823735612702043
1,PAA-NSGA-II,4,-0.5196222723711432,0.41494095684417936,0.755129549685372,-0.15925366089197426,0.33807220757690953
1,PAA-NSGA-II,4,-0.6873685577238301,0.3965661004112907,1.5147140218016457,-0.9825777849289757,0.3198221778588423
1,PAA-NSGA-II,4,-0.6757399923278733,0.3915822641570287,1.3629295501408405,-0.9036517164663179,0.32484453031275284
1,PAA-NSGA-II,4,-0.6184488251610656,0.4004530058048722,1.0483111508478486,-0.6399495389572298,0.5831215577372996
1,PAA-NSGA-II,4,-0.6596642585123178,0.3062214566430221,1.5222835063120284,-0.6824852010175168,0.2834370816480302
1,PAA-NSGA-II,4,-0.6808679503191983,0.33856987889221724,1.468477964887372,-0.7398631049693208,0.42139228978245136
1,PAA-NSGA-II,4,-0.656129563493439,0.29945273164542563,1.5298155376831448,-0.6775240507928009,0.26147496027236383
1,PAA-NSGA-II,4,-0.6321575076267552,0.4278176152771877,1.1427391744033624,-0.8129738866810061,0.6371792071317688
1,PAA-NSGA-II,4,-0.48562765561485816,0.5148248814650455,0.5833828754229664,-0.48461148115026786,0.4334580858031165
1,PAA-NSGA-II,4,-0.5912597264620014,0.41274639136237,0.9322398894708788,-0.7101031031603667,0.6716756574800066
1,PAA-NSGA-II,4,-0.6936737336161094,0.32389809501282163,1.5595799441917928,-0.7057590652708594,0.3266129748798018
1,PAA-NSGA-II,4,-0.4768460889538181,0.48564562790357113,0.6027637058449147,-0.33021403930149473,0.48433783830546184
1,PAA-NSGA-II,4,-0.6907207380497059,0.3834845063732849,1.4994604217345198,-0.9376523088584283,0.3260256150205196
1,PAA-NSGA-II,4,-0.7004978833691616,0.32738738529981976,1.6245572178441154,-0.7263954095081125,0.3334863842606598
1,PAA-NSGA-II,4,-0.45159596818173464,0.5305116888965007,0.6574873400494295,-0.4909287927886819,0.43618168955222814
1,PAA-NSGA-II,4,-0.5504066044688558,0.38078034230010044,1.2299387677604998,-0.5184801325792698,0.2329566766849819
1,PAA-NSGA-II,4,-0.5476595865619247,0.355548251877314,1.257662470491028,-0.5241552243477139,0.18784371844072617
1,PAA-NSGA-II,4,-0.5271039359329387,0.3754813222485916,1.1822888156895437,-0.5571127184892408,0.24721967319470664
1,PAA-NSGA-II,4,-0.5424183319287511,0.3651060035357202,1.1427391744033624,-0.5041707853420883,0.21834584116866132
1,PAA-NSGA-II,4,-0.4991136955901675,0.47621446944489526,0.6747429940891572,-0.36509450484681166,0.6061097434703198
1,PAA-NSGA-II,4,-0.598705619311145,0.37915934481805286,0.8550673523401053,-0.5811277183244441,0.6977700002446963
1,PAA-NSGA-II,4,-0.6477795562173859,0.37518046486322587,1.0912883633487742,-0.7288000462619655,0.435824941393051
1,PAA-NSGA-II,4,-0.6341975656072408,0.3490191285372727,1.2937035644497943,-0.6944525195722783,0.39904970899992903
1,PAA-NSGA-II,4,-0.4613191170046214,0.4824587766697128,0.7240467010585573,-0.34416853985824264,0.3711310430310598
1,PAA-NSGA-II,4,-0.6304038576475952,0.4211129721834249,1.1326360028574725,-0.7996529320792252,0.3783516244632056
1,PAA-NSGA-II,4,-0.6617012201119065,0.4199015576638205,1.3459568890394897,-0.9378067425791802,0.31546709101514514
1,PAA-NSGA-II,4,-0.5228850441170204,0.45011565319337576,0.6574873400494295,-0.2159631886226784,0.5361326362560506
1,PAA-NSGA-II,4,-0.4790970939835627,0.49808626251057087,0.6397664390839423,-0.4285001422632809,0.5348255006109797
1,PAA-NSGA-II,4,-0.6139883385925134,0.35804415923593336,1.0148846002135226,-0.6331182220106657,0.5468712781099775
1,PAA-NSGA-II,4,-0.42301399045301835,0.4534237697824959,0.6747429940891573,-0.41338111477271333,0.40409267866240856
1,PAA-NSGA-II,4,-0.5011021759710279,0.48325364283916095,0.6747429940891572,-0.37012073648742083,0.6244614364091191
1,PAA-NSGA-II,4,-0.6611627391851964,0.34050647947020113,1.3200887962222396,-0.7705995898349663,0.3000514895918541
1,PAA-NSGA-II,4,-0.48854620709217506,0.44235827205679445,0.6915682278846585,-0.19292411252083433,0.5196587734372915
1,PAA-NSGA-II,4,-0.5540754664444153,0.40625564805778697,0.8277458339029348,-0.6011446382930032,0.7483108157312517
1,PAA-NSGA-II,4,-0.43832002035844814,0.4571361870918495,0.6397664390839424,-0.4361911920637776,0.44107878230614866
1,PAA-NSGA-II,4,-0.6432874235037754,0.3610088092390395,1.0700155515160488,-0.7713362403451839,0.41647665477353185
1,PAA-NSGA-II,4,-0.5531205945343081,0.41087185068082216,0.8137411503644992,-0.6094732865449053,0.720880914566814
1,PAA-NSGA-II,4,-0.6037968347774492,0.41523203618669513,0.9919746671444329,-0.7741063005300213,0.5556467588201054
1,PAA-NSGA-II,4,-0.5519581074336184,0.4356730085255389,0.7849825783431665,-0.6356894128159817,0.7825016187657269
1,PAA-NSGA-II,4,-0.6946706056149267,0.3435523756385811,1.6245572178441154,-0.7519476086843605,0.339900210841764
1,PAA-NSGA-II,4,-0.6651731221551264,0.36175073283649317,1.354469805089795,-0.738205160587097,0.4971547484202549
1,PAA-NSGA-II,4,-0.5128763871645069,0.392327385297105,1.1224418956996507,-0.5546479817092598,0.24956732637440635
1,PAA-NSGA-II,4,-0.46225967379857014,0.5055194610856165,0.5633356668893262,-0.46688190821147246,0.502517949286468
1,PAA-NSGA-II,4,-0.5840578967933296,0.33672709750387,1.266768880036419,-0.5710998913469059,0.22322394080377483
1,PAA-NSGA-II,4,-0.5188138637497091,0.37703804727062495,1.3025580288099372,-0.45466162361151297,0.16917952169359216
1,PAA-NSGA-II,4,-0.49025376551652833,0.507112202908361,0.5833828754229664,-0.4388963280837597,0.5133110080589581
1,PAA-NSGA-II,4,-0.563907700749299,0.3473521366910127,1.2758102920010677,-0.5212040662412412,0.2058026406012879
1,PAA-NSGA-II,4,-0.5574516931257467,0.3477376018827786,1.3200887962222396,-0.5288162974557821,0.19195511195277715
1,PAA-NSGA-II,4,-0.6070300065793,0.41443861159231277,0.9803189452974893,-0.7636971670091963,0.47666003460270173
1,PAA-NSGA-II,4,-0.47961449353968744,0.42802823070412777,0.7079937284797468,-0.26949388850574946,0.40394636123594757
1,PAA-NSGA-II,4,-0.4919856587436039,0.44768838346688716,0.7702007157586646,-0.2973496566786026,0.37384833220686814
1,PAA-NSGA-II,4,-0.5697634640799005,0.4214865271817169,0.8137411503644991,-0.6139206027285867,0.8068098618542658
1,PAA-NSGA-II,5,-0.7025701575909971,0.36283939611308524,1.6174664288022447,-0.7949316801019417,0.3512142763512832
1,PAA-NSGA-II,5,-0.5587895747985983,0.39799436109884107,0.6747429940891573,-0.2990907043007812,0.5462301138754773
1,PAA-NSGA-II,5,-0.644926555178308,0.29098000052858286,1.4288054467365827,-0.631014606762118,0.25652262542722815
1,PAA-NSGA-II,5,-0.6657230247406127,0.408247306459989,1.4126245053551465,-0.9819989246999921,0.36262835579216046
1,PAA-NSGA-II,5,-0.4738411686169656,0.48305286503250855,0.4983789284753746,-0.44856310666313914,0.4971331920609721
1,PAA-NSGA-II,5,-0.5527340603948039,0.42244278294322707,0.6915682278846585,-0.4598461946169552,0.8339226199538802
1,PAA-NSGA-II,5,-0.44187594907871447,0.4921312000211368,0.7240467010585573,-0.6113864514409587,0.44184031475111035
1,PAA-NSGA-II,5,-0.5884599055021856,0.38359708775974866,1.1427391744033626,-0.6230946071011909,0.1927474378854578
1,PAA-NSGA-II,5,-0.49331569450440577,0.5339088386784078,0.755129549685372,-0.582066541408923,0.3946308593611536
1,PAA-NSGA-II,5,-0.7060006065659022,0.3592923794541177,1.5887868407416337,-0.7753635358255877,0.3382949315340377
1,PAA-NSGA-II,5,-0.6420475082536541,0.42757109787324643,1.191971203281233,-0.8721098917031245,0.5170596480114791
1,PAA-NSGA-II,5,-0.5769378134566215,0.4449378849135579,0.7849825783431665,-0.5858115124654025,0.7794784541622477
1,PAA-NSGA-II,5,-0.6496963180108164,0.4396265309848775,1.2299387677605003,-0.9290514799323791,0.4970752153922642
1,PAA-NSGA-II,5,-0.6823217938733671,0.3084544358933389,1.5298155376831448,-0.7089692032133075,0.2857112998151832
1,PAA-NSGA-II,5,-0.47320523376318524,0.45103314659343485,0.6397664390839424,-0.4390156328872841,0.6798443968557939
1,PAA-NSGA-II,5,-0.6460370445737411,0.39930998041451027,1.354469805089795,-0.8443773387726946,0.3367785604792949
1,PAA-NSGA-II,5,-0.6910700540743664,0.3755297568667833,1.5595799441917928,-0.8345559972889524,0.320212451014404
1,PAA-NSGA-II,5,-0.6259756571112758,0.36565455440898226,1.2576624704910284,-0.6561154234999617,0.24060909704575772
1,PAA-NSGA-II,5,-0.6329372408145263,0.3899414850140856,1.3113527077656704,-0.8072412551954032,0.3237675462697691
1,PAA-NSGA-II,5,-0.6408461384195185,0.37139874739480194,1.3713371082247576,-0.6894891470834074,0.6368830691203666
1,PAA-NSGA-II,5,-0.5889288748498702,0.3928210578404311,1.112154352360633,-0.6291191485806138,0.20815371682790568
1,PAA-NSGA-II,5,-0.6272896755469167,0.3171229405535606,1.1725264764419856,-0.6183622105827327,0.3037354168252887
1,PAA-NSGA-II,5,-0.6737001111453347,0.339835393926749,1.468477964887372,-0.7556796832918866,0.2880506871511891
1,PAA-NSGA-II,5,-0.5305641675558223,0.4100823649117681,0.6915682278846585,-0.3797059242408277,0.7220512497945414
1,PAA-NSGA-II,5,-0.6732849170846676,0.329854821284736,1.4288054467365827,-0.80031684027864,0.2891782305473689
1,PAA-NSGA-II,5,-0.6984493701895838,0.3616254063583207,1.5071065198237945,-0.7709708371599457,0.3626970850043151
1,PAA-NSGA-II,5,-0.6079068148690366,0.40473158517432906,0.9444891303068569,-0.6641263965287619,0.7049769891161886
1,PAA-NSGA-II,5,-0.6652095876635403,0.3225575594596316,1.4527389723778685,-0.6857988130231243,0.2977728268996123
1,PAA-NSGA-II,5,-0.5451948789685387,0.5161068208114215,0.8277458339029348,-0.7212084136185639,0.42345934534211016
1,PAA-NSGA-II,5,-0.5846934402984849,0.41590838219622145,1.0700155515160485,-0.7375704333109948,0.35558508501634245
1,PAA-NSGA-II,5,-0.6268097701117897,0.36565455440898226,1.2847880786040071,-0.6562378433287448,0.2214998085348716
1,PAA-NSGA-II,5,-0.6383733726321829,0.2963665612468667,1.3287674498039936,-0.608548501595604,0.2756637538690429
1,PAA-NSGA-II,5,-0.6121065909980412,0.3674898134462744,0.8550673523401052,-0.5782696357311711,0.7022408870778563
1,PAA-NSGA-II,5,-0.6521674952382643,0.34577896299671124,1.404464128193649,-0.7652682567891066,0.2617202066147802
1,PAA-NSGA-II,5,-0.6597521618978367,0.4104506310157087,1.3287674498039934,-0.9498539160127895,0.3737735604798094
1,PAA-NSGA-II,5,-0.4986740407584082,0.4710488971329325,0.5833828754229664,-0.49438334367905074,0.46780867664111464
1,PAA-NSGA-II,5,-0.5172178399962178,0.4551380537442955,0.7079937284797467,-0.3908749383488643,0.5678706787688463
1,PAA-NSGA-II,5,-0.4782623592042906,0.4863810662904188,0.5209319169482601,-0.4735642151849726,0.4999756443260314
1,PAA-NSGA-II,5,-0.4418805936644836,0.4859227511726236,0.7240467010585573,-0.6003974404519477,0.44017341281361555
1,PAA-NSGA-II,5,-0.687699492805702,0.35881343951697364,1.5222835063120284,-0.8341863287343351,0.2923880069651451
1,PAA-NSGA-II,5,-0.6683518026297152,0.3913234547680002,1.3796934333906816,-0.8625519958908505,0.3720319193702358
1,PAA-NSGA-II,5,-0.6735401848289285,0.3498770867797229,1.468477964887372,-0.7806649253885833,0.3032831095282667
1,PAA-NSGA-II,5,-0.5729389764235197,0.43217472819277686,0.7397513981473143,-0.5656407504884944,0.6022628361613611
1,PAA-NSGA-II,5,-0.5684192288590866,0.421127889301558,0.7702007157586646,-0.3716014695997055,0.5501152926481687
1,PAA-NSGA-II,5,-0.6408233592278585,0.30075368433438165,1.3200887962222398,-0.6050973604684499,0.26644413561287383
1,PAA-NSGA-II,5,-0.59551080378105,0.45732426869950527,0.9685229624340641,-0.6709042608449514,0.3940881526115217
1,PAA-NSGA-II,5,-0.4841382219218168,0.4782931955494572,0.5633356668893262,-0.4692296238616981,0.4835143804361097
1,PAA-NSGA-II,5,-0.5014395824672604,0.47512496054172804,0.6397664390839423,-0.48557453284432056,0.48764344293166684
1,PAA-NSGA-II,5,-0.6103486370137035,0.3249193773199679,1.059218945609956,-0.5140924228302384,0.586089558897999
1,PAA-NSGA-II,5,-0.49062638973786477,0.4555425049130135,0.6574873400494294,-0.46619749335382366,0.6904572433993528
1,PAA-NSGA-II,5,-0.6681090025492146,0.40668124027840236,1.396256058764158,-0.9577510713422883,0.3594873483143502
1,PAA-NSGA-II,5,-0.494388803482949,0.44128835214320433,0.6397664390839424,-0.32118206315629105,0.5832383494911966
1,PAA-NSGA-II,5,-0.460900047605708,0.49236416132382405,0.6215404981423345,-0.6380749488576555,0.46453552003117504
1,PAA-NSGA-II,5,-0.6067922017578973,0.377083151741327,0.881542505232828,-0.565537983670808,0.6321876714934421
1,PAA-NSGA-II,5,-0.49139341122685165,0.5310962634072803,0.7849825783431665,-0.5572200082809281,0.3796833362406483
1,PAA-NSGA-II,5,-0.4604590507128991,0.49267546867183737,0.6397664390839424,-0.65902350081895,0.430714111269977
1,PAA-NSGA-II,5,-0.6028834079339866,0.37279902320944674,0.8815425052328281,-0.4227607806677113,0.5784636107067149
1,PAA-NSGA-II,5,-0.5634924579168017,0.4183350519789113,0.7702007157586646,-0.3471474466111998,0.539848423875344
1,PAA-NSGA-II,5,-0.5493127501991384,0.42225968475194026,0.7079937284797468,-0.41133893355616813,0.7544026218811084
1,PAA-NSGA-II,5,-0.6320854472457313,0.31251620629931515,1.2484896411001858,-0.5950113355566293,0.28517591868429354
1,PAA-NSGA-II,6,-0.6905861228067918,0.36294634366728956,1.7538437111797658,-0.8849598410962948,0.33671286872739586
1,PAA-NSGA-II,6,-0.6489091317266782,0.42908554028642276,1.491775134060471,-0.9879816314186156,0.30457733668836184
1,PAA-NSGA-II,6,-0.4534054859512423,0.524156648939889,0.6397664390839423,-0.4920149493317352,0.48991661254233776
1,PAA-NSGA-II,6,-0.704557612603282,0.35165476687393443,1.6174664288022447,-0.8462247853045215,0.32388443499822733
1,PAA-NSGA-II,6,-0.6696907700447106,0.2895911642408899,1.468477964887372,-0.6761210107644717,0.3201596027459503
1,PAA-NSGA-II,6,-0.5484258826271294,0.391279091828683,1.1725264764419854,-0.5522127409922193,0.16228612429628356
1,PAA-NSGA-II,6,-0.5422315573151412,0.42230857766729424,0.6915682278846585,-0.19738089057912994,0.4847828152364938
1,PAA-NSGA-II,6,-0.4358883846242242,0.493830716977139,0.6574873400494295,-0.5150705342814852,0.4574686711413259
1,PAA-NSGA-II,6,-0.5163417665309235,0.454741148956324,0.54254821706694,-0.40470041349903063,0.6835851576572886
1,PAA-NSGA-II,6,-0.4875566793799031,0.46967250016261025,0.6747429940891573,-0.49777583506096124,0.8041278661400995
1,PAA-NSGA-II,6,-0.693108954776499,0.34667829891623475,1.6870337002483236,-0.8033496785892001,0.36585751165680636
1,PAA-NSGA-II,6,-0.49378764490213223,0.4718651842477847,0.5633356668893262,-0.4369147418236568,0.7477637250953841
1,PAA-NSGA-II,6,-0.6415556088656098,0.4367591598077508,1.4606296681954094,-0.9454036024435876,0.31116720741913634
1,PAA-NSGA-II,6,-0.6716633561867411,0.304440556481851,1.5521923516684872,-0.6989436905495443,0.3479546223228212
1,PAA-NSGA-II,6,-0.5546424810724231,0.45721590384033267,0.6215404981423344,-0.3099144577315373,0.6664048501527186
1,PAA-NSGA-II,6,-0.5020415373669012,0.4718651842477847,0.5633356668893262,-0.43786107888633125,0.7603124534639567
1,PAA-NSGA-II,6,-0.4902086006395393,0.4874204458686943,0.6027637058449147,-0.4501001236823308,0.6339151157917676
1,PAA-NSGA-II,6,-0.4430412195987759,0.5073492537616133,0.6574873400494294,-0.5082737823094087,0.4647155869902437
1,PAA-NSGA-II,6,-0.5461448702834826,0.47585493513995286,0.7849825783431665,-0.712345343878022,0.5713442329193996
1,PAA-NSGA-II,6,-0.7001359863409246,0.3422425520063803,1.6456462776948126,-0.8327492999968198,0.40140027182828125
1,PAA-NSGA-II,6,-0.6353164373246879,0.3814516522504243,1.4207380120476114,-0.7154116294769352,0.24474554105469498
1,PAA-NSGA-II,6,-0.6514794426882549,0.4245061779161035,1.4840500479613248,-0.963325202475357,0.291671485339153
1,PAA-NSGA-II,6,-0.6688558262559103,0.33224275241290446,1.3796934333906814,-0.7277273670276063,0.45144465605831297
1,PAA-NSGA-II,6,-0.5739842702803021,0.4214984209446442,0.7994911844726069,-0.374281292524749,0.7083154488564057
1,PAA-NSGA-II,6,-0.44519973474681473,0.5054406209211718,0.6397664390839424,-0.500948924024557,0.4680435097784962
1,PAA-NSGA-II,6,-0.5335800637385613,0.4517704792571893,0.7240467010585573,-0.23978799398384748,0.4729264767871511
1,PAA-NSGA-II,6,-0.6230097803339665,0.3849834142867211,1.2847880786040071,-0.7035044345444292,0.48232988588248055
1,PAA-NSGA-II,6,-0.48077108274126223,0.5212910186788299,0.6215404981423345,-0.5651911997669987,0.7212686715123603
1,PAA-NSGA-II,6,-0.4899875552511167,0.4822062992659701,0.6215404981423345,-0.4084840411130413,0.6215108166174875
1,PAA-NSGA-II,6,-0.5968193635309851,0.3968892415941346,1.182288815689544,-0.6399672543143982,0.1980426563017344
1,PAA-NSGA-II,6,-0.470827247106752,0.4766074279541511,0.6027637058449147,-0.47941734575381056,0.7225040026080363
1,PAA-NSGA-II,6,-0.48828072751150564,0.4803043737471497,0.7240467010585573,-0.34869238607958,0.4310251875156027
1,PAA-NSGA-II,6,-0.6963973505117859,0.40009881072160647,1.5887868407416335,-0.8704263003881361,0.3242587221450566
1,PAA-NSGA-II,6,-0.5705626982905934,0.43591713794168807,1.0372886595566415,-0.6637536858803511,0.30114361775743353
1,PAA-NSGA-II,6,-0.5773146359370036,0.4160085599596014,1.112154352360633,-0.6906584998210216,0.5184092329670861
1,PAA-NSGA-II,6,-0.647519042111316,0.42218152083967286,1.537310666418436,-0.9121360444595743,0.2753848554700739
1,PAA-NSGA-II,6,-0.6325045198344681,0.37571023351573735,1.468477964887372,-0.722803028673475,0.22866090865294159
1,PAA-NSGA-II,6,-0.525342047704564,0.43254077573407007,0.6574873400494295,-0.4767129170758924,0.693577653425278
1,PAA-NSGA-II,6,-0.4685762571831112,0.4934237605675884,0.6747429940891573,-0.4807875556511048,0.41511382012740083
1,PAA-NSGA-II,6,-0.6121850408291791,0.39311461260565056,1.003495015435271,-0.6335025325725889,0.4427556195112962
1,PAA-NSGA-II,6,-0.5798260564176685,0.42806623223409507,0.8944862739468376,-0.3906874296487801,0.3968842697062964
1,PAA-NSGA-II,6,-0.548878102969,0.4559638295257839,0.7240467010585573,-0.2784193643965535,0.46740039991911975
1,PAA-NSGA-II,6,-0.6926870546105631,0.3397388597783674,1.6103444173701351,-0.7911333886310782,0.5019123338867904
1,PAA-NSGA-II,6,-0.4877733956956418,0.4608851550077834,0.6747429940891573,-0.48380079705678475,0.7945159952080363
1,PAA-NSGA-II,6,-0.5620247272167703,0.40469725917372507,1.1017707555238396,-0.5260798099131853,0.19542621576663669
1,PAA-NSGA-II,6,-0.5135765275054117,0.4765679567754817,0.7397513981473143,-0.3372632589124257,0.4839129916177378
1,PAA-NSGA-II,6,-0.5502236525819295,0.3996761424760137,0.7994911844726069,-0.5170872374567568,0.5325154557063777
1,PAA-NSGA-II,6,-0.6704664086191093,0.29153598687228804,1.4762845386668806,-0.6745885614371634,0.3284672150151435
1,PAA-NSGA-II,6,-0.6040988176116067,0.38726712923387163,0.9565815297270427,-0.4971936907153097,0.44470997721033784
1,PAA-NSGA-II,6,-0.657957868051235,0.3715528523522565,1.3113527077656704,-0.6238962457076773,0.37856583655898685
1,PAA-NSGA-II,6,-0.6160106901985041,0.35327611636134415,1.201575571988228,-0.762782498265208,0.38403967382394766
1,PAA-NSGA-II,6,-0.665329418807271,0.33651015747372715,1.4126245053551467,-0.7647856437327635,0.27844168516454293
1,PAA-NSGA-II,6,-0.5579311421926129,0.4595885195402448,0.6574873400494295,-0.31205631549501006,0.5933448687262246
1,PAA-NSGA-II,6,-0.531552866202774,0.4503462159664952,0.7397513981473143,-0.23313258190136507,0.4557071366121958
1,PAA-NSGA-II,6,-0.5605499986469292,0.4134365941252086,1.0807043010154627,-0.5301343757804362,0.27328462869768433
1,PAA-NSGA-II,6,-0.5085425681516632,0.44359276974703626,0.9322398894708789,-0.5608567114650805,0.22096772182017474
1,PAA-NSGA-II,6,-0.6776758229502854,0.32371620151073477,1.537310666418436,-0.7416852772672884,0.3167035596129127
1,PAA-NSGA-II,6,-0.5893209215583209,0.4129451744182412,0.8550673523401053,-0.4609408652966554,0.6137375966211273
1,PAA-NSGA-II,6,-0.5454821571768267,0.42421209498046386,0.7079937284797467,-0.2197854589596953,0.47657865853153714
1,PAA-NSGA-II,6,-0.5075772043028135,0.48811878361964267,0.6915682278846585,-0.5147857704065502,0.43264744362049506
1,PAA-NSGA-II,7,-0.670299332927405,0.28693243526293005,1.7733959739680794,-0.6735766520756445,0.2914819866494843
1,PAA-NSGA-II,7,-0.46062062128473524,0.5080352177757879,0.7240467010585573,-0.5760255000193915,0.38323017085174527
1,PAA-NSGA-II,7,-0.47822375613654067,0.44886191008666093,0.5209319169482601,-0.5466681268963631,0.596772844621783
1,PAA-NSGA-II,7,-0.6090977115037939,0.39662754781320686,1.4448051827559236,-0.9883766890586662,0.3494876961675638
1,PAA-NSGA-II,7,-0.5773264174375589,0.40744429585313197,0.7240467010585573,-0.3432583767883431,0.8170049972792984
1,PAA-NSGA-II,7,-0.5558236619420527,0.41677045028837556,1.293703564449794,-0.5407970835784625,0.1705882301212215
1,PAA-NSGA-II,7,-0.41559783515699256,0.4817787648624046,0.6215404981423345,-0.49152480245016505,0.5798350831571808
1,PAA-NSGA-II,7,-0.5431105510966321,0.442504324262247,0.7397513981473142,-0.169868460138029,0.3705361880908592
1,PAA-NSGA-II,7,-0.7072289825979663,0.38340328219005626,1.596005053582509,-0.8213461254991046,0.3486558013942311
1,PAA-NSGA-II,7,-0.6706513681307978,0.30636895800867603,1.8308003255981606,-0.7002839978656231,0.29863307890699115
1,PAA-NSGA-II,7,-0.6599849126254422,0.29838969105690893,1.707351230126634,-0.6544556097319073,0.2707899460599535
1,PAA-NSGA-II,7,-0.5396208837672305,0.46282277185367066,0.7994911844726069,-0.4371558164044041,0.7807607944561423
1,PAA-NSGA-II,7,-0.6712512857203482,0.3035624335363778,1.596005053582509,-0.6999813865113943,0.2590044610360757
1,PAA-NSGA-II,7,-0.6848534526993129,0.341630596118878,1.537310666418436,-0.7750375755865349,0.27990997897749154
1,PAA-NSGA-II,7,-0.6102604595571537,0.36095734868909796,0.8944862739468377,-0.47386886650114535,0.6421441007401224
1,PAA-NSGA-II,7,-0.6569721848060028,0.31786924300410774,1.5595799441917926,-0.6651177567856467,0.306992374315194
1,PAA-NSGA-II,7,-0.5604503015651106,0.43193116177759583,0.6215404981423344,-0.41268164602975244,0.68579387156885
1,PAA-NSGA-II,7,-0.5675744735489939,0.40429192631165983,0.7849825783431665,-0.2723396803573445,0.46811877344841746
1,PAA-NSGA-II,7,-0.5235899183057632,0.4424918107519947,0.7849825783431665,-0.3054650968757888,0.4402380140661332
1,PAA-NSGA-II,7,-0.5770587659073736,0.415132428054615,0.6915682278846585,-0.3547272764235088,0.7666808147093471
1,PAA-NSGA-II,7,-0.5629902330078664,0.4102989100902004,1.1017707555238396,-0.5692907772796383,0.22268324494005717
1,PAA-NSGA-II,7,-0.6445374168239852,0.35691830480204556,1.4606296681954092,-0.8803219811406254,0.33435988490535096
1,PAA-NSGA-II,7,-0.5050021437945216,0.45933457123892596,0.6027637058449147,-0.39445639785592324,0.6009124394495488
1,PAA-NSGA-II,7,-0.4567991585368503,0.4746751211486616,0.6574873400494295,-0.5701178194736355,0.5541493118365786
1,PAA-NSGA-II,7,-0.6651530260900314,0.3654651697913548,1.3879994509683689,-0.7651632828308239,0.35537898877048607
1,PAA-NSGA-II,7,-0.6783380648688145,0.33310486501420394,1.4840500479613248,-0.7102921534764617,0.3137846721338856
1,PAA-NSGA-II,7,-0.5751563960713645,0.4070213965569245,1.1725264764419854,-0.5751238614716424,0.19498499770505723
1,PAA-NSGA-II,7,-0.49229098788331294,0.48581833446530026,0.7079937284797468,-0.5090542424958334,0.6660156851559964
1,PAA-NSGA-II,7,-0.5108465309427261,0.4195312430689067,0.755129549685372,-0.4703831739777734,0.5401759455944225
1,PAA-NSGA-II,7,-0.6373278410982521,0.4289053942093025,1.0483111508478484,-0.6660581789706485,0.406436333312951
1,PAA-NSGA-II,7,-0.43858363291901503,0.4539754804559129,0.7079937284797468,-0.5849970788913648,0.4866624180273497
1,PAA-NSGA-II,7,-0.6125415790113278,0.43363519804867023,0.9322398894708789,-0.6057048568350198,0.7292991283737579
1,PAA-NSGA-II,7,-0.6178954451945446,0.39156234677308965,1.4126245053551465,-0.9286167058441585,0.35722374554956293
1,PAA-NSGA-II,7,-0.6154330966086119,0.34967410217735845,0.9072453912952236,-0.4992757555794827,0.6225639143910753
1,PAA-NSGA-II,7,-0.6711017906089426,0.2888426877178623,1.78631192460344,-0.6643441056463327,0.29242198198494135
1,PAA-NSGA-II,7,-0.5121767991852147,0.46749556399960257,0.8277458339029348,-0.7323992760525043,0.5023926804585069
1,PAA-NSGA-II,7,-0.6184633814314916,0.37365333095667397,1.5147140218016455,-0.9012757658966475,0.3379665352128332
1,PAA-NSGA-II,7,-0.45258041671618787,0.4984936820309674,0.7240467010585573,-0.5536648795922434,0.3870134563174933
1,PAA-NSGA-II,7,-0.517411768460794,0.44961779033821897,0.7849825783431665,-0.32673977520602143,0.4741207388311029
1,PAA-NSGA-II,7,-0.5048599818495951,0.4797121991926726,0.8550673523401053,-0.7455099321945327,0.49858351889738073
1,PAA-NSGA-II,7,-0.5856475320651529,0.3208553663148711,1.2299387677605,-0.5873017976250839,0.41633444469756026
1,PAA-NSGA-II,7,-0.437385116542963,0.4707612382691904,0.6915682278846585,-0.6086899458630421,0.5080784964944628
1,PAA-NSGA-II,7,-0.6970308963368931,0.3267594014512124,1.4994604217345195,-0.7672228058724162,0.32511167057473045
1,PAA-NSGA-II,7,-0.7016350568881574,0.37912680038470814,1.5815356839371835,-0.8405773646101835,0.33903984631886813
1,PAA-NSGA-II,7,-0.5931587409018979,0.38855091933577346,0.8137411503644992,-0.5945869820664028,0.5246452043083363
1,PAA-NSGA-II,7,-0.6353289799752015,0.34610177928332925,1.0261477756627881,-0.6129383333000417,0.7198969969385367
1,PAA-NSGA-II,7,-0.6353289799752015,0.34610177928332925,1.0372886595566415,-0.6122235169128627,0.7143839559322962
1,PAA-NSGA-II,7,-0.46804045566597086,0.49310225860005463,0.755129549685372,-0.5592854521157599,0.34926219122658264
1,PAA-NSGA-II,7,-0.4845763132742644,0.4871663052326742,0.7240467010585573,-0.5877599401355779,0.6083952978980638
1,PAA-NSGA-II,7,-0.5878468687470386,0.38329791110892353,0.9444891303068568,-0.5203320454671386,0.4197828885437387
1,PAA-NSGA-II,7,-0.5306444519263971,0.44533622859328814,0.7397513981473143,-0.19483008567775845,0.3337527811556321
1,PAA-NSGA-II,7,-0.5789766337119906,0.3947088591517707,1.191971203281233,-0.6498484759541557,0.4604191946336459
1,PAA-NSGA-II,7,-0.6287461234438276,0.3690597689131945,1.3629295501408405,-0.8349920185189582,0.3180310085140937
1,PAA-NSGA-II,7,-0.5241595702739806,0.4476837260167511,0.755129549685372,-0.2388973686042739,0.37955257790432706
1,PAA-NSGA-II,7,-0.4215964579415877,0.4917821461355166,0.6397664390839424,-0.585276299902094,0.5826551673156845
1,PAA-NSGA-II,7,-0.6071337679927964,0.4384942326059191,0.9685229624340642,-0.6717697090582335,0.3967221371295476
1,PAA-NSGA-II,7,-0.4613234849994264,0.5073256873291301,0.7397513981473143,-0.575698021980303,0.37346532698034673
1,PAA-NSGA-II,7,-0.4805380270053197,0.4461373169854532,0.5833828754229664,-0.48061020712628666,0.5837791296220536
1,PAA-NSGA-II,7,-0.6241585052436969,0.38075892529657696,1.3459568890394895,-0.8778570463242495,0.36312421833061914
1,PAA-NSGA-II,7,-0.5408966479198932,0.4541863423796487,0.7079937284797467,-0.21539307208526912,0.39576896716599014
1,PAA-NSGA-II,8,-0.5380216596824985,0.3987873592442942,0.5209319169482601,-0.3721453192916796,0.5423819263306242
1,PAA-NSGA-II,8,-0.5492423069106824,0.4025214493207477,0.7079937284797467,-0.23852942431857857,0.49963503869479914
1,PAA-NSGA-II,8,-0.5981718150850777,0.3506656130642703,1.239248916960327,-0.5620115594527793,0.1786349957414212
1,PAA-NSGA-II,8,-0.45223384239804015,0.5281125771800992,0.7079937284797468,-0.5107801848350689,0.3815018720487378
1,PAA-NSGA-II,8,-0.3946023507783639,0.4861355758425864,0.8277458339029348,-0.5398476615817692,0.27601111397844724
1,PAA-NSGA-II,8,-0.6664608249023829,0.3993403774719506,1.5147140218016455,-0.9827015133316914,0.3269455494987639
1,PAA-NSGA-II,8,-0.5547914261085439,0.4328072961923091,0.7079937284797468,-0.5112690912023972,0.7936511462589918
1,PAA-NSGA-II,8,-0.7065386981076558,0.3289386298605438,1.603190767440991,-0.8038849050840161,0.3153609325231813
1,PAA-NSGA-II,8,-0.6913836916586635,0.3323778025998243,1.7603852615242896,-0.7580186582844315,0.24646726637573746
1,PAA-NSGA-II,8,-0.6406978091376888,0.3070064966063662,1.3025580288099372,-0.56718078923389,0.37948623816136745
1,PAA-NSGA-II,8,-0.6605493871206225,0.4010266160640443,1.436827585471288,-0.9726331822293659,0.33193884077355984
1,PAA-NSGA-II,8,-0.48592834118342676,0.4405806355549789,0.7994911844726069,-0.28404764673026134,0.41202525711682947
1,PAA-NSGA-II,8,-0.6668498256147483,0.3620281373055485,1.6802065944479638,-0.8472745992911068,0.251617223698109
1,PAA-NSGA-II,8,-0.6804942653203596,0.3654547589894374,1.574251127939735,-0.8256761210867769,0.28340558790118064
1,PAA-NSGA-II,8,-0.6533322865515655,0.42469390564198617,1.3629295501408405,-0.9544253203898311,0.35108555830300703
1,PAA-NSGA-II,8,-0.6565768138622501,0.334103550624764,1.5222835063120284,-0.7074355430434034,0.21889854878897444
1,PAA-NSGA-II,8,-0.562456001445468,0.463536033429958,0.7849825783431665,-0.5960206822188421,0.6190676239388779
1,PAA-NSGA-II,8,-0.5161858832448456,0.49524698547690776,0.6915682278846585,-0.6505414555901926,0.6716371871314596
1,PAA-NSGA-II,8,-0.41144222508415246,0.4869493674152626,0.7702007157586644,-0.5350190197970424,0.29164314411397696
1,PAA-NSGA-II,8,-0.5003152261878065,0.4413679052608119,0.8137411503644991,-0.27263863676147837,0.418936620779522
1,PAA-NSGA-II,8,-0.6444493487009284,0.3789633467669254,1.3200887962222396,-0.9007744088869843,0.3112357721980018
1,PAA-NSGA-II,8,-0.5741053637480081,0.4062238583719749,0.8684058283919127,-0.4556932440344205,0.5583691380226401
1,PAA-NSGA-II,8,-0.6249705549487756,0.3157974722007899,1.2205576048237508,-0.5647160524539089,0.38183389134106716
1,PAA-NSGA-II,8,-0.5467577411953539,0.45403111219315956,0.9072453912952236,-0.7689603313296336,0.5810912082948206
1,PAA-NSGA-II,8,-0.6118079719627071,0.4161219725429233,1.0700155515160488,-0.7422181523594569,0.5173053986402689
1,PAA-NSGA-II,8,-0.6202591233563632,0.3265015628411649,1.1626821716231532,-0.5357928353004008,0.3846295292345693
1,PAA-NSGA-II,8,-0.7037013162310748,0.3394253831366427,1.537310666418436,-0.792157839188167,0.30767831889978375
1,PAA-NSGA-II,8,-0.6936386639249397,0.331230968633121,1.727429807620648,-0.7530673148512014,0.2616574659747818
1,PAA-NSGA-II,8,-0.6457426800893935,0.39223336489595734,1.468477964887372,-0.8839387775668225,0.2819630806967764
1,PAA-NSGA-II,8,-0.6993497388277486,0.3576849682420271,1.4840500479613248,-0.8338209667056695,0.313132564768969
1,PAA-NSGA-II,8,-0.5437452620239837,0.3886047702438817,0.6027637058449147,-0.389130126414032,0.5213771853630238
1,PAA-NSGA-II,8,-0.5600002589510547,0.45180247232285586,0.755129549685372,-0.6160682510632707,0.7483285866634964
1,PAA-NSGA-II,8,-0.45928632885267007,0.473665840748496,0.6397664390839423,-0.4181686537224355,0.3629593055352659
1,PAA-NSGA-II,8,-0.6330384381943353,0.34116645419217917,1.2667688800364187,-0.5850391519627852,0.24291086957794902
1,PAA-NSGA-II,8,-0.6899103006207545,0.3390399299336561,1.6456462776948124,-0.7541326252926795,0.28152513754333547
1,PAA-NSGA-II,8,-0.6460451321530011,0.3944717644274739,1.182288815689544,-0.7262059626110489,0.4278052447177079
1,PAA-NSGA-II,8,-0.668032384849369,0.40547675787431725,1.491775134060471,-0.9388699405038997,0.32432481254830375
1,PAA-NSGA-II,8,-0.561092060022516,0.4456170923679418,0.6915682278846585,-0.5554193456267104,0.7224507594835515
1,PAA-NSGA-II,8,-0.5581107006372343,0.4257202994410497,0.755129549685372,-0.5308283285548645,0.7019608198310072
1,PAA-NSGA-II,8,-0.5413802006082087,0.39417415228370956,0.5633356668893262,-0.3777729372642745,0.5278741636386949
1,PAA-NSGA-II,8,-0.5491005450593403,0.420384549535232,0.6574873400494295,-0.3284831133169012,0.4780241428461688
1,PAA-NSGA-II,8,-0.6534956082390163,0.4149083381340343,1.3544698050897952,-0.9294504176018167,0.3548542188335185
1,PAA-NSGA-II,8,-0.4555582523822054,0.47177456619726066,0.6397664390839424,-0.372097464440737,0.3729568683219934
1,PAA-NSGA-II,8,-0.4719696007094335,0.43796749963656,0.6574873400494295,-0.45871508402163264,0.352844275935083
1,PAA-NSGA-II,8,-0.4343718145792154,0.5016471435185652,0.7079937284797468,-0.5154377072892624,0.31257828175457564
1,PAA-NSGA-II,8,-0.6406978091376888,0.3070064966063662,1.2937035644497943,-0.5673921200858396,0.3910296385006041
1,PAA-NSGA-II,8,-0.5501741715902295,0.45573038947139183,0.7397513981473143,-0.605520416544848,0.750209024006332
1,PAA-NSGA-II,8,-0.536416938136389,0.40635133103808546,0.6747429940891573,-0.3440653233763312,0.4906171280862049
1,PAA-NSGA-II,8,-0.5530057891298272,0.43307360182263616,0.7079937284797468,-0.5362440184058116,0.7854862400773658
1,PAA-NSGA-II,8,-0.6472924752970044,0.34340921939910657,1.2392489169603274,-0.676600396051172,0.3352242457150755
1,PAA-NSGA-II,8,-0.5062897215154262,0.5090282226004034,0.6747429940891573,-0.6434900664037125,0.6244106131648793
1,PAA-NSGA-II,8,-0.5689771752237818,0.40230517124429516,0.9322398894708789,-0.5955627543596107,0.39906150565590504
1,PAA-NSGA-II,8,-0.604957301612392,0.34985167650196347,1.2299387677604998,-0.6108146516837568,0.19523961943688956
1,PAA-NSGA-II,8,-0.6280703913324341,0.3701934900322983,1.1326360028574722,-0.6012556123594427,0.42149634629015054
1,PAA-NSGA-II,8,-0.5916661981295471,0.41404961907906374,0.9072453912952236,-0.5587881629581203,0.39521584069101534
1,PAA-NSGA-II,8,-0.6045191467656575,0.3533597961307954,1.4994604217345198,-0.6814215887478868,0.26727576388124763
1,PAA-NSGA-II,8,-0.44597670016786434,0.5124502960714239,0.7240467010585573,-0.49810665107599156,0.3835154394948391
1,PAA-NSGA-II,8,-0.5740101876152177,0.3744060613664991,0.9565815297270429,-0.6352155900780769,0.5702728312738967
1,PAA-NSGA-II,8,-0.5061492623469339,0.5171000756928675,0.6915682278846585,-0.6680770161056889,0.6306271854520918
1,PAA-NSGA-II,8,-0.4819883272269008,0.4584914931274568,0.881542505232828,-0.6155504125801361,0.25285508376273275
1,PAA-NSGA-II,9,-0.6694425689915573,0.3048028882097519,1.3962560587641581,-0.6519869647380002,0.31414791577914225
1,PAA-NSGA-II,9,-0.6817838402539005,0.34701004298393495,1.6802065944479638,-0.8512072404838527,0.3092630330128866
1,PAA-NSGA-II,9,-0.7041985953487633,0.35622180069332393,1.5595799441917926,-0.8406715746876493,0.3031659401084207
1,PAA-NSGA-II,9,-0.530974466936714,0.46672534858162723,0.6215404981423344,-0.3180163676057476,0.7841912566506909
1,PAA-NSGA-II,9,-0.43410574550853936,0.5354733916768588,0.6574873400494295,-0.5244570394776253,0.38823954278555883
1,PAA-NSGA-II,9,-0.6455462065572218,0.4057637080963591,1.404464128193649,-0.9879013899201293,0.3179509252051521
1,PAA-NSGA-II,9,-0.44000008513886524,0.5440136101961975,0.6574873400494294,-0.5216630583501913,0.39556243519501233
1,PAA-NSGA-II,9,-0.5388618901577777,0.43304688447969963,0.6915682278846585,-0.1724649803757034,0.5474741219779824
1,PAA-NSGA-II,9,-0.5208512053686947,0.4474977407558381,0.5209319169482601,-0.3390409137132062,0.4414241835178235
1,PAA-NSGA-II,9,-0.532891230769772,0.42866490605638125,1.211103777942239,-0.5725960271435852,0.15275434489073042
1,PAA-NSGA-II,9,-0.5091465442307491,0.47981091611216364,0.7397513981473143,-0.4053870532399597,0.4700298034183696
1,PAA-NSGA-II,9,-0.5453605838853242,0.43207396829764866,0.6027637058449147,-0.21880074788367612,0.5583761866204575
1,PAA-NSGA-II,9,-0.4493242236111666,0.5322745978454183,0.6915682278846585,-0.49983773078970745,0.3860215348593526
1,PAA-NSGA-II,9,-0.5320140265414356,0.4492309573010166,0.5833828754229664,-0.29623696809190686,0.6554629251757398
1,PAA-NSGA-II,9,-0.6382037048559683,0.39816309983117143,1.3629295501408407,-0.9447729397720235,0.30429395788070446
1,PAA-NSGA-II,9,-0.5142276488885533,0.4886862480287203,0.7240467010585573,-0.4358745260681049,0.6069957606162772
1,PAA-NSGA-II,9,-0.6626327349160432,0.31976555062463224,1.4606296681954094,-0.6828509338867732,0.3172243661643306
1,PAA-NSGA-II,9,-0.5325698898231715,0.46923765646046983,0.6747429940891573,-0.3144701091045704,0.7620388039331629
1,PAA-NSGA-II,9,-0.5293588133605736,0.4431885458427615,0.54254821706694,-0.36238761603049674,0.41948001580553546
1,PAA-NSGA-II,9,-0.5840157347301755,0.4152508575630449,1.0148846002135223,-0.8051675145029424,0.5865023165945096
1,PAA-NSGA-II,9,-0.48335915301982785,0.47401057717654427,1.003495015435271,-0.5199583511698832,0.20875320639048414
1,PAA-NSGA-II,9,-0.4714324604809548,0.5103436377478974,0.6915682278846585,-0.4507417292420312,0.4082388493668244
1,PAA-NSGA-II,9,-0.5565618941275315,0.4179195276056002,1.1725264764419856,-0.6475939648042658,0.18318172328830679
1,PAA-NSGA-II,9,-0.5774170691793851,0.3926399654034641,0.8550673523401053,-0.41748851326634123,0.3326856980362195
1,PAA-NSGA-II,9,-0.6225020905956369,0.3878670860560586,1.0807043010154629,-0.5093158387368548,0.5034004419432019
1,PAA-NSGA-II,9,-0.5307259972561956,0.45371914046953404,0.6397664390839423,-0.3443412071320151,0.7360862782913753
1,PAA-NSGA-II,9,-0.5719561478564827,0.41239098594801515,0.8415174812746264,-0.724757920218918,0.6833604212120632
1,PAA-NSGA-II,9,-0.6707098038830771,0.30875710775566423,1.4207380120476116,-0.6543730572445389,0.32172255516962434
1,PAA-NSGA-II,9,-0.5206600998220645,0.44104427060018814,0.54254821706694,-0.3199353065536804,0.5239121815146148
1,PAA-NSGA-II,9,-0.4917648048743085,0.4719293598805206,0.755129549685372,-0.4527576956508084,0.3009777720353019
1,PAA-NSGA-II,9,-0.4782910190401119,0.49846532585961895,0.8137411503644991,-0.5243141988468863,0.378786826861089
1,PAA-NSGA-II,9,-0.545868491045743,0.42359765763020113,0.7240467010585573,-0.19061216493627667,0.521804722980179
1,PAA-NSGA-II,9,-0.5908218552208511,0.38150364005248316,0.9322398894708789,-0.5660599406604796,0.5744697222928784
1,PAA-NSGA-II,9,-0.5134104453936241,0.43906326574001,1.0372886595566415,-0.577576165962715,0.21288897093108253
1,PAA-NSGA-II,9,-0.5894474575806988,0.4113158401536924,1.3287674498039936,-0.7630539541310929,0.24215373769944337
1,PAA-NSGA-II,9,-0.6842989997683955,0.3528381673012667,1.6664684781093735,-0.89945544236863,0.29926417807249894
1,PAA-NSGA-II,9,-0.6382408499555602,0.3688421811464465,1.122441895699651,-0.6623140677616837,0.5445619212385874
1,PAA-NSGA-II,9,-0.6162322856516497,0.3741985431175537,1.201575571988228,-0.5982601127755522,0.25135458861850213
1,PAA-NSGA-II,9,-0.6550795773138476,0.35847855943282486,1.2392489169603271,-0.7567961531324336,0.4296521381630868
1,PAA-NSGA-II,9,-0.6782294533742729,0.34485604052919444,1.603190767440991,-0.7944312881538628,0.2712030615980544
1,PAA-NSGA-II,9,-0.4611730550936547,0.5199151858381676,0.7240467010585573,-0.5517290695177828,0.35540992897321766
1,PAA-NSGA-II,9,-0.6268962817011371,0.37957971620282854,0.9803189452974895,-0.602804008212997,0.6505679687291883
1,PAA-NSGA-II,9,-0.5150338640992629,0.4593599959920314,0.7397513981473143,-0.6155594061666333,0.5925681996900691
1,PAA-NSGA-II,9,-0.6918711196402257,0.3306579307600819,1.5887868407416337,-0.7435878806265155,0.29500196747412966
1,PAA-NSGA-II,9,-0.602840954856431,0.40154729657695337,1.1527538013223835,-0.8962199285920244,0.37554205385140954
1,PAA-NSGA-II,9,-0.5365982016741954,0.44812620495229216,0.5633356668893262,-0.29758900790849974,0.6594995995386883
1,PAA-NSGA-II,9,-0.4793833915401654,0.5025057059570204,0.8277458339029348,-0.5440132469530852,0.36315233105259426
1,PAA-NSGA-II,9,-0.5269920285600757,0.44580182188076867,0.5209319169482601,-0.3540258724859685,0.44474303814817856
1,PAA-NSGA-II,9,-0.6949818752330671,0.3261018801421055,1.6245572178441157,-0.7831561045957849,0.289011771559189
1,PAA-NSGA-II,9,-0.6428530556823256,0.36656084227351016,1.484050047961325,-0.7741589140538891,0.26955207331704606
1,PAA-NSGA-II,9,-0.5124640558567707,0.4719686529167785,0.6574873400494295,-0.4481616023913547,0.6209139464826079
1,PAA-NSGA-II,9,-0.4608149875520497,0.5193627783412135,0.7240467010585573,-0.5625985430263367,0.35462313919462496
1,PAA-NSGA-II,9,-0.5019443644472503,0.4636664756628579,0.8815425052328281,-0.6510374777008705,0.360634258410493
1,PAA-NSGA-II,9,-0.6610337442077574,0.33565236926097836,1.293703564449794,-0.7143541648661698,0.34823058573797183
1,PAA-NSGA-II,9,-0.6991147847683132,0.3574213267046432,1.5071065198237945,-0.8181146164632228,0.31332402456567543
1,PAA-NSGA-II,9,-0.5685001576717907,0.4192602876936644,1.0034950154352709,-0.8809199626962148,0.4039666898414886
1,PAA-NSGA-II,9,-0.6280582755061411,0.37640166439435674,0.9685229624340641,-0.5979829759941235,0.6785486252945517
1,PAA-NSGA-II,9,-0.6414688529833981,0.4160216512072347,0.9072453912952236,-0.5966291162525079,0.49699534964063874
1,PAA-NSGA-II,9,-0.6833031232516332,0.31129361499686337,1.5298155376831448,-0.7493381841184753,0.3972460298123567
1,PAA-NSGA-II,9,-0.4953234834478161,0.4551359693833265,1.003495015435271,-0.5441936588828395,0.22584566821799107
1,PAA-noPriority,0,-0.6649247881342405,0.3854583871256744,1.0261477756627881,-0.5627201161501147,0.39479408319441534
1,PAA-noPriority,0,-0.40927188033462925,0.45520412014417977,0.9072453912952236,-0.2838101727659188,0.24375254629669857
1,PAA-noPriority,0,-0.5056550387737572,0.5662496314005866,0.6915682278846585,-0.6604814836467069,0.49082858383264416
1,PAA-noPriority,0,-0.4474135555776536,0.44113036674135486,1.3962560587641577,-0.35181017183253216,0.12425957590077749
1,PAA-noPriority,0,-0.3651672371082816,0.47114409622810915,1.2205576048237503,-0.3854719140138078,0.16878481771733067
1,PAA-noPriority,0,-0.4504813405936921,0.4226338665916317,1.4448051827559234,-0.3824384684213973,0.1709366285807729
1,PAA-noPriority,0,-0.5013349180894597,0.48657764938321063,0.5209319169482601,-0.4013328149034884,0.5106658197916888
1,PAA-noPriority,0,-0.5203906713713302,0.5134513520231117,0.8550673523401053,-0.864455428218416,0.4829796957130984
1,PAA-noPriority,0,-0.5892241196782287,0.32631602444641256,0.9803189452974894,-0.4711869487654612,0.31725190172990303
1,PAA-noPriority,0,-0.5475420767909108,0.4348468991798292,0.6915682278846585,-0.5328503188862066,0.8018715869753681
1,PAA-noPriority,0,-0.5477326124891018,0.45636881117445116,0.6397664390839424,-0.5808834089812183,0.7148156364596278
1,PAA-noPriority,0,-0.420663785237274,0.42546970563624453,1.3629295501408403,-0.3910697275189529,0.202051626051726
1,PAA-noPriority,0,-0.509288141970315,0.5418426404389256,0.8137411503644992,-0.8172773830962591,0.43443674228795803
1,PAA-noPriority,0,-0.5474957321476215,0.4366301709285139,0.6747429940891573,-0.5330932132438495,0.7956231743102579
1,PAA-noPriority,0,-0.45986443823511164,0.44180518775574795,1.2484896411001853,-0.3535788869859937,0.14647372466795097
1,PAA-noPriority,0,-0.5181156751713265,0.474008743205282,0.6027637058449147,-0.4761466012115282,0.6292107994743177
1,PAA-noPriority,0,-0.6095408618041489,0.4332089669710667,0.8944862739468377,-0.6571198948718047,0.5787040751506878
1,PAA-noPriority,0,-0.5070171160015965,0.5482548538436316,0.7702007157586646,-0.671417303949537,0.4152784139025437
1,PAA-noPriority,0,-0.47334163341276125,0.5257866516964731,0.7240467010585573,-0.5536176516424284,0.42015462403151727
1,PAA-noPriority,0,-0.5115874543494181,0.528085601193084,0.8277458339029348,-0.8432927747717681,0.47841473726203015
1,PAA-noPriority,0,-0.6341641867161631,0.39873372337283364,0.9444891303068569,-0.5595012302160558,0.6489433747437527
1,PAA-noPriority,0,-0.5263989527264601,0.5110268672055195,0.6397664390839424,-0.5961039515780251,0.6191960392535562
1,PAA-noPriority,0,-0.45140270237752417,0.438838610749858,1.2758102920010672,-0.3606840421780989,0.13028576445843948
1,PAA-noPriority,0,-0.5148300403450954,0.48958367117469326,0.5633356668893262,-0.4186113284364256,0.5646251034678487
1,PAA-noPriority,0,-0.47441926117827665,0.5159161717581677,0.6397664390839424,-0.523593869304613,0.4447982643591848
1,PAA-noPriority,0,-0.39654382353650186,0.4546018321693982,1.0483111508478486,-0.3006961738076844,0.19768134294675066
1,PAA-noPriority,0,-0.5434484668658593,0.4976979341426008,0.755129549685372,-0.7991942577232543,0.4980124743206014
1,PAA-noPriority,0,-0.5082451021827117,0.5634839485802132,0.6747429940891573,-0.6772714899718176,0.5178312953256272
1,PAA-noPriority,0,-0.6182834632933848,0.3477281767057044,0.9685229624340642,-0.5177838633405386,0.3625706307452954
1,PAA-noPriority,0,-0.5310824804907364,0.5011785745752114,0.8415174812746266,-0.7571899771825029,0.4601717869549204
1,PAA-noPriority,0,-0.49712214282984435,0.5380420964137832,0.7079937284797467,-0.6269359311449598,0.36318883670451535
1,PAA-noPriority,0,-0.37371625868424524,0.4686303847015537,0.9803189452974893,-0.34155327229938176,0.20561365289236364
1,PAA-noPriority,0,-0.3849977650010308,0.4708584435576209,1.2111037779422387,-0.3578448853759347,0.17647959250013154
1,PAA-noPriority,0,-0.5033015646331824,0.5354811357674988,0.7079937284797468,-0.6423202851697635,0.37540587945575565
1,PAA-noPriority,0,-0.48139192621873095,0.37686728737820985,1.1326360028574725,-0.38700957951428666,0.2133828335035493
1,PAA-noPriority,0,-0.48824770738099393,0.3866944828866281,1.0372886595566415,-0.4330384997006525,0.22564443978893012
1,PAA-noPriority,0,-0.4260222624679946,0.45537539962827916,0.8815425052328281,-0.6119450899830282,0.2682122916462143
1,PAA-noPriority,0,-0.43838381635446827,0.42421795033690446,1.436827585471288,-0.37521961342436194,0.18815596875572818
1,PAA-noPriority,0,-0.5350485931018636,0.3545991690692337,0.9919746671444328,-0.411735346292717,0.2935333036315487
1,PAA-noPriority,0,-0.5577180617338983,0.4388921309255725,0.8277458339029348,-0.756239716039069,0.3915750786502906
1,PAA-noPriority,0,-0.6013556513934721,0.36440671699032373,1.0148846002135223,-0.663154094414368,0.3575978445377585
1,PAA-noPriority,0,-0.6461313201527586,0.39509640036595584,1.0807043010154629,-0.5783521583080844,0.3747232892828918
1,PAA-noPriority,0,-0.6220003058919408,0.42006639116134936,0.9198275413214968,-0.6866966962851103,0.4108799343429951
1,PAA-noPriority,0,-0.5837306482846916,0.3513406669617799,0.8944862739468377,-0.5046246656235129,0.3386231687221909
1,PAA-noPriority,0,-0.5376427391989888,0.4239449910918921,0.6574873400494295,-0.4318935902918694,0.53752502022232
1,PAA-noPriority,0,-0.540410866642539,0.5006525517773811,0.7849825783431665,-0.7819305161610556,0.485327140572345
1,PAA-noPriority,0,-0.5235307054000562,0.48586779092288984,0.6215404981423345,-0.4791077336676053,0.44248596430060516
1,PAA-noPriority,0,-0.49525548580602674,0.4869029903515941,0.5633356668893262,-0.42598359118542606,0.502617485279385
1,PAA-noPriority,0,-0.6006372170112515,0.40999883207595234,0.755129549685372,-0.5638062378243512,0.5320610138091169
1,PAA-noPriority,0,-0.432690392894114,0.48630224859479565,1.1224418956996507,-0.5297961824366084,0.23723998150818054
1,PAA-noPriority,0,-0.40714855163910235,0.45520412014417977,0.9072453912952236,-0.30820741652602174,0.24639152887308255
1,PAA-noPriority,0,-0.583712739362728,0.3409730035059148,0.9322398894708788,-0.48742412340233365,0.32769641717665604
1,PAA-noPriority,0,-0.5879350655316063,0.39230752561653404,0.8944862739468377,-0.6160492546446299,0.46157816417882513
1,PAA-noPriority,0,-0.5660562166164735,0.4471749607303993,0.8415174812746266,-0.7129232427400788,0.5105179142023731
1,PAA-noPriority,0,-0.45185245905142946,0.42389150554141575,1.4044641281936485,-0.372770242205403,0.2030960352387051
1,PAA-noPriority,0,-0.6539015760281949,0.383556103176071,0.9803189452974895,-0.5393942880829073,0.3929010338101568
1,PAA-noPriority,0,-0.4870143626559793,0.5072971973056836,0.8684058283919127,-0.5403362767659312,0.2858908908854409
1,PAA-noPriority,0,-0.5411074435005409,0.4918056701124042,0.755129549685372,-0.7789942577232543,0.4978697682330342
1,PAA-noPriority,0,-0.5157175645844326,0.471765468951088,0.6215404981423344,-0.4513752122754543,0.6389649757191465
1,PAA-noPriority,0,-0.5791145665570548,0.3299863642985543,0.9919746671444329,-0.4558972200921666,0.30515439535339733
1,PAA-noPriority,1,-0.5318105032928564,0.44875002489889343,0.6915682278846585,-0.23966642953629042,0.4213974895426495
1,PAA-noPriority,1,-0.5182310835073389,0.4851434010373127,0.4983789284753746,-0.4038291847082675,0.6035184298470235
1,PAA-noPriority,1,-0.6515762241159381,0.29888523155286395,1.1626821716231532,-0.5811040843736828,0.3712476870079237
1,PAA-noPriority,1,-0.572934840689658,0.34718606118342843,1.3796934333906814,-0.47623054072430476,0.16345722100685817
1,PAA-noPriority,1,-0.5231175909569805,0.5304329370883654,0.7079937284797467,-0.694117764835118,0.7465229701840335
1,PAA-noPriority,1,-0.68062090982874,0.3256296012846178,1.2667688800364192,-0.6592942590806727,0.37566253124769766
1,PAA-noPriority,1,-0.46022417679056404,0.5170034798803209,0.6915682278846585,-0.552593203618232,0.5736408974381566
1,PAA-noPriority,1,-0.6020542871019666,0.4096369701558406,1.2205576048237503,-0.8363413791062051,0.3421328656530919
1,PAA-noPriority,1,-0.5142772319571749,0.5640486903443764,0.7240467010585573,-0.6521030500894253,0.6310769589634468
1,PAA-noPriority,1,-0.6122394578270074,0.3529225337908954,1.4762845386668804,-0.511881562348406,0.16908035439067387
1,PAA-noPriority,1,-0.517854244753553,0.4232058152673915,0.9919746671444329,-0.3163580350916472,0.24558725597304928
1,PAA-noPriority,1,-0.535773850203821,0.47494534284092416,0.8944862739468377,-0.7677137927317297,0.5673007211890271
1,PAA-noPriority,1,-0.5193991618484043,0.4528602706052015,0.6915682278846585,-0.25377020583597737,0.4835183955799233
1,PAA-noPriority,1,-0.6076773755231211,0.36600307865255916,1.404464128193649,-0.6041544602091283,0.2097894541731568
1,PAA-noPriority,1,-0.6214267135874525,0.3849286138916931,0.9322398894708788,-0.5899826563413614,0.43960796266690333
1,PAA-noPriority,1,-0.6357151581044798,0.3152545023633752,1.003495015435271,-0.5445908786413972,0.3873239662566041
1,PAA-noPriority,1,-0.5868278142906701,0.3560882405464012,1.239248916960327,-0.45591754067317974,0.2239772278106173
1,PAA-noPriority,1,-0.6147748129408741,0.3814681519569126,1.3025580288099368,-0.6073640029842163,0.28100199553204797
1,PAA-noPriority,1,-0.4888652997618479,0.4428261003837621,0.6747429940891573,-0.3477344225184546,0.3297801112789428
1,PAA-noPriority,1,-0.5537937483622855,0.49060379618773586,0.7702007157586646,-0.7157282289634888,0.7230069488867031
1,PAA-noPriority,1,-0.5134950732859149,0.5101272364574213,0.6397664390839423,-0.520999115984788,0.6660348594873746
1,PAA-noPriority,1,-0.5810139312653735,0.3758469588916861,1.337389786638785,-0.4856125952849741,0.19058110839878242
1,PAA-noPriority,1,-0.6257979342322644,0.4377346314628102,0.8684058283919127,-0.7050391533095173,0.5185546324850477
1,PAA-noPriority,1,-0.6142807800251479,0.3997108223720761,1.122441895699651,-0.7940320894843833,0.34666026082554835
1,PAA-noPriority,1,-0.5162436459846044,0.5432172023212906,0.6574873400494295,-0.6143743838678131,0.6244312875997242
1,PAA-noPriority,1,-0.6420900448983362,0.31205054530827125,1.2667688800364192,-0.5946636455310014,0.2893774903206338
1,PAA-noPriority,1,-0.5297033780708432,0.41470021868053486,0.9444891303068568,-0.49990726344349135,0.26877659077711824
1,PAA-noPriority,1,-0.525814120086455,0.46628119430226994,0.8137411503644991,-0.28618274727123477,0.341637782597604
1,PAA-noPriority,1,-0.6414438698356248,0.3224058595522826,1.0372886595566415,-0.5642804309611023,0.3827381662384192
1,PAA-noPriority,1,-0.4692293105567681,0.5034918808529445,0.6027637058449147,-0.46087039851939454,0.5475126218228203
1,PAA-noPriority,1,-0.6666786163813236,0.37260463455256093,1.2667688800364192,-0.7599960649096754,0.3472864305699345
1,PAA-noPriority,1,-0.5519183573797426,0.3620136423679316,1.191971203281233,-0.42617734259025364,0.19202966310455358
1,PAA-noPriority,1,-0.4800996708049173,0.4833653792314201,0.6215404981423344,-0.3662148701121638,0.5187955926788183
1,PAA-noPriority,1,-0.6031525101330261,0.3979171503405041,1.201575571988228,-0.8169088239371473,0.3320932678844114
1,PAA-noPriority,1,-0.5458973920820893,0.4306315280006654,0.9685229624340642,-0.5520480237033908,0.2980911362639902
1,PAA-noPriority,1,-0.5573770935054554,0.3778606610600239,0.9198275413214969,-0.4654315250652565,0.2900410670590455
1,PAA-noPriority,1,-0.5947816595521911,0.4025343018084751,1.0700155515160488,-0.6059350082345853,0.3208080486635628
1,PAA-noPriority,1,-0.6068428687980661,0.4106200424282077,1.211103777942239,-0.8333241377268947,0.3514281491283202
1,PAA-noPriority,1,-0.6280990084406843,0.33001842169728757,0.9198275413214969,-0.4970181264182809,0.3917056911579235
1,PAA-noPriority,1,-0.5436879598561714,0.4950734386173026,0.6397664390839424,-0.5869293329875841,0.708796309751621
1,PAA-noPriority,1,-0.6275635238398903,0.3394053533656396,0.9565815297270429,-0.5074476678764583,0.40972088030822906
1,PAA-noPriority,1,-0.5256353877240099,0.41584681937618273,0.8277458339029348,-0.5259450264916204,0.3278163754605541
1,PAA-noPriority,1,-0.5002636953121021,0.491384450527715,0.5833828754229664,-0.3682819658509707,0.468699487851837
1,PAA-noPriority,1,-0.48766631756201717,0.4423219016241614,0.6915682278846585,-0.3546337731678052,0.31080386960965256
1,PAA-noPriority,1,-0.6590660790802187,0.37629676364636405,1.182288815689544,-0.7379053811599973,0.34221490513277797
1,PAA-noPriority,1,-0.6259461034765186,0.3853252075499488,0.8550673523401053,-0.5623674436570674,0.46158166431992936
1,PAA-noPriority,1,-0.636840861662192,0.3032472552875933,1.1017707555238399,-0.5318073049613711,0.363269165161946
1,PAA-noPriority,1,-0.5234864133084752,0.4678435654255278,0.7702007157586646,-0.2937195177428031,0.34538822487288134
1,PAA-noPriority,1,-0.4736447606738946,0.49236816066818,0.5425482170669401,-0.43652101292099205,0.5789897736867745
1,PAA-noPriority,1,-0.4925433431903935,0.46130868335153946,0.6574873400494294,-0.37785717569656796,0.5315603312987427
1,PAA-noPriority,1,-0.5472614097960513,0.4081197630973035,0.8944862739468376,-0.452467231504692,0.3392362311835714
1,PAA-noPriority,1,-0.4775658915142893,0.4978396018837302,0.6215404981423345,-0.44414162246256444,0.5411133350391965
1,PAA-noPriority,1,-0.4693489280985709,0.5019193233494902,0.5833828754229664,-0.43980564135874695,0.570405017387327
1,PAA-noPriority,1,-0.5402190963545901,0.46410127385017946,0.6397664390839424,-0.6805495211730329,0.6479837518616419
1,PAA-noPriority,1,-0.6114223446418172,0.3529225337908954,1.4448051827559236,-0.5118096775931291,0.17621091719168763
1,PAA-noPriority,1,-0.4829418534334808,0.4908225580413366,0.6027637058449147,-0.3920384980083601,0.5760397967704334
1,PAA-noPriority,1,-0.5054530927584562,0.5210526141290399,0.6215404981423345,-0.46212496656226165,0.6803510316861927
1,PAA-noPriority,1,-0.5137420703943769,0.5469721761603121,0.6915682278846585,-0.6361503961370424,0.5775644806207783
1,PAA-noPriority,1,-0.5282982280323943,0.5121932312516886,0.755129549685372,-0.5050549834624902,0.48543380855602997
1,PAA-noPriority,1,-0.674462779539833,0.3297952871375182,1.1725264764419856,-0.6445776074991454,0.3590042821558709
1,PAA-noPriority,2,-0.6015004426380487,0.30628927068399936,0.9072453912952236,-0.4895216951160467,0.3559862515718097
1,PAA-noPriority,2,-0.4999049856738053,0.41378403131931946,1.2758102920010672,-0.20812436149751204,0.1816717649488874
1,PAA-noPriority,2,-0.49119238754380257,0.400874541232836,1.624557217844116,-0.25442905444543024,0.1439254763330318
1,PAA-noPriority,2,-0.41751870701262755,0.5104769077266779,1.1017707555238396,-0.3108891534505207,0.18733756947024632
1,PAA-noPriority,2,-0.5382464061926189,0.4667817267674644,0.755129549685372,-0.7518104158893971,0.5978454724352639
1,PAA-noPriority,2,-0.47557838345700604,0.438745399795139,1.5742511279397355,-0.3325569290703472,0.11757316756050629
1,PAA-noPriority,2,-0.6660723424021525,0.37228089747512055,0.9198275413214968,-0.561241040783919,0.529333966018454
1,PAA-noPriority,2,-0.5133320741445649,0.45170329791020264,0.5209319169482601,-0.5231073680911985,0.4272856385689561
1,PAA-noPriority,2,-0.6147158953159974,0.40879338667580123,0.7849825783431665,-0.5977469454762036,0.8159753026805003
1,PAA-noPriority,2,-0.5651510746600186,0.3357848751441124,0.7994911844726069,-0.4204665950408081,0.3673845229270003
1,PAA-noPriority,2,-0.423469792648177,0.5028133004454667,1.0372886595566415,-0.2866501319097759,0.21310137827146064
1,PAA-noPriority,2,-0.6422547761082154,0.3483769902579554,0.8415174812746266,-0.5606838505740278,0.36378729644490476
1,PAA-noPriority,2,-0.6521631086122606,0.3510870227947477,0.9322398894708788,-0.5859090399476188,0.49748855901273475
1,PAA-noPriority,2,-0.4870633555597337,0.4949946916688169,0.6215404981423345,-0.6189603360255739,0.5615354811445974
1,PAA-noPriority,2,-0.5358262112423604,0.45924145597018945,0.6915682278846585,-0.6831427602493314,0.5245247939282741
1,PAA-noPriority,2,-0.6564815186781827,0.3539395984729511,0.9072453912952236,-0.6076122935120933,0.49507009403730323
1,PAA-noPriority,2,-0.5811883934244627,0.4117646485740091,0.755129549685372,-0.6430334972030478,0.6902674060951071
1,PAA-noPriority,2,-0.47747452724551287,0.4501566355250904,1.4448051827559243,-0.36439163029488436,0.15757018376463883
1,PAA-noPriority,2,-0.5569064945617435,0.37772086639232116,0.8815425052328281,-0.36041460322383195,0.27157723982482884
1,PAA-noPriority,2,-0.6157023453530608,0.3406073794497279,0.8815425052328281,-0.5219219010086947,0.630008522212464
1,PAA-noPriority,2,-0.6002815391261682,0.32185630075652016,0.9072453912952236,-0.473382351115359,0.3544537724781135
1,PAA-noPriority,2,-0.6341957801006878,0.35988905464798726,0.8684058283919127,-0.5683283213793197,0.6327637525654358
1,PAA-noPriority,2,-0.5247100839470934,0.43877515930178285,0.5833828754229664,-0.5263642490810045,0.40853216550154753
1,PAA-noPriority,2,-0.6306328182486117,0.3842492225829196,0.9565815297270429,-0.6513887205431909,0.7359304204908484
1,PAA-noPriority,2,-0.4666979450962245,0.44506210368216603,1.5298155376831453,-0.33924227789983225,0.14832090208654983
1,PAA-noPriority,2,-0.5277504485223465,0.367266897674984,0.7079937284797468,-0.46997233502980357,0.4812835904475752
1,PAA-noPriority,2,-0.6038414660033672,0.31218153471419574,0.9072453912952236,-0.5097216951160467,0.35612895765937697
1,PAA-noPriority,2,-0.5151457006472423,0.4542349360500445,0.54254821706694,-0.5471913375568473,0.4401778677955012
1,PAA-noPriority,2,-0.6228013465530453,0.3885419888807128,0.8684058283919127,-0.6244796644764417,0.7516502376627879
1,PAA-noPriority,2,-0.5493038903019793,0.4634632220162255,0.7240467010585573,-0.7013565576651092,0.6177298112877443
1,PAA-noPriority,2,-0.5976627294093694,0.30779514988853407,0.8550673523401053,-0.4654774750537398,0.4715824452848579
1,PAA-noPriority,2,-0.4732331789309244,0.4598350588841457,1.191971203281233,-0.2996357964143508,0.18256000668283803
1,PAA-noPriority,2,-0.5769588591127606,0.4294170360194256,0.8550673523401053,-0.6888577866803903,0.7354785224036782
1,PAA-noPriority,2,-0.5563108859026997,0.3917807712721221,1.1224418956996507,-0.379748825037923,0.2497300031074204
1,PAA-noPriority,2,-0.46604680916723085,0.4512791398147524,1.476284538666881,-0.3513464899131239,0.14546052658886138
1,PAA-noPriority,2,-0.5397133801891156,0.47409041321846573,0.6574873400494294,-0.7403204505176882,0.5881096777130488
1,PAA-noPriority,2,-0.4948299019683682,0.4839365277332008,0.6397664390839424,-0.5532725338453653,0.3805962145540099
1,PAA-noPriority,2,-0.5912996090038682,0.399724652437666,0.7702007157586646,-0.5476991491028077,0.6492328310414341
1,PAA-noPriority,2,-0.5412463601899109,0.43425787754478107,1.0034950154352709,-0.49504612693992833,0.25367111652882224
1,PAA-noPriority,2,-0.5069901213702678,0.4505487893291404,0.9919746671444328,-0.48900107132848963,0.29748923629248847
1,PAA-noPriority,2,-0.46059462287440456,0.4462907508709694,1.5521923516684877,-0.31708893027777085,0.1231755765323159
1,PAA-noPriority,2,-0.6070076544350222,0.3967746550849534,0.7849825783431665,-0.40482740580964977,0.44929983618850644
1,PAA-noPriority,2,-0.5047697650041391,0.4256405555236234,1.3796934333906814,-0.26874266682317355,0.16427974092175388
1,PAA-noPriority,2,-0.4324007265423465,0.5080109216963636,1.0807043010154627,-0.31382467939524716,0.19440251877042586
1,PAA-noPriority,2,-0.5473005856612666,0.36530311146409944,0.9919746671444328,-0.44432822836542085,0.25795471554571714
1,PAA-noPriority,2,-0.5188229986778696,0.4230371840732218,0.8944862739468376,-0.37442903160741636,0.34238255965458964
1,PAA-noPriority,2,-0.5013627831509362,0.4972963138415599,0.6215404981423345,-0.5798059814377847,0.410120030058879
1,PAA-noPriority,2,-0.5001428589309171,0.41714766543948567,1.1427391744033624,-0.22913461559605613,0.20302040010870043
1,PAA-noPriority,2,-0.6307314170039644,0.3749274484184499,0.9444891303068568,-0.6423279768919679,0.7151739453608126
1,PAA-noPriority,2,-0.5248031187070226,0.4190443726759863,1.059218945609956,-0.2528070938191139,0.1971314990661567
1,PAA-noPriority,2,-0.5443667056706794,0.4527960135473794,0.6915682278846585,-0.6640999437921435,0.5979002410125731
1,PAA-noPriority,2,-0.48635769884471836,0.44074061418423566,1.2484896411001853,-0.37866456998535253,0.17505635975486994
1,PAA-noPriority,2,-0.5376887291373305,0.41702662636365523,0.9685229624340641,-0.5528922349946886,0.3292139860907155
1,PAA-noPriority,2,-0.4330391946684621,0.4826754633781555,1.1427391744033626,-0.3379272997254241,0.16135246688634391
1,PAA-noPriority,2,-0.44692092912107506,0.4691229302391081,1.2937035644497938,-0.32518319388085964,0.14770668540675097
1,PAA-noPriority,2,-0.45650433829153253,0.4723271262959566,1.1326360028574722,-0.3241606465755975,0.19798053292943565
1,PAA-noPriority,2,-0.4582589772242138,0.4795248356994069,1.059218945609956,-0.448997299853934,0.2284969094401156
1,PAA-noPriority,2,-0.5427762057325661,0.46017765185855775,0.6915682278846585,-0.7187610826237533,0.6083169531253112
1,PAA-noPriority,2,-0.4868025548012979,0.42419114707236244,1.4126245053551465,-0.3446671646629189,0.1530264137182023
1,PAA-noPriority,2,-0.6057603250334113,0.40404545443394657,0.8137411503644992,-0.5740021773907034,0.7731428418062423
1,PAA-noPriority,3,-0.4053322532635126,0.5207862275359864,0.7240467010585573,-0.5927694110190067,0.4133932302979165
1,PAA-noPriority,3,-0.547245418172199,0.4622979460250061,0.6915682278846585,-0.5727049620635827,0.7233392898555514
1,PAA-noPriority,3,-0.6502552779875586,0.3345004725128101,1.059218945609956,-0.5554729128701081,0.28232737858085744
1,PAA-noPriority,3,-0.616747808741124,0.3299359314610924,1.337389786638785,-0.5236837253073328,0.22401197657513494
1,PAA-noPriority,3,-0.6300934189671257,0.3243325814893089,1.0700155515160485,-0.5251834126620729,0.2787762332646869
1,PAA-noPriority,3,-0.48877995932552887,0.39381213875014776,1.239248916960327,-0.38434742983309683,0.1316816668822121
1,PAA-noPriority,3,-0.4604913792276976,0.4598563339387621,0.54254821706694,-0.43132733573807214,0.5222749654463165
1,PAA-noPriority,3,-0.5508570084808728,0.4130891912754606,0.9322398894708787,-0.2584306404067992,0.2627534221522702
1,PAA-noPriority,3,-0.4407429265293736,0.5567500775433739,0.7849825783431665,-0.6766114727778112,0.5003158241216971
1,PAA-noPriority,3,-0.4525062414766462,0.5405586323863911,0.7702007157586646,-0.8182879599968601,0.56287594479269
1,PAA-noPriority,3,-0.44717458489410555,0.5457267035876201,0.755129549685372,-0.7980895077783483,0.568011382310181
1,PAA-noPriority,3,-0.4182874092150618,0.4980860619468087,0.7079937284797467,-0.5432023329238215,0.42839828280656916
1,PAA-noPriority,3,-0.6030588565744535,0.3479977990147992,1.3025580288099372,-0.4832813505379775,0.21869121823089116
1,PAA-noPriority,3,-0.5537884504957102,0.4217547081445825,0.881542505232828,-0.2794736868059061,0.27357181270358694
1,PAA-noPriority,3,-0.5914653089171397,0.3431671081239087,1.201575571988228,-0.5050427074661261,0.2406720524424329
1,PAA-noPriority,3,-0.5069895308795147,0.3745230990054898,1.1326360028574722,-0.3653584210374222,0.19056438253067873
1,PAA-noPriority,3,-0.6094127310394925,0.3644049684061783,1.1326360028574725,-0.629822453467417,0.4368494765610539
1,PAA-noPriority,3,-0.5267364403210057,0.4857021710084652,0.7240467010585573,-0.5933105197509388,0.5799567801210175
1,PAA-noPriority,3,-0.6292786185455135,0.36022429050720384,1.0261477756627881,-0.5907186229482418,0.36116000429819267
1,PAA-noPriority,3,-0.6409689387750641,0.33590921827465464,1.059218945609956,-0.5776125859756058,0.2809363540980251
1,PAA-noPriority,3,-0.507442272670332,0.3903225768752038,1.1626821716231532,-0.3561265040469166,0.15795168736945428
1,PAA-noPriority,3,-0.5386234797808062,0.3864909474900583,0.8137411503644991,-0.49504687574624845,0.4223146210171838
1,PAA-noPriority,3,-0.4605556978244126,0.46569193859871294,0.6397664390839423,-0.37825531788117905,0.4765889027244755
1,PAA-noPriority,3,-0.40700077557947534,0.5326221871551415,0.7397513981473143,-0.620894988217643,0.4861535660141758
1,PAA-noPriority,3,-0.5117211971175781,0.5011090975961693,0.7240467010585573,-0.6546951504504689,0.602376009327204
1,PAA-noPriority,3,-0.43107194447694913,0.5425800162903471,0.7079937284797468,-0.6139100867708269,0.44900492010986
1,PAA-noPriority,3,-0.5830334913769653,0.3772802624499915,0.9565815297270427,-0.4072626823574633,0.2654421756043185
1,PAA-noPriority,3,-0.5589720333779752,0.3928803390972678,1.0700155515160485,-0.31122262519650706,0.25375834736722247
1,PAA-noPriority,3,-0.4786385082809225,0.5122116930025546,0.6574873400494294,-0.7037952029388069,0.711629009035901
1,PAA-noPriority,3,-0.4568930487516399,0.49615790191132875,0.7079937284797468,-0.6833618670178356,0.6662854542689777
1,PAA-noPriority,3,-0.5934950949946673,0.3423572590020827,1.201575571988228,-0.5045986113323748,0.22657108126613085
1,PAA-noPriority,3,-0.5152411425054646,0.3985770714878397,1.182288815689544,-0.4000959944382639,0.17250762083202215
1,PAA-noPriority,3,-0.4656943955132108,0.4451234133870239,0.7397513981473142,-0.5536418399239791,0.31709150758041965
1,PAA-noPriority,3,-0.522675056974293,0.5267525677080547,0.6915682278846584,-0.7148711998742395,0.6756490745196055
1,PAA-noPriority,3,-0.470766908069279,0.46023664752994475,0.5833828754229664,-0.4700720861882042,0.5119123477206965
1,PAA-noPriority,3,-0.5460776528683526,0.4290883742642759,0.6915682278846584,-0.3233803677739991,0.32450583073123057
1,PAA-noPriority,3,-0.5715472506493573,0.4013604447156192,0.9072453912952236,-0.5789996223787695,0.3639179341514295
1,PAA-noPriority,3,-0.6054001578956462,0.4164408092348584,0.8415174812746264,-0.6452301194794312,0.46263510106064454
1,PAA-noPriority,3,-0.5970919237566072,0.358222709777277,1.1427391744033626,-0.5345159147350029,0.25094513455646994
1,PAA-noPriority,3,-0.6197127782884321,0.3531613405389297,1.003495015435271,-0.5293227662685771,0.280379281914243
1,PAA-noPriority,3,-0.5008208369519923,0.43746969521099033,0.8415174812746266,-0.5305508384500225,0.3429682586332623
1,PAA-noPriority,3,-0.47387874936122065,0.4960189955685374,0.7240467010585573,-0.7053284109613139,0.626084211665221
1,PAA-noPriority,3,-0.5150320016710828,0.4523077130096729,0.7994911844726069,-0.6426144479622345,0.38030985775729303
1,PAA-noPriority,3,-0.4893633941663328,0.4265794292901945,1.0912883633487742,-0.40624621755163465,0.18406602029088445
1,PAA-noPriority,3,-0.5249473710972185,0.40941420302310105,0.6915682278846585,-0.47456453729343223,0.4762410909965622
1,PAA-noPriority,3,-0.5653763145951693,0.38239576340135417,0.7849825783431665,-0.48571129800568447,0.34767066290105025
1,PAA-noPriority,3,-0.46054101673409986,0.4560218590130888,0.5833828754229664,-0.41809310343623995,0.5158740127996
1,PAA-noPriority,3,-0.486700578169347,0.5051871505795683,0.6574873400494294,-0.5993407443363129,0.6140860618559019
1,PAA-noPriority,3,-0.43290730538562594,0.44589274397708023,0.8944862739468376,-0.37819267714177746,0.257484089027038
1,PAA-noPriority,3,-0.5770225804895307,0.35972529151441296,1.1725264764419854,-0.45936160457545866,0.20113309104926955
1,PAA-noPriority,3,-0.5466931509919298,0.37468333681243243,1.2758102920010677,-0.4507690378039775,0.16083538594869445
1,PAA-noPriority,3,-0.5433904839136188,0.47552823605016636,0.8684058283919128,-0.6749798057402652,0.5248919534972661
1,PAA-noPriority,3,-0.6078694995124311,0.34543533486839195,1.266768880036419,-0.4729528021993957,0.21565941882372747
1,PAA-noPriority,3,-0.5157475328726119,0.5220008956089018,0.7079937284797467,-0.6091958094715104,0.5567329474577472
1,PAA-noPriority,3,-0.5853953261593176,0.39252457965827187,0.8277458339029348,-0.5477637942662434,0.3448196700231804
1,PAA-noPriority,3,-0.5654301194085567,0.3587549229581291,1.2847880786040071,-0.42789605954265386,0.20696857845818323
1,PAA-noPriority,3,-0.4756173158333071,0.4879256449037303,0.755129549685372,-0.5201589482399486,0.32001120989199433
1,PAA-noPriority,3,-0.47554430802954534,0.5359423737886455,0.8137411503644991,-0.7891552483145097,0.5416514802287435
1,PAA-noPriority,3,-0.5226868960451097,0.40478245286437964,1.0807043010154629,-0.4511419657256086,0.18473074933208347
1,PAA-noPriority,3,-0.5083939773679332,0.4340477488194171,0.7994911844726069,-0.5333053493664479,0.3887023339764027
1,PAA-noPriority,4,-0.6037440952530087,0.5125992998116018,0.9198275413214969,-0.8954721964343605,0.4436800323888878
1,PAA-noPriority,4,-0.6555142689409983,0.401923219989473,1.0912883633487742,-0.5883595970011842,0.330160056412925
1,PAA-noPriority,4,-0.4803687105886569,0.44552855567921856,0.5209319169482601,-0.45171083815070806,0.6333675802628342
1,PAA-noPriority,4,-0.5341110170829151,0.37813987966217166,1.4994604217345193,-0.34508580564469105,0.13065104461047614
1,PAA-noPriority,4,-0.5276360611768931,0.3946626955568811,1.0148846002135223,-0.2484048211982107,0.2756507542527594
1,PAA-noPriority,4,-0.5492018568912801,0.42073742374498113,0.6574873400494294,-0.5465535562350321,0.7322964917191248
1,PAA-noPriority,4,-0.596223829471082,0.3253863332031401,1.0372886595566415,-0.4845360875677551,0.2673001891878771
1,PAA-noPriority,4,-0.514715513675607,0.5225604188390394,0.6574873400494294,-0.6728792539653838,0.5886329211001782
1,PAA-noPriority,4,-0.416178132032876,0.43109618826192264,0.8277458339029348,-0.4783418662380107,0.3137366090091595
1,PAA-noPriority,4,-0.42518369417871604,0.43251299406271526,0.7849825783431665,-0.4617257435440486,0.3482053836205291
1,PAA-noPriority,4,-0.4577359827340716,0.4509196763957986,0.6397664390839424,-0.4593764135730208,0.47943757764551564
1,PAA-noPriority,4,-0.5031321848509706,0.42556643997298493,0.5833828754229664,-0.47538832850793555,0.6496830599026086
1,PAA-noPriority,4,-0.5449294345197488,0.3834882414855123,1.4126245053551463,-0.34171868901889235,0.16463798660864054
1,PAA-noPriority,4,-0.47120148251386135,0.4501887804862192,0.54254821706694,-0.4282710321207691,0.6256580302853958
1,PAA-noPriority,4,-0.5328486169029929,0.42307814875926686,0.6215404981423345,-0.5699167466309693,0.729025352962552
1,PAA-noPriority,4,-0.6399327922963567,0.41876800515736445,0.9919746671444328,-0.5566614752189436,0.36656620468141277
1,PAA-noPriority,4,-0.5264250042960315,0.39694232488084086,1.3544698050897948,-0.3062143645846138,0.13318095586079287
1,PAA-noPriority,4,-0.47472610338677557,0.4587747995952651,0.7397513981473143,-0.6170332434752985,0.4010045604136508
1,PAA-noPriority,4,-0.6280839219309011,0.41560570043323564,0.9444891303068569,-0.6446053654660645,0.3657824268786499
1,PAA-noPriority,4,-0.5685403448222934,0.40001566156793017,0.7079937284797468,-0.6160442347796711,0.5236542850212709
1,PAA-noPriority,4,-0.6077801996537502,0.48935775087375,0.8684058283919128,-0.7733797574893939,0.5025788909090829
1,PAA-noPriority,4,-0.4872214914851343,0.47306102158162133,0.755129549685372,-0.694259957009766,0.4051711948356986
1,PAA-noPriority,4,-0.5660488245798543,0.3309956284977626,1.1326360028574722,-0.4404292908283787,0.18467892437439354
1,PAA-noPriority,4,-0.5976817878542442,0.4986109040374089,0.8944862739468377,-0.849242952662759,0.414516358407627
1,PAA-noPriority,4,-0.47079846496725236,0.4029283877255779,0.9198275413214967,-0.3932850793268382,0.28607710918708373
1,PAA-noPriority,4,-0.5343667994643928,0.5124232534627081,0.6915682278846585,-0.6558930780375298,0.5606621280561617
1,PAA-noPriority,4,-0.5618353296239521,0.38040005420047746,1.182288815689544,-0.3671234916578898,0.18028515379522253
1,PAA-noPriority,4,-0.5468441360159695,0.3780460474185966,1.4684779648873718,-0.41840345668407436,0.15327017910040905
1,PAA-noPriority,4,-0.61561892824615,0.4856677502952591,0.9198275413214969,-0.7692025034179446,0.4354502219385522
1,PAA-noPriority,4,-0.5397092525910152,0.3806427755877966,1.4207380120476112,-0.3443854307688559,0.13365009741384865
1,PAA-noPriority,4,-0.5227478708064958,0.45438701694687855,0.6915682278846585,-0.5164159234989468,0.5487858761736973
1,PAA-noPriority,4,-0.6231547939735448,0.47174580067367744,0.9072453912952236,-0.7257129081480556,0.3890270444700785
1,PAA-noPriority,4,-0.5196563640554706,0.40078579579604606,1.2667688800364185,-0.26014438437297766,0.14505636956582876
1,PAA-noPriority,4,-0.6041005495317143,0.5043397860372647,0.9072453912952236,-0.8706939570451844,0.450135171727268
1,PAA-noPriority,4,-0.5645642378942075,0.4671312718402061,0.6747429940891573,-0.6620974458397525,0.5896012451568577
1,PAA-noPriority,4,-0.5998471113103107,0.4771186750492813,0.8277458339029348,-0.8267537987534329,0.4183602002341155
1,PAA-noPriority,4,-0.5220678949309578,0.41413154077947467,1.3025580288099368,-0.30734118921971537,0.14349002093826763
1,PAA-noPriority,4,-0.6511080431103743,0.4046007522479817,1.0807043010154629,-0.570927948750829,0.33457378573392776
1,PAA-noPriority,4,-0.526384593945977,0.39146820721978653,1.257662470491028,-0.3198714907588944,0.15755681741467767
1,PAA-noPriority,4,-0.5768969207055502,0.34682734874149845,1.211103777942239,-0.41082584575002923,0.17845330233081627
1,PAA-noPriority,4,-0.5947007574246234,0.4816298344639554,0.8550673523401053,-0.8576996187395226,0.42041197928918345
1,PAA-noPriority,4,-0.6196318748025316,0.4927320937409066,0.8137411503644991,-0.781779835046505,0.48680311565130163
1,PAA-noPriority,4,-0.5774243175681913,0.350187974631853,1.211103777942239,-0.40760479311845027,0.18089397879088276
1,PAA-noPriority,4,-0.5149502437021019,0.5141215311445313,0.6574873400494294,-0.6638860863371867,0.5805481575957352
1,PAA-noPriority,4,-0.6086477529843508,0.4971028620438804,0.8815425052328281,-0.7925583182912342,0.4530991098297938
1,PAA-noPriority,4,-0.5503207326110084,0.35811620939103006,1.0912883633487742,-0.39365360648733566,0.19425939119383345
1,PAA-noPriority,4,-0.5846961278940513,0.36857661725872004,1.059218945609956,-0.5027759824397178,0.2424961544751291
1,PAA-noPriority,4,-0.5342200565453957,0.4710697809822964,0.755129549685372,-0.7397301832909633,0.4823805982171411
1,PAA-noPriority,4,-0.5268610273810047,0.4096231729626082,1.112154352360633,-0.27684133507248593,0.1825514233363791
1,PAA-noPriority,4,-0.532669366033278,0.40699804041117116,1.3373897866387845,-0.35799748703347156,0.15408713909135938
1,PAA-noPriority,4,-0.5827678913572683,0.42948770786491275,0.9919746671444329,-0.5713216384704483,0.2640130915067417
1,PAA-noPriority,4,-0.5587907685466538,0.44323211553412356,0.7994911844726069,-0.6788601780464688,0.459406092402973
1,PAA-noPriority,4,-0.5508074908663186,0.33896189075695765,1.059218945609956,-0.41770994029794667,0.20567164241540561
1,PAA-noPriority,4,-0.6227740639293066,0.4809394091735161,0.9322398894708789,-0.7505427522076747,0.3889952040921808
1,PAA-noPriority,4,-0.5548332738145783,0.4372285767950966,0.7849825783431665,-0.6191136662074805,0.31228137856188215
1,PAA-noPriority,4,-0.5895772950998431,0.47419741537876287,0.8550673523401053,-0.8091261499101732,0.44315639263476647
1,PAA-noPriority,4,-0.6167139673338563,0.38173100875454963,1.257662470491028,-0.5045671981842108,0.27737018379085915
1,PAA-noPriority,4,-0.5274736328991383,0.44704798367390525,0.6215404981423345,-0.5843123762584037,0.5703524907215639
1,PAA-noPriority,4,-0.5862322419129257,0.40545745347755624,1.0148846002135226,-0.42365619017504696,0.2096441304396049
1,PAA-noPriority,4,-0.5538196701590425,0.3536733078979131,1.162682171623153,-0.39605269804299087,0.17602956922603047
1,PAA-noPriority,5,-0.4834991618271154,0.4399095902677724,0.5209319169482601,-0.5100891616065479,0.413727417060641
1,PAA-noPriority,5,-0.6741843778499849,0.33849380007318813,1.1527538013223835,-0.6785343936116496,0.3627690742234865
1,PAA-noPriority,5,-0.5827399596305913,0.4424155046837627,0.8550673523401053,-0.8733664102592618,0.42376961708734184
1,PAA-noPriority,5,-0.628633433194954,0.30715473002597826,1.0261477756627881,-0.5411018549743863,0.33825713711185074
1,PAA-noPriority,5,-0.482682354224114,0.4391039329735972,0.881542505232828,-0.22414806832054895,0.23321055756215534
1,PAA-noPriority,5,-0.5245509879305905,0.4594296880082126,0.6027637058449146,-0.5790256937627529,0.7552550754281177
1,PAA-noPriority,5,-0.49297512893495804,0.43317042892078483,1.201575571988228,-0.31348816260087325,0.1452608895283503
1,PAA-noPriority,5,-0.4957101816234612,0.5267955181697548,0.6397664390839424,-0.7343568361296732,0.5858778747654343
1,PAA-noPriority,5,-0.6555450240845172,0.35887734270512095,1.3713371082247576,-0.5624403557021985,0.3506552061843823
1,PAA-noPriority,5,-0.4313552809978754,0.44622292473170067,0.7240467010585573,-0.49837353990452493,0.30068637903043877
1,PAA-noPriority,5,-0.5638009817928147,0.47456572019600624,0.755129549685372,-0.7868482785659457,0.6015331651740508
1,PAA-noPriority,5,-0.4508655365418385,0.4457354946999107,0.8415174812746266,-0.33690076798299085,0.22277115466257072
1,PAA-noPriority,5,-0.587358871241666,0.3947854360544404,0.7079937284797468,-0.5531837667834408,0.6922705751002161
1,PAA-noPriority,5,-0.4722541647106083,0.4763584793381523,0.6574873400494294,-0.6754098462643563,0.3920767637648187
1,PAA-noPriority,5,-0.5429518529478579,0.43403796404654854,0.7994911844726069,-0.7583278633597699,0.529552545305861
1,PAA-noPriority,5,-0.4928045279743838,0.426478626675995,1.2111037779422387,-0.2902520195681083,0.14947379649096418
1,PAA-noPriority,5,-0.6431828053026143,0.33668807640320064,1.2667688800364192,-0.6030557187581247,0.28191725690781094
1,PAA-noPriority,5,-0.583956469455585,0.4573838818429728,0.7397513981473143,-0.6972264586629716,0.5526767476830592
1,PAA-noPriority,5,-0.5342314749406677,0.4532842150586484,0.6215404981423345,-0.5693278555569606,0.7186201292090362
1,PAA-noPriority,5,-0.6291058994820727,0.41624280987699286,0.9322398894708788,-0.6828587746852918,0.5076963691888464
1,PAA-noPriority,5,-0.5123673576882866,0.4722348571422968,0.5833828754229664,-0.6373699583194465,0.6714155458468872
1,PAA-noPriority,5,-0.5400841037571122,0.4883331609909177,0.6747429940891573,-0.7319004656792547,0.5738038904890255
1,PAA-noPriority,5,-0.6536288844402096,0.34411306755617593,1.3025580288099372,-0.6091382013654444,0.2901797615322824
1,PAA-noPriority,5,-0.6439438778989386,0.34120842097984366,1.3459568890394897,-0.5733094347692622,0.29910334933787025
1,PAA-noPriority,5,-0.6089764033096761,0.40654056415192175,1.059218945609956,-0.7217618823869794,0.4932586621098839
1,PAA-noPriority,5,-0.590536064684734,0.3687984075271821,0.9072453912952236,-0.44861695149299335,0.2705595190378949
1,PAA-noPriority,5,-0.5496298611747793,0.4009331397115098,1.1326360028574722,-0.3524274834563245,0.21305023393981318
1,PAA-noPriority,5,-0.48439942052676405,0.439831401914776,0.54254821706694,-0.510213211226396,0.41220999717760165
1,PAA-noPriority,5,-0.6347407999121703,0.32091445963442583,1.0483111508478484,-0.5332689383971806,0.32982389622422653
1,PAA-noPriority,5,-0.517182171203521,0.49929054006226553,0.6397664390839424,-0.7085579695480914,0.6480075820468262
1,PAA-noPriority,5,-0.5827912719424817,0.4407416931863013,0.8415174812746264,-0.8523016530986143,0.44666201265184863
1,PAA-noPriority,5,-0.5011916607767379,0.4259904103139762,1.1326360028574722,-0.3312418645263496,0.15356762307680127
1,PAA-noPriority,5,-0.5074234114409345,0.4038060544798389,1.239248916960327,-0.3875530351421864,0.17217108683941926
1,PAA-noPriority,5,-0.5802236846941198,0.38828016925529585,0.9072453912952236,-0.48229765401892655,0.29704573423062836
1,PAA-noPriority,5,-0.43617587686014003,0.45136752001154845,0.7079937284797467,-0.4937524438521611,0.3160672006651429
1,PAA-noPriority,5,-0.5059352445376838,0.5053833127390914,0.6215404981423344,-0.735371651326625,0.622703449029564
1,PAA-noPriority,5,-0.5687107812445471,0.3647941117203555,1.0261477756627881,-0.45077247798750675,0.23734720935735049
1,PAA-noPriority,5,-0.5952958138908832,0.3561852480859072,1.1017707555238396,-0.39998356158579457,0.26173182305781434
1,PAA-noPriority,5,-0.649018743737524,0.34493188385902934,1.0372886595566415,-0.591383289977711,0.47143194057089577
1,PAA-noPriority,5,-0.6653126084175277,0.3498806356344767,1.1121543523606332,-0.6749695288532496,0.3876713687937373
1,PAA-noPriority,5,-0.5237931490263646,0.48038413551513043,0.6747429940891573,-0.8269525974684268,0.4427968796025942
1,PAA-noPriority,5,-0.4884463065513893,0.43415070859346977,1.0148846002135223,-0.32429551752738844,0.19583414683058226
1,PAA-noPriority,5,-0.4731210877992206,0.4911735963243197,0.8137411503644992,-0.6531648460175447,0.33293176262573054
1,PAA-noPriority,5,-0.5136748479081307,0.42309067477624485,1.0700155515160485,-0.3873617213613436,0.20230638996794198
1,PAA-noPriority,5,-0.529082605956671,0.4827159502823136,0.6915682278846585,-0.7087127162637283,0.6184250237716432
1,PAA-noPriority,5,-0.56322409352106,0.4479959408839055,0.7849825783431665,-0.8478999620010953,0.43061180554872347
1,PAA-noPriority,5,-0.611826761271066,0.3553132935320023,0.9565815297270427,-0.578553948612688,0.4637369266813637
1,PAA-noPriority,5,-0.5243980798132031,0.468221016203562,0.5833828754229664,-0.6038039331519287,0.7487999360897375
1,PAA-noPriority,5,-0.6021420027236539,0.38119966184776183,1.2484896411001853,-0.5716919708578511,0.2881381535891081
1,PAA-noPriority,5,-0.5702822269433684,0.38693474815227935,0.8137411503644992,-0.5189466466641166,0.48761437702541277
1,PAA-noPriority,5,-0.49389861709039773,0.43952845965552106,1.112154352360633,-0.3130688474036055,0.18022200102898084
1,PAA-noPriority,5,-0.6237773459816953,0.3103723527896222,0.9919746671444329,-0.5338653011855873,0.35492990515603695
1,PAA-noPriority,5,-0.5243205458890057,0.48374476140548495,0.7079937284797468,-0.8225092096526762,0.4397985782123512
1,PAA-noPriority,5,-0.5534315188456557,0.425417514940167,0.8815425052328281,-0.6047790157358245,0.3681579147536439
1,PAA-noPriority,5,-0.5845120479619654,0.3615435305824497,0.7702007157586646,-0.4112226579512207,0.35006176232924213
1,PAA-noPriority,5,-0.609791253621516,0.32257639616441275,0.9685229624340642,-0.46905708929976697,0.29384870102902827
1,PAA-noPriority,5,-0.4449974093243644,0.45158294729174075,0.6915682278846585,-0.5219324358300108,0.3207981105022403
1,PAA-noPriority,5,-0.5166388963619084,0.5028084311503305,0.6574873400494295,-0.6843979122672963,0.5948592407946686
1,PAA-noPriority,5,-0.524075083954527,0.4635261592660848,0.6027637058449147,-0.6410399536437453,0.6563870442981516
1,PAA-noPriority,5,-0.6536997006944782,0.34758516668372447,1.3713371082247576,-0.5599153785556056,0.30286042602199165
1,PAA-noPriority,6,-0.5118960004696866,0.4235537705516334,0.881542505232828,-0.16769989207592412,0.2763189271320664
1,PAA-noPriority,6,-0.42109283817667453,0.44401710673832645,0.8944862739468376,-0.2371436883456397,0.2609279959631777
1,PAA-noPriority,6,-0.6450550216802518,0.38197036621907066,0.9198275413214969,-0.5172866843084857,0.5213161448611727
1,PAA-noPriority,6,-0.5855522130095039,0.31644638660065594,1.0700155515160485,-0.46008745191617795,0.29426037626054447
1,PAA-noPriority,6,-0.46697366620129765,0.40755529116857964,1.2205576048237503,-0.30760790837755864,0.12743039012106488
1,PAA-noPriority,6,-0.46153864167010444,0.47849578802087656,0.5209319169482601,-0.4851128389994538,0.6288661304891404
1,PAA-noPriority,6,-0.5078408801087511,0.38329779856794055,1.3459568890394893,-0.3377938062404959,0.16262336606128155
1,PAA-noPriority,6,-0.49977721246816,0.5250074356620674,0.7397513981473143,-0.8209131310249766,0.47730988271463
1,PAA-noPriority,6,-0.5726659716254726,0.45783313801780673,0.6747429940891573,-0.6041694985712622,0.8232788458658632
1,PAA-noPriority,6,-0.5251389558986036,0.36182930663716684,1.2667688800364185,-0.41127730632506115,0.18885267464275218
1,PAA-noPriority,6,-0.6343983379848555,0.40181659965146316,0.8684058283919128,-0.5320796741530237,0.518046213115144
1,PAA-noPriority,6,-0.619892868298592,0.39866147518646533,0.7849825783431665,-0.557333601582169,0.675144915122364
1,PAA-noPriority,6,-0.5500941180649815,0.427210417967035,0.8277458339029348,-0.7279721375533447,0.5755572973924854
1,PAA-noPriority,6,-0.5788089918362427,0.4553158468930231,0.7240467010585573,-0.5918098135420322,0.5532565898005004
1,PAA-noPriority,6,-0.619892868298592,0.3997250496692964,0.7702007157586646,-0.5404420752414644,0.6867192140694154
1,PAA-noPriority,6,-0.4725047622076053,0.4827274494191173,0.6215404981423345,-0.4941310716882635,0.6189478595733677
1,PAA-noPriority,6,-0.5124934120502442,0.48868963195809084,0.7079937284797468,-0.7199157019438973,0.7151572420030776
1,PAA-noPriority,6,-0.5050485690448755,0.5113154543143621,0.7849825783431665,-0.7807424857193244,0.4718804364822248
1,PAA-noPriority,6,-0.513709626972364,0.42608540869147526,0.8944862739468376,-0.1923432798916745,0.2794599346098766
1,PAA-noPriority,6,-0.5872939641659938,0.34910868816644225,0.9803189452974894,-0.44373102822752963,0.2838051518089807
1,PAA-noPriority,6,-0.42785065089141916,0.4195804924541641,1.0372886595566415,-0.3523128475685467,0.1811537806783414
1,PAA-noPriority,6,-0.5185613104969293,0.4901723801227197,0.6574873400494295,-0.6846773638355514,0.7403072187907483
1,PAA-noPriority,6,-0.4973275390830631,0.4855941953089394,0.6397664390839423,-0.653043628932058,0.6605737644226665
1,PAA-noPriority,6,-0.6147286935570364,0.37215512907222575,1.0148846002135226,-0.5073741439973822,0.3921591536735999
1,PAA-noPriority,6,-0.6075317884461895,0.3671433800848062,1.0700155515160485,-0.46958366951412034,0.3723997270575922
1,PAA-noPriority,6,-0.5563779835422797,0.35474859700536887,1.3113527077656701,-0.4179492914568721,0.19934187013486712
1,PAA-noPriority,6,-0.5345793423614845,0.36881379899313993,1.1224418956996507,-0.42724924239513645,0.2285023298544214
1,PAA-noPriority,6,-0.5003375789512148,0.41451335307541043,0.8684058283919127,-0.2347619197687835,0.24718001267705256
1,PAA-noPriority,6,-0.4395293049961321,0.4495526049899423,0.7994911844726069,-0.29912547667574585,0.2712839009210743
1,PAA-noPriority,6,-0.4485856374983987,0.46396846415547033,0.6027637058449147,-0.4496258307847837,0.5805925526816851
1,PAA-noPriority,6,-0.4420450175036798,0.4958243066965527,0.5833828754229664,-0.5055936076910709,0.6074807435403444
1,PAA-noPriority,6,-0.5944489736459342,0.3331656943639051,0.9919746671444329,-0.45891903610901463,0.29073289162848415
1,PAA-noPriority,6,-0.46101124480746336,0.47513516213052204,0.5425482170669401,-0.4888414104280252,0.626351390873143
1,PAA-noPriority,6,-0.4243778932875264,0.4437926991874416,0.8944862739468377,-0.2716038084175808,0.24599165906668521
1,PAA-noPriority,6,-0.5194974471910919,0.48620747133028164,0.6915682278846585,-0.6705339857172201,0.7564634795371723
1,PAA-noPriority,6,-0.5116969203982051,0.4735550806588934,0.6747429940891573,-0.6784211650451926,0.7014454771656033
1,PAA-noPriority,6,-0.4766366710386184,0.4989134043416568,0.5633356668893262,-0.4896789644226569,0.42526586435043656
1,PAA-noPriority,6,-0.4851712546324218,0.40827642172279044,1.1326360028574725,-0.3577169131119494,0.14591596319639324
1,PAA-noPriority,6,-0.5666006922055069,0.44525039220380974,0.6574873400494295,-0.5769214249778862,0.7968756454616897
1,PAA-noPriority,6,-0.47403361821892115,0.43217043333869054,0.9685229624340641,-0.34614591491341634,0.26679303977728813
1,PAA-noPriority,6,-0.5295160523870948,0.43604900632804416,1.0148846002135223,-0.5040263383779331,0.31331263483943284
1,PAA-noPriority,6,-0.498227070659234,0.5195345236070381,0.7397513981473143,-0.8114880725075914,0.4831250138338018
1,PAA-noPriority,6,-0.49842191263549573,0.5058540064770003,0.7397513981473143,-0.8042489499472751,0.4613042927398198
1,PAA-noPriority,6,-0.5183462646905361,0.36359380428112953,1.2299387677604998,-0.3892141152440048,0.2010641546888814
1,PAA-noPriority,6,-0.6002176637971216,0.3966230708251265,0.8944862739468376,-0.5786308444408539,0.4389709601487565
1,PAA-noPriority,6,-0.4894254603112345,0.3811446248345537,1.162682171623153,-0.39859397797898466,0.1686053906702588
1,PAA-noPriority,6,-0.4743676434447767,0.5164831084275849,0.6397664390839424,-0.6166924895510677,0.6400911266020692
1,PAA-noPriority,6,-0.6449300538243452,0.3915936287633673,0.8550673523401053,-0.5250059680022705,0.5343766921364338
1,PAA-noPriority,6,-0.5377240281461161,0.3560085951286248,1.1822888156895437,-0.3714343183578134,0.18267542371106177
1,PAA-noPriority,6,-0.5029883880511095,0.39897750451375424,1.0912883633487742,-0.2890755235488231,0.22954938049338622
1,PAA-noPriority,6,-0.544939142794791,0.3905245185673572,0.8415174812746266,-0.5286035847212525,0.5801080162629906
1,PAA-noPriority,6,-0.5518294065979624,0.34013790182858594,1.059218945609956,-0.534505611367982,0.2988287679260414
1,PAA-noPriority,6,-0.5899259452509533,0.32466299482726557,1.0483111508478484,-0.47780300656392816,0.33062710764787306
1,PAA-noPriority,6,-0.47688270318032444,0.41626506657148205,0.9919746671444328,-0.2516412491972867,0.21960089692052764
1,PAA-noPriority,6,-0.5080048938372504,0.38289153522292885,1.3373897866387845,-0.32693900018505306,0.17226707737124228
1,PAA-noPriority,6,-0.6003446640554817,0.33701841515116293,0.9322398894708789,-0.4713819568257217,0.30586797268143895
1,PAA-noPriority,6,-0.4510817682146809,0.5034697807505026,0.755129549685372,-0.5061563430487414,0.3485338294449921
1,PAA-noPriority,6,-0.5572694527113315,0.35554426773528197,1.3113527077656701,-0.4183218857443222,0.20074469352082702
1,PAA-noPriority,6,-0.5282531618966025,0.43000656236574014,0.8550673523401053,-0.25655327629452424,0.3052871993203854
1,PAA-noPriority,6,-0.5329625127369688,0.3679537307422095,1.1527538013223833,-0.403784691061775,0.23111136822322997
1,PAA-noPriority,7,-0.5132218507282694,0.47530848662613323,0.5633356668893262,-0.43888012992217557,0.5779365584634648
1,PAA-noPriority,7,-0.5245986095443603,0.49918766838532935,0.8137411503644992,-0.8665410077533918,0.493179834086191
1,PAA-noPriority,7,-0.4973350559638364,0.5410363297911258,0.6747429940891573,-0.7125693053555614,0.42203949617988545
1,PAA-noPriority,7,-0.6579849392235401,0.3553516088430063,0.9803189452974894,-0.5683676873965998,0.44522404850794217
1,PAA-noPriority,7,-0.5128453014400869,0.42149342448826027,1.293703564449794,-0.44172135352214753,0.1265480091089878
1,PAA-noPriority,7,-0.4315810152177927,0.46223015695431985,0.6027637058449147,-0.44036986102687664,0.6040726000750702
1,PAA-noPriority,7,-0.5403511373048657,0.4036456690941826,0.7849825783431665,-0.2142501325145413,0.3331760866888334
1,PAA-noPriority,7,-0.6219420631263799,0.31482421241951053,1.0807043010154629,-0.48408757973700006,0.2876248562368284
1,PAA-noPriority,7,-0.5844403224175553,0.40645358229569883,1.4368275854712882,-0.5122968536723562,0.17375662616476334
1,PAA-noPriority,7,-0.5241027536681877,0.4351163991290671,0.7849825783431665,-0.618316948519184,0.7399166004828265
1,PAA-noPriority,7,-0.4840074447318659,0.515657600672001,0.6397664390839423,-0.6421697211380684,0.6380127672381691
1,PAA-noPriority,7,-0.5471155682919276,0.5031712842823545,0.7397513981473143,-0.7138383614342001,0.6541387063348625
1,PAA-noPriority,7,-0.48984602238869235,0.5331971100337481,0.6915682278846585,-0.7489083148398169,0.6388927425742608
1,PAA-noPriority,7,-0.5238577116072278,0.4752996735677941,0.6747429940891573,-0.6098126782660647,0.696693500133851
1,PAA-noPriority,7,-0.5924944636926547,0.3882906294555869,1.337389786638785,-0.5230994691180515,0.18347232526873342
1,PAA-noPriority,7,-0.6380913775893357,0.33229551005663394,0.9444891303068569,-0.5333363594369722,0.3254672239798561
1,PAA-noPriority,7,-0.5636663041445493,0.4155322402057699,1.3879994509683686,-0.4662520238145042,0.1543908363158252
1,PAA-noPriority,7,-0.6331718817194739,0.3440784378236229,1.201575571988228,-0.5747772125262935,0.3034260360519566
1,PAA-noPriority,7,-0.43560515729564075,0.4691849268838462,0.5833828754229664,-0.4500289519359676,0.613685170739107
1,PAA-noPriority,7,-0.532233313476546,0.40007650215371743,0.7849825783431665,-0.3190710284145947,0.35367183119230683
1,PAA-noPriority,7,-0.5508316211689708,0.39995459573512326,0.7849825783431665,-0.2309444774144626,0.342940930560232
1,PAA-noPriority,7,-0.5706314566329957,0.41658369904668185,1.239248916960327,-0.49259752322628503,0.20336049244181176
1,PAA-noPriority,7,-0.5001953943624278,0.5236354536578997,0.6397664390839423,-0.6987652162727096,0.4101937847514668
1,PAA-noPriority,7,-0.5804331876502593,0.3897444510122085,1.1725264764419854,-0.5992234256655662,0.22484508844426893
1,PAA-noPriority,7,-0.5593757520903917,0.48704734467062155,0.8684058283919128,-0.7601906019494302,0.6079045039588975
1,PAA-noPriority,7,-0.5054527353961389,0.3958287626417843,1.112154352360633,-0.3627552523402039,0.17688315667404952
1,PAA-noPriority,7,-0.5256442852822891,0.48357050990613415,0.7702007157586646,-0.810905779826653,0.45310755445416573
1,PAA-noPriority,7,-0.5316569024219134,0.47311856828591203,0.755129549685372,-0.8000303669964997,0.48359114302705813
1,PAA-noPriority,7,-0.44875792322254204,0.4345106841432749,0.6574873400494294,-0.40577521458998367,0.5740087927627888
1,PAA-noPriority,7,-0.5548942499991915,0.40118943393271544,0.7240467010585573,-0.27532097348117845,0.3643013460821452
1,PAA-noPriority,7,-0.566211320124909,0.48534283719807886,0.8684058283919128,-0.7490721808967987,0.5305135751503245
1,PAA-noPriority,7,-0.5240504704679889,0.49806558910852267,0.7702007157586646,-0.8281344145128922,0.47083460178870074
1,PAA-noPriority,7,-0.576964221110875,0.4618785332448933,0.9198275413214969,-0.7904754933801487,0.3867756165783864
1,PAA-noPriority,7,-0.46100058011636447,0.4368461899488965,0.6397664390839423,-0.5218735350899839,0.5605862838313772
1,PAA-noPriority,7,-0.47078505681656263,0.45773296227758264,0.8277458339029348,-0.5390804771547074,0.32887969977024384
1,PAA-noPriority,7,-0.518966875341902,0.42668571963795615,1.0483111508478484,-0.4977003120113145,0.2170540897826283
1,PAA-noPriority,7,-0.6468473791325174,0.32421993261626286,0.9444891303068569,-0.5292875739228837,0.3254672239798561
1,PAA-noPriority,7,-0.4985411270385793,0.4780375766762141,0.7397513981473143,-0.6866609621780353,0.5150605347196995
1,PAA-noPriority,7,-0.44684206214186395,0.4378761146145834,0.7702007157586644,-0.3806801164539655,0.4273019284838546
1,PAA-noPriority,7,-0.5898464696722518,0.36440613232129987,1.2484896411001853,-0.4864149746059259,0.24023920683777567
1,PAA-noPriority,7,-0.5404638379370588,0.44534292607199816,0.7702007157586646,-0.7577115312233069,0.5505543649734709
1,PAA-noPriority,7,-0.5179726847128168,0.4690280446477096,0.7079937284797467,-0.6013498102032886,0.4362114960543114
1,PAA-noPriority,7,-0.5129957083328974,0.4221036255147201,1.2667688800364185,-0.4310632108655432,0.1388781992268172
1,PAA-noPriority,7,-0.6063205394946364,0.3788385007992425,1.1527538013223835,-0.5883505907872858,0.2601030116442217
1,PAA-noPriority,7,-0.4380914980106267,0.45905977004668197,0.6215404981423344,-0.4554063822804769,0.610867068662434
1,PAA-noPriority,7,-0.573597040474532,0.37194418718559435,0.9565815297270427,-0.42384993517547154,0.3006112848845433
1,PAA-noPriority,7,-0.5545530663871958,0.3952072866757989,0.8277458339029348,-0.27328843931678787,0.3190666802281602
1,PAA-noPriority,7,-0.5689412134251013,0.4235837636270528,1.3796934333906814,-0.4774026023485057,0.17872638200464894
1,PAA-noPriority,7,-0.5429226668925878,0.4547885908764585,0.7849825783431665,-0.6703888414781762,0.42825118401350293
1,PAA-noPriority,7,-0.5667173358512332,0.43107576733329367,0.7994911844726069,-0.3481529783729417,0.38600416310324615
1,PAA-noPriority,7,-0.5989080269691293,0.4268477339363109,0.7994911844726069,-0.7286782252859277,0.4411580852291913
1,PAA-noPriority,7,-0.6555736762803589,0.3675557026130306,1.003495015435271,-0.5674239329154748,0.3906584765065312
1,PAA-noPriority,7,-0.5952834094942835,0.42053473486925547,0.881542505232828,-0.6430090506551827,0.4643547982357508
1,PAA-noPriority,7,-0.5724387242387874,0.43942873245587355,0.9565815297270429,-0.6526197255245794,0.37723661251852675
1,PAA-noPriority,7,-0.6314929795080615,0.3655777171821949,1.1326360028574725,-0.5243900273279822,0.2538283540838032
1,PAA-noPriority,7,-0.512263605922836,0.40182475845727783,0.8137411503644991,-0.4034255826068504,0.5096477452478905
1,PAA-noPriority,7,-0.49400175968268717,0.5406219275879203,0.6574873400494295,-0.7200480185516305,0.4031603845712516
1,PAA-noPriority,7,-0.49312380218662816,0.4506753945912517,0.6747429940891573,-0.41308391261090777,0.5605067256618737
1,PAA-noPriority,7,-0.4959584654468069,0.49017243736365385,0.7994911844726069,-0.6050413448574874,0.3048880542451168
1,PAA-noPriority,7,-0.5793517358064915,0.4231003754301127,1.4126245053551467,-0.4996632451214089,0.18132496106496393
1,PAA-noPriority,8,-0.40384261473316363,0.4978276717075817,0.8415174812746266,-0.7827476100804137,0.43887356715360737
1,PAA-noPriority,8,-0.5154621302485728,0.4593344188375725,0.7397513981473143,-0.6439518403270277,0.7449811133118668
1,PAA-noPriority,8,-0.3709701616695905,0.5005662094890446,0.7397513981473143,-0.6606931963908892,0.4264469421793825
1,PAA-noPriority,8,-0.5016357131338625,0.34449498216568275,1.5595799441917932,-0.4031134337307618,0.12936218311405223
1,PAA-noPriority,8,-0.5367462381762232,0.4228093875417972,0.7702007157586646,-0.26480564096918763,0.5013967432421416
1,PAA-noPriority,8,-0.3960543587998909,0.5609160565704657,0.8137411503644991,-0.6993667265764667,0.4008423075732129
1,PAA-noPriority,8,-0.4791620117230028,0.4697019490584539,0.54254821706694,-0.4516199604946335,0.5989098425858528
1,PAA-noPriority,8,-0.5117269153235894,0.3405501792074525,1.7140702228211242,-0.4207463147257437,0.1361837641378324
1,PAA-noPriority,8,-0.6592911078831823,0.38404329579164853,1.1527538013223835,-0.4918423616537223,0.4866868458889287
1,PAA-noPriority,8,-0.5832378019963235,0.3058262285151966,1.2392489169603271,-0.5052713946610352,0.2338735764732002
1,PAA-noPriority,8,-0.6400344523133624,0.3917755351188784,1.1326360028574725,-0.5360174487912924,0.42865483604279075
1,PAA-noPriority,8,-0.42285336243397686,0.5037323364309765,0.6027637058449147,-0.584321125173879,0.5432615643414691
1,PAA-noPriority,8,-0.3892956427971879,0.5334945541254348,0.8137411503644991,-0.7209134039400469,0.392235635328891
1,PAA-noPriority,8,-0.48986303482984556,0.44192972821152254,0.7397513981473142,-0.2771015419955936,0.5538575326935193
1,PAA-noPriority,8,-0.5163789345165112,0.4084184545487199,1.0912883633487742,-0.614350680881594,0.32556265384762273
1,PAA-noPriority,8,-0.5442485348056018,0.3177192485803292,1.4207380120476114,-0.4632849535180837,0.1830343081350258
1,PAA-noPriority,8,-0.49990085996848704,0.4753656322902313,0.7240467010585573,-0.32184436716877995,0.5761804338261383
1,PAA-noPriority,8,-0.38115244009569543,0.5245519440872686,0.8550673523401052,-0.7288051416304652,0.3991217864494775
1,PAA-noPriority,8,-0.49117856120185543,0.3516308980575122,1.2937035644497938,-0.3910395941990824,0.15414364903510216
1,PAA-noPriority,8,-0.5312095578469378,0.4500153986617459,0.7240467010585573,-0.5307252576213035,0.6674097967547371
1,PAA-noPriority,8,-0.41142132947358634,0.5468844439998799,0.7849825783431665,-0.7056488999331105,0.41022410102230233
1,PAA-noPriority,8,-0.49806916481284735,0.42538602926100183,0.6915682278846585,-0.29961252363301255,0.6340274136013564
1,PAA-noPriority,8,-0.6019529893333256,0.3269631447275111,1.191971203281233,-0.49884614247059494,0.26298225151659893
1,PAA-noPriority,8,-0.5563013697247012,0.38123481372987644,1.0148846002135223,-0.4021351503379778,0.2772637257066289
1,PAA-noPriority,8,-0.497915427182366,0.3667164458795096,1.645646277694813,-0.41720949274363306,0.1361572758902069
1,PAA-noPriority,8,-0.43427994161063943,0.48152635277426603,0.7079937284797468,-0.6740116090067824,0.4435420977419568
1,PAA-noPriority,8,-0.575355671339534,0.31712212786355787,1.3713371082247576,-0.4842955447783714,0.20931201188091714
1,PAA-noPriority,8,-0.6224665335131017,0.39706517515019674,0.9444891303068568,-0.38193220952530266,0.3545108042587766
1,PAA-noPriority,8,-0.39135171091130216,0.5463335422468194,0.8277458339029348,-0.7336932552670421,0.40056498469107044
1,PAA-noPriority,8,-0.4370730553660128,0.5178058146226853,0.6574873400494295,-0.6476345278887484,0.453271526111529
1,PAA-noPriority,8,-0.5621560746521304,0.3223121513011725,1.3544698050897952,-0.4820755996299546,0.21654343978417318
1,PAA-noPriority,8,-0.403957830882101,0.49939965973576933,0.7397513981473143,-0.7655424615739882,0.46009418840214955
1,PAA-noPriority,8,-0.5110128893165685,0.462301935694655,0.7240467010585573,-0.6285917509091212,0.7363192063504767
1,PAA-noPriority,8,-0.5039947133542784,0.43288113175999443,0.9072453912952236,-0.49737000219466,0.47829502623640163
1,PAA-noPriority,8,-0.49347990735739494,0.3718102915373337,1.4994604217345202,-0.44731328430312367,0.18005798529944772
1,PAA-noPriority,8,-0.4650306660697856,0.40544455968944454,1.1224418956996507,-0.37575348969224953,0.25288167435795167
1,PAA-noPriority,8,-0.47995557899596764,0.4651767479662909,0.6397664390839424,-0.6562578804858646,0.5323857359777819
1,PAA-noPriority,8,-0.45066898185478577,0.48464196388789704,0.755129549685372,-0.6884960394047961,0.37964643979296586
1,PAA-noPriority,8,-0.4959248604114652,0.4274043961144919,0.7240467010585573,-0.28786733338179554,0.6104545538594677
1,PAA-noPriority,8,-0.5338522208098627,0.43346469623414235,0.6397664390839423,-0.43132950509775697,0.625647356157023
1,PAA-noPriority,8,-0.48651300616699966,0.37012301617038024,1.5887868407416341,-0.4410696520198325,0.1659220338308284
1,PAA-noPriority,8,-0.5921832211841573,0.36462518066617217,0.9685229624340641,-0.5700987695583166,0.32723797568370633
1,PAA-noPriority,8,-0.47377927113216006,0.4464562862977154,0.6215404981423345,-0.5707100262150211,0.5079850343707902
1,PAA-noPriority,8,-0.44331094902093504,0.4922594555927587,0.6747429940891573,-0.6689400421402849,0.6050709529066977
1,PAA-noPriority,8,-0.5422204443785782,0.3948967953988306,0.9444891303068568,-0.3421870945968482,0.290017321325193
1,PAA-noPriority,8,-0.5474021018476357,0.4169115804817422,0.7397513981473143,-0.5117436708117645,0.6869605467428649
1,PAA-noPriority,8,-0.4991753105938586,0.3785122292852342,1.0483111508478484,-0.539637587604456,0.2591888938262794
1,PAA-noPriority,8,-0.39183602931641726,0.4979834618286006,0.8815425052328281,-0.7575338492569685,0.42109343901977925
1,PAA-noPriority,8,-0.495085970121505,0.3774519313314391,1.6031907674409915,-0.42459298240509885,0.1746763227051329
1,PAA-noPriority,8,-0.6120514511283596,0.39281288697004524,1.0261477756627881,-0.43658345973603996,0.3499869380796703
1,PAA-noPriority,8,-0.4684453528016156,0.41534657835668815,0.8944862739468377,-0.598295148862191,0.3877382435975599
1,PAA-noPriority,8,-0.5719123749082934,0.41159887886529456,0.9198275413214969,-0.39666979348129405,0.4425453467950001
1,PAA-noPriority,8,-0.47663835053832065,0.45864091587483735,0.5833828754229664,-0.4288257943378766,0.6019770079249003
1,PAA-noPriority,8,-0.4116663703426265,0.5234712470328341,0.8415174812746264,-0.638956931917049,0.3177105210573625
1,PAA-noPriority,8,-0.4625948241992684,0.48669871319450486,0.8550673523401053,-0.6614697187445182,0.3740422269122961
1,PAA-noPriority,8,-0.5876123597298593,0.3128914874353893,1.2576624704910284,-0.5300733148698346,0.2264534835425937
1,PAA-noPriority,8,-0.5528557106435601,0.38169315400348236,0.9803189452974893,-0.38381225887233056,0.3006273702431853
1,PAA-noPriority,8,-0.6141439712774668,0.33878460026268337,1.162682171623153,-0.46211405933722693,0.3448345148095092
1,PAA-noPriority,8,-0.4997959830118823,0.41972456857798984,0.7079937284797467,-0.2976286424695943,0.7009044806429825
1,PAA-noPriority,8,-0.580733947294978,0.30928399291260733,1.1725264764419854,-0.5071694777527275,0.2254897139472077
1,PAA-noPriority,9,-0.5617030743310328,0.4743412036504681,0.5833828754229664,-0.590904673980883,0.7310133857059193
1,PAA-noPriority,9,-0.4911722605528072,0.44189946806181385,1.0372886595566415,-0.37983322357304217,0.13001787607554643
1,PAA-noPriority,9,-0.4929071248653599,0.4217969384746002,0.8415174812746264,-0.2630321171791993,0.2504197680870428
1,PAA-noPriority,9,-0.662566289085209,0.3910397567374867,0.9444891303068569,-0.5795052152184201,0.4258931556404346
1,PAA-noPriority,9,-0.48688435095664884,0.5261543287420336,0.6215404981423345,-0.5479045981956707,0.4967897551835911
1,PAA-noPriority,9,-0.44776515539541695,0.515194098034922,0.5833828754229664,-0.527144103733449,0.42489276485753463
1,PAA-noPriority,9,-0.47309295570134263,0.5134407314175814,0.5209319169482601,-0.49221049613013523,0.43930344164244534
1,PAA-noPriority,9,-0.5827801907020012,0.4915107032613374,0.7240467010585573,-0.8334038797621645,0.377319197303933
1,PAA-noPriority,9,-0.5990192757534718,0.3086406261935627,0.9803189452974894,-0.5450156844387114,0.2753757788446563
1,PAA-noPriority,9,-0.5211332918058081,0.35921069926377164,1.293703564449794,-0.3862420380413482,0.16943564758448404
1,PAA-noPriority,9,-0.5266037354283972,0.36780379713304845,1.2392489169603267,-0.4290309390812559,0.1628766829562532
1,PAA-noPriority,9,-0.5695643155888406,0.4652674402087241,0.6397664390839424,-0.4842138676517943,0.691555675304108
1,PAA-noPriority,9,-0.5360182626567926,0.3523548975545651,1.284788078604007,-0.38912920482118885,0.17263882586191553
1,PAA-noPriority,9,-0.5299138284353069,0.3721161580511212,1.1527538013223833,-0.4046855778016839,0.18552026927734827
1,PAA-noPriority,9,-0.5630395296035786,0.3242348557304514,1.1017707555238396,-0.4511939131897016,0.22859190903702245
1,PAA-noPriority,9,-0.5037350806244921,0.3773292180021094,1.1822888156895437,-0.3956810519223032,0.1521858987862384
1,PAA-noPriority,9,-0.6159313826487884,0.34208050430025716,0.9565815297270429,-0.5724069726063329,0.363913301147785
1,PAA-noPriority,9,-0.4876236700589958,0.43548478711244576,1.0034950154352709,-0.37153607298935537,0.14347484829585416
1,PAA-noPriority,9,-0.561995699076274,0.48211093949731315,0.6574873400494295,-0.6314934584135579,0.6428746236882291
1,PAA-noPriority,9,-0.5591017593304597,0.5092656880424562,0.6574873400494295,-0.7254652597117202,0.5813358481163252
1,PAA-noPriority,9,-0.6597380624873868,0.3855518329228788,0.9803189452974895,-0.5752808401275213,0.392777813001888
1,PAA-noPriority,9,-0.47604001941234586,0.49852002484539015,0.54254821706694,-0.5020119938471753,0.4363733838177065
1,PAA-noPriority,9,-0.5862646298119385,0.4849852833699809,0.7702007157586646,-0.7862201588455094,0.3715117320276196
1,PAA-noPriority,9,-0.573752930492775,0.36104713742986944,1.0700155515160485,-0.5940553983103697,0.2804654754613406
1,PAA-noPriority,9,-0.5566044261777581,0.34878134803454214,1.0807043010154627,-0.44143554133288865,0.2067404009618822
1,PAA-noPriority,9,-0.6123353593884009,0.33273310388595656,0.9444891303068568,-0.5338897441135101,0.3522271947209811
1,PAA-noPriority,9,-0.5003254667356676,0.41808204864853227,0.8415174812746264,-0.2849334069894834,0.2546326750496567
1,PAA-noPriority,9,-0.6270756899263351,0.40074046294264126,0.8550673523401053,-0.4842312708845952,0.5244598841152441
1,PAA-noPriority,9,-0.4517853475639937,0.5132257866291807,0.5633356668893262,-0.5108862640195231,0.4456031104238571
1,PAA-noPriority,9,-0.6356401006990883,0.38081450111609105,0.8944862739468377,-0.598200335736794,0.42434438934096796
1,PAA-noPriority,9,-0.5801860766455744,0.4794784632389503,0.6747429940891573,-0.8264919528422132,0.3431291113603005
1,PAA-noPriority,9,-0.5472358857093429,0.3308525513675477,1.1326360028574722,-0.4463502856877815,0.22025768078897184
1,PAA-noPriority,9,-0.5403984307594593,0.40619110626626576,0.9322398894708788,-0.5854961434611825,0.21464094260807715
1,PAA-noPriority,9,-0.5892380318450948,0.4776892525933438,0.7702007157586646,-0.7618326631332702,0.3570855288944272
1,PAA-noPriority,9,-0.5016983874298502,0.5248659793206092,0.6027637058449147,-0.5216756132537992,0.5917031637563632
1,PAA-noPriority,9,-0.6517095277523459,0.39372111441101426,0.9322398894708789,-0.5652125090251958,0.39777110427668394
1,PAA-noPriority,9,-0.6206321685799088,0.4243907191552214,0.9072453912952236,-0.6655931467641221,0.5130768063637668
1,PAA-noPriority,9,-0.5507900089812539,0.42866348825115963,0.7240467010585573,-0.4568747305352964,0.5566878358338669
1,PAA-noPriority,9,-0.5976531569914588,0.3145916995447037,0.9685229624340641,-0.5300556310993224,0.29361441837310587
1,PAA-noPriority,9,-0.6014961702961046,0.4225182923817082,0.8684058283919128,-0.6950751276102303,0.3941671390030521
1,PAA-noPriority,9,-0.5556319035131598,0.45281047180267164,0.7079937284797468,-0.4089365757606659,0.540292143138396
1,PAA-noPriority,9,-0.5158468719501504,0.4894661175364773,0.6574873400494294,-0.6062057008765332,0.45386705494538904
1,PAA-noPriority,9,-0.6416447476398062,0.37911802058134436,0.9072453912952236,-0.6180460445121073,0.41883747785480663
1,PAA-noPriority,9,-0.5313278881780285,0.431048255393078,0.8944862739468376,-0.46756455889176873,0.20306577312415905
1,PAA-noPriority,9,-0.49502930297763204,0.40695411393895375,1.112154352360633,-0.4203867419766577,0.16204908294937734
1,PAA-noPriority,9,-0.6060985237849061,0.36223030008084667,0.8684058283919128,-0.6537984161270212,0.3341690248834632
1,PAA-noPriority,9,-0.564340627494753,0.46233449774179664,0.6915682278846585,-0.650353814502058,0.3283100080079681
1,PAA-noPriority,9,-0.5071536259643705,0.4203287784980624,0.9198275413214968,-0.39295266348334906,0.1784050807912109
1,PAA-noPriority,9,-0.5135961874660279,0.3796284182982303,0.9322398894708789,-0.468604191520984,0.306754605034457
1,PAA-noPriority,9,-0.591018106616795,0.48761866459515757,0.6915682278846585,-0.67365307091083,0.5359580121758183
1,PAA-noPriority,9,-0.5533878531601584,0.46056432420053034,0.6397664390839424,-0.4828088416902254,0.6390743330976068
1,PAA-noPriority,9,-0.5953868020961404,0.46994072671490394,0.7240467010585573,-0.7724826106811131,0.3846702288659919
1,PAA-noPriority,9,-0.6272861441872976,0.39323566997363485,0.8137411503644991,-0.4766571018394082,0.5245005772689793
1,PAA-noPriority,9,-0.45637298923520586,0.4310197492993895,0.7849825783431665,-0.3239095177504191,0.26239033775812437
1,PAA-noPriority,9,-0.5925690221566016,0.4396937424547497,0.8684058283919127,-0.7161932575911604,0.49660255078042004
1,PAA-noPriority,9,-0.47622840479555134,0.49186440889956684,0.5633356668893262,-0.4934067793050163,0.4183033874955394
1,PAA-noPriority,9,-0.5688940359711301,0.5041490589200162,0.6574873400494295,-0.7183012721008947,0.6119364241842625
1,PAA-noPriority,9,-0.5826208775168248,0.41564101158937544,0.7994911844726069,-0.6859215339887385,0.48681885897939736
1,PAA-noPriority,9,-0.5555719658193002,0.4977066048667087,0.5633356668893262,-0.6225258914422405,0.7112071911224022
1,PAA-noPriority,9,-0.5505586513475885,0.45065889172349644,0.7397513981473143,-0.49516942979795775,0.6260448597574737
1,PAA-noAdaptive,0,-0.7061329312582098,0.39133641562681926,1.4527389723778683,-0.8308489938421584,0.3098957782254362
1,PAA-noAdaptive,0,-0.41179697774484414,0.47272188900343276,0.6915682278846585,-0.5322091789628003,0.37168397692204586
1,PAA-noAdaptive,0,-0.6563034953664947,0.33912893065043664,1.5669327069381127,-0.7373446004051573,0.20790491635818156
1,PAA-noAdaptive,0,-0.5385093540328552,0.4529003587093735,0.7994911844726069,-0.7019720021730548,0.8364820272539282
1,PAA-noAdaptive,0,-0.6674877964083651,0.28823615621457044,1.2484896411001856,-0.6563672195390565,0.3207770686685704
1,PAA-noAdaptive,0,-0.4665765747231315,0.546867463651301,0.6915682278846585,-0.6707776966892288,0.5092936444715145
1,PAA-noAdaptive,0,-0.6453954824608529,0.4033101969199674,1.5595799441917928,-0.9870249283348894,0.29164715919444506
1,PAA-noAdaptive,0,-0.6978410084343976,0.3720829754249827,1.652616161435534,-0.9395307122978125,0.3083044274243099
1,PAA-noAdaptive,0,-0.5139153765950861,0.4563377796031447,0.5633356668893262,-0.4982710875528216,0.46747486507548164
1,PAA-noAdaptive,0,-0.5051532463344466,0.4096056548312118,0.7551295496853719,-0.4099809724312441,0.2992161011816832
1,PAA-noAdaptive,0,-0.42739881110630346,0.46767635332536095,0.7240467010585573,-0.4359091240521858,0.3687876044080791
1,PAA-noAdaptive,0,-0.4552199134762357,0.491076641283451,0.7240467010585573,-0.6582994817269836,0.48788304793320825
1,PAA-noAdaptive,0,-0.6354063128642577,0.32672940558455765,1.5222835063120281,-0.6664306886714495,0.20859177222980999
1,PAA-noAdaptive,0,-0.6485469756040215,0.41594178062099163,1.3200887962222396,-0.8510577579836174,0.30714514601239784
1,PAA-noAdaptive,0,-0.5050652854128769,0.4807413384877117,0.6397664390839423,-0.6172445491595349,0.7805128322148833
1,PAA-noAdaptive,0,-0.5233494686107376,0.45995823765495814,0.7702007157586646,-0.6176587670052208,0.723584240929938
1,PAA-noAdaptive,0,-0.6501443817583882,0.33565597873116115,1.1527538013223835,-0.5774557050156265,0.3578002917193549
1,PAA-noAdaptive,0,-0.4950194495417916,0.44885766241385666,0.6215404981423344,-0.4522547427581952,0.5524308227742519
1,PAA-noAdaptive,0,-0.6523848453183027,0.30300026527662965,1.2205576048237508,-0.6318179656564917,0.3634113123302753
1,PAA-noAdaptive,0,-0.5240545429641358,0.48440672717067795,0.6397664390839423,-0.6024297730152577,0.761964523699079
1,PAA-noAdaptive,0,-0.6378198461878298,0.34539318376129413,1.162682171623153,-0.6987080064044437,0.481911521690081
1,PAA-noAdaptive,0,-0.6752132862334809,0.29429382372876595,1.3544698050897952,-0.7010595722624349,0.31919716185263663
1,PAA-noAdaptive,0,-0.5959969426112782,0.38308990436381024,1.3025580288099372,-0.8104573923537263,0.2437697006711877
1,PAA-noAdaptive,0,-0.47244258716881476,0.4429393102771271,0.7397513981473143,-0.42942731747819807,0.3372259371404896
1,PAA-noAdaptive,0,-0.69210296249263,0.3549866366036252,1.574251127939735,-0.8888229896487754,0.2956498287232039
1,PAA-noAdaptive,0,-0.5161841554408373,0.45226002766861634,0.5833828754229664,-0.47359025192247195,0.4672543474745293
1,PAA-noAdaptive,0,-0.42248059804326815,0.49626370879516557,0.6747429940891573,-0.6485676664606366,0.5062243148134739
1,PAA-noAdaptive,0,-0.656842832853186,0.3165669287666124,1.6103444173701353,-0.6825060894014383,0.234491662761525
1,PAA-noAdaptive,0,-0.6575635184027416,0.3956059730679543,1.293703564449794,-0.9130325598112303,0.3416697131365417
1,PAA-noAdaptive,0,-0.610587466885921,0.395157130397173,1.0912883633487742,-0.7947453328450684,0.4725277005346117
1,PAA-noAdaptive,0,-0.6955274341747382,0.38005002616549877,1.631617191560735,-0.9825684206926951,0.303432377777065
1,PAA-noAdaptive,0,-0.6258109142319204,0.4519606032297217,1.191971203281233,-0.7667516362795972,0.3693700335487432
1,PAA-noAdaptive,0,-0.5287641153149673,0.3882709565147162,0.8550673523401052,-0.4894300771584799,0.5342210166557478
1,PAA-noAdaptive,0,-0.4976980237405213,0.5077919302792938,0.6027637058449147,-0.5874570034122458,0.5914286631460707
1,PAA-noAdaptive,0,-0.6812204175426495,0.35602301336394854,1.4917751340604715,-0.7541684794712749,0.2695662799654241
1,PAA-noAdaptive,0,-0.6472598252718897,0.3535838082817546,1.3713371082247576,-0.7096893857308202,0.2341812629061192
1,PAA-noAdaptive,0,-0.6146515474207949,0.4050761377101817,1.0700155515160485,-0.7491079404275588,0.3732702961637643
1,PAA-noAdaptive,0,-0.6742225415139529,0.3688669884785009,1.1224418956996507,-0.8085150393190395,0.3718278041225726
1,PAA-noAdaptive,0,-0.47827479588468014,0.4823289283377976,0.6915682278846585,-0.5980754632657155,0.6421774059813752
1,PAA-noAdaptive,0,-0.5612169926633072,0.41964121518570324,0.8944862739468377,-0.764222121151936,0.6156443912191536
1,PAA-noAdaptive,0,-0.6896451084062674,0.3816476531159687,1.552192351668487,-0.9586591686065915,0.3059538439396367
1,PAA-noAdaptive,0,-0.6795794923064878,0.31443297788007907,1.4606296681954092,-0.7975309683082209,0.3100413721645554
1,PAA-noAdaptive,0,-0.469102195894764,0.5425443760964997,0.6915682278846585,-0.6854791831212609,0.5156108004921125
1,PAA-noAdaptive,0,-0.6285491443319626,0.37325860893850493,1.0372886595566415,-0.6904911929187404,0.49728391471423994
1,PAA-noAdaptive,0,-0.5499236295323762,0.42340202723314696,0.8277458339029348,-0.5159409981653112,0.40262007997617166
1,PAA-noAdaptive,0,-0.6931885021475784,0.37711911451912716,1.6245572178441157,-0.9590805020701655,0.30878953021406874
1,PAA-noAdaptive,0,-0.5259120778439772,0.45390104464119113,0.6027637058449148,-0.48744445315908785,0.43548935756917484
1,PAA-noAdaptive,0,-0.5332215383435213,0.45074750830331667,0.6397664390839423,-0.5588030895523682,0.7715791351338457
1,PAA-noAdaptive,0,-0.5833960424911127,0.4116612613799003,0.8415174812746264,-0.5565919906777613,0.44710084128238686
1,PAA-noAdaptive,0,-0.603232994582329,0.3615383790048775,0.8815425052328281,-0.6157975929146173,0.36879977306435713
1,PAA-noAdaptive,0,-0.5666462605909655,0.40807082525811367,0.7079937284797468,-0.5562696364096398,0.6175335340227901
1,PAA-noAdaptive,0,-0.5701650067155776,0.4348828210738988,0.8684058283919128,-0.8331348087479096,0.5068645441855096
1,PAA-noAdaptive,0,-0.5540222956554292,0.431109872888653,0.8137411503644991,-0.7618776797866682,0.4185035156532105
1,PAA-noAdaptive,0,-0.49181314388421243,0.3999826222751202,0.9565815297270427,-0.5599880152784993,0.3265104818540305
1,PAA-noAdaptive,0,-0.5473384523059875,0.39814137086944584,0.8277458339029348,-0.5298017629426468,0.5633383440355298
1,PAA-noAdaptive,0,-0.628366416232961,0.3251169253588544,1.3962560587641581,-0.6601350638668325,0.2768754425453646
1,PAA-noAdaptive,0,-0.4968285071307039,0.5325396855936333,0.6215404981423345,-0.6510441517707795,0.5237330394094843
1,PAA-noAdaptive,0,-0.6646261419416866,0.3402532781828054,1.266768880036419,-0.7642435275356474,0.3207910603067807
1,PAA-noAdaptive,0,-0.46348357845173227,0.5178231863047209,0.7240467010585573,-0.6486362520087191,0.39880294932362437
1,PAA-noAdaptive,0,-0.5000630913285896,0.5292126933919766,0.6215404981423346,-0.6735747505205434,0.5234648065755401
1,PAA-noAdaptive,1,-0.6609682262969315,0.2994220415498723,1.2392489169603274,-0.5769187745730248,0.5005399097142359
1,PAA-noAdaptive,1,-0.5359564371792194,0.3793131037179359,1.0807043010154627,-0.4952691097459825,0.1912245373885106
1,PAA-noAdaptive,1,-0.4675303270213565,0.4752563957576422,0.5633356668893262,-0.44881884845723385,0.4288761892527847
1,PAA-noAdaptive,1,-0.4948705180334071,0.44517998783336055,0.6747429940891573,-0.26786243944228716,0.3695028935013892
1,PAA-noAdaptive,1,-0.45901387762950047,0.5009539008824451,0.7079937284797468,-0.5871091619213409,0.4414842749822248
1,PAA-noAdaptive,1,-0.6917028270838985,0.3791639741715547,1.652616161435534,-0.9829199914285163,0.3039635054924084
1,PAA-noAdaptive,1,-0.6958930863971116,0.3690241471490195,1.6595567729924292,-0.9153552529556697,0.29331577203831005
1,PAA-noAdaptive,1,-0.5636129712942961,0.3894288551919526,0.9322398894708788,-0.5660377955513309,0.80810644049155
1,PAA-noAdaptive,1,-0.704708626687992,0.33674066442165945,1.4917751340604712,-0.8074685539481123,0.30325565166885604
1,PAA-noAdaptive,1,-0.49874303110330837,0.520662618676637,0.6215404981423344,-0.41817417321878525,0.41643853277788623
1,PAA-noAdaptive,1,-0.5097730539017777,0.44780810184972053,0.755129549685372,-0.5527959731834711,0.7579796170910542
1,PAA-noAdaptive,1,-0.5972791614022246,0.45296891666949624,1.162682171623153,-0.7890827390509568,0.335502175772677
1,PAA-noAdaptive,1,-0.6984843895635379,0.36151499200239967,1.5595799441917928,-0.8997315403573787,0.2901167346800561
1,PAA-noAdaptive,1,-0.6422529218721905,0.36411672625827024,1.3544698050897952,-0.6849986050025635,0.2320599034439544
1,PAA-noAdaptive,1,-0.6550791285434878,0.32183317508639175,1.2205576048237508,-0.6386414950390111,0.5233451387392918
1,PAA-noAdaptive,1,-0.6894688204959667,0.36790628959189964,1.638646748247976,-0.9434826981310312,0.31084037847643786
1,PAA-noAdaptive,1,-0.5524781636617874,0.45011799464670244,0.9198275413214969,-0.709941194693878,0.536569688237573
1,PAA-noAdaptive,1,-0.5707462916342897,0.40410377787972596,0.8944862739468377,-0.5753895998742544,0.796231612504538
1,PAA-noAdaptive,1,-0.6249567837698125,0.4101198099614864,1.0034950154352709,-0.7436833761693934,0.5814341482024341
1,PAA-noAdaptive,1,-0.673385845184659,0.39627059674466475,1.4994604217345198,-0.910564798195184,0.28457234257825315
1,PAA-noAdaptive,1,-0.6543954634440304,0.39143189575306875,1.3025580288099372,-0.8193766647021187,0.46817202354001053
1,PAA-noAdaptive,1,-0.6076670602071621,0.38371418776132915,1.2299387677605003,-0.6356806715829655,0.23149802034714018
1,PAA-noAdaptive,1,-0.5089713532426267,0.4954198378620028,0.6574873400494294,-0.30776445205183767,0.4522877099762477
1,PAA-noAdaptive,1,-0.6888194780008414,0.34842324418265896,1.596005053582509,-0.8552069050583198,0.39995232617912346
1,PAA-noAdaptive,1,-0.6383213048028301,0.4060004157089194,1.2576624704910284,-0.8158210680935205,0.5644664571111294
1,PAA-noAdaptive,1,-0.6779094874511667,0.32077900669392323,1.4527389723778683,-0.7636873658375156,0.3865532771931727
1,PAA-noAdaptive,1,-0.4739992900626303,0.4876677104576741,0.5633356668893262,-0.4196208534697652,0.5075401021247248
1,PAA-noAdaptive,1,-0.6150447378986715,0.3710459449070228,1.0372886595566415,-0.5941318186074369,0.7154408525265176
1,PAA-noAdaptive,1,-0.46508365295326914,0.47721391986043643,0.5833828754229664,-0.47074479163375926,0.42657821888028546
1,PAA-noAdaptive,1,-0.6324278423711199,0.33977054237819165,1.0912883633487744,-0.6155602012395993,0.4587739281150885
1,PAA-noAdaptive,1,-0.6748420989027732,0.31052513002228743,1.4126245053551467,-0.6740901316634104,0.3796218205557763
1,PAA-noAdaptive,1,-0.5254038721811851,0.4163325376992765,0.7079937284797466,-0.36465910036722055,0.32498483132525513
1,PAA-noAdaptive,1,-0.6215633156017795,0.3731874224062103,1.059218945609956,-0.5877787849086515,0.6431550660468845
1,PAA-noAdaptive,1,-0.6489995856313867,0.4209585200303147,1.3459568890394897,-0.9217135795766318,0.44617235910437747
1,PAA-noAdaptive,1,-0.5106074651460346,0.4703544029252935,0.6027637058449146,-0.3936352824402952,0.5558403221386401
1,PAA-noAdaptive,1,-0.6862072800698991,0.36630144231683626,1.4762845386668806,-0.8752800189159806,0.2940225959718022
1,PAA-noAdaptive,1,-0.4793711084006116,0.4803083115187645,0.7702007157586644,-0.4074356640907527,0.34278265359960897
1,PAA-noAdaptive,1,-0.48265276327757584,0.512437299071662,0.7397513981473143,-0.5134275851981606,0.2817015986279959
1,PAA-noAdaptive,1,-0.6522700040457206,0.3141168972569181,1.3796934333906816,-0.693884829294042,0.54723820660583
1,PAA-noAdaptive,1,-0.6678783915422825,0.3442211382951771,1.4448051827559238,-0.7976303370846127,0.3278790141685976
1,PAA-noAdaptive,1,-0.5634247689954694,0.4079334011533177,0.8550673523401053,-0.5412093188117977,0.41765840643883145
1,PAA-noAdaptive,1,-0.5741468487769247,0.40045285683634313,0.9198275413214969,-0.5008254943776834,0.2999849728424008
1,PAA-noAdaptive,1,-0.48511175021414543,0.5079701343722893,0.6397664390839423,-0.3895396591055863,0.4011367126772695
1,PAA-noAdaptive,1,-0.6015343723593393,0.4176284867098411,1.1427391744033626,-0.6763162950527299,0.35000232242578766
1,PAA-noAdaptive,1,-0.4971628486214333,0.5202801671684965,0.6027637058449146,-0.42617450067890444,0.39538139736971517
1,PAA-noAdaptive,1,-0.5314129078482255,0.44264374321870986,0.7702007157586646,-0.536757655852349,0.6997523734347805
1,PAA-noAdaptive,1,-0.5859502498975477,0.4403971466700554,0.9803189452974895,-0.6572075905764041,0.5472028831143424
1,PAA-noAdaptive,1,-0.5214383865968835,0.46598585058957315,0.6915682278846585,-0.3776195114654379,0.37460770866214976
1,PAA-noAdaptive,1,-0.5450879735219438,0.4380511831557258,0.8277458339029348,-0.5897666550331969,0.2668453325824006
1,PAA-noAdaptive,1,-0.5038171209524609,0.4399215670749713,0.7079937284797467,-0.4544943664987461,0.6270830737249294
1,PAA-noAdaptive,1,-0.6221850503941212,0.32818268734084605,1.0483111508478484,-0.5221761310791854,0.36940538787198535
1,PAA-noAdaptive,1,-0.5325202267095535,0.4490162738650813,0.7079937284797467,-0.5058414595456613,0.7217559684362658
1,PAA-noAdaptive,1,-0.6690906090582859,0.3413791967040563,1.3796934333906814,-0.774021733038923,0.2981486914414274
1,PAA-noAdaptive,1,-0.5091584157282314,0.47388896664764457,0.6574873400494295,-0.3320619494555774,0.4374947260882499
1,PAA-noAdaptive,1,-0.5394442253520436,0.3953924730521807,0.7702007157586646,-0.4339402714953506,0.26780694489073176
1,PAA-noAdaptive,1,-0.664421586881025,0.3038839085939852,1.2758102920010679,-0.5833729682381537,0.5108946278380511
1,PAA-noAdaptive,1,-0.6397634702390123,0.37028841558215564,1.2205576048237508,-0.7513966471645048,0.47808354716978985
1,PAA-noAdaptive,1,-0.47922553296966947,0.49500264747259964,0.6574873400494294,-0.3186937297488626,0.4476538334101571
1,PAA-noAdaptive,1,-0.517437412631652,0.4730333116368485,0.6574873400494295,-0.3180051338075224,0.3826147336414647
1,PAA-noAdaptive,1,-0.519989253564569,0.4392757364733734,0.9803189452974895,-0.4737497360394144,0.2640694424451944
1,PAA-noAdaptive,2,-0.456114951027082,0.5294025592534822,0.7397513981473144,-0.6605116018806912,0.42274120918273866
1,PAA-noAdaptive,2,-0.5667549551697443,0.4158370424485186,0.6915682278846585,-0.25803450433753394,0.5341022543877275
1,PAA-noAdaptive,2,-0.6780100130839438,0.30123926518642935,1.4288054467365827,-0.6846220432487966,0.3119549117000954
1,PAA-noAdaptive,2,-0.3997934862338511,0.49123749064147065,0.6747429940891573,-0.47938479438763804,0.35657865652287307
1,PAA-noAdaptive,2,-0.6933613938644543,0.3809443105587304,1.5447694296661303,-0.9824881791942088,0.3168059662938553
1,PAA-noAdaptive,2,-0.43144323712157606,0.4865089315756178,0.5633356668893262,-0.4839909516184629,0.6728536279972599
1,PAA-noAdaptive,2,-0.5210094510758472,0.4675967692029837,0.7397513981473142,-0.5335475863966348,0.8842177443797162
1,PAA-noAdaptive,2,-0.6993299383662042,0.3719326503810127,1.7006056912958407,-0.9157947827734109,0.2907566880829255
1,PAA-noAdaptive,2,-0.704960163964093,0.3653758230806471,1.5887868407416335,-0.8405282642113802,0.3261900118021383
1,PAA-noAdaptive,2,-0.5959423769244641,0.3874805100828366,1.3025580288099372,-0.7324516727663053,0.22596281886153208
1,PAA-noAdaptive,2,-0.6940656935605644,0.3760522861761907,1.6245572178441154,-0.9331924568351709,0.289243753396217
1,PAA-noAdaptive,2,-0.5434687880989619,0.46406681194310406,0.755129549685372,-0.43838544466659035,0.8644893790437628
1,PAA-noAdaptive,2,-0.5239144380382049,0.44125176249821846,0.7849825783431665,-0.625710876308468,0.8142650237378841
1,PAA-noAdaptive,2,-0.5138476133317031,0.45488000566993103,0.7702007157586646,-0.6287522100919576,0.7647639078023094
1,PAA-noAdaptive,2,-0.6796353270911955,0.33531224097427453,1.3459568890394897,-0.7922675254169386,0.3237926948168533
1,PAA-noAdaptive,2,-0.6675879543454493,0.31421543472680835,1.2847880786040071,-0.6935164278517874,0.3314642774145693
1,PAA-noAdaptive,2,-0.46031070416847875,0.47892757164463207,0.6027637058449146,-0.5456142869799218,0.6018119044761165
1,PAA-noAdaptive,2,-0.6566359568762173,0.39453494816637635,1.537310666418436,-0.8092103557576802,0.28702804896031886
1,PAA-noAdaptive,2,-0.5740150057914966,0.44263074973062133,1.0034950154352709,-0.7732783890951207,0.4920133410990998
1,PAA-noAdaptive,2,-0.5627333172903439,0.422368773002467,0.6397664390839423,-0.28381450654586676,0.5516248282756576
1,PAA-noAdaptive,2,-0.6350281750765214,0.38933812279018226,1.3796934333906816,-0.7391785926379012,0.24561516217053558
1,PAA-noAdaptive,2,-0.6291522528730272,0.3327258153640321,1.2484896411001858,-0.6929553827983123,0.3184435941678993
1,PAA-noAdaptive,2,-0.5155427570063615,0.4453817261658231,0.6747429940891573,-0.5037726732901074,0.7948171306027433
1,PAA-noAdaptive,2,-0.6367335553265269,0.40913939898595847,1.3200887962222398,-0.8662013130762756,0.29715248377075537
1,PAA-noAdaptive,2,-0.6363690504482961,0.35236314153070303,1.4606296681954094,-0.7594555925741335,0.3143440053266312
1,PAA-noAdaptive,2,-0.6858474293031888,0.3893602579257915,1.468477964887372,-0.9594505257475611,0.31886121847947524
1,PAA-noAdaptive,2,-0.46669671813931785,0.4954666004042362,0.6027637058449147,-0.5603707339521972,0.6161309282667815
1,PAA-noAdaptive,2,-0.44950848195985316,0.48127423936640873,0.6574873400494295,-0.5754537776417662,0.7233997301017052
1,PAA-noAdaptive,2,-0.6923373844445019,0.3709318009131034,1.6664684781093735,-0.9041745465500505,0.2946520574853021
1,PAA-noAdaptive,2,-0.46507310740187335,0.5035633448738939,0.755129549685372,-0.6364357036684197,0.4179951413695758
1,PAA-noAdaptive,2,-0.44056287376477227,0.5168953890945168,0.7079937284797468,-0.5511830223248098,0.40343459488550515
1,PAA-noAdaptive,2,-0.4123955002059459,0.4923796931764148,0.6397664390839423,-0.4945462155539306,0.3762323760141287
1,PAA-noAdaptive,2,-0.4973003677407878,0.4717820880569161,0.6915682278846585,-0.5196212686732279,0.6555788480041398
1,PAA-noAdaptive,2,-0.5207844022071262,0.4278525584301901,0.9444891303068569,-0.8132788788093752,0.3687620822502523
1,PAA-noAdaptive,2,-0.6105474719592068,0.364446913536974,1.201575571988228,-0.7009366170580066,0.29730319724498744
1,PAA-noAdaptive,2,-0.6142661738064847,0.3848059296089691,1.1121543523606332,-0.684118252534255,0.6843330452221049
1,PAA-noAdaptive,2,-0.5745550823109742,0.4349423638118962,0.8415174812746264,-0.6238080322579779,0.6959024719955526
1,PAA-noAdaptive,2,-0.4368402323850405,0.50963224401752,0.5833828754229664,-0.4967441189843373,0.46950238531509464
1,PAA-noAdaptive,2,-0.5861565273479614,0.3530764831934093,1.059218945609956,-0.673870014222756,0.35640860281275605
1,PAA-noAdaptive,2,-0.6446329421286112,0.32164257108433575,1.3025580288099372,-0.636872832583812,0.3272796742985694
1,PAA-noAdaptive,2,-0.504034468934962,0.45935110189916106,0.6747429940891573,-0.3922525159416595,0.4223783443901755
1,PAA-noAdaptive,2,-0.6431907136948849,0.4064095500664662,1.162682171623153,-0.622883184857004,0.36843575088174463
1,PAA-noAdaptive,2,-0.42733309264729175,0.4756572454398972,0.6574873400494295,-0.4275764439421049,0.3818609207188357
1,PAA-noAdaptive,2,-0.5463116371953773,0.42032805910089854,0.6215404981423345,-0.3399520366418945,0.5061657536291883
1,PAA-noAdaptive,2,-0.7005412511562733,0.36357516607167917,1.5669327069381127,-0.831715115127295,0.32592199796970117
1,PAA-noAdaptive,2,-0.6897460765194448,0.3557581039745107,1.484050047961325,-0.7877449769068988,0.33172289673108935
1,PAA-noAdaptive,2,-0.6610511627892014,0.3589069705364246,1.3629295501408407,-0.8044069230328169,0.3114097723055491
1,PAA-noAdaptive,2,-0.42861086333773846,0.5264503273727026,0.6915682278846585,-0.5710665081182357,0.41291568350874136
1,PAA-noAdaptive,2,-0.47843724762166284,0.44972540721810256,0.6915682278846585,-0.46064419894714137,0.34637685508456423
1,PAA-noAdaptive,2,-0.6624362424802097,0.33434324699054335,1.4840500479613248,-0.7959586186380861,0.2738377561459041
1,PAA-noAdaptive,2,-0.41072086226151594,0.4846298168455284,0.6915682278846585,-0.4909402687504304,0.38007416344205236
1,PAA-noAdaptive,2,-0.5233787167248446,0.4160192188060193,0.6747429940891573,-0.32112121968448515,0.5389886405041371
1,PAA-noAdaptive,2,-0.6705317736272608,0.39318431868108095,1.3962560587641581,-0.8945496468203572,0.2959453326783465
1,PAA-noAdaptive,2,-0.48488357901904316,0.46733287533218804,0.6215404981423344,-0.4566688227576698,0.4849401388679294
1,PAA-noAdaptive,2,-0.595488207345987,0.4042279283624402,0.8137411503644991,-0.4638531082881845,0.5437881582418971
1,PAA-noAdaptive,2,-0.5386674758126097,0.42648979918889723,0.6574873400494295,-0.38036560739938363,0.5757425194846862
1,PAA-noAdaptive,2,-0.49420126291036653,0.46799629868246767,0.7702007157586646,-0.6473762695426247,0.7351811111628848
1,PAA-noAdaptive,2,-0.6192307483309852,0.3548897225718464,1.3200887962222398,-0.7365637064119601,0.27752626590496554
1,PAA-noAdaptive,2,-0.5572173675888128,0.3808911465984194,1.1224418956996507,-0.6373087394861956,0.3358810134341309
1,PAA-noAdaptive,2,-0.5920978237466075,0.4111520886506854,1.2667688800364192,-0.7658543239109934,0.32160662897925735
1,PAA-noAdaptive,3,-0.46547873236627674,0.4837433185715871,0.5209319169482601,-0.5532146567004569,0.6447210391754938
1,PAA-noAdaptive,3,-0.5624591329001033,0.5135956427869427,0.8137411503644992,-0.7369380800031836,0.4589476880520495
1,PAA-noAdaptive,3,-0.7048188793022969,0.34880181386813003,1.6595567729924292,-0.8256405432265149,0.32272455669445926
1,PAA-noAdaptive,3,-0.49883603249973857,0.45580025757258846,0.6215404981423344,-0.529590605283612,0.7965369948427755
1,PAA-noAdaptive,3,-0.6368899895621553,0.32767383163077496,1.5669327069381127,-0.7146901988368357,0.18020132995237348
1,PAA-noAdaptive,3,-0.6772057759341793,0.331992519851498,1.7006056912958405,-0.7771401688986515,0.2637681423728987
1,PAA-noAdaptive,3,-0.5159894326948888,0.4277184430646009,0.6574873400494295,-0.2601210024503762,0.48476710685160107
1,PAA-noAdaptive,3,-0.6936623920054124,0.3793178141827641,1.5298155376831446,-0.9818658320609955,0.31642070653487775
1,PAA-noAdaptive,3,-0.4429739446517521,0.467670854976405,0.6747429940891573,-0.5154527191202096,0.49047169355553855
1,PAA-noAdaptive,3,-0.6215202049187655,0.29544705290494433,1.2937035644497943,-0.6717236354358646,0.32735729789142465
1,PAA-noAdaptive,3,-0.6939657595573301,0.36138864705498863,1.5147140218016455,-0.9324490382994,0.31023597462556285
1,PAA-noAdaptive,3,-0.5977198551882592,0.3871021354601075,0.9685229624340641,-0.6772366544745514,0.551041785952078
1,PAA-noAdaptive,3,-0.5878324765814227,0.37112528878220974,0.9322398894708789,-0.44172649650169105,0.435992484605325
1,PAA-noAdaptive,3,-0.6511102483535771,0.3200631062250808,1.5447694296661307,-0.7188627899660576,0.23889581253114284
1,PAA-noAdaptive,3,-0.6269207466861154,0.36585375485066524,1.162682171623153,-0.6867177672345095,0.3155887598075385
1,PAA-noAdaptive,3,-0.5083827390549007,0.4877788887695667,0.6747429940891573,-0.44427923397057245,0.68191817870926
1,PAA-noAdaptive,3,-0.6577260651122744,0.3054733536276665,1.4917751340604715,-0.7339094407810051,0.3418370410752056
1,PAA-noAdaptive,3,-0.6711521368983584,0.31351013443292663,1.5887868407416337,-0.7681826312685405,0.28694079107085757
1,PAA-noAdaptive,3,-0.6412995601270179,0.43259382167218696,1.2484896411001858,-0.8757318330173718,0.3766737374067498
1,PAA-noAdaptive,3,-0.5214639839145546,0.4170518929939007,0.6747429940891573,-0.29426164471284627,0.5385221134559689
1,PAA-noAdaptive,3,-0.5427081765177355,0.40494745514172187,0.7079937284797467,-0.4192656393301132,0.41042294741382523
1,PAA-noAdaptive,3,-0.6115658882275443,0.3797704813776468,1.1121543523606332,-0.5625449592524269,0.37360256981574375
1,PAA-noAdaptive,3,-0.6102647157878873,0.335109198952706,1.3629295501408407,-0.7404563453906242,0.21008565573512733
1,PAA-noAdaptive,3,-0.5551233215467405,0.4139901850889208,0.755129549685372,-0.3668593677225259,0.5785089874963324
1,PAA-noAdaptive,3,-0.645521148760114,0.3146702091076468,1.396256058764158,-0.7010285716534808,0.21661643938103925
1,PAA-noAdaptive,3,-0.46239134233853435,0.5006854092650748,0.6215404981423344,-0.5479032935256354,0.5922857726782172
1,PAA-noAdaptive,3,-0.6061380919783362,0.3216967505702032,1.4126245053551467,-0.7007114583537861,0.19213720554141817
1,PAA-noAdaptive,3,-0.6321552184989432,0.3327081761754516,1.2111037779422387,-0.6468817201931232,0.2557935372523823
1,PAA-noAdaptive,3,-0.5747932145564587,0.3371372285275845,1.0483111508478486,-0.5992385459244928,0.36338067638654603
1,PAA-noAdaptive,3,-0.5507636289764923,0.3982062576350726,0.7702007157586646,-0.40159974799465525,0.3727926868255174
1,PAA-noAdaptive,3,-0.5446579184999155,0.42172306935639703,0.8550673523401053,-0.636070658741356,0.5608450655818636
1,PAA-noAdaptive,3,-0.5374923332542769,0.44200990142258006,0.7849825783431665,-0.582460189302534,0.7313014341296956
1,PAA-noAdaptive,3,-0.6030220145893386,0.40072232780945133,1.1427391744033626,-0.7605094122291677,0.29615579940387377
1,PAA-noAdaptive,3,-0.5047307744015221,0.43053644612930597,0.6574873400494295,-0.4511583497419748,0.7116101201805527
1,PAA-noAdaptive,3,-0.6105598980460181,0.29936197063859044,1.3113527077656704,-0.6541718832064818,0.32223719651267035
1,PAA-noAdaptive,3,-0.5195685837750972,0.43511997066389174,0.6574873400494295,-0.31573855032983944,0.49833401352228995
1,PAA-noAdaptive,3,-0.6855256086410185,0.34119248062756086,1.6870337002483236,-0.8175127821162999,0.273677564451386
1,PAA-noAdaptive,3,-0.5151445672723654,0.39121513566125204,0.7994911844726069,-0.40606582348375,0.42163037393224057
1,PAA-noAdaptive,3,-0.5264131217559002,0.4599069007921626,0.7397513981473143,-0.5225342251529353,0.6697941178522513
1,PAA-noAdaptive,3,-0.5841336592806157,0.38112598336377934,0.9444891303068569,-0.7102415267671508,0.38720308909045553
1,PAA-noAdaptive,3,-0.47743146503857903,0.5135609464823293,0.6747429940891573,-0.6098893477461956,0.4681690071401112
1,PAA-noAdaptive,3,-0.6213608709581523,0.36422521980589745,1.0483111508478484,-0.5108442866155628,0.398904616271207
1,PAA-noAdaptive,3,-0.4656420540537276,0.47395775106363514,0.54254821706694,-0.5282397539124426,0.6484896997060051
1,PAA-noAdaptive,3,-0.5808186281753239,0.40191297897989875,1.0261477756627881,-0.5689998248189947,0.3362351991540127
1,PAA-noAdaptive,3,-0.5648455864595119,0.4133537034674273,1.003495015435271,-0.7903257712835231,0.43927225644810514
1,PAA-noAdaptive,3,-0.6899043187919267,0.3644768495310391,1.4762845386668804,-0.9168048390191622,0.3441489952847089
1,PAA-noAdaptive,3,-0.6615224398929168,0.36091003518553344,1.436827585471288,-0.8831594977858914,0.3617714361255585
1,PAA-noAdaptive,3,-0.6915187397554463,0.3262425665149994,1.6245572178441157,-0.8057779177960238,0.2701254307794972
1,PAA-noAdaptive,3,-0.6176545788060851,0.37474095891050235,1.2847880786040067,-0.7404003215713888,0.2744921136032355
1,PAA-noAdaptive,3,-0.551989424243939,0.41014232434475095,0.755129549685372,-0.47417635189956603,0.4142819872767358
1,PAA-noAdaptive,3,-0.4481762545097088,0.4989493691431986,0.6215404981423344,-0.5891638616493868,0.5912508431846437
1,PAA-noAdaptive,3,-0.5007699562393795,0.4614468731359068,0.6215404981423344,-0.5131247857699898,0.7548028158973757
1,PAA-noAdaptive,3,-0.45476339429650886,0.4998526833911283,0.6215404981423344,-0.5719290131645384,0.563737670741755
1,PAA-noAdaptive,3,-0.48545444919025826,0.47659298277810686,0.6915682278846585,-0.49833415796308883,0.537198124023624
1,PAA-noAdaptive,3,-0.5423293368847639,0.42746656180601655,0.7240467010585573,-0.43512365537572945,0.6132602294232596
1,PAA-noAdaptive,3,-0.6429963715395276,0.3547760908356637,1.2205576048237503,-0.843371777750473,0.3809538048777903
1,PAA-noAdaptive,3,-0.4957629601705216,0.43557018934297964,0.6397664390839423,-0.5186840635742385,0.6062627562674876
1,PAA-noAdaptive,3,-0.6654744278526454,0.3304107413955324,1.4448051827559238,-0.8121558159012693,0.27727573673812334
1,PAA-noAdaptive,3,-0.622447419952948,0.39327564628611344,1.2847880786040071,-0.8972423068599571,0.36180041035309307
1,PAA-noAdaptive,3,-0.47893037261734317,0.47936456517726767,0.54254821706694,-0.5392424956518502,0.5716745512170366
1,PAA-noAdaptive,4,-0.7046586829051547,0.34176255514737736,1.6733516349767308,-0.8177197486316368,0.2841193235124975
1,PAA-noAdaptive,4,-0.4580915471367414,0.5242608207402765,0.6215404981423345,-0.5468535358456954,0.5888376445861271
1,PAA-noAdaptive,4,-0.6875035994354743,0.3629638287842899,1.707351230126634,-0.9122650116118154,0.3160271668769451
1,PAA-noAdaptive,4,-0.4842042245982272,0.48304191117029144,0.5209319169482601,-0.3617706005533602,0.5606715523271958
1,PAA-noAdaptive,4,-0.49752923615594913,0.4510581046921529,0.7079937284797468,-0.28182689417566287,0.4336142977221007
1,PAA-noAdaptive,4,-0.5438594441861817,0.48752247919017594,0.7079937284797468,-0.5048126256674126,0.7503215861278781
1,PAA-noAdaptive,4,-0.5895289503824044,0.3898796270457071,1.4288054467365827,-0.6579786756744825,0.19270388282010378
1,PAA-noAdaptive,4,-0.6938523254721158,0.40049982956527297,1.6456462776948126,-0.9829796572996379,0.32646609612103383
1,PAA-noAdaptive,4,-0.6854358648023258,0.3130992759628083,1.574251127939735,-0.7543991717598442,0.3144898120220034
1,PAA-noAdaptive,4,-0.5097578649537489,0.5289148510920085,0.7397513981473143,-0.569839802393911,0.6416139828432439
1,PAA-noAdaptive,4,-0.6817430191936884,0.37576099844253924,1.6245572178441157,-0.8855566825541727,0.2628211625784709
1,PAA-noAdaptive,4,-0.47164317875770667,0.4874099171634317,0.6027637058449146,-0.43297446648453225,0.5750198978650254
1,PAA-noAdaptive,4,-0.48908606870390575,0.4733576294982985,0.5833828754229664,-0.3870350106715509,0.6421608135562187
1,PAA-noAdaptive,4,-0.5378644161326813,0.516000107709499,0.755129549685372,-0.5509575149959962,0.5623675760181637
1,PAA-noAdaptive,4,-0.505604394525427,0.5029432693874245,0.6215404981423344,-0.46577602659630485,0.6708713084913531
1,PAA-noAdaptive,4,-0.5254618734473476,0.4275790961407126,0.7240467010585573,-0.45074306876748993,0.7159719948020998
1,PAA-noAdaptive,4,-0.5667060473836119,0.5210446296674975,0.7849825783431665,-0.5218875335825494,0.41136201802625927
1,PAA-noAdaptive,4,-0.5288083952176948,0.5061294527263235,0.6574873400494294,-0.5629391702776975,0.725652414078526
1,PAA-noAdaptive,4,-0.5967798853069436,0.3932969089557474,1.4126245053551467,-0.6769166886104482,0.21312633496507333
1,PAA-noAdaptive,4,-0.6375749532878002,0.4119484706220544,1.3459568890394895,-0.83916406849089,0.29988402123228897
1,PAA-noAdaptive,4,-0.5985397556067558,0.43979659683038985,0.9322398894708787,-0.6184350783369468,0.5498612774648417
1,PAA-noAdaptive,4,-0.6727553284613241,0.3230653079424225,1.4606296681954092,-0.6982455447563296,0.3255537172335575
1,PAA-noAdaptive,4,-0.6992069604979813,0.3318901647420195,1.5887868407416335,-0.7687093814634773,0.306932231636826
1,PAA-noAdaptive,4,-0.6529561322404224,0.36807921682130806,1.5222835063120284,-0.8079674504181581,0.2403359595134323
1,PAA-noAdaptive,4,-0.5852713854449589,0.4907608245021233,0.8277458339029348,-0.5254908793987958,0.5562629017902655
1,PAA-noAdaptive,4,-0.5058677212923849,0.5109972762583379,0.6027637058449146,-0.4800455137312758,0.676244334369376
1,PAA-noAdaptive,4,-0.6231799465691173,0.4336581377990111,1.0912883633487742,-0.7153215041566678,0.3606436792253167
1,PAA-noAdaptive,4,-0.497148506111711,0.46025171319199154,0.6915682278846585,-0.30680179696367726,0.42984563719158936
1,PAA-noAdaptive,4,-0.6764460959301442,0.35460822085499644,1.6316171915607347,-0.7849447838962995,0.2660993389361203
1,PAA-noAdaptive,4,-0.5005718778264933,0.4642760556987998,0.6397664390839423,-0.2850982039558301,0.5473594171622705
1,PAA-noAdaptive,4,-0.634943979184144,0.38866895799923035,1.1326360028574725,-0.6704417999903243,0.4381670117324303
1,PAA-noAdaptive,4,-0.5256709206539589,0.4446526104362027,1.0148846002135226,-0.3823973897329638,0.24790909096668465
1,PAA-noAdaptive,4,-0.6098195491003043,0.3826029504155493,1.1626821716231532,-0.5852049197938753,0.34364208888877934
1,PAA-noAdaptive,4,-0.6628226559456017,0.44663634093934557,1.3287674498039934,-0.7551880226173433,0.3725766814344551
1,PAA-noAdaptive,4,-0.5198045075218298,0.44726472921078847,0.6215404981423344,-0.39467366845179697,0.7324043828319929
1,PAA-noAdaptive,4,-0.4858813791291343,0.48113258213812243,0.54254821706694,-0.35943185161519164,0.5693335456531884
1,PAA-noAdaptive,4,-0.5038285617347015,0.4788032358382008,0.7994911844726069,-0.34581829412006726,0.336350913069888
1,PAA-noAdaptive,4,-0.6416108529800028,0.42158955450576696,1.0807043010154629,-0.6368531026732768,0.5264709025103084
1,PAA-noAdaptive,4,-0.4772162677687003,0.47373431431615776,0.7079937284797468,-0.48158411548784563,0.7248233738002445
1,PAA-noAdaptive,4,-0.4800859551145674,0.47853566747447146,0.5633356668893262,-0.38624394661894124,0.6056897238153545
1,PAA-noAdaptive,4,-0.5505621662554299,0.4548651857873578,0.8815425052328281,-0.5738387203056364,0.4199341378605329
1,PAA-noAdaptive,4,-0.5149932974817373,0.5027054099029764,0.6747429940891573,-0.4546694185045803,0.6275536319967874
1,PAA-noAdaptive,4,-0.6398229350908109,0.3723998717344173,1.2758102920010677,-0.7396752135126856,0.37017633408040096
1,PAA-noAdaptive,4,-0.6948779061370585,0.40049982956527297,1.638646748247976,-0.9597134481611154,0.32355909971221264
1,PAA-noAdaptive,4,-0.48436625446952253,0.46938189940228864,0.6397664390839423,-0.3144819456006599,0.4319069399003112
1,PAA-noAdaptive,4,-0.6668499154650915,0.320910827906681,1.3713371082247576,-0.6669407322496061,0.3302110286605486
1,PAA-noAdaptive,4,-0.6481262650726329,0.40242067009834537,1.201575571988228,-0.7210831015403276,0.4798193878615139
1,PAA-noAdaptive,4,-0.6263574820600939,0.36722270899055726,1.4126245053551467,-0.6995605700211948,0.23194073788304798
1,PAA-noAdaptive,4,-0.6591994659693594,0.31962008597341474,1.4448051827559238,-0.6961305426929233,0.29075870455796754
1,PAA-noAdaptive,4,-0.6923320710091252,0.3913940929391039,1.6870337002483238,-0.9381706844295316,0.3207732013326282
1,PAA-noAdaptive,4,-0.5025575962373908,0.5003360304456959,0.6027637058449147,-0.4087383511386495,0.5415304345480104
1,PAA-noAdaptive,4,-0.6057680604033439,0.415827851165899,1.1017707555238396,-0.5416553691962361,0.3482946574572187
1,PAA-noAdaptive,4,-0.513828245338356,0.46893606193378534,0.6215404981423344,-0.35133504350900757,0.6938905899175944
1,PAA-noAdaptive,4,-0.571016947609263,0.42297441656769896,0.8684058283919127,-0.5979088839666541,0.4937356952280929
1,PAA-noAdaptive,4,-0.49488553714896605,0.495879296888844,0.7079937284797468,-0.5949211742764053,0.5873744767810153
1,PAA-noAdaptive,4,-0.6558914701258735,0.3969430157212266,1.2205576048237508,-0.7403560080422914,0.3888565291993621
1,PAA-noAdaptive,4,-0.6532003773943709,0.3978937369988183,1.3025580288099372,-0.7783589675696934,0.3496722189292183
1,PAA-noAdaptive,4,-0.6681330026750514,0.3654785247611265,1.4994604217345195,-0.7875784735303866,0.28055336175568757
1,PAA-noAdaptive,4,-0.5762457129376786,0.43372613657861825,0.9072453912952235,-0.4803422285763469,0.6081091339660555
1,PAA-noAdaptive,4,-0.5555995026463123,0.47769965342062315,0.8944862739468377,-0.6523433069267817,0.60710502036928
1,PAA-noAdaptive,5,-0.4231170383381963,0.45489563543166633,0.755129549685372,-0.40493180711142757,0.39937915051205336
1,PAA-noAdaptive,5,-0.5796006186726987,0.41216894674930227,1.4606296681954094,-0.755873518726813,0.18482293833869262
1,PAA-noAdaptive,5,-0.6955274341747382,0.38053371314304957,1.552192351668487,-0.98283974993003,0.31733709400919874
1,PAA-noAdaptive,5,-0.6957631452868333,0.3595056770505044,1.720762980340169,-0.8690051961722833,0.3116806506550886
1,PAA-noAdaptive,5,-0.4933321397366939,0.464929923206619,0.6215404981423345,-0.33866397838668094,0.5127975521655956
1,PAA-noAdaptive,5,-0.7049810343093336,0.3586746581490546,1.596005053582509,-0.8674004002077244,0.28771199161517413
1,PAA-noAdaptive,5,-0.47693547977169104,0.46194953881278417,0.54254821706694,-0.43707952387353705,0.6696850578174657
1,PAA-noAdaptive,5,-0.5538002868914205,0.4106646291906982,0.6747429940891573,-0.4460538209746245,0.8281462662524666
1,PAA-noAdaptive,5,-0.4523863591958862,0.549310638791256,0.6574873400494294,-0.5641687698100102,0.5061448566279847
1,PAA-noAdaptive,5,-0.6457419101244222,0.31081665405236814,1.191971203281233,-0.6187509961164515,0.35141617853521445
1,PAA-noAdaptive,5,-0.7000582809217365,0.38470357011167255,1.6938332891759678,-0.9158070501386479,0.28440682344535384
1,PAA-noAdaptive,5,-0.6687779258002692,0.3793094270740247,1.5815356839371832,-0.8411391969500434,0.2773838930906264
1,PAA-noAdaptive,5,-0.46767293367727286,0.534075793437642,0.6747429940891573,-0.6027872267466501,0.3832394431453278
1,PAA-noAdaptive,5,-0.6489801376490035,0.4244256356518402,1.2299387677605,-0.8871858821548304,0.48459810085843547
1,PAA-noAdaptive,5,-0.6859258655157928,0.38185516770572386,1.468477964887372,-0.9389242831223272,0.3386458259260885
1,PAA-noAdaptive,5,-0.5299142027852287,0.5091760938705756,0.7240467010585573,-0.6013009254943483,0.5051771824470354
1,PAA-noAdaptive,5,-0.49139195634063954,0.5036680431956088,0.5633356668893262,-0.5515367775869195,0.7704842369742384
1,PAA-noAdaptive,5,-0.4660122626708428,0.4403425765215122,0.6574873400494295,-0.37504980013311595,0.4284333620059755
1,PAA-noAdaptive,5,-0.5690038275403924,0.40565527956936764,1.3113527077656704,-0.7624379669480514,0.21499884281449638
1,PAA-noAdaptive,5,-0.6274244330763606,0.3294085662862245,1.2484896411001856,-0.6787854726407343,0.32108810110618524
1,PAA-noAdaptive,5,-0.6548256499922875,0.32519180064363523,1.1725264764419854,-0.6654247015219191,0.3311276354693352
1,PAA-noAdaptive,5,-0.5307701250852881,0.43537933262916584,0.5833828754229664,-0.4128734401428007,0.6937446011729694
1,PAA-noAdaptive,5,-0.6349536870131203,0.37749498197753506,1.4207380120476116,-0.8019177364127351,0.25682675966166457
1,PAA-noAdaptive,5,-0.6628677115987398,0.32140222190274176,1.2758102920010677,-0.6350126937622217,0.3366463112419897
1,PAA-noAdaptive,5,-0.6716160891437906,0.3571640367316486,1.3879994509683689,-0.6946654196727804,0.4647662203767002
1,PAA-noAdaptive,5,-0.630295580395739,0.36000729001407966,1.5298155376831448,-0.7308533359677561,0.23639795260257457
1,PAA-noAdaptive,5,-0.5389510951476287,0.4093466665270277,0.6574873400494293,-0.4446990021563277,0.7418806883272606
1,PAA-noAdaptive,5,-0.6589530173599653,0.39690330526845335,1.3287674498039934,-0.8078216733686594,0.39572920005638706
1,PAA-noAdaptive,5,-0.4341543542373218,0.47845856989093216,0.6915682278846585,-0.5673794782917574,0.46120535064887874
1,PAA-noAdaptive,5,-0.6789841049174464,0.34143669794469816,1.6245572178441157,-0.8054763123793901,0.2943449809873944
1,PAA-noAdaptive,5,-0.5184251185831459,0.4599398075662542,0.6397664390839423,-0.42878960309733466,0.4868792951564963
1,PAA-noAdaptive,5,-0.48981689519497085,0.4984921217107143,0.5833828754229664,-0.4662636752278342,0.5343838856939478
1,PAA-noAdaptive,5,-0.6992685345647516,0.38023504673175734,1.6456462776948126,-0.957819606196771,0.30026226748533763
1,PAA-noAdaptive,5,-0.5385503420412391,0.4086018253856677,0.6747429940891573,-0.44667120357235407,0.8047990347753313
1,PAA-noAdaptive,5,-0.4318523508855582,0.47959152677275013,0.7397513981473143,-0.5284301385020216,0.45174718715047046
1,PAA-noAdaptive,5,-0.5506541547980979,0.4337800874368286,0.7702007157586646,-0.6035384931975221,0.5972566537281535
1,PAA-noAdaptive,5,-0.6397555796883261,0.3515565724924158,1.3459568890394897,-0.7323700357386593,0.334265643941123
1,PAA-noAdaptive,5,-0.554105973301039,0.377815535891638,1.1224418956996507,-0.7011051363694202,0.2534341094520395
1,PAA-noAdaptive,5,-0.5335310851296267,0.4711589655030294,0.7079937284797468,-0.6446408139411416,0.6523181215785833
1,PAA-noAdaptive,5,-0.6320935740268571,0.36193090455773663,1.0700155515160488,-0.6477540755968825,0.43459602083372084
1,PAA-noAdaptive,5,-0.6115307478274248,0.3432703105231537,0.9444891303068569,-0.5941827899854051,0.5412483199662723
1,PAA-noAdaptive,5,-0.5298787431434746,0.46719129849034713,0.6397664390839423,-0.48702944297460143,0.7580123879682291
1,PAA-noAdaptive,5,-0.5870122392952901,0.4055100780627214,1.4368275854712884,-0.7144702989604796,0.2064119947930322
1,PAA-noAdaptive,5,-0.5616193045176223,0.4283841321355819,0.8137411503644992,-0.5869405864155499,0.818634848649302
1,PAA-noAdaptive,5,-0.6889323020088421,0.35743293047057917,1.4448051827559236,-0.8524868894446712,0.3039078336444533
1,PAA-noAdaptive,5,-0.6828203194902209,0.35162870884660763,1.652616161435534,-0.8726189188163496,0.3250480950319588
1,PAA-noAdaptive,5,-0.5885474603111109,0.33743141562428475,1.0148846002135223,-0.5771271267612599,0.4755474570584033
1,PAA-noAdaptive,5,-0.5240759968228513,0.42876254729808094,0.6027637058449146,-0.4358322500257022,0.691934887941869
1,PAA-noAdaptive,5,-0.4530617987010027,0.48498941003004814,0.6215404981423345,-0.5642660868172719,0.6052086592773971
1,PAA-noAdaptive,5,-0.6162455296264091,0.4177408938452315,1.0148846002135226,-0.6944501188990093,0.3227581478709345
1,PAA-noAdaptive,5,-0.4845214394308524,0.4879063371285829,0.5833828754229664,-0.508124925404445,0.6344610065411855
1,PAA-noAdaptive,5,-0.5077354362024432,0.4925557101013068,0.5833828754229664,-0.5606031965081849,0.7626221905462236
1,PAA-noAdaptive,5,-0.5982376338954122,0.39374391463998576,0.6915682278846585,-0.4731390123851293,0.617554669887116
1,PAA-noAdaptive,5,-0.4681414200953459,0.44608126497034506,0.6747429940891573,-0.3924135695097758,0.4268339334648378
1,PAA-noAdaptive,5,-0.5756923266056058,0.38284735371070155,0.9198275413214969,-0.632579517301201,0.36640063554630675
1,PAA-noAdaptive,5,-0.5433049547599604,0.43852406336525346,0.8815425052328281,-0.5556018922631067,0.38208424888192466
1,PAA-noAdaptive,5,-0.6066740986984123,0.41224413486811606,0.9803189452974893,-0.5694350022587183,0.5247666200209913
1,PAA-noAdaptive,5,-0.5652210102426312,0.38939139063099615,1.0034950154352709,-0.6849640190577272,0.358503130836179
1,PAA-noAdaptive,5,-0.592946267900029,0.45133776461916264,0.9803189452974895,-0.7794365475789571,0.6248341025089175
1,PAA-noAdaptive,5,-0.5837104304290364,0.44078357092740017,0.7994911844726069,-0.6374365036588147,0.5596786763203935
1,PAA-noAdaptive,6,-0.559515563187779,0.48375104050557444,0.8137411503644991,-0.6059118565005965,0.8360992534351481
1,PAA-noAdaptive,6,-0.4459890523004508,0.486631237402284,0.6574873400494295,-0.40470841127754553,0.421875304229804
1,PAA-noAdaptive,6,-0.6651013737988979,0.2883764752549928,1.4288054467365827,-0.6196608001755415,0.3134377186580775
1,PAA-noAdaptive,6,-0.514949038298993,0.44903291481787805,0.7240467010585573,-0.1830198531507558,0.3544914725294178
1,PAA-noAdaptive,6,-0.6909198478704048,0.37171962795250835,1.7274298076206476,-0.8902840441077915,0.29358452848628663
1,PAA-noAdaptive,6,-0.48381161988510524,0.4610390949461783,0.5209319169482601,-0.35182319438356596,0.4768673665967242
1,PAA-noAdaptive,6,-0.6897318927653429,0.3821041485942608,1.631617191560735,-0.9858270278549324,0.2980586079866881
1,PAA-noAdaptive,6,-0.7039857896426143,0.3525401232023572,1.638646748247976,-0.8245184900044624,0.32857492767122287
1,PAA-noAdaptive,6,-0.5871099877608694,0.4059222220867901,1.1725264764419856,-0.6610408135458782,0.19367465180902055
1,PAA-noAdaptive,6,-0.47949925779567365,0.5523976723878729,0.6915682278846585,-0.629359337397087,0.6805624298682484
1,PAA-noAdaptive,6,-0.6844716610935171,0.34968010945071865,1.596005053582509,-0.8530598846614605,0.29192285486175457
1,PAA-noAdaptive,6,-0.7038328815252268,0.35888785827319697,1.6802065944479638,-0.8658366849985217,0.31001436167044794
1,PAA-noAdaptive,6,-0.6002475177476595,0.3343406261345676,1.0912883633487742,-0.43558727454114915,0.39594130134476296
1,PAA-noAdaptive,6,-0.6917287957704413,0.3742512660923502,1.7274298076206476,-0.9381936410620643,0.299632532372918
1,PAA-noAdaptive,6,-0.5374528176672468,0.430329841686098,0.7079937284797468,-0.24540885392191591,0.4876232321748118
1,PAA-noAdaptive,6,-0.5100751156076943,0.4548893221566884,0.6747429940891573,-0.29616909643159606,0.47371075134908924
1,PAA-noAdaptive,6,-0.6240286593774126,0.4162623436243626,1.201575571988228,-0.7695891863708036,0.6462681906006048
1,PAA-noAdaptive,6,-0.4637157388532243,0.5183288980085535,0.6397664390839423,-0.5960355449182899,0.6411500674396204
1,PAA-noAdaptive,6,-0.6681553058457299,0.3135798318692532,1.387999450968369,-0.7339104590571883,0.30264977950660127
1,PAA-noAdaptive,6,-0.6742225796610931,0.37160074202353194,1.5298155376831448,-0.9160005991467198,0.308174501726219
1,PAA-noAdaptive,6,-0.5752664571558846,0.44308462695982376,1.0700155515160485,-0.831386721706443,0.398786066420834
1,PAA-noAdaptive,6,-0.47201313282131263,0.5474553375876884,0.6747429940891573,-0.5549466481986438,0.659800773341605
1,PAA-noAdaptive,6,-0.5015044712115182,0.4968825712412849,0.7240467010585573,-0.6059245257088997,0.7590207872940871
1,PAA-noAdaptive,6,-0.5044164408170184,0.5303236573050929,0.7240467010585573,-0.5559589218250497,0.7883396379515115
1,PAA-noAdaptive,6,-0.48371092779473124,0.4700213466080891,0.5209319169482601,-0.36081636201176287,0.4849521301011673
1,PAA-noAdaptive,6,-0.5208497233743001,0.5065679220453188,0.7397513981473143,-0.4786782559588886,0.5547882718015372
1,PAA-noAdaptive,6,-0.511308181019962,0.46220361250986397,0.7702007157586646,-0.5131714145513313,0.6784275217843908
1,PAA-noAdaptive,6,-0.6741104720254497,0.28981569932583895,1.4994604217345198,-0.6672357912845269,0.30886624172364363
1,PAA-noAdaptive,6,-0.6804690908058092,0.3531252152895846,1.537310666418436,-0.8887127313057516,0.34236162702120226
1,PAA-noAdaptive,6,-0.5003573915323489,0.45376271377974325,0.5833828754229664,-0.32277096779263637,0.43531161621876474
1,PAA-noAdaptive,6,-0.4902263436706873,0.46020492736817803,0.6215404981423344,-0.331204472791955,0.4842297409788278
1,PAA-noAdaptive,6,-0.6500541257628606,0.30849500152141707,1.4606296681954094,-0.6236943643193621,0.3079533348595004
1,PAA-noAdaptive,6,-0.6556577341334224,0.363727656167267,1.4606296681954094,-0.7007026846988194,0.2584121866315117
1,PAA-noAdaptive,6,-0.6364194215938502,0.42919965523085446,1.1427391744033624,-0.698441910765156,0.5218183790292461
1,PAA-noAdaptive,6,-0.5267192764163667,0.4955398635574787,0.8550673523401053,-0.5198240712871821,0.381921545156072
1,PAA-noAdaptive,6,-0.5933314898797913,0.3769292842494974,1.0483111508478486,-0.5456773388006717,0.4784048912585706
1,PAA-noAdaptive,6,-0.599744187560504,0.41166148016070225,1.1326360028574725,-0.6718315962804564,0.2157816326123207
1,PAA-noAdaptive,6,-0.6428727273740422,0.39766094835151167,1.2667688800364192,-0.696220019974976,0.4358176047478022
1,PAA-noAdaptive,6,-0.5085196562909796,0.4282005140157251,0.8277458339029348,-0.4840239028915051,0.5151062772263483
1,PAA-noAdaptive,6,-0.5330746208721381,0.4401151717375463,0.7079937284797468,-0.37570737130261667,0.5823867096544012
1,PAA-noAdaptive,6,-0.45563131318952654,0.5297261792472858,0.6915682278846585,-0.547335760741481,0.4273255020181878
1,PAA-noAdaptive,6,-0.5437840290995846,0.48800522421345055,0.7849825783431665,-0.6329819767722251,0.7217618565955394
1,PAA-noAdaptive,6,-0.5091818490612579,0.4877943150836181,0.6574873400494295,-0.4222513213590323,0.5456399181645242
1,PAA-noAdaptive,6,-0.6000276223250223,0.4135325772066377,1.2299387677605003,-0.7443560849037038,0.23313699840093083
1,PAA-noAdaptive,6,-0.5579212783570522,0.4798807734272407,0.7994911844726069,-0.590894204577392,0.8148529861746383
1,PAA-noAdaptive,6,-0.6410095790490672,0.36773947441349786,1.3796934333906816,-0.7813823993812992,0.26714693730536443
1,PAA-noAdaptive,6,-0.6493360311249263,0.40230477253424796,1.337389786638785,-0.8882241694957538,0.34337496080410096
1,PAA-noAdaptive,6,-0.6589960350221327,0.3227820178831277,1.3629295501408405,-0.6687270856944134,0.29358749193550027
1,PAA-noAdaptive,6,-0.4748317114249464,0.5350968396735032,0.6397664390839424,-0.558235351756666,0.6628742361577985
1,PAA-noAdaptive,6,-0.5515839683544896,0.43602512361313484,0.8415174812746266,-0.3826646073041916,0.3405714813238896
1,PAA-noAdaptive,6,-0.5907766711282911,0.46592209850640653,0.9072453912952236,-0.6557616432741895,0.46088960634731463
1,PAA-noAdaptive,6,-0.6947051262333186,0.35595652115842497,1.6174664288022447,-0.8113253755294995,0.32690175091475737
1,PAA-noAdaptive,6,-0.5490862473877522,0.4741986263854484,0.6915682278846585,-0.5378000151300316,0.6103648009041128
1,PAA-noAdaptive,6,-0.5287323377760884,0.4400304874385371,0.9803189452974895,-0.7843516377431727,0.3718162314457586
1,PAA-noAdaptive,6,-0.5460624938465993,0.44580247262046946,0.9322398894708789,-0.45351086129807516,0.24564775037909276
1,PAA-noAdaptive,6,-0.5793427931187518,0.4046365813146062,0.9803189452974895,-0.5250061642754318,0.2775800871592354
1,PAA-noAdaptive,6,-0.6116026227349584,0.39234869382891063,1.3025580288099372,-0.7262865808129297,0.2585073600184563
1,PAA-noAdaptive,6,-0.5253844620643842,0.41440160739085136,0.8684058283919127,-0.6428872511588339,0.48783510896760696
1,PAA-noAdaptive,6,-0.5040420525194922,0.46825365156721244,0.7397513981473143,-0.2506943149752966,0.3596608963443873
1,PAA-noAdaptive,6,-0.49819707486810366,0.46909790261912016,0.6027637058449146,-0.34022540622130526,0.45690555031544255
1,PAA-noAdaptive,7,-0.7035353376216655,0.3439219969294461,1.596005053582509,-0.8411304197023185,0.2991383634229609
1,PAA-noAdaptive,7,-0.6630221493617976,0.2918995780636479,1.5521923516684872,-0.7099357883940586,0.251318022793095
1,PAA-noAdaptive,7,-0.4331764031261004,0.4870229189260993,0.7240467010585573,-0.42018473860531047,0.34970389346322805
1,PAA-noAdaptive,7,-0.6867098616765176,0.37881600199082915,1.5742511279397349,-0.9835728312653176,0.3106386502936806
1,PAA-noAdaptive,7,-0.5344312545017671,0.4520451182835539,0.7849825783431665,-0.631576000369171,0.7481247671671903
1,PAA-noAdaptive,7,-0.4586912104020439,0.5338065476483032,0.6397664390839423,-0.5769143223583898,0.439047462725415
1,PAA-noAdaptive,7,-0.48744073499109797,0.4337199790028509,0.7079937284797468,-0.2914835984158625,0.3277017158276655
1,PAA-noAdaptive,7,-0.6364761778006038,0.3363635708373248,1.4448051827559238,-0.7188716521634735,0.1997706830459347
1,PAA-noAdaptive,7,-0.4975269067829512,0.4629809734384476,0.5633356668893262,-0.43657919067167156,0.5322705186452283
1,PAA-noAdaptive,7,-0.6951977451767066,0.37048981276420806,1.707351230126634,-0.8926105282407597,0.29565144718913255
1,PAA-noAdaptive,7,-0.5485139497225688,0.41583909581613365,0.7702007157586646,-0.4023768071198184,0.34561680308737597
1,PAA-noAdaptive,7,-0.5036181814695397,0.43413207364996137,0.6915682278846585,-0.3018108687864395,0.3859777744570073
1,PAA-noAdaptive,7,-0.6671244870858459,0.35907829428144594,1.6456462776948126,-0.867624190495065,0.2604956419697861
1,PAA-noAdaptive,7,-0.46620323086310167,0.5049990514720399,0.6574873400494295,-0.5466225003266033,0.4656423164026801
1,PAA-noAdaptive,7,-0.5351090849059961,0.4294685999222835,0.8137411503644991,-0.6458975387639377,0.6945643084085905
1,PAA-noAdaptive,7,-0.5242468945939132,0.4766876673895428,0.7397513981473143,-0.7042162156647469,0.7246538864916162
1,PAA-noAdaptive,7,-0.5058614599841444,0.5260698368480765,0.6574873400494295,-0.6718051031469716,0.6095135954449278
1,PAA-noAdaptive,7,-0.6016856752057448,0.3839584282349225,1.1326360028574722,-0.7349685516902136,0.6540061088295106
1,PAA-noAdaptive,7,-0.627893564607215,0.3476497345184169,1.2392489169603271,-0.7411071537569611,0.5873751704507957
1,PAA-noAdaptive,7,-0.4354788669138404,0.4963669480171887,0.7240467010585573,-0.5397249062164035,0.38088896646962905
1,PAA-noAdaptive,7,-0.693322633503945,0.4001570683880006,1.6245572178441154,-0.959205313512691,0.3333724557188331
1,PAA-noAdaptive,7,-0.5850677760301781,0.40434448339901613,0.8684058283919128,-0.6802171172517667,0.35533396226448005
1,PAA-noAdaptive,7,-0.5258539340889637,0.43931973528007673,0.6397664390839423,-0.5495895633537035,0.5643917272756329
1,PAA-noAdaptive,7,-0.6139869830178423,0.31886781400137,1.4288054467365827,-0.6383039495488687,0.2696758959910765
1,PAA-noAdaptive,7,-0.5037680670185888,0.5143123830109737,0.6747429940891573,-0.6311467920849092,0.4964713577562264
1,PAA-noAdaptive,7,-0.5096876905501101,0.4681785051156663,0.5833828754229664,-0.49793027346327623,0.5165416502246941
1,PAA-noAdaptive,7,-0.525322863686386,0.4547813777329434,0.6574873400494295,-0.5958792939848326,0.677714423745557
1,PAA-noAdaptive,7,-0.5766051824859625,0.4488962303485991,0.9198275413214967,-0.6971635566678347,0.3841565949822249
1,PAA-noAdaptive,7,-0.6493770337922997,0.336278096033048,1.5742511279397353,-0.7603475777329942,0.2233539709763182
1,PAA-noAdaptive,7,-0.5575505334166394,0.4871659820823181,0.755129549685372,-0.6980619152104396,0.640012922092408
1,PAA-noAdaptive,7,-0.6561240844441268,0.30266510937718466,1.4994604217345198,-0.7048218952329244,0.25778743379934155
1,PAA-noAdaptive,7,-0.5442281381208374,0.4276241023807993,0.7702007157586646,-0.4748165292504421,0.48347858511522535
1,PAA-noAdaptive,7,-0.6237410995978669,0.31192169657937363,1.3025580288099372,-0.7087523033160182,0.3606637559656614
1,PAA-noAdaptive,7,-0.6941505970856336,0.37506917513452737,1.707351230126634,-0.9160530061168661,0.2957941532766998
1,PAA-noAdaptive,7,-0.6760626897099302,0.3820450443861685,1.3796934333906814,-0.8737122844497602,0.3944310882020611
1,PAA-noAdaptive,7,-0.6085872997556343,0.35353105454268696,0.9803189452974893,-0.6737168213718097,0.609458643816783
1,PAA-noAdaptive,7,-0.6165477730477589,0.392059701352402,1.191971203281233,-0.6813891079504355,0.5503642621007284
1,PAA-noAdaptive,7,-0.6813518947604453,0.33139675605205976,1.491775134060471,-0.8498574577559026,0.30870601911080087
1,PAA-noAdaptive,7,-0.5914370754235427,0.3734833542532346,1.0034950154352709,-0.6166635826307498,0.23662294282676904
1,PAA-noAdaptive,7,-0.5700745859026994,0.35465748322095364,1.0807043010154629,-0.5103182822154662,0.2859005983453427
1,PAA-noAdaptive,7,-0.6789890229848616,0.3271879091926677,1.468477964887372,-0.8317072283684418,0.3675610866173047
1,PAA-noAdaptive,7,-0.5314934689377642,0.49270072051508523,0.6915682278846585,-0.6537551511310299,0.5803548794248726
1,PAA-noAdaptive,7,-0.6859104911643236,0.3891012333827958,1.5595799441917926,-0.9351516517603369,0.32566799077293557
1,PAA-noAdaptive,7,-0.5656706370780767,0.455060465178127,1.059218945609956,-0.7658075426629193,0.4057838922254188
1,PAA-noAdaptive,7,-0.5003547219834822,0.46489136809953757,0.5833828754229664,-0.46071978241283806,0.5296315360688444
1,PAA-noAdaptive,7,-0.586405807687869,0.4831837927911856,1.0261477756627881,-0.8315902560006461,0.44578130009576816
1,PAA-noAdaptive,7,-0.6792754568496877,0.3796212059211993,1.4840500479613248,-0.9454587386515136,0.3146712234236653
1,PAA-noAdaptive,7,-0.5139897068904415,0.4659424015869288,0.6215404981423344,-0.48034134582796106,0.5157039014175633
1,PAA-noAdaptive,7,-0.6552474340351668,0.3990133682623177,1.337389786638785,-0.7759132829814636,0.3462858245496479
1,PAA-noAdaptive,7,-0.5858689567455362,0.39255403482415085,1.1017707555238396,-0.6949426806403378,0.2834071938680515
1,PAA-noAdaptive,7,-0.5895568464785111,0.43066898508208185,0.9198275413214969,-0.761369037353701,0.420265741752489
1,PAA-noAdaptive,7,-0.6396631441605608,0.38441166327206855,1.1527538013223835,-0.7820340148953251,0.5711807851300253
1,PAA-noAdaptive,7,-0.6216739463044268,0.314464718331921,1.2847880786040071,-0.6654534649751019,0.3524479546306433
1,PAA-noAdaptive,7,-0.4975631221899611,0.5015064385665569,0.7079937284797468,-0.6071627599700977,0.49299708921085905
1,PAA-noAdaptive,7,-0.6455109446386543,0.3670715388530296,1.4044641281936487,-0.7928150855430001,0.49415603032089184
1,PAA-noAdaptive,7,-0.6380897049391075,0.3506917705487034,1.2576624704910284,-0.7669907711535371,0.41179268584390966
1,PAA-noAdaptive,7,-0.613606249381909,0.41795521919141826,1.162682171623153,-0.7562678532631919,0.45952644862585945
1,PAA-noAdaptive,7,-0.5310463320295471,0.42401004530578507,0.7397513981473143,-0.5288008370905608,0.367691647716974
1,PAA-noAdaptive,7,-0.6690063527888134,0.343468059449094,1.4368275854712882,-0.7879194842424045,0.24399074267652515
1,PAA-noAdaptive,7,-0.6197355929241594,0.3661968920265949,1.2576624704910284,-0.762454376595814,0.29297771228884084
1,PAA-noAdaptive,8,-0.5070786033445537,0.4164595538568089,0.7397513981473143,-0.2769589139502232,0.3335426757636103
1,PAA-noAdaptive,8,-0.7053720779174737,0.3743101976353741,1.4762845386668806,-0.8556875882482089,0.30927753411053016
1,PAA-noAdaptive,8,-0.6935822602945813,0.3795981868404561,1.652616161435534,-0.9829199914285163,0.3039635054924084
1,PAA-noAdaptive,8,-0.6927031151435111,0.3717805975538834,1.760385261524289,-0.91444227943844,0.2950766790332369
1,PAA-noAdaptive,8,-0.6501902045893242,0.2952702891004606,1.4606296681954094,-0.6792902157454457,0.37269351646395493
1,PAA-noAdaptive,8,-0.44582157842223025,0.554257637565477,0.6215404981423345,-0.6737807404614949,0.6214803820698741
1,PAA-noAdaptive,8,-0.4215503265373046,0.5495697272605939,0.6215404981423345,-0.6311019601172076,0.6753255372261532
1,PAA-noAdaptive,8,-0.4527321954736082,0.5258966379960178,0.6215404981423344,-0.6296055161569226,0.7413255861522255
1,PAA-noAdaptive,8,-0.44690310750545564,0.4923879134211241,0.5209319169482601,-0.5425250885144852,0.6732072460168655
1,PAA-noAdaptive,8,-0.5424902285168075,0.39244976036497964,1.0912883633487742,-0.5391142048123692,0.17772972864566938
1,PAA-noAdaptive,8,-0.4679784909489689,0.4551208804461983,0.6915682278846585,-0.37817826138177857,0.6229475525948353
1,PAA-noAdaptive,8,-0.4885457739114593,0.5139241934811118,0.6574873400494295,-0.5894233426159426,0.6574877345676702
1,PAA-noAdaptive,8,-0.6540046529727309,0.3064422205003013,1.2484896411001856,-0.6749921229751876,0.4727307168815093
1,PAA-noAdaptive,8,-0.5219876945171561,0.4154850623569854,0.7994911844726069,-0.4172647785423508,0.2653851952478646
1,PAA-noAdaptive,8,-0.5745288064942857,0.42271682292456275,0.8944862739468377,-0.47307312939541857,0.38556787524492553
1,PAA-noAdaptive,8,-0.4287927585747238,0.4908621692573848,0.6027637058449146,-0.5336795364862802,0.6412434167783794
1,PAA-noAdaptive,8,-0.5956348551299433,0.44700347944090196,1.059218945609956,-0.7112749365861465,0.6096978226359402
1,PAA-noAdaptive,8,-0.4822666064778197,0.5014740290816967,0.7240467010585573,-0.6958608559171436,0.7212635545415542
1,PAA-noAdaptive,8,-0.6105144033104555,0.41461952935833,1.182288815689544,-0.82650178777505,0.49544252049825294
1,PAA-noAdaptive,8,-0.6727521685607988,0.32304976982256156,1.468477964887372,-0.7366187944510778,0.29327690437255755
1,PAA-noAdaptive,8,-0.47669018715327616,0.45698093895640995,0.6747429940891573,-0.42731983670180124,0.5782065196764736
1,PAA-noAdaptive,8,-0.5255612317503896,0.39923017036964553,0.9565815297270429,-0.47436970357403824,0.20397206501803417
1,PAA-noAdaptive,8,-0.5483455923034811,0.40211486937044266,0.8415174812746264,-0.6402719103286708,0.5338928854835324
1,PAA-noAdaptive,8,-0.6693812693688537,0.32821607689588317,1.4448051827559236,-0.7486483932938688,0.4770793870687121
1,PAA-noAdaptive,8,-0.6327222875260862,0.3003725252881989,1.3544698050897952,-0.6311772105201146,0.35677714903982827
1,PAA-noAdaptive,8,-0.5655629107025983,0.41655602177354256,0.9803189452974895,-0.7003720093158773,0.4315292002352189
1,PAA-noAdaptive,8,-0.451935326757527,0.49815022302505285,0.6215404981423345,-0.5725785591038749,0.566469964816784
1,PAA-noAdaptive,8,-0.5338249696990226,0.413761798353791,1.0148846002135226,-0.5904819893607961,0.24589720703188006
1,PAA-noAdaptive,8,-0.5335360791057789,0.40030868108375894,1.0261477756627881,-0.5138455745700298,0.18419836613640142
1,PAA-noAdaptive,8,-0.6793535827371662,0.3380949115995028,1.5742511279397349,-0.8339887195045386,0.40291245301166895
1,PAA-noAdaptive,8,-0.6312794426880892,0.34058636033417006,1.1527538013223835,-0.6301250501996124,0.4470211926844705
1,PAA-noAdaptive,8,-0.5535220091585852,0.46319057842283495,0.8550673523401053,-0.6769717983342092,0.4171521002497264
1,PAA-noAdaptive,8,-0.5264682442169578,0.4078400308019722,0.9322398894708788,-0.42057392728561327,0.21966957545019
1,PAA-noAdaptive,8,-0.5516436214364522,0.38621213168124846,0.9803189452974895,-0.4511285297606868,0.2178265525038574
1,PAA-noAdaptive,8,-0.6489074053803311,0.3520111660893691,1.396256058764158,-0.8087540919688525,0.258034860727853
1,PAA-noAdaptive,8,-0.5144052885919317,0.42431249392080145,0.9322398894708789,-0.5820310657931473,0.34811142537494016
1,PAA-noAdaptive,8,-0.4616807284336925,0.5306400643079487,0.5833828754229664,-0.6083735408031951,0.6639948866721527
1,PAA-noAdaptive,8,-0.4366777568075159,0.5454433778481251,0.5833828754229664,-0.6289707304046577,0.6752848647746446
1,PAA-noAdaptive,8,-0.562045792044479,0.48720042608253983,0.9072453912952236,-0.7322438427818142,0.5144101032932522
1,PAA-noAdaptive,8,-0.5996402464461816,0.4093983091976831,1.1017707555238399,-0.658156930695561,0.4519857225516997
1,PAA-noAdaptive,8,-0.66392801101197,0.35872367900060176,1.4288054467365825,-0.8636613167222507,0.36405161524300084
1,PAA-noAdaptive,8,-0.6378335293402673,0.3426987889870935,1.2758102920010679,-0.7486509529724275,0.3792578233082661
1,PAA-noAdaptive,8,-0.5701676805072686,0.466271320751971,1.0034950154352709,-0.8014120774632412,0.48557706440130266
1,PAA-noAdaptive,8,-0.5599536337646397,0.4967985235673263,0.8550673523401052,-0.6728688443295909,0.42271134825875867
1,PAA-noAdaptive,8,-0.43578191964612134,0.549982859927071,0.6027637058449146,-0.6539894023732261,0.6891085983217394
1,PAA-noAdaptive,8,-0.4746301464525571,0.5256808992297561,0.6215404981423345,-0.5659575559368555,0.701200309028154
1,PAA-noAdaptive,8,-0.6379283373181289,0.3595483111635505,1.3459568890394897,-0.7513188424341722,0.2398992127836445
1,PAA-noAdaptive,8,-0.6865001429511082,0.37914628939863776,1.6870337002483236,-0.9170882367948124,0.300885962147889
1,PAA-noAdaptive,8,-0.6862257628835972,0.36966552215349396,1.6595567729924292,-0.8856856017801331,0.31983677676782546
1,PAA-noAdaptive,8,-0.44684177994440216,0.4931078321096282,0.54254821706694,-0.5585068236743026,0.6613538219819111
1,PAA-noAdaptive,8,-0.4660529255144775,0.4729812664035699,0.5633356668893262,-0.4921361358877235,0.6295960138105178
1,PAA-noAdaptive,8,-0.6174064646073044,0.3847500343434559,1.2576624704910284,-0.7461769269308668,0.4954157110419696
1,PAA-noAdaptive,8,-0.5790698828264003,0.44104809455947586,0.9565815297270429,-0.6490491203904396,0.4586424645828459
1,PAA-noAdaptive,8,-0.4668235036366529,0.5077414856998497,0.6915682278846585,-0.5717487919059625,0.594522104097501
1,PAA-noAdaptive,8,-0.45456576951895283,0.469056718575804,0.5633356668893262,-0.4330448992627226,0.6254972993353378
1,PAA-noAdaptive,8,-0.7012902579176654,0.37266521653797435,1.491775134060471,-0.8741190880748247,0.31258733668256455
1,PAA-noAdaptive,8,-0.5926753759805787,0.43558383170182574,1.1121543523606332,-0.6975242903243271,0.4636302334707483
1,PAA-noAdaptive,8,-0.4658040182568234,0.5356203895448539,0.755129549685372,-0.7060655840053178,0.6724845716808077
1,PAA-noAdaptive,8,-0.5527211657037132,0.46499249758069416,0.9444891303068568,-0.7792065938878697,0.5263866632847368
1,PAA-noAdaptive,8,-0.6953678972732978,0.37933188121012895,1.638646748247976,-0.9579450642251018,0.3121284116740344
1,PAA-noAdaptive,9,-0.7034901976595382,0.3738978004941481,1.5742511279397349,-0.9323873579807582,0.2851187021076118
1,PAA-noAdaptive,9,-0.6718156616471237,0.3828774375268879,1.4762845386668804,-0.986844985468139,0.3444913374243709
1,PAA-noAdaptive,9,-0.4942949656930772,0.4868238133382824,0.6747429940891573,-0.709961109269964,0.5170901154276789
1,PAA-noAdaptive,9,-0.5450032658663622,0.5280015388465695,0.9198275413214968,-0.7795652729693213,0.49571414910326916
1,PAA-noAdaptive,9,-0.6106759921387613,0.37320783012293895,1.201575571988228,-0.6154680924425692,0.20211078122241996
1,PAA-noAdaptive,9,-0.5856608589024451,0.4495213642378329,0.7849825783431665,-0.5195802291170759,0.6893865145427156
1,PAA-noAdaptive,9,-0.5939111920520391,0.4026479277537244,0.7702007157586646,-0.3245892942396348,0.5256579369676098
1,PAA-noAdaptive,9,-0.6997579302650644,0.37919081808999,1.631617191560735,-0.9570127718464214,0.2914257400171181
1,PAA-noAdaptive,9,-0.5233609817967937,0.47403540779516107,0.54254821706694,-0.5198443362225426,0.5308307636645178
1,PAA-noAdaptive,9,-0.6561505385055646,0.297110818136232,1.337389786638785,-0.6294734336258203,0.3100908733512314
1,PAA-noAdaptive,9,-0.5179528448571376,0.5015097466030942,0.7240467010585573,-0.7082003443261926,0.6774333942001399
1,PAA-noAdaptive,9,-0.5727063598524957,0.4735968735079402,0.9322398894708789,-0.7582146305860861,0.6203779118753193
1,PAA-noAdaptive,9,-0.5742628855148281,0.5029418006885971,0.9198275413214968,-0.7404193565418421,0.49336084514434136
1,PAA-noAdaptive,9,-0.6462995066376528,0.31031736246055963,1.3962560587641581,-0.7295902619874314,0.3392111453906652
1,PAA-noAdaptive,9,-0.5666676748690128,0.4208019382664441,0.6574873400494295,-0.39765868367489043,0.48016758532898685
1,PAA-noAdaptive,9,-0.546477495128338,0.4282443417971731,0.6397664390839424,-0.4524772039422181,0.5330504525610823
1,PAA-noAdaptive,9,-0.6645248892681306,0.3201950553935731,1.4994604217345198,-0.6882008608750219,0.2759998952405181
1,PAA-noAdaptive,9,-0.5765474554157807,0.41111049000917843,0.7397513981473143,-0.42684730719165653,0.5576053035094019
1,PAA-noAdaptive,9,-0.5087759468256092,0.45781958289997204,0.54254821706694,-0.5205191147719115,0.6848571823370069
1,PAA-noAdaptive,9,-0.6905225039117922,0.39012074205396086,1.5298155376831448,-0.9566305385300936,0.30344407331928547
1,PAA-noAdaptive,9,-0.679825105475463,0.33231918617060596,1.5298155376831448,-0.7700526618235543,0.295488003645406
1,PAA-noAdaptive,9,-0.6006914274731938,0.41400105070685084,1.1326360028574725,-0.6556016432817081,0.25433879456346575
1,PAA-noAdaptive,9,-0.628411305919693,0.40705973635097636,1.2484896411001856,-0.868993399403356,0.4579252860029127
1,PAA-noAdaptive,9,-0.6078348138626118,0.3625327215682074,1.0700155515160488,-0.670842484396893,0.36069005082230826
1,PAA-noAdaptive,9,-0.4997437552642456,0.4605190184540806,0.5833828754229664,-0.5516207059773447,0.6020088731609008
1,PAA-noAdaptive,9,-0.6584915618708831,0.3030030821664285,1.3287674498039934,-0.6496734336258203,0.31023357943879865
1,PAA-noAdaptive,9,-0.5449936201293596,0.4527866200304539,0.7397513981473143,-0.5723141687783926,0.5659156421234395
1,PAA-noAdaptive,9,-0.6371333077915401,0.3376172719347709,1.1527538013223835,-0.7490939444953562,0.3769522762811337
1,PAA-noAdaptive,9,-0.6718669739590141,0.3812036260294266,1.4606296681954092,-0.9657802283074914,0.3673837329888777
1,PAA-noAdaptive,9,-0.675749218294136,0.32626962684239996,1.3200887962222398,-0.762101140985501,0.31975930332326497
1,PAA-noAdaptive,9,-0.58350727405747,0.4180553918674471,0.7702007157586646,-0.36888539150918975,0.5324075649875789
1,PAA-noAdaptive,9,-0.5346417137083022,0.4164326549459244,0.9198275413214968,-0.722542161277498,0.4240739681211771
1,PAA-noAdaptive,9,-0.6709870421829818,0.359194982152698,1.4288054467365825,-0.8132096004586516,0.3055692439563076
1,PAA-noAdaptive,9,-0.6141131844786769,0.4125818444868809,1.0912883633487744,-0.6629895625151099,0.25624228268427346
1,PAA-noAdaptive,9,-0.6183560778814392,0.37901343766124773,1.239248916960327,-0.6398253644243218,0.22562012453499003
1,PAA-noAdaptive,9,-0.5221014174612078,0.46927311303105385,0.5833828754229664,-0.5099095274055692,0.5293431846670874
1,PAA-noAdaptive,9,-0.5460951518212005,0.42862602902572033,0.6215404981423344,-0.4631869512692658,0.5271435614037353
1,PAA-noAdaptive,9,-0.6491041654177222,0.3730382532576998,1.4288054467365827,-0.803231268141435,0.23625916096614966
1,PAA-noAdaptive,9,-0.6739755121810191,0.3484130072986339,1.3713371082247576,-0.8357160067195757,0.34063849267409724
1,PAA-noAdaptive,9,-0.6435712677116301,0.4377076705258938,1.1427391744033624,-0.8442342105257368,0.3408229944785638
1,PAA-noAdaptive,9,-0.6967324803995176,0.3585272545664219,1.5595799441917928,-0.8820901167186745,0.3498150375407132
1,PAA-noAdaptive,9,-0.5918714556200178,0.41162619988893867,0.755129549685372,-0.3310121500428413,0.5399210233460632
1,PAA-noAdaptive,9,-0.650285040813481,0.3834692014829654,1.2758102920010679,-0.8403360167838315,0.3182536086911588
1,PAA-noAdaptive,9,-0.5315411051677164,0.45276382961130235,0.6915682278846585,-0.5967696767703499,0.4588364212551106
1,PAA-noAdaptive,9,-0.6192166683610069,0.4785002485855193,1.0483111508478486,-0.8253871844061367,0.4094738934591753
1,PAA-noAdaptive,9,-0.6221457481035714,0.39695149633467147,1.0261477756627881,-0.6603684903944167,0.35211056444123245
1,PAA-noAdaptive,9,-0.6966679995720193,0.3773410405860483,1.4917751340604712,-0.9084311905768032,0.29896537114270283
1,PAA-noAdaptive,9,-0.6851652895451246,0.3784391148852348,1.5147140218016457,-0.9241785201266005,0.3011605444421345
1,PAA-noAdaptive,9,-0.594159520876349,0.3443172134445797,1.003495015435271,-0.6160533994206194,0.38309515297963115
1,PAA-noAdaptive,9,-0.6067740525896053,0.39267578205715103,0.9803189452974893,-0.6342719461217815,0.4410703800310888
1,PAA-noAdaptive,9,-0.601067116410652,0.39349319516465114,0.7994911844726069,-0.5251571892564411,0.5012484026850788
1,PAA-noAdaptive,9,-0.5613287832904599,0.4652593377042399,0.7397513981473143,-0.654009591131704,0.6032796883623438
1,PAA-noAdaptive,9,-0.5594953267431894,0.4483714309790757,0.9803189452974895,-0.8106275252166082,0.5867513307304905
1,PAA-noAdaptive,9,-0.682349862943585,0.37149724455597494,1.552192351668487,-0.8944434339687772,0.3065475145633839
1,PAA-noAdaptive,9,-0.5684409442358362,0.43520704925583703,0.755129549685372,-0.5587160462982379,0.5800721466141692
1,PAA-noAdaptive,9,-0.5521191291972435,0.4429553193361329,0.6915682278846585,-0.5706143458169635,0.41221237920954745
1,PAA-noAdaptive,9,-0.6101164644697891,0.3525587724194015,0.9919746671444329,-0.48001874378350495,0.33004974734390413
1,PAA-noAdaptive,9,-0.571184137538479,0.4008959903714679,0.6747429940891573,-0.37459745993122795,0.5473185492830084
1,PAA-noAdaptive,9,-0.6292720964735716,0.3417691415434896,1.0807043010154629,-0.5418521276125641,0.41466484503709955
1,PAA-noAdaptive,9,-0.6042640811567634,0.4514297907135226,1.0372886595566415,-0.7837304610602687,0.5022101749506961
1,PAA-noSLAMut,0,-0.5225580718691211,0.4266060378470467,0.6397664390839424,-0.2014626969260847,0.4349939369389186
1,PAA-noSLAMut,0,-0.6305431446784662,0.41037039300528255,1.3200887962222396,-0.9884781710627479,0.34911063544507115
1,PAA-noSLAMut,0,-0.6626526139625228,0.3208608071974493,1.631617191560735,-0.7080126026084852,0.29037339160039743
1,PAA-noSLAMut,0,-0.519672447364093,0.40127061345710474,1.1822888156895437,-0.5411644209274084,0.15778904248099482
1,PAA-noSLAMut,0,-0.5617060431929805,0.4305159936828925,0.54254821706694,-0.42861395873976793,0.5921126577478264
1,PAA-noSLAMut,0,-0.7046865903605732,0.35079316567350766,1.4527389723778685,-0.8111617357161375,0.3323721422487277
1,PAA-noSLAMut,0,-0.5937981697546463,0.4118822195853847,0.8415174812746266,-0.6230022712308922,0.7597249843672866
1,PAA-noSLAMut,0,-0.6141601289189713,0.2825473199158141,1.5447694296661307,-0.6463965337770305,0.3252290358842135
1,PAA-noSLAMut,0,-0.378582702428812,0.5244591731511101,0.7240467010585573,-0.516016101664898,0.35793191183357276
1,PAA-noSLAMut,0,-0.4648067745921671,0.5512430738304591,0.7079937284797468,-0.6026650248113565,0.4009241094961792
1,PAA-noSLAMut,0,-0.5031650180270194,0.45678814615626384,0.6574873400494295,-0.6049005029895138,0.7177935012207104
1,PAA-noSLAMut,0,-0.5095270447248825,0.4232536231314633,0.9072453912952236,-0.33104879212580496,0.22881954724296544
1,PAA-noSLAMut,0,-0.5275428210500357,0.4845868836166202,0.7240467010585573,-0.5860062645937733,0.6935523458996085
1,PAA-noSLAMut,0,-0.4313170978836964,0.4707131515520061,0.8137411503644992,-0.48741898691843205,0.2740650168474061
1,PAA-noSLAMut,0,-0.44809387866837236,0.512599063117418,0.6915682278846585,-0.5762913119489881,0.44570237055831974
1,PAA-noSLAMut,0,-0.4133395130107447,0.5385663317997014,0.7397513981473143,-0.5911593771400796,0.3903641443321072
1,PAA-noSLAMut,0,-0.6334738692513169,0.30858894122733493,1.5815356839371835,-0.6813314752723689,0.25641411890839194
1,PAA-noSLAMut,0,-0.6729486994530491,0.3664567082732157,1.4126245053551467,-0.883891495362839,0.4119085811147366
1,PAA-noSLAMut,0,-0.4654446721242042,0.43538460925934713,1.003495015435271,-0.4595722155856943,0.2173967247741495
1,PAA-noSLAMut,0,-0.5178687632784938,0.43039713627646864,0.6574873400494295,-0.26193299464217484,0.4002640431126487
1,PAA-noSLAMut,0,-0.538021154763854,0.47721484969038636,0.8944862739468377,-0.831641603552827,0.40165256660155785
1,PAA-noSLAMut,0,-0.514974490476026,0.4127184068344379,1.112154352360633,-0.5338852797025828,0.1692008309299906
1,PAA-noSLAMut,0,-0.5385066657749584,0.4149616801185612,0.6747429940891573,-0.31511950319410387,0.358690923695674
1,PAA-noSLAMut,0,-0.6830527914302948,0.3798701381821413,1.396256058764158,-0.8889021016485948,0.32741587772444297
1,PAA-noSLAMut,0,-0.7028729638578959,0.3482615275336658,1.4527389723778685,-0.7872331642875661,0.33474417577715787
1,PAA-noSLAMut,0,-0.49322883951753427,0.47912063390381976,0.6747429940891573,-0.55531140530766,0.6548911611173754
1,PAA-noSLAMut,0,-0.40127343897434553,0.48017581442192103,0.755129549685372,-0.3792500219050964,0.354292446854419
1,PAA-noSLAMut,0,-0.6401348220338279,0.40918998667562906,1.2484896411001856,-0.9416590444629819,0.3544473491518527
1,PAA-noSLAMut,0,-0.5103317474705535,0.44736969185746417,0.7994911844726069,-0.6152737478708117,0.4695959881768955
1,PAA-noSLAMut,0,-0.6522186483630126,0.384690288179553,1.0483111508478486,-0.6975335579886796,0.578537638369332
1,PAA-noSLAMut,0,-0.39547838204758523,0.5041735960819971,0.7702007157586646,-0.4679113409699284,0.3722146805228726
1,PAA-noSLAMut,0,-0.5241166268034686,0.4417437152058069,0.6574873400494295,-0.24180652592613566,0.41655414263623014
1,PAA-noSLAMut,0,-0.5836229100378804,0.36960443031049817,1.2847880786040071,-0.6711165046303668,0.18543250581544207
1,PAA-noSLAMut,0,-0.5672810442625529,0.42788586199465434,0.6215404981423344,-0.44489665970311715,0.6329442933462559
1,PAA-noSLAMut,0,-0.660026410230836,0.40381104799400813,1.3629295501408405,-0.9593264314623555,0.3576734978508539
1,PAA-noSLAMut,0,-0.47722392558700266,0.46241348847362407,0.9198275413214969,-0.5956502944220021,0.25298385577682253
1,PAA-noSLAMut,0,-0.5469744065083253,0.39887793636380814,0.8684058283919127,-0.5206112652963688,0.314440186179546
1,PAA-noSLAMut,0,-0.4012867299452518,0.49305236322144025,0.7397513981473143,-0.3945795124799523,0.36297466687688973
1,PAA-noSLAMut,0,-0.6038270497880649,0.3549129452934622,1.1427391744033624,-0.7622092504378883,0.49928226000611586
1,PAA-noSLAMut,0,-0.4312711784358044,0.5400856334534311,0.7702007157586646,-0.5609997216328608,0.38650464115479144
1,PAA-noSLAMut,0,-0.6539415776236492,0.36211235713935547,1.1919712032812333,-0.7482569337226608,0.5352330138893414
1,PAA-noSLAMut,0,-0.6273704506231693,0.3754292970191861,0.9803189452974895,-0.6948755493327972,0.6782390808720347
1,PAA-noSLAMut,0,-0.5642665762878,0.45003520552640647,0.6027637058449147,-0.45754625289057527,0.465983361490402
1,PAA-noSLAMut,0,-0.6086043697226066,0.3414124492257729,1.1427391744033626,-0.7240217684196262,0.4835500430155193
1,PAA-noSLAMut,0,-0.6830514300574132,0.35777939103099915,1.3459568890394897,-0.8215764438516967,0.34633121553177276
1,PAA-noSLAMut,0,-0.6217162787512777,0.2950949945324758,1.5447694296661307,-0.7040159641766506,0.3367118195486448
1,PAA-noSLAMut,0,-0.4549006485012567,0.5427826414870074,0.6747429940891573,-0.6790989741336239,0.42175234285076246
1,PAA-noSLAMut,0,-0.6643393003312987,0.3780059846919749,1.0807043010154629,-0.7018794361248804,0.5678613323180786
1,PAA-noSLAMut,0,-0.5382436740436829,0.3915899561249037,1.1725264764419854,-0.5486820298219394,0.18887148744530347
1,PAA-noSLAMut,0,-0.5987864020525324,0.38993976954355986,0.8550673523401052,-0.5238378587952773,0.5229047008803611
1,PAA-noSLAMut,0,-0.5556353893190875,0.4143267476484154,0.9685229624340642,-0.7612571187796752,0.2945034542472018
1,PAA-noSLAMut,0,-0.3875198100462397,0.5201477488211119,0.7397513981473143,-0.5386552096656949,0.3516359656638147
1,PAA-noSLAMut,0,-0.6239995122180262,0.36601960593144617,1.2299387677605003,-0.8049737137405242,0.5069876450077017
1,PAA-noSLAMut,0,-0.6428537148930944,0.3232664109067974,1.6103444173701353,-0.7084537790790735,0.28295193326257745
1,PAA-noSLAMut,0,-0.653753549570981,0.3896640568253324,1.468477964887372,-0.8572992182686162,0.30390863236819954
1,PAA-noSLAMut,0,-0.65519793004056,0.33620340161020784,1.5887868407416337,-0.7838410241939988,0.27517083879611737
1,PAA-noSLAMut,0,-0.5237450219789391,0.4255894260169977,0.6574873400494295,-0.2027145226843113,0.4270047556633621
1,PAA-noSLAMut,0,-0.6675433512336783,0.3962915107778822,1.3200887962222398,-0.8939657579437936,0.366589268998574
1,PAA-noSLAMut,0,-0.4635431231531409,0.49509925471575855,0.6747429940891573,-0.5724510769508419,0.4624011549874972
1,PAA-noSLAMut,0,-0.38803050139627404,0.5314382547887535,0.755129549685372,-0.47948607442198854,0.38178497207246254
1,PAA-noSLAMut,1,-0.5611060258272198,0.46462674671837256,0.54254821706694,-0.3698823295167764,0.5833056141930191
1,PAA-noSLAMut,1,-0.4152192140646423,0.5256803539446318,0.6915682278846585,-0.5980253409371412,0.4788538512576842
1,PAA-noSLAMut,1,-0.6634266610292961,0.2839601619168638,1.4207380120476114,-0.6354379979896613,0.41305063327088104
1,PAA-noSLAMut,1,-0.4787025051496402,0.42311041525579024,1.239248916960327,-0.47752517590664745,0.1236479332222296
1,PAA-noSLAMut,1,-0.617893939624409,0.41848803247507826,1.3373897866387852,-0.9887561067461288,0.3268575028725034
1,PAA-noSLAMut,1,-0.664824240700439,0.3528657048843523,1.7006056912958405,-0.7228857866972247,0.2692702136668331
1,PAA-noSLAMut,1,-0.542240269222973,0.41335882042326455,0.7079937284797468,-0.1770094145263331,0.4507527338808971
1,PAA-noSLAMut,1,-0.539876895907961,0.4456987926451588,0.7849825783431665,-0.454332461525746,0.7815005532850245
1,PAA-noSLAMut,1,-0.7066820123549803,0.3625118117419425,1.5521923516684872,-0.8098393866660951,0.33540075573979744
1,PAA-noSLAMut,1,-0.4703995294263373,0.549571303307733,0.7849825783431665,-0.6381193831260401,0.37815331027777294
1,PAA-noSLAMut,1,-0.564192000463271,0.4436934825335005,0.6215404981423344,-0.3572129845878975,0.657402620656107
1,PAA-noSLAMut,1,-0.5922979694333662,0.3397778235470077,1.257662470491028,-0.5870000098653969,0.3300602675619455
1,PAA-noSLAMut,1,-0.6537958723649753,0.3207048899394993,1.3713371082247576,-0.6903216639064311,0.27254925641613276
1,PAA-noSLAMut,1,-0.44915979359494357,0.514847277379566,0.6915682278846585,-0.57191431222374,0.42123958848376664
1,PAA-noSLAMut,1,-0.6701245057368084,0.3452925173568142,1.5669327069381127,-0.7425276991854949,0.28399267779983406
1,PAA-noSLAMut,1,-0.4617348899325132,0.44267181783790494,1.112154352360633,-0.4660461494712706,0.22414614911621142
1,PAA-noSLAMut,1,-0.6900877375595176,0.35878846813492127,1.631617191560735,-0.8926061542059228,0.3006856272240127
1,PAA-noSLAMut,1,-0.6322299789361123,0.4084553076440507,1.3113527077656704,-0.9402536084016585,0.3194399281048858
1,PAA-noSLAMut,1,-0.43792975140447854,0.5397923294372454,0.7079937284797467,-0.6571356677164761,0.49836435481352304
1,PAA-noSLAMut,1,-0.6447929743241347,0.2967725974580796,1.404464128193649,-0.6358791744602496,0.42343315069535115
1,PAA-noSLAMut,1,-0.6831555016701134,0.3833916733299355,1.4448051827559238,-0.7305334742375773,0.3561749109069031
1,PAA-noSLAMut,1,-0.5440474575343526,0.3741846872057322,1.1822888156895437,-0.513256788277175,0.19026523390117048
1,PAA-noSLAMut,1,-0.5138327647595861,0.46034599155551703,0.6915682278846585,-0.4289667098966109,0.7071982604843472
1,PAA-noSLAMut,1,-0.49600854133141326,0.38959843047296366,1.2667688800364185,-0.5423760344548988,0.17329604846489488
1,PAA-noSLAMut,1,-0.48377550112464823,0.49572071159270126,0.7240467010585573,-0.49137787169774666,0.5638617294330919
1,PAA-noSLAMut,1,-0.6300024189986109,0.41092608478357595,1.4207380120476116,-0.9656628078118242,0.3106038395513693
1,PAA-noSLAMut,1,-0.6857693274935954,0.35593589245671786,1.6103444173701353,-0.8709029006414483,0.30310409219944423
1,PAA-noSLAMut,1,-0.563545559514043,0.4623059677078628,0.5833828754229664,-0.3668626803667844,0.5741633787102097
1,PAA-noSLAMut,1,-0.5807615936043615,0.4343057674161012,0.7240467010585573,-0.3920084866052489,0.6811703812145382
1,PAA-noSLAMut,1,-0.5329539300104784,0.41476756618510907,0.7240467010585573,-0.19914908763183087,0.44936170939806475
1,PAA-noSLAMut,1,-0.5813563353736899,0.45149837307198765,1.1427391744033626,-0.8958419800031887,0.35150932110234406
1,PAA-noSLAMut,1,-0.4584721263560566,0.5442810154565852,0.7994911844726069,-0.6627115847521658,0.3843291000607307
1,PAA-noSLAMut,1,-0.5048416917893841,0.40625658290185385,0.881542505232828,-0.6265687402544511,0.5302020120010773
1,PAA-noSLAMut,1,-0.4324894152554618,0.534326322392063,0.6915682278846585,-0.5775779008688926,0.45102370656829943
1,PAA-noSLAMut,1,-0.5989027605482681,0.4222186898636293,0.8550673523401053,-0.4842251205354473,0.7458610492330452
1,PAA-noSLAMut,1,-0.6752057203717108,0.36448928262456926,1.5147140218016457,-0.8685809591909235,0.3160497161421431
1,PAA-noSLAMut,1,-0.6033001077465572,0.4021804496361283,1.3879994509683689,-0.7955621642747536,0.2967578223980094
1,PAA-noSLAMut,1,-0.5557833787607279,0.3950568272677273,0.755129549685372,-0.2776471671103904,0.4262064441365675
1,PAA-noSLAMut,1,-0.5599914724012605,0.4457355894193265,0.7240467010585573,-0.38416676560498303,0.6134747878458933
1,PAA-noSLAMut,1,-0.6101220534551286,0.3814487475053718,1.0372886595566415,-0.5599493081085843,0.48981423515302075
1,PAA-noSLAMut,1,-0.6257351677198607,0.29969256280544465,1.3113527077656701,-0.6205305941405153,0.43736463869313535
1,PAA-noSLAMut,1,-0.5709863599206519,0.39996242800017073,0.7240467010585573,-0.23509076873034934,0.5945447792766898
1,PAA-noSLAMut,1,-0.5689710762292346,0.4593706594305161,0.5633356668893262,-0.3871235685071627,0.5914118957654948
1,PAA-noSLAMut,1,-0.5996065000295664,0.42146534995335916,0.9072453912952236,-0.48395379129811233,0.7319563330009116
1,PAA-noSLAMut,1,-0.5201548717764369,0.39727024015641355,0.9322398894708788,-0.36912306512753856,0.39148120586511653
1,PAA-noSLAMut,1,-0.49432899599849806,0.5032388837967154,0.7397513981473143,-0.45769662616737017,0.3967756121823453
1,PAA-noSLAMut,1,-0.6522700909678998,0.31862270545436566,1.3544698050897952,-0.6839277735122348,0.2751356780254363
1,PAA-noSLAMut,1,-0.4699151177373849,0.4899320649210951,0.6397664390839424,-0.3495113763371311,0.5544407544106585
1,PAA-noSLAMut,1,-0.5971479455704604,0.3543456737862609,1.1326360028574722,-0.5785279184644547,0.25221660597594314
1,PAA-noSLAMut,1,-0.5268388292294682,0.3821638874182596,1.1224418956996507,-0.5141774681638607,0.18840127402755696
1,PAA-noSLAMut,1,-0.4272470376950029,0.5363797533561472,0.6747429940891573,-0.5670823200608117,0.44470646418309895
1,PAA-noSLAMut,1,-0.5891440588579678,0.3508288867756534,0.9198275413214969,-0.41306771109313034,0.5039852101729272
1,PAA-noSLAMut,1,-0.5507361659780183,0.44081692763400737,1.003495015435271,-0.6218525531877974,0.30455622984867875
1,PAA-noSLAMut,1,-0.698250404772994,0.36111943375046274,1.484050047961325,-0.7695265489580345,0.3427501971749328
1,PAA-noSLAMut,1,-0.42201601354528256,0.5207187102553064,0.6915682278846585,-0.5804117045735049,0.46239576211652517
1,PAA-noSLAMut,1,-0.5118163924549944,0.4597574420593353,0.7397513981473143,-0.39537305559485975,0.7682108048079643
1,PAA-noSLAMut,1,-0.5454731329474592,0.43053837888395174,0.6915682278846585,-0.2891440805381107,0.7730437553391606
1,PAA-noSLAMut,1,-0.4968696304299403,0.5025929329064173,0.7397513981473143,-0.4800819011061467,0.39908503102415155
1,PAA-noSLAMut,1,-0.48729001343012845,0.48818913875223685,0.9565815297270427,-0.5339876690009897,0.23536631784786372
1,PAA-noSLAMut,1,-0.669316552176886,0.35835092037969724,1.484050047961325,-0.828680994684565,0.31601505042548966
1,PAA-noSLAMut,2,-0.6535722415577909,0.40941570157704454,1.5071065198237945,-0.984205338530872,0.32027246654312214
1,PAA-noSLAMut,2,-0.5129607404953141,0.44275976950249135,0.4983789284753746,-0.44109070310379,0.41424824837542024
1,PAA-noSLAMut,2,-0.4148089907623156,0.5574019000966445,0.7240467010585573,-0.6204276990466763,0.3655476859054282
1,PAA-noSLAMut,2,-0.6671536690895857,0.33827967709646345,1.7006056912958407,-0.6965526440649693,0.26019144637269154
1,PAA-noSLAMut,2,-0.7000798388121826,0.36224379994416683,1.574251127939735,-0.8588321845884013,0.33344220397728763
1,PAA-noSLAMut,2,-0.5449444698487025,0.38887709592145353,0.7240467010585573,-0.22975059865256942,0.5026248512551365
1,PAA-noSLAMut,2,-0.5485098026825443,0.4052700317469279,0.7994911844726069,-0.40710876249085864,0.7278706288224189
1,PAA-noSLAMut,2,-0.6489292878410445,0.30072680897724346,1.3879994509683689,-0.581872209731276,0.34360078268011895
1,PAA-noSLAMut,2,-0.4700913994507242,0.4510500237223042,1.2299387677604996,-0.36186409503356975,0.14061113744931159
1,PAA-noSLAMut,2,-0.4477730117320376,0.45687197679307057,1.162682171623153,-0.3763479286443049,0.19448359120372377
1,PAA-noSLAMut,2,-0.4820560451885315,0.44666276917548176,1.191971203281233,-0.3938146812260396,0.15251892311545384
1,PAA-noSLAMut,2,-0.5659214361684706,0.4141915651582173,0.755129549685372,-0.5251340618345613,0.6680047865764982
1,PAA-noSLAMut,2,-0.5058563966397793,0.49529041368085347,0.7079937284797467,-0.5362218507799451,0.4248462576772769
1,PAA-noSLAMut,2,-0.45626655451028675,0.47098363957420786,0.8277458339029348,-0.43962555083447413,0.29254832226456956
1,PAA-noSLAMut,2,-0.5233154047690698,0.4558818799922058,0.6027637058449146,-0.46417823612757036,0.5598813289301446
1,PAA-noSLAMut,2,-0.5359632643545357,0.4416608955267799,0.6397664390839424,-0.4982582011784812,0.696037994590621
1,PAA-noSLAMut,2,-0.5848461593434967,0.4469006748085091,0.8944862739468377,-0.5109741579085078,0.5863805781610715
1,PAA-noSLAMut,2,-0.4325398186082864,0.5454864051384261,0.6915682278846585,-0.6139859544579688,0.3530824566801567
1,PAA-noSLAMut,2,-0.6188327342969783,0.40504776359108857,1.1017707555238396,-0.7266840716544077,0.6338925027237401
1,PAA-noSLAMut,2,-0.500358000462249,0.44863909909364236,0.5633356668893262,-0.46023083126225534,0.40119152597575625
1,PAA-noSLAMut,2,-0.4996479969960957,0.4220342910715729,0.9919746671444329,-0.2775335741362885,0.2342667225509465
1,PAA-noSLAMut,2,-0.4668886217602136,0.4475332733460241,1.201575571988228,-0.33837617641104023,0.1459682898863153
1,PAA-noSLAMut,2,-0.5363987493001849,0.4003378604055391,0.7079937284797468,-0.3104159588020394,0.5650935708383351
1,PAA-noSLAMut,2,-0.548677899121202,0.3947413058997364,1.1224418956996507,-0.48938819930023325,0.22011831380265176
1,PAA-noSLAMut,2,-0.6556480850854204,0.3511992576010224,1.3373897866387852,-0.7883073547921787,0.3226659482326368
1,PAA-noSLAMut,2,-0.559383338405344,0.4203014839370084,0.7397513981473143,-0.5539993350608817,0.7039385837811991
1,PAA-noSLAMut,2,-0.4550852921304521,0.49261007233788534,0.8415174812746264,-0.489486989661842,0.25697292194916754
1,PAA-noSLAMut,2,-0.6044297064210393,0.4276527104613114,0.9198275413214969,-0.6020731065529461,0.5058708464296504
1,PAA-noSLAMut,2,-0.4728358287766213,0.5402740589715991,0.7079937284797467,-0.6165304209087987,0.4520008937784515
1,PAA-noSLAMut,2,-0.6803337300340025,0.3099729177756365,1.6870337002483238,-0.711574888186358,0.28993811693290744
1,PAA-noSLAMut,2,-0.5917020858132258,0.3882228474188466,0.9803189452974893,-0.5312042775288189,0.6055675307076636
1,PAA-noSLAMut,2,-0.47434998193129213,0.5309315955700228,0.6747429940891573,-0.6267989280953241,0.47533111436579434
1,PAA-noSLAMut,2,-0.6902570941997032,0.3732077698797937,1.537310666418436,-0.8440210468989788,0.3283973804403508
1,PAA-noSLAMut,2,-0.5227284984534342,0.42331361876878965,1.059218945609956,-0.47966093150971145,0.19641539458035345
1,PAA-noSLAMut,2,-0.49506868201936827,0.5107540946039058,0.7397513981473143,-0.5901548920769804,0.6334429541584603
1,PAA-noSLAMut,2,-0.6126103868598614,0.3401282384550316,1.2484896411001856,-0.6381877613087109,0.29957027632873034
1,PAA-noSLAMut,2,-0.43792911274356816,0.5235876870325027,0.6747429940891573,-0.5204738352993921,0.41527945399450783
1,PAA-noSLAMut,2,-0.6231038729299929,0.33477450583459367,1.404464128193649,-0.6580382206118419,0.3291594822280043
1,PAA-noSLAMut,2,-0.49972292319367745,0.4437598753366728,0.5209319169482601,-0.466024740043104,0.40314066124583575
1,PAA-noSLAMut,2,-0.5987740780354588,0.40844074592519153,1.0807043010154627,-0.7477036189829247,0.4114212020852673
1,PAA-noSLAMut,2,-0.6764886808189745,0.3256251332594456,1.6733516349767308,-0.7052079762361185,0.2905841855866699
1,PAA-noSLAMut,2,-0.6393220816084885,0.41028218742063194,1.468477964887372,-0.9684552496091502,0.3125765386883474
1,PAA-noSLAMut,2,-0.5360846214522317,0.3949694099081714,0.6915682278846585,-0.3252453714292112,0.5489604217775721
1,PAA-noSLAMut,2,-0.5589916676090472,0.38133987800146424,0.7397513981473142,-0.26528679849486814,0.5089365438162499
1,PAA-noSLAMut,2,-0.6704191885838087,0.37133633296359836,1.537310666418436,-0.8260638145454513,0.31169447964295566
1,PAA-noSLAMut,2,-0.45587761453869574,0.5050051120395926,0.9919746671444329,-0.4543734158806233,0.28069131310459766
1,PAA-noSLAMut,2,-0.4441029450571109,0.5243734980417505,0.6574873400494295,-0.5156151360979198,0.4939246567041482
1,PAA-noSLAMut,2,-0.6651565117523687,0.3435042674181867,1.6595567729924292,-0.6727090401522411,0.26248075133564075
1,PAA-noSLAMut,2,-0.6287274864436103,0.317930879304142,1.2758102920010677,-0.5711925446149054,0.2748786057100284
1,PAA-noSLAMut,2,-0.6501498072275543,0.31126952688964427,1.4527389723778683,-0.6338310387234958,0.28642894163313576
1,PAA-noSLAMut,2,-0.6646438071184819,0.33782613131153766,1.6174664288022447,-0.6910577147760332,0.2740158441987302
1,PAA-noSLAMut,2,-0.5182738842802427,0.46551616402947316,0.6574873400494294,-0.5041702699787155,0.40800255343040215
1,PAA-noSLAMut,2,-0.6534404506214934,0.34672100019789054,1.5595799441917928,-0.6474672051332353,0.27379706115412683
1,PAA-noSLAMut,2,-0.642989004220252,0.367092152764456,1.3200887962222398,-0.8109171647380027,0.30156737337468603
1,PAA-noSLAMut,2,-0.5416033614059085,0.4620366218615427,0.9565815297270429,-0.7178068321071706,0.46352149934538484
1,PAA-noSLAMut,2,-0.4255339528843024,0.5403673294651347,0.6574873400494295,-0.5704524300276042,0.3671952458898535
1,PAA-noSLAMut,2,-0.6670432052092036,0.37565530513592027,1.5887868407416337,-0.8706718206754047,0.32968674999936276
1,PAA-noSLAMut,2,-0.5687192095489059,0.4196780048763575,0.9072453912952236,-0.4800895003421731,0.5222273772117443
1,PAA-noSLAMut,2,-0.651286730234539,0.3551942441909778,1.2937035644497943,-0.6973202221299054,0.4939052371001186
1,PAA-noSLAMut,2,-0.5439893392145103,0.46047055567995604,0.9565815297270429,-0.693558978749467,0.4603804918675746
1,PAA-noSLAMut,3,-0.6489762630112486,0.386002166161125,1.3879994509683686,-0.9878419143968881,0.35308009178451055
1,PAA-noSLAMut,3,-0.4973047038278352,0.44835662810717586,0.7702007157586646,-0.22036231867528314,0.32049765739604796
1,PAA-noSLAMut,3,-0.5199341630694969,0.4024224210239417,1.2937035644497938,-0.4553453625762073,0.1399727119841001
1,PAA-noSLAMut,3,-0.6950595626855421,0.35943906778103696,1.7538437111797656,-0.7928873225506938,0.33281668669286174
1,PAA-noSLAMut,3,-0.5072095271843594,0.46466105698565074,0.5209319169482601,-0.4442192448736414,0.5482235504477565
1,PAA-noSLAMut,3,-0.64363752068814,0.3123123989135472,1.1527538013223833,-0.6212418746753119,0.27436647626738714
1,PAA-noSLAMut,3,-0.7050004829663938,0.3860082783549782,1.638646748247976,-0.8547276332901308,0.330013717630608
1,PAA-noSLAMut,3,-0.4292821922196691,0.5403329511134003,0.6747429940891573,-0.5348764420380298,0.44236977345424605
1,PAA-noSLAMut,3,-0.5083503501332741,0.45340794950068164,0.6397664390839423,-0.44866499943582444,0.7801097436987197
1,PAA-noSLAMut,3,-0.5461997195817698,0.4618585868612158,0.6574873400494295,-0.543608047130303,0.6564145269651579
1,PAA-noSLAMut,3,-0.5524916283891742,0.46579393267006264,0.7702007157586646,-0.6398563867381961,0.7517103785738415
1,PAA-noSLAMut,3,-0.6979334178509093,0.38214253442913854,1.6870337002483236,-0.9149009010235354,0.33887705534076923
1,PAA-noSLAMut,3,-0.541456506481765,0.3984870111805485,1.112154352360633,-0.4159081783979131,0.17622766902428022
1,PAA-noSLAMut,3,-0.6600475105848085,0.3307243434355304,1.484050047961325,-0.7525006603021435,0.27966779427579713
1,PAA-noSLAMut,3,-0.639727436456214,0.3765529215992614,1.3200887962222396,-0.9423053141683901,0.33838696262855894
1,PAA-noSLAMut,3,-0.4592581566051523,0.5068187097559947,0.6574873400494295,-0.340149005979334,0.4607777347598378
1,PAA-noSLAMut,3,-0.4407721361733876,0.5395345370402364,0.6747429940891573,-0.5325942718395142,0.4528018797292119
1,PAA-noSLAMut,3,-0.45168659328794314,0.5295312787311908,0.6397664390839424,-0.5211619553511316,0.48619263740308594
1,PAA-noSLAMut,3,-0.4577809971315675,0.4858861929749475,0.5833828754229664,-0.5189834498218857,0.6247952394463819
1,PAA-noSLAMut,3,-0.637632095329419,0.38254171394912273,1.2111037779422387,-0.7079497122659966,0.2604040015158719
1,PAA-noSLAMut,3,-0.4776490426400075,0.49518088631160195,0.6215404981423345,-0.43783517554996065,0.5036605180745808
1,PAA-noSLAMut,3,-0.5373293603438793,0.43892068384587424,0.8277458339029348,-0.5360835181267241,0.3617357180826183
1,PAA-noSLAMut,3,-0.5806782191995798,0.4599427454667241,0.9803189452974895,-0.8512091485445457,0.6048892782585418
1,PAA-noSLAMut,3,-0.464121858125944,0.5131923313031415,0.6747429940891573,-0.3596416033017617,0.47220301852290075
1,PAA-noSLAMut,3,-0.5112541477970355,0.458316813486808,0.6574873400494295,-0.30645565010157155,0.47278585419691393
1,PAA-noSLAMut,3,-0.5358249572456354,0.47067833812067406,0.6574873400494295,-0.5614062216534386,0.7545386083392206
1,PAA-noSLAMut,3,-0.5902005145885776,0.37043730052245555,1.0261477756627881,-0.46322821432685357,0.24104285155952687
1,PAA-noSLAMut,3,-0.6895957212178037,0.3429610049055375,1.4368275854712882,-0.8650076462173513,0.2857565827246461
1,PAA-noSLAMut,3,-0.609950647222947,0.3910045338374593,1.3287674498039934,-0.501240566622438,0.22484644525194133
1,PAA-noSLAMut,3,-0.6920708677978114,0.3557355672358291,1.7140702228211238,-0.768088223182629,0.34262891013473323
1,PAA-noSLAMut,3,-0.6308934370459112,0.3252858818526871,1.1427391744033626,-0.6046249051933932,0.28378166186963893
1,PAA-noSLAMut,3,-0.6266517379780204,0.4143377788592059,1.0912883633487742,-0.6685800972850316,0.49218673966885584
1,PAA-noSLAMut,3,-0.5478946754620476,0.45371382724967957,0.8550673523401052,-0.5788882976399368,0.4237585290294438
1,PAA-noSLAMut,3,-0.5511065555580281,0.37063725781238094,1.0372886595566415,-0.4025025353790488,0.220411316931635
1,PAA-noSLAMut,3,-0.643666785219432,0.3138829922300391,1.1626821716231532,-0.6246470286247977,0.2861830991938536
1,PAA-noSLAMut,3,-0.5170987445150987,0.4521238859917407,0.6215404981423344,-0.4394154308107162,0.7788142893736834
1,PAA-noSLAMut,3,-0.5663706281913169,0.42002108337951655,0.755129549685372,-0.47758032469727524,0.350093791861002
1,PAA-noSLAMut,3,-0.6675177028394386,0.4159569652131568,1.3459568890394897,-0.8870948415656414,0.3549663494300146
1,PAA-noSLAMut,3,-0.6738773346689161,0.41792569335063784,1.2392489169603271,-0.7426253340978025,0.4007038698799765
1,PAA-noSLAMut,3,-0.4564374561676612,0.48211992555786604,0.6027637058449147,-0.5064312519823058,0.5963559499657831
1,PAA-noSLAMut,3,-0.46726093839978394,0.48663666492516866,0.6397664390839424,-0.46057831920481507,0.5220274721180058
1,PAA-noSLAMut,3,-0.532753329856123,0.3697659478684933,1.162682171623153,-0.43370493473236155,0.19322968035031865
1,PAA-noSLAMut,3,-0.5241067261087162,0.4009190459190304,1.2299387677604998,-0.4781874060289377,0.1499579448018241
1,PAA-noSLAMut,3,-0.6683415250663819,0.3535271233875396,1.3629295501408405,-0.7283345478018278,0.3158770753474668
1,PAA-noSLAMut,3,-0.664120757795339,0.3336645438740719,1.5071065198237947,-0.7773100728443323,0.28606970590786557
1,PAA-noSLAMut,3,-0.5931720680413719,0.4881836916296626,1.1427391744033626,-0.8228369758496001,0.3043819497276603
1,PAA-noSLAMut,3,-0.6839899444286018,0.3509500691906223,1.5595799441917928,-0.875164449044572,0.30722157191594573
1,PAA-noSLAMut,3,-0.5466347364146976,0.36203649246497555,1.0807043010154627,-0.3962589030957576,0.20627536546301561
1,PAA-noSLAMut,3,-0.6839899444286018,0.3509500691906223,1.5447694296661307,-0.8749531181926227,0.29567817157670906
1,PAA-noSLAMut,3,-0.6468229253898539,0.3508680092618538,1.4207380120476116,-0.7350089490163997,0.2849174114199352
1,PAA-noSLAMut,3,-0.5415220051856509,0.48505740541299885,0.7079937284797468,-0.4352812056239257,0.5718042258389736
1,PAA-noSLAMut,3,-0.5397347869763606,0.4786102505285534,0.8944862739468376,-0.62191780772561,0.4463094612697696
1,PAA-noSLAMut,3,-0.5986487604472004,0.3729411887184759,1.2758102920010677,-0.7392290189801917,0.2550201680272551
1,PAA-noSLAMut,3,-0.5603395780719793,0.4268369867843914,0.7079937284797468,-0.37290721874377175,0.379060070018982
1,PAA-noSLAMut,3,-0.587329299459763,0.45451395088717633,0.8684058283919128,-0.6017334829351612,0.434475926457435
1,PAA-noSLAMut,3,-0.6870788330632509,0.3654276584790014,1.5222835063120284,-0.8791133690659028,0.2775790312707359
1,PAA-noSLAMut,3,-0.5743643631514131,0.46667872830703316,0.9198275413214969,-0.8191797964880934,0.6218337735775445
1,PAA-noSLAMut,3,-0.6047719301976523,0.3917247560223518,1.0261477756627881,-0.617698694970519,0.38604468699415145
1,PAA-noSLAMut,3,-0.47234691112218863,0.49542092669978494,0.6915682278846585,-0.49274169331366996,0.4827621751369479
1,PAA-noSLAMut,3,-0.6161154869382401,0.40798051432932275,1.0700155515160485,-0.7801106523896852,0.40932401622806147
1,PAA-noSLAMut,4,-0.5272635192042643,0.44622425547971234,0.6915682278846585,-0.5752992052833233,0.7265344064495267
1,PAA-noSLAMut,4,-0.41711827223566755,0.5283462145368939,0.6915682278846585,-0.630475780026864,0.39155972157997765
1,PAA-noSLAMut,4,-0.49541581716873234,0.44077817636475547,0.5209319169482601,-0.37492648911605797,0.5622062688241797
1,PAA-noSLAMut,4,-0.6684210672277495,0.4029982210859167,1.652616161435534,-0.8902111461440356,0.28198504492066473
1,PAA-noSLAMut,4,-0.48502294979277255,0.41718055754309,1.2299387677605,-0.40382638108778507,0.14021042141611081
1,PAA-noSLAMut,4,-0.400760544268888,0.5212450156820864,0.6915682278846585,-0.6057857448078365,0.3789372000422585
1,PAA-noSLAMut,4,-0.5382649764169306,0.44723778523264635,0.7079937284797467,-0.23401427601147953,0.5411277976517862
1,PAA-noSLAMut,4,-0.7018041438558621,0.3751006443497814,1.4762845386668806,-0.8656413482083533,0.33638358936232776
1,PAA-noSLAMut,4,-0.653121107737893,0.3031877414539503,1.3796934333906814,-0.6490902843364548,0.2526905211534631
1,PAA-noSLAMut,4,-0.6683450977568914,0.4133208831344334,1.552192351668487,-0.9840077105463416,0.3186863443631607
1,PAA-noSLAMut,4,-0.5997613240898362,0.33163292048302334,1.191971203281233,-0.4767501596560244,0.21921906948309208
1,PAA-noSLAMut,4,-0.648941345827416,0.4130426845568459,1.5222835063120281,-0.9556660813835144,0.3452686287235688
1,PAA-noSLAMut,4,-0.5476815652202204,0.41838216779165266,0.9072453912952236,-0.32302628952079787,0.27592744160633853
1,PAA-noSLAMut,4,-0.5254220615255423,0.4718876736516481,0.8137411503644991,-0.7289627081362354,0.5196357009662809
1,PAA-noSLAMut,4,-0.4395616406113355,0.5056515302148983,0.6747429940891573,-0.6340528912496253,0.41113015944924347
1,PAA-noSLAMut,4,-0.6921772553711927,0.38446159942045843,1.396256058764158,-0.858422493211318,0.353602929537283
1,PAA-noSLAMut,4,-0.5361978216233316,0.4409715204929494,0.8550673523401052,-0.6803776129836956,0.6464363371194937
1,PAA-noSLAMut,4,-0.6751725115138167,0.40069317815585415,1.4207380120476116,-0.9322155736512444,0.3304722437025051
1,PAA-noSLAMut,4,-0.637021476487556,0.42384855960749174,1.1224418956996507,-0.8096397189895719,0.37003186128123117
1,PAA-noSLAMut,4,-0.6044305237553369,0.33670534896110876,1.2576624704910284,-0.6064542075807453,0.20697025099232463
1,PAA-noSLAMut,4,-0.6585357977062388,0.4150798398832933,1.4762845386668804,-0.9689943244989614,0.3215708279855287
1,PAA-noSLAMut,4,-0.5071359036522303,0.4237235736805558,0.7079937284797467,-0.5152184323046903,0.6701300063898514
1,PAA-noSLAMut,4,-0.6862604895426827,0.38747042207706656,1.5815356839371835,-0.8919524861861008,0.29002901294175765
1,PAA-noSLAMut,4,-0.5604182677807188,0.362335465239153,1.3629295501408405,-0.39594340087156077,0.16534348556738893
1,PAA-noSLAMut,4,-0.5810850499686129,0.42064284326119317,0.8815425052328281,-0.6961978162828878,0.6050196437879378
1,PAA-noSLAMut,4,-0.5119286507056363,0.43571846748194093,0.7994911844726069,-0.276972205070629,0.37434316683698493
1,PAA-noSLAMut,4,-0.4322147691815962,0.5231365209515996,0.7702007157586644,-0.6259792389987403,0.3602234749707639
1,PAA-noSLAMut,4,-0.5439140753292829,0.4064564801284976,0.7994911844726069,-0.34853846531559335,0.4799775566253973
1,PAA-noSLAMut,4,-0.61904903449003,0.4299940298984941,1.0034950154352709,-0.7560821004812761,0.49864267194286266
1,PAA-noSLAMut,4,-0.6001528568043291,0.3400235236197794,1.1527538013223833,-0.6031940710156695,0.2328615364695264
1,PAA-noSLAMut,4,-0.6539150511801408,0.40945375848470944,1.603190767440991,-0.9047020578706043,0.29372152533500345
1,PAA-noSLAMut,4,-0.4569848283612686,0.45914887387663994,0.5833828754229664,-0.5371873603952914,0.3709710317321794
1,PAA-noSLAMut,4,-0.6733893202573226,0.4037446600812407,1.631617191560735,-0.9146660336361194,0.3010759316820149
1,PAA-noSLAMut,4,-0.5941368599445692,0.4283446486381498,0.9803189452974895,-0.745468945262321,0.44071228218548486
1,PAA-noSLAMut,4,-0.5602078135197563,0.36984025820815947,1.3025580288099372,-0.40495123595286886,0.1822851706032
1,PAA-noSLAMut,4,-0.506362942935753,0.4864174528300035,0.7397513981473142,-0.678708012335334,0.4955502705987966
1,PAA-noSLAMut,4,-0.5867560374584093,0.3451159835732286,1.3796934333906814,-0.4382974575941338,0.18430846454637
1,PAA-noSLAMut,4,-0.5308805392447304,0.4426644440212916,0.7397513981473143,-0.5085006481984151,0.6196366032778454
1,PAA-noSLAMut,4,-0.5695969090201292,0.3546700334958377,1.0483111508478486,-0.4223011518228462,0.22349896227997945
1,PAA-noSLAMut,4,-0.48715810252427455,0.44614522723922534,0.6397664390839424,-0.365573733544637,0.3613970637739491
1,PAA-noSLAMut,4,-0.4984824988051278,0.48264426107596226,0.6027637058449147,-0.5061549854414343,0.42136469474293586
1,PAA-noSLAMut,4,-0.48106072013074097,0.5204502139906992,0.7240467010585573,-0.6710450457941226,0.4168903251186828
1,PAA-noSLAMut,4,-0.5702856945367161,0.3893377631312793,0.8684058283919128,-0.5800820294977566,0.5470260852191066
1,PAA-noSLAMut,4,-0.5173471614767272,0.44512219798159885,0.7240467010585573,-0.563442430500307,0.5779377867758759
1,PAA-noSLAMut,4,-0.6300587570920075,0.32274907997014496,1.1725264764419856,-0.6704001024912861,0.3784303177722338
1,PAA-noSLAMut,4,-0.550822771223524,0.41918525928197975,0.7702007157586646,-0.4438459545560887,0.6194766715816463
1,PAA-noSLAMut,4,-0.4977680615802047,0.43810985702060756,0.6747429940891573,-0.496567868841287,0.6962235452933399
1,PAA-noSLAMut,4,-0.6398902045608068,0.32614175294467673,1.182288815689544,-0.5503435548393173,0.2678551556964324
1,PAA-noSLAMut,4,-0.43914126052608105,0.49692548377508505,0.6747429940891573,-0.6186319913947631,0.41822755003422535
1,PAA-noSLAMut,4,-0.5590255338968028,0.42669860391653974,0.7397513981473143,-0.26877427102611123,0.4832272468338431
1,PAA-noSLAMut,4,-0.544189542168295,0.4556133391808297,0.9685229624340643,-0.7849567857379698,0.36243680624604424
1,PAA-noSLAMut,4,-0.6163498807494966,0.3474730293087985,1.0372886595566415,-0.705323741949978,0.3981605188698551
1,PAA-noSLAMut,4,-0.5649834334760462,0.4654605652455711,1.0700155515160485,-0.8616789515002441,0.42905557549411766
1,PAA-noSLAMut,4,-0.6401997064541989,0.39707002627983423,1.2667688800364192,-0.7600291090024752,0.43304308211579867
1,PAA-noSLAMut,4,-0.5935880178336366,0.4121696863064897,1.0148846002135226,-0.8317160234508328,0.44770351899364424
1,PAA-noSLAMut,4,-0.4646951442750343,0.510139300724008,0.8277458339029348,-0.7117928922530145,0.32099476875154254
1,PAA-noSLAMut,4,-0.6752338390748702,0.3999732594673499,1.4126245053551467,-0.9162338384914271,0.34232566773745965
1,PAA-noSLAMut,4,-0.572111542307803,0.39214462432218483,0.8415174812746264,-0.5668795944106456,0.48944361183910645
1,PAA-noSLAMut,4,-0.45763325406549954,0.4992679960592684,0.6915682278846585,-0.5892321349276459,0.3919379072318013
1,PAA-noSLAMut,4,-0.5389336139737242,0.44698126023483864,0.7240467010585573,-0.23413832563132747,0.5396103777687469
1,PAA-noSLAMut,5,-0.5261480810878914,0.40731826898882995,1.2484896411001853,-0.4988623551917385,0.15381050384994335
1,PAA-noSLAMut,5,-0.6486677997355926,0.3007841562013388,1.2847880786040071,-0.5951729904756402,0.3638326820300155
1,PAA-noSLAMut,5,-0.3721062785346112,0.5641604885066138,0.7397513981473143,-0.6162199592393015,0.4557501080875272
1,PAA-noSLAMut,5,-0.46828020491747074,0.46449739574453697,0.5209319169482601,-0.5265726058906101,0.6460208737535991
1,PAA-noSLAMut,5,-0.5054660695938158,0.4231103704251389,0.7849825783431665,-0.15606625298582938,0.3236328342015743
1,PAA-noSLAMut,5,-0.6741747459555022,0.369167507106976,1.6870337002483238,-0.8866574910845424,0.3062283940641069
1,PAA-noSLAMut,5,-0.5840327973067206,0.4376913970337716,1.2937035644497943,-0.9849342475451721,0.35835212159488466
1,PAA-noSLAMut,5,-0.5578608843128674,0.40067312225706964,0.7702007157586644,-0.5922141381269947,0.8384405217667622
1,PAA-noSLAMut,5,-0.7035970990845174,0.36398856127490575,1.4288054467365825,-0.8020124007021099,0.310651586797831
1,PAA-noSLAMut,5,-0.6509751406369526,0.321440624039377,1.4606296681954094,-0.7502136565376574,0.3817858536981441
1,PAA-noSLAMut,5,-0.5133692554921679,0.42862931432306794,0.7849825783431665,-0.1971985864585161,0.338463264196367
1,PAA-noSLAMut,5,-0.4820101061502392,0.4413414683888609,1.0807043010154629,-0.4552301333898461,0.19681149746562962
1,PAA-noSLAMut,5,-0.5439405164557585,0.4343769155471703,0.6915682278846585,-0.5588958001411062,0.7340148579422918
1,PAA-noSLAMut,5,-0.5081869572262294,0.44831482987705656,0.6027637058449147,-0.35646753305418055,0.6525226940565572
1,PAA-noSLAMut,5,-0.49673004613131316,0.4611072766156551,0.7079937284797468,-0.2743935860456214,0.38847892796146366
1,PAA-noSLAMut,5,-0.38024424843046767,0.4831496043447235,0.6747429940891573,-0.47203898785006826,0.45044942132787436
1,PAA-noSLAMut,5,-0.6129794882867505,0.3099191281784545,1.201575571988228,-0.5855039714915261,0.4448982333639588
1,PAA-noSLAMut,5,-0.6705147142001951,0.3754552137198448,1.603190767440991,-0.9020379135771146,0.3289534869037406
1,PAA-noSLAMut,5,-0.486167364885444,0.48822753166946253,1.0148846002135226,-0.4237217577247708,0.237944165517545
1,PAA-noSLAMut,5,-0.6251735665614522,0.42000840408483453,1.1427391744033626,-0.7453063573886755,0.4609881542751021
1,PAA-noSLAMut,5,-0.6006169731499721,0.35673737549071466,1.0912883633487742,-0.7113843152663755,0.7014953356260287
1,PAA-noSLAMut,5,-0.660994071964716,0.33541719465616593,1.396256058764158,-0.6872569654784593,0.2849216753250706
1,PAA-noSLAMut,5,-0.6759104014307151,0.3621131461467716,1.5071065198237945,-0.8648590534875158,0.2997114022211552
1,PAA-noSLAMut,5,-0.43037737499343454,0.5260338027448179,0.6397664390839424,-0.6415534732908112,0.5672321752832671
1,PAA-noSLAMut,5,-0.44161717216640034,0.5558735696547134,0.7397513981473143,-0.7929498836764328,0.5505313464854293
1,PAA-noSLAMut,5,-0.6076206187328455,0.3314073930035524,1.2205576048237503,-0.5500921911243063,0.21865327629160475
1,PAA-noSLAMut,5,-0.6638773347863112,0.3460154621031905,1.6456462776948126,-0.8205702821986464,0.3779109965509318
1,PAA-noSLAMut,5,-0.5162345293799627,0.4292696058265154,0.7994911844726069,-0.661691594908804,0.7605851129282568
1,PAA-noSLAMut,5,-0.6475791108766409,0.347147968502986,1.4368275854712882,-0.7031378096704934,0.2696653859220698
1,PAA-noSLAMut,5,-0.47639829497515745,0.5145763240074006,0.7079937284797466,-0.5096483062312094,0.49527497249148755
1,PAA-noSLAMut,5,-0.48381062966360966,0.488413400212243,0.9803189452974894,-0.42168277942147947,0.2508363947440901
1,PAA-noSLAMut,5,-0.398886425684624,0.501619270264466,0.7397513981473143,-0.5323615372328298,0.43748292860073634
1,PAA-noSLAMut,5,-0.684973399092356,0.3734244545633149,1.631617191560735,-0.9244524576467192,0.29643076410194646
1,PAA-noSLAMut,5,-0.45218172071471674,0.5450484718031762,0.7240467010585573,-0.7742776571180032,0.5331668301451857
1,PAA-noSLAMut,5,-0.6428578155783734,0.3403944340762306,1.4994604217345198,-0.7345097438910846,0.366940679210208
1,PAA-noSLAMut,5,-0.46488782485069785,0.47995439860748246,0.8944862739468377,-0.5679696158005976,0.2711956022639092
1,PAA-noSLAMut,5,-0.5708964515801339,0.4002288496856165,0.7702007157586646,-0.5766205415777035,0.7809920764648599
1,PAA-noSLAMut,5,-0.595465047519111,0.4351575435218152,1.162682171623153,-0.8472422935298678,0.3523613470943955
1,PAA-noSLAMut,5,-0.4555027075686917,0.4549977842476246,0.7551295496853719,-0.3785071407627595,0.3734406321831708
1,PAA-noSLAMut,5,-0.5752661027430086,0.4430681979502526,1.2205576048237508,-0.9608920745343836,0.36194258948372066
1,PAA-noSLAMut,5,-0.6449959050355869,0.32975155098537207,1.3713371082247576,-0.7263044044515538,0.3843073198607158
1,PAA-noSLAMut,5,-0.6955685643494766,0.3721578427630412,1.354469805089795,-0.7919440695997844,0.31564487807262687
1,PAA-noSLAMut,5,-0.5411993052034909,0.3682939658637757,1.122441895699651,-0.743984014636659,0.41792970232232773
1,PAA-noSLAMut,5,-0.6410914290534148,0.34186096524723614,1.5521923516684872,-0.7152524110753495,0.33401461068530386
1,PAA-noSLAMut,5,-0.566499267993315,0.3807905424191489,0.8415174812746264,-0.4318993206303022,0.597413389027512
1,PAA-noSLAMut,5,-0.4414121613723652,0.47953989607132835,0.7994911844726069,-0.6643746347699349,0.47425958744449603
1,PAA-noSLAMut,5,-0.4782994940622494,0.46340760696193195,0.5833828754229664,-0.5048937505288565,0.6259554442521001
1,PAA-noSLAMut,5,-0.48439490286592884,0.5135594047124595,0.5633356668893262,-0.5871312943138036,0.5299595419969544
1,PAA-noSLAMut,5,-0.5318799576219797,0.4041754138126641,1.2484896411001853,-0.5142467092165421,0.16602754660118363
1,PAA-noSLAMut,5,-0.557254962368861,0.4264973727922869,0.6747429940891573,-0.46209428540306907,0.40967279824240277
1,PAA-noSLAMut,5,-0.4913734751206052,0.5380013348788169,0.755129549685372,-0.7446688687471048,0.5399190353111154
1,PAA-noSLAMut,5,-0.6214025141965267,0.40276273308484567,1.404464128193649,-0.9502852928424727,0.3460678794370745
1,PAA-noSLAMut,5,-0.502353498837256,0.46876315378444994,0.6397664390839424,-0.37680424724463,0.6693255005557684
1,PAA-noSLAMut,5,-0.4109706593447444,0.5050480062977678,0.7240467010585573,-0.5547226427149418,0.41836471482022813
1,PAA-noSLAMut,5,-0.4166916287380348,0.5326693611953243,0.6574873400494294,-0.7015565356959763,0.6038019695962304
1,PAA-noSLAMut,5,-0.606095417689362,0.3776953851956167,1.3200887962222396,-0.7658103097888371,0.6691800164027806
1,PAA-noSLAMut,5,-0.45351329953812486,0.5595101417772501,0.755129549685372,-0.762085981496741,0.6076727264261501
1,PAA-noSLAMut,5,-0.6208591535958048,0.39265955591204865,1.3962560587641581,-0.9274699998931182,0.4231067567571931
1,PAA-noSLAMut,5,-0.5504003237872613,0.3883516630140421,0.8415174812746264,-0.37148530904832977,0.4409639978061873
1,PAA-noSLAMut,5,-0.5730692713374596,0.40798415870694227,0.8684058283919128,-0.6582688675245736,0.5145839315321241
1,PAA-noSLAMut,6,-0.4642679689737864,0.48940076703739505,0.6747429940891573,-0.5985979984804709,0.602828591599543
1,PAA-noSLAMut,6,-0.5303847159825398,0.38846888028802123,1.1224418956996507,-0.5862772667606455,0.1711328135384284
1,PAA-noSLAMut,6,-0.5022567358365233,0.46019713540947604,0.7079937284797468,-0.2861576573872123,0.37019973604708595
1,PAA-noSLAMut,6,-0.5051293234930264,0.5267607839326465,0.7397513981473143,-0.6534947818298147,0.6498473051755516
1,PAA-noSLAMut,6,-0.5250690198754325,0.46047948366598923,0.49837892847537457,-0.3794292846610531,0.5224970811956859
1,PAA-noSLAMut,6,-0.5019912064379303,0.4881307290493231,0.6215404981423344,-0.4480008696856255,0.77628567964399
1,PAA-noSLAMut,6,-0.6613389465132414,0.2833965740850022,1.2758102920010679,-0.6763013374784206,0.3924997747959832
1,PAA-noSLAMut,6,-0.6280444798112808,0.3976767789694494,1.5298155376831446,-0.9838757711375674,0.3484335989700059
1,PAA-noSLAMut,6,-0.6450002988424112,0.3842848830307676,1.7006056912958405,-0.9142500385902398,0.2847344178144785
1,PAA-noSLAMut,6,-0.7021559256019989,0.3490880807351975,1.5298155376831448,-0.8472971878901998,0.30619224181012034
1,PAA-noSLAMut,6,-0.5001197817769866,0.48488539224698046,0.6215404981423344,-0.4589153596891055,0.6947101256894931
1,PAA-noSLAMut,6,-0.6604635756218418,0.37084451746353914,1.6456462776948126,-0.8950507715095721,0.27890886028180173
1,PAA-noSLAMut,6,-0.5031443271099171,0.5178520284382023,0.7240467010585573,-0.6359381913846038,0.6401279238047144
1,PAA-noSLAMut,6,-0.47640318950136706,0.49397043936106694,0.6397664390839423,-0.5134821643037478,0.5988607095512988
1,PAA-noSLAMut,6,-0.5196821130915517,0.3988532552688543,0.9322398894708788,-0.6246026352539878,0.7477931120123725
1,PAA-noSLAMut,6,-0.5130505342108431,0.47262151544350595,0.5833828754229664,-0.42117860793896733,0.5124195127785421
1,PAA-noSLAMut,6,-0.6794905457559709,0.3129201496442686,1.4126245053551467,-0.7593274156449059,0.38874635840553273
1,PAA-noSLAMut,6,-0.6961253253839368,0.3466408885377417,1.5071065198237947,-0.8283765274957575,0.28756517577139296
1,PAA-noSLAMut,6,-0.6829863528133207,0.35533065747633386,1.4448051827559238,-0.8048279119093632,0.29718896801497463
1,PAA-noSLAMut,6,-0.5399535251736614,0.4319976892323618,0.9072453912952236,-0.6637596062436261,0.6283755518594372
1,PAA-noSLAMut,6,-0.6040000601041215,0.37883930980688024,1.162682171623153,-0.806124256834136,0.38091226252256905
1,PAA-noSLAMut,6,-0.6531688346601612,0.3663108278856778,1.5147140218016457,-0.8668106052551046,0.26985388818800826
1,PAA-noSLAMut,6,-0.6712854406463563,0.3881980126225499,1.5669327069381127,-0.9500630657902441,0.32520326034631664
1,PAA-noSLAMut,6,-0.5233784857892086,0.45874005259895545,0.5633356668893262,-0.3610349425644518,0.5065872173740917
1,PAA-noSLAMut,6,-0.6398455487804882,0.3435485451706738,1.4762845386668806,-0.6965469018463473,0.3108346038737616
1,PAA-noSLAMut,6,-0.5858043487236129,0.37031968953402455,1.2111037779422387,-0.7414295462807762,0.21296625298060254
1,PAA-noSLAMut,6,-0.5561747070630919,0.42681404234255754,0.7702007157586646,-0.4686103237584979,0.30214578178550944
1,PAA-noSLAMut,6,-0.6511150718256179,0.30867248744171005,1.2392489169603274,-0.6767050924414898,0.4120254732101822
1,PAA-noSLAMut,6,-0.5779442327889952,0.4066670426408418,1.003495015435271,-0.6573608813946894,0.45585277649784983
1,PAA-noSLAMut,6,-0.5795082299040034,0.411250912690649,0.9565815297270429,-0.7179869432927595,0.315376793417414
1,PAA-noSLAMut,6,-0.515278702064464,0.4607621920233173,0.6915682278846585,-0.32763770278172427,0.36830650764623674
1,PAA-noSLAMut,6,-0.483907941571147,0.48875255112977206,0.6747429940891573,-0.5778655069371647,0.6084813458918441
1,PAA-noSLAMut,6,-0.5925429710652943,0.4248233021425129,0.9322398894708789,-0.727855630020865,0.49683120941525144
1,PAA-noSLAMut,6,-0.4877826926701088,0.4506796335896003,0.6574873400494295,-0.5688463997729998,0.5493691592431238
1,PAA-noSLAMut,6,-0.6616294871925208,0.2967979519708689,1.4368275854712884,-0.660428701407777,0.34168062245600306
1,PAA-noSLAMut,6,-0.6793176612384414,0.3728052050788477,1.5521923516684872,-0.9399414839795389,0.3184458214623832
1,PAA-noSLAMut,6,-0.4950346384038216,0.4655887574213088,0.6747429940891573,-0.4371500282167869,0.4274855553731645
1,PAA-noSLAMut,6,-0.5494693862409601,0.42163504968059434,0.7079937284797468,-0.5372254624245928,0.46141709053855084
1,PAA-noSLAMut,6,-0.568286669997746,0.39782423938385814,1.0483111508478486,-0.6258619308795301,0.2429684900456402
1,PAA-noSLAMut,6,-0.5342400496614066,0.452427676105904,0.8944862739468377,-0.5592096951501417,0.31584874417115366
1,PAA-noSLAMut,6,-0.5632713053472984,0.3887299803350061,1.1725264764419854,-0.63076620889066,0.18528787692709142
1,PAA-noSLAMut,6,-0.5334076109586589,0.44470328716664387,0.7079937284797468,-0.3389242785644287,0.42071982910960404
1,PAA-noSLAMut,6,-0.5522959970191385,0.4477637215763458,0.755129549685372,-0.5902174370948213,0.4722866189955088
1,PAA-noSLAMut,6,-0.4788664665317105,0.46490221390720465,0.8137411503644991,-0.49897886545107834,0.31047291380061626
1,PAA-noSLAMut,6,-0.5718874891650133,0.42582929769045963,0.8415174812746264,-0.5453055426829451,0.5014768428112537
1,PAA-noSLAMut,6,-0.6239934565955612,0.4023295123483347,1.3796934333906814,-0.9244411900934575,0.35246308284919625
1,PAA-noSLAMut,6,-0.5442898879767734,0.42143263350081395,1.003495015435271,-0.768613787918118,0.5577975621519362
1,PAA-noSLAMut,6,-0.622036812868856,0.4081710651358151,1.4606296681954092,-0.9598660243081121,0.352258077927831
1,PAA-noSLAMut,6,-0.5582720596768121,0.3929149445143374,1.0148846002135226,-0.6571442929299531,0.4063629595724496
1,PAA-noSLAMut,6,-0.6463589257098012,0.3328962905298264,1.2392489169603274,-0.6811443956025587,0.3781927955085004
1,PAA-noSLAMut,6,-0.6339774382379982,0.33958629430210474,1.2937035644497943,-0.7864804075438849,0.3290637161325495
1,PAA-noSLAMut,6,-0.616666769854507,0.32152986999947686,1.2847880786040071,-0.7673154995684431,0.43316805506714573
1,PAA-noSLAMut,6,-0.6505517186185326,0.3604256350730878,1.354469805089795,-0.8231813244477248,0.31722998999836105
1,PAA-noSLAMut,6,-0.6166259320247245,0.41153345477180403,1.436827585471288,-0.9454621771584067,0.3578712121056375
1,PAA-noSLAMut,6,-0.49756979166514215,0.48680855103607207,0.6915682278846585,-0.5698466390126364,0.6234547787073849
1,PAA-noSLAMut,6,-0.518141993979631,0.4693468494299111,0.5209319169482601,-0.3924227057136846,0.5932677993675709
1,PAA-noSLAMut,6,-0.5569559251863738,0.3628515206505928,0.8684058283919128,-0.6165523994329896,0.48138810954158895
1,PAA-noSLAMut,6,-0.6101876431178823,0.3331475934219136,1.3025580288099372,-0.7752707681851488,0.4048288628910234
1,PAA-noSLAMut,6,-0.47415080462692333,0.4926258443114742,0.6574873400494294,-0.4962372928405693,0.5763906308307725
1,PAA-noSLAMut,6,-0.585025134279397,0.416765388827759,0.8137411503644991,-0.6531955083878038,0.5359363217302396
1,PAA-noSLAMut,7,-0.6270687258809395,0.2995203286029495,1.3025580288099372,-0.6019465948685181,0.25746972909142984
1,PAA-noSLAMut,7,-0.6918417820250461,0.3466661565618654,1.7340710037375728,-0.7898008949428172,0.3197968569534078
1,PAA-noSLAMut,7,-0.7039990099533451,0.37070426201122253,1.4762845386668806,-0.8385270036163656,0.36806737149279434
1,PAA-noSLAMut,7,-0.41436202226452545,0.46465611300516957,0.8137411503644991,-0.5301441359388198,0.3035123096460624
1,PAA-noSLAMut,7,-0.5284915736030704,0.4201007804686675,0.7397513981473142,-0.26723761056262596,0.3520355184155961
1,PAA-noSLAMut,7,-0.5501734502594899,0.4463493672687807,0.8277458339029348,-0.6765122163140285,0.6864942083435104
1,PAA-noSLAMut,7,-0.45406041735342056,0.3573550192800395,1.257662470491028,-0.41337875334536395,0.1490347939987766
1,PAA-noSLAMut,7,-0.46555327232695465,0.5083836809004552,0.6215404981423345,-0.6280151993179727,0.5460193190254343
1,PAA-noSLAMut,7,-0.5211724332035201,0.43391730684354457,0.54254821706694,-0.558039423746145,0.4149264339831961
1,PAA-noSLAMut,7,-0.6603654547814528,0.4075303456011318,1.5147140218016455,-0.9876838515050862,0.32695543635430907
1,PAA-noSLAMut,7,-0.4458227458459432,0.3776306706874011,1.191971203281233,-0.36721885932332704,0.15886672122697557
1,PAA-noSLAMut,7,-0.4831458951173214,0.3854127015198715,0.9565815297270429,-0.49004834872698744,0.21709797813943696
1,PAA-noSLAMut,7,-0.43233025250933077,0.4578438465700783,0.7994911844726069,-0.5334529594682316,0.30908131437666303
1,PAA-noSLAMut,7,-0.508420622135319,0.3637557665408159,1.003495015435271,-0.468495156698013,0.24829476523107621
1,PAA-noSLAMut,7,-0.5231202442715088,0.43151021383673144,0.8137411503644991,-0.3142601509430609,0.3308915516665024
1,PAA-noSLAMut,7,-0.5411694930511188,0.41985808091826937,0.7702007157586646,-0.6958149149620664,0.5525574145327491
1,PAA-noSLAMut,7,-0.5803858735341205,0.3330580266335261,1.0807043010154629,-0.5246514914531589,0.2650096656097354
1,PAA-noSLAMut,7,-0.47747624030511754,0.4931335078851177,0.6027637058449146,-0.6224366448638394,0.5156978067249618
1,PAA-noSLAMut,7,-0.5694191409330922,0.32202316470935133,1.112154352360633,-0.5294785463013791,0.23738039711642775
1,PAA-noSLAMut,7,-0.49949421490918733,0.49150851906552173,0.5833828754229664,-0.6107767045586051,0.6286395145781045
1,PAA-noSLAMut,7,-0.6680739987398422,0.35912305818919793,1.387999450968369,-0.7439848498166249,0.3933981869443409
1,PAA-noSLAMut,7,-0.6828857552259932,0.36509982485253367,1.5815356839371835,-0.8764905016941981,0.41334462418142126
1,PAA-noSLAMut,7,-0.46595858277469826,0.34173210504241763,1.1626821716231532,-0.42642910434293385,0.17210700920180827
1,PAA-noSLAMut,7,-0.41850447526137363,0.4387617328520891,0.9322398894708788,-0.530009408735339,0.23076923026544455
1,PAA-noSLAMut,7,-0.463672011845074,0.35229334187821343,1.1326360028574722,-0.41666050255582,0.17343790829306202
1,PAA-noSLAMut,7,-0.47091874752932605,0.47176944492319883,0.6397664390839423,-0.569942641794351,0.474213013947705
1,PAA-noSLAMut,7,-0.6631438818142041,0.3663425051089212,1.5447694296661307,-0.8982397277003902,0.4028347193328715
1,PAA-noSLAMut,7,-0.4363432240186372,0.38275759900637607,1.1326360028574722,-0.3861197428316464,0.17314279105648941
1,PAA-noSLAMut,7,-0.626879380816109,0.40498778065103896,1.3373897866387847,-0.9293898150156179,0.35373756434344134
1,PAA-noSLAMut,7,-0.4558539421334169,0.35355490949790336,1.2937035644497938,-0.41221801001458847,0.15681390368122
1,PAA-noSLAMut,7,-0.5658108972526096,0.43386249665057414,0.9444891303068569,-0.6865718902191926,0.47955658573179044
1,PAA-noSLAMut,7,-0.5588547751105852,0.43967329887132073,0.8684058283919127,-0.7070983229744007,0.6680275829645794
1,PAA-noSLAMut,7,-0.4771509470090064,0.45006040300681976,0.7079937284797468,-0.6169067346532527,0.44702386340856554
1,PAA-noSLAMut,7,-0.6021939072306741,0.40898376251499685,1.0372886595566415,-0.8001121034500016,0.4428385689400006
1,PAA-noSLAMut,7,-0.6518206653135048,0.37312882672866143,1.436827585471288,-0.8477287170071174,0.416675565350216
1,PAA-noSLAMut,7,-0.6294191339342629,0.43168854414653596,1.0912883633487742,-0.7622512417784841,0.5056687531462053
1,PAA-noSLAMut,7,-0.6464578036233453,0.40860099462539834,1.4126245053551465,-0.9388889567403392,0.32793313946991587
1,PAA-noSLAMut,7,-0.5247801035281684,0.4212085363055474,0.7849825783431665,-0.2742453875919494,0.34540558757928047
1,PAA-noSLAMut,7,-0.6084792077579048,0.3766031220994299,1.0148846002135223,-0.7282077874498569,0.5710140735230741
1,PAA-noSLAMut,7,-0.6343007579114699,0.3047764599291042,1.2392489169603274,-0.5740228946768999,0.25962931601796824
1,PAA-noSLAMut,7,-0.6550087331304664,0.40170222128380006,1.5147140218016455,-0.9631842636091719,0.4059557826943764
1,PAA-noSLAMut,7,-0.5311403000890315,0.4282771850489423,0.6574873400494295,-0.6428591876816828,0.6115769733262697
1,PAA-noSLAMut,7,-0.5901621873480228,0.3955084367836079,1.1326360028574725,-0.8254610695208356,0.5769912210504667
1,PAA-noSLAMut,7,-0.6502923018971076,0.3691820808350188,1.4994604217345198,-0.8576592333016769,0.3986855677398843
1,PAA-noSLAMut,7,-0.6408918078406621,0.3846029052986902,1.2299387677605003,-0.894640233364442,0.4188734460665705
1,PAA-noSLAMut,7,-0.6191350611015066,0.410424014884998,1.354469805089795,-0.8850760895254218,0.33818532269278007
1,PAA-noSLAMut,7,-0.4976659507583399,0.49201532827306205,0.6215404981423344,-0.6434517288640234,0.6278422253302146
1,PAA-noSLAMut,7,-0.5183109201133625,0.430272188682671,0.5633356668893262,-0.5335854007576393,0.40465956521037133
1,PAA-noSLAMut,7,-0.5992737643067826,0.4128725960334726,0.9919746671444329,-0.7677429152575932,0.3587992656638597
1,PAA-noSLAMut,7,-0.5892490355765234,0.3449242408520618,1.1527538013223835,-0.6685577779995632,0.3141020929425234
1,PAA-noSLAMut,7,-0.5162905308168005,0.4027953604411687,1.1017707555238399,-0.627711943904173,0.22674183403756604
1,PAA-noSLAMut,7,-0.46600293207475685,0.47798141558171414,0.6027637058449147,-0.5825106522331461,0.4743401801584996
1,PAA-noSLAMut,7,-0.634955509038495,0.38269118376180894,1.201575571988228,-0.8047711272136684,0.3663428280117815
1,PAA-noSLAMut,7,-0.6857915643452905,0.3482559961790947,1.659556772992429,-0.7868951075809043,0.32468277916728017
1,PAA-noSLAMut,7,-0.6250495199760955,0.3079399238902643,1.2667688800364192,-0.5752138759073968,0.2762333797761858
1,PAA-noSLAMut,7,-0.47344071259206205,0.4682081435846734,0.7849825783431665,-0.6374642082915954,0.45972421662985086
1,PAA-noSLAMut,7,-0.6667022229681416,0.34803659988058055,1.631617191560735,-0.8133251231917139,0.31958819725992865
1,PAA-noSLAMut,7,-0.5531634268524452,0.37728880074354976,0.8815425052328281,-0.6630007659574022,0.5961071675057117
1,PAA-noSLAMut,7,-0.6970486995955376,0.33817737786156477,1.3713371082247576,-0.7848132645455901,0.5058058405425928
1,PAA-noSLAMut,7,-0.46333044672835,0.42844090862454004,0.881542505232828,-0.47247083423492386,0.2802865572353419
1,PAA-noSLAMut,8,-0.6283960393258768,0.42232893740300453,1.4288054467365825,-0.9846364855683276,0.3339033456295354
1,PAA-noSLAMut,8,-0.7046164392681387,0.3668355317078304,1.484050047961325,-0.8091572596541236,0.33899571229498476
1,PAA-noSLAMut,8,-0.5274125897417035,0.4386676869559586,0.54254821706694,-0.49375867928068856,0.6303759708251724
1,PAA-noSLAMut,8,-0.6348056933631057,0.3003583356444568,1.396256058764158,-0.6146002490850287,0.26673919686574926
1,PAA-noSLAMut,8,-0.5370071983348923,0.41758233124340177,0.7849825783431665,-0.5987448320170247,0.8627157916212695
1,PAA-noSLAMut,8,-0.5422807740407606,0.3364344837400571,1.1725264764419854,-0.440344829383298,0.18069715483101662
1,PAA-noSLAMut,8,-0.4581776013038773,0.5420625296213084,0.7397513981473143,-0.5347548325278649,0.35254989090609856
1,PAA-noSLAMut,8,-0.40785745795900413,0.5097045821426467,0.7240467010585573,-0.41563792116804776,0.4820213254611295
1,PAA-noSLAMut,8,-0.5039849372397012,0.4622185754602047,0.7079937284797467,-0.23457167430940115,0.39508990494248103
1,PAA-noSLAMut,8,-0.6914257348500327,0.3792668393890831,1.6870337002483238,-0.9832715621643375,0.30449463320775183
1,PAA-noSLAMut,8,-0.4302338665517162,0.4977595673383718,0.7397513981473143,-0.3877035806002936,0.31049803249137176
1,PAA-noSLAMut,8,-0.6258613591535227,0.32644613919729804,1.1326360028574725,-0.5630153423685206,0.2571663244960547
1,PAA-noSLAMut,8,-0.5450488079198644,0.34592535164470356,1.1527538013223833,-0.48687249825230766,0.1932221826122063
1,PAA-noSLAMut,8,-0.569232411729287,0.42533025606696295,1.0483111508478486,-0.8252267816835932,0.6581361018673875
1,PAA-noSLAMut,8,-0.5425804869642639,0.4142217680053196,0.755129549685372,-0.5958082755094768,0.8071091614387204
1,PAA-noSLAMut,8,-0.6865569827873397,0.37768989197718067,1.631617191560735,-0.9561918287246731,0.30328902294745375
1,PAA-noSLAMut,8,-0.41042279266711335,0.5083877337197837,0.7240467010585573,-0.39328141849833004,0.45644987665825926
1,PAA-noSLAMut,8,-0.5460119788320965,0.3765893423792831,1.0483111508478486,-0.5877301570819866,0.2428573607041268
1,PAA-noSLAMut,8,-0.6125838684271404,0.33271215203076754,1.1017707555238399,-0.5481926674015332,0.32845712085868356
1,PAA-noSLAMut,8,-0.5382213248775166,0.4929213416431083,0.6915682278846585,-0.5794260901949562,0.7309812327677672
1,PAA-noSLAMut,8,-0.4866687039549612,0.48775775892467116,0.6027637058449146,-0.5155280720984277,0.6286059982479785
1,PAA-noSLAMut,8,-0.5240134895465696,0.4299769341934546,0.8415174812746264,-0.6357313715750277,0.424440019997714
1,PAA-noSLAMut,8,-0.5451826943787343,0.4174453282750127,0.7994911844726069,-0.5821368921532709,0.8508961151477372
1,PAA-noSLAMut,8,-0.4508831313637233,0.4335568005297695,0.7994911844726069,-0.4276352648721994,0.4089871870307139
1,PAA-noSLAMut,8,-0.6154922793633528,0.4267568259358231,1.3113527077656704,-0.8920956249320204,0.376866105521738
1,PAA-noSLAMut,8,-0.4564607757684532,0.5317308562681721,0.755129549685372,-0.46394081499413165,0.35774757851570316
1,PAA-noSLAMut,8,-0.6526430876869942,0.3136512843634591,1.5147140218016457,-0.6935814016883144,0.2622354464047296
1,PAA-noSLAMut,8,-0.4444595675985141,0.4755473946945289,0.8684058283919127,-0.40798038071809983,0.29499620198525783
1,PAA-noSLAMut,8,-0.6707213029712598,0.38532849116853385,1.537310666418436,-0.9703122695848048,0.383132796827762
1,PAA-noSLAMut,8,-0.4945507797261725,0.4454460969619083,0.7240467010585573,-0.3408524407040141,0.40785256369584266
1,PAA-noSLAMut,8,-0.4783565626840044,0.4721103937301422,0.6397664390839424,-0.3101524748182054,0.41832288090010356
1,PAA-noSLAMut,8,-0.6079194533338906,0.40714205157303807,1.112154352360633,-0.7140342586748558,0.5120472502796825
1,PAA-noSLAMut,8,-0.6774499276518482,0.39921478142546196,1.5595799441917924,-0.9419251365607397,0.326558156257434
1,PAA-noSLAMut,8,-0.5295949672192742,0.45506810524259994,0.7079937284797468,-0.6537746369806999,0.7042410901580924
1,PAA-noSLAMut,8,-0.5162241842263378,0.45310216578277895,0.5833828754229664,-0.4165828644242831,0.5035300635394492
1,PAA-noSLAMut,8,-0.4734676419058738,0.4802658409557079,0.7397513981473143,-0.4499455673558727,0.3412187806313468
1,PAA-noSLAMut,8,-0.5519541903039308,0.34865075031168263,1.1725264764419854,-0.4837764408656306,0.18964401717745955
1,PAA-noSLAMut,8,-0.6522174539854546,0.3926162551266713,1.2758102920010677,-0.8517924215304561,0.3285359592118954
1,PAA-noSLAMut,8,-0.6232433830683176,0.3782839419979732,1.2392489169603271,-0.6859157666294925,0.28221790076680325
1,PAA-noSLAMut,8,-0.45948334782184813,0.4545724963183728,0.7702007157586646,-0.2809425727567688,0.30685543133736143
1,PAA-noSLAMut,8,-0.46021442343442764,0.5175909638311678,0.7240467010585573,-0.511422126567602,0.3711864159328425
1,PAA-noSLAMut,8,-0.6017441145608536,0.4112204493413614,1.0372886595566415,-0.7552179793942113,0.48287640520086816
1,PAA-noSLAMut,8,-0.46810147773049315,0.4697997070573233,0.6747429940891573,-0.25074112946692395,0.4546409049822375
1,PAA-noSLAMut,8,-0.6675287904301934,0.3728522052149799,1.5222835063120281,-0.904338565851291,0.30451453129544825
1,PAA-noSLAMut,8,-0.6479612505065401,0.383406593074352,1.1919712032812333,-0.8031787781498625,0.4030641668124614
1,PAA-noSLAMut,8,-0.5674313177330067,0.3543023814401104,0.9444891303068569,-0.6002435417164901,0.4708731259858894
1,PAA-noSLAMut,8,-0.6768408948275149,0.39703192005796106,1.6103444173701353,-0.9833150490685668,0.33596039098261415
1,PAA-noSLAMut,8,-0.5256919982090907,0.49615484216769945,0.6574873400494295,-0.5722072351979207,0.7482005729427225
1,PAA-noSLAMut,8,-0.641655666696812,0.3540727124125516,1.2847880786040071,-0.6991585076853424,0.2799233753859503
1,PAA-noSLAMut,8,-0.44533694392357487,0.49725313157804385,0.7849825783431665,-0.3707901243003399,0.3118659847540313
1,PAA-noSLAMut,8,-0.5843132627802581,0.3696462941452175,0.9803189452974895,-0.6755809964064913,0.6353797925500351
1,PAA-noSLAMut,8,-0.5821640338935954,0.4002439492654962,0.9322398894708788,-0.7447969843288258,0.671404904990121
1,PAA-noSLAMut,8,-0.4350985016254816,0.49760436231960004,0.6915682278846585,-0.3237064647605113,0.3281788682654799
1,PAA-noSLAMut,8,-0.509459956208586,0.42005431957975004,0.8277458339029348,-0.45896092580283276,0.4383568664328081
1,PAA-noSLAMut,8,-0.6803983238541924,0.39782421696014963,1.5447694296661303,-0.9182525701890583,0.3147551554536312
1,PAA-noSLAMut,8,-0.44595688216658036,0.48431831310282136,0.6574873400494295,-0.44178127350565005,0.5682753819312345
1,PAA-noSLAMut,8,-0.5776109322769446,0.45744052458021106,0.8550673523401053,-0.7348900357948814,0.5616515908921323
1,PAA-noSLAMut,8,-0.5861553969006797,0.38965216721505214,0.9919746671444328,-0.722722812337367,0.6939323535860152
1,PAA-noSLAMut,8,-0.5411668737548109,0.4209966242531028,0.6747429940891573,-0.475326579634687,0.605959469750989
1,PAA-noSLAMut,8,-0.46595407967576036,0.4690131159989047,0.6397664390839424,-0.31197847267951107,0.38854840739476504
1,PAA-noSLAMut,9,-0.5333517112525719,0.5272358346534685,0.6215404981423345,-0.6236837469970661,0.7127701221296767
1,PAA-noSLAMut,9,-0.7039508032615763,0.3388579710412767,1.603190767440991,-0.7694182597049656,0.32828111616572675
1,PAA-noSLAMut,9,-0.5455639640672875,0.39385338808115594,1.1427391744033624,-0.4885845383439298,0.1568938495016119
1,PAA-noSLAMut,9,-0.6012185204791998,0.4378326290635048,0.8137411503644991,-0.5531784882032561,0.7759333085156913
1,PAA-noSLAMut,9,-0.5008340044899571,0.412925738146245,0.8944862739468376,-0.36053188594534025,0.2890113859953917
1,PAA-noSLAMut,9,-0.5913977579602705,0.4527598640964586,1.2484896411001858,-0.9851964762401121,0.4287045148116938
1,PAA-noSLAMut,9,-0.5166518442877913,0.4851843323240629,0.4983789284753746,-0.5924038089261939,0.457085931584598
1,PAA-noSLAMut,9,-0.656886952207522,0.3038726646190496,1.1919712032812333,-0.610769472946074,0.4767481303799307
1,PAA-noSLAMut,9,-0.6926017909354807,0.35997489197029126,1.7006056912958407,-0.913722626484818,0.32426223435655144
1,PAA-noSLAMut,9,-0.4779716831665544,0.4812045978337542,0.6574873400494295,-0.4842057535125166,0.37118103474996766
1,PAA-noSLAMut,9,-0.6732469263742689,0.3647016754070253,1.574251127939735,-0.8970202265943295,0.3033450738904552
1,PAA-noSLAMut,9,-0.6730763254136948,0.3580098731622355,1.6595567729924292,-0.8737840835615645,0.30755798085306907
1,PAA-noSLAMut,9,-0.5168886895433144,0.5050073406355567,0.5833828754229664,-0.592723040766242,0.6086584776754632
1,PAA-noSLAMut,9,-0.6965884053821602,0.34818706783428854,1.5222835063120281,-0.745509007618862,0.33080258232829846
1,PAA-noSLAMut,9,-0.5535125927813345,0.49618693831238864,0.6574873400494295,-0.6966553602143671,0.5994928268391695
1,PAA-noSLAMut,9,-0.6206105377590831,0.40573419580581643,1.4762845386668804,-0.9463871522046567,0.3463725908220597
1,PAA-noSLAMut,9,-0.570232434993484,0.4805314562199053,0.6747429940891572,-0.5528863164949549,0.6456401841417401
1,PAA-noSLAMut,9,-0.6500287165568841,0.3480482720164214,1.3287674498039934,-0.6689935957268831,0.2262689055773292
1,PAA-noSLAMut,9,-0.5415397934669651,0.3973292391032541,1.0372886595566415,-0.5240796296406074,0.19182848290685187
1,PAA-noSLAMut,9,-0.6848852722385578,0.3507039149725193,1.3962560587641581,-0.7281572656884577,0.44469809704051394
1,PAA-noSLAMut,9,-0.6316116904921059,0.36904344655620536,1.2937035644497943,-0.7342061185388449,0.2244110452869954
1,PAA-noSLAMut,9,-0.6420356191330778,0.3296554703322793,0.9919746671444329,-0.6078060871939632,0.534598049076503
1,PAA-noSLAMut,9,-0.576990628622422,0.389202631764404,0.8277458339029348,-0.6169608085761615,0.5830004708350076
1,PAA-noSLAMut,9,-0.5503424868823583,0.4725183897462134,0.7240467010585573,-0.7115652681006235,0.5244197459954338
1,PAA-noSLAMut,9,-0.593314959339029,0.45162990909996364,1.2484896411001858,-0.967018551768494,0.425784024934836
1,PAA-noSLAMut,9,-0.48847638531058274,0.45846714960760143,0.7849825783431665,-0.38351853485379295,0.28193791318673167
1,PAA-noSLAMut,9,-0.6391014119094747,0.40598139852633947,1.2847880786040071,-0.8404667031380054,0.4868536862363449
1,PAA-noSLAMut,9,-0.5008792096668646,0.45604951963972046,0.8415174812746264,-0.4352266411791851,0.2583454247718717
1,PAA-noSLAMut,9,-0.5544554410288602,0.4579034109433149,0.7397513981473143,-0.6895481915555991,0.4014641287494828
1,PAA-noSLAMut,9,-0.5091948499941598,0.4549871701787005,0.6747429940891572,-0.45807473474287164,0.3790475912412412
1,PAA-noSLAMut,9,-0.5275559478305374,0.40773158276474647,1.112154352360633,-0.4105870337780475,0.18643719095603567
1,PAA-noSLAMut,9,-0.5726514910025673,0.37610933867707086,1.0483111508478486,-0.5198647273307865,0.29628769150860484
1,PAA-noSLAMut,9,-0.6339156469473674,0.312620146132866,1.1626821716231532,-0.5800403434301944,0.43345605691170713
1,PAA-noSLAMut,9,-0.5689158360592892,0.4452154329656315,0.6027637058449147,-0.5465447109395938,0.6087665448274968
1,PAA-noSLAMut,9,-0.6432409678976356,0.3498061765617552,1.2205576048237503,-0.7015221605543374,0.24065190310092222
1,PAA-noSLAMut,9,-0.4978292864624537,0.4662000946019411,0.7849825783431665,-0.3845000677024684,0.308912081049571
1,PAA-noSLAMut,9,-0.6798135415286574,0.36413298376650827,1.468477964887372,-0.821254671963675,0.32524652562850953
1,PAA-noSLAMut,9,-0.6280080983727003,0.3770943090064434,0.9444891303068569,-0.6397870230605555,0.38249301450127005
1,PAA-noSLAMut,9,-0.5906530077814847,0.4556197812276562,0.9685229624340642,-0.7899953496586345,0.5623002575853729
1,PAA-noSLAMut,9,-0.6582581259960121,0.32561542859632797,1.0912883633487744,-0.6534552690070955,0.5238779459822451
1,PAA-noSLAMut,9,-0.6542760818691253,0.37233478406894244,1.3459568890394897,-0.8002108632690981,0.435148099418314
1,PAA-noSLAMut,9,-0.6767840359199765,0.37471388451221316,1.6174664288022447,-0.9137661133890473,0.3557279921314137
1,PAA-noSLAMut,9,-0.6621615592986831,0.3727381284968757,1.4527389723778683,-0.8496897637164643,0.31464339839986694
1,PAA-noSLAMut,9,-0.5239414088782095,0.5122682655896841,0.5833828754229664,-0.6300161800560282,0.6057679953152404
1,PAA-noSLAMut,9,-0.6652792193455761,0.43204352693495085,1.4288054467365827,-0.9271720745559859,0.360417754557141
1,PAA-noSLAMut,9,-0.5187963055299821,0.39348227655186074,0.8550673523401053,-0.36309497550403186,0.3023903396324202
1,PAA-noSLAMut,9,-0.6680660521542692,0.36019070824832083,1.4448051827559238,-0.7795911480920275,0.27640499115865275
1,PAA-noSLAMut,9,-0.7036148045977282,0.3374563865211392,1.603190767440991,-0.7798851126743704,0.32862263767349004
1,PAA-noSLAMut,9,-0.5576479143077988,0.4341395823773867,0.8277458339029348,-0.5801090977064014,0.3393278897079478
1,PAA-noSLAMut,9,-0.617275441083155,0.44015896841926916,1.0483111508478484,-0.7184947231563289,0.4606401148964602
1,PAA-noSLAMut,9,-0.614432063450173,0.32003906910659463,1.1326360028574725,-0.5804155568400966,0.44169563788814575
1,PAA-noSLAMut,9,-0.6086276528618931,0.4172404162779554,0.9072453912952236,-0.5873645204604427,0.7372661799890373
1,PAA-noSLAMut,9,-0.49100579695735186,0.4581917875265889,0.7849825783431665,-0.407616658951917,0.29044296571744244
1,PAA-noSLAMut,9,-0.5382204116923635,0.5191748302563963,0.6027637058449147,-0.6131770182257464,0.7110099841634658
1,PAA-noSLAMut,9,-0.6486906416108199,0.3071738135210145,1.1427391744033626,-0.5869842704798184,0.47775217665946307
1,PAA-noSLAMut,9,-0.6089046077388198,0.34406096895747246,0.9565815297270427,-0.49952518068112595,0.5114211899870804
1,PAA-noSLAMut,9,-0.5384475862658887,0.5266942224695571,0.6215404981423344,-0.6164214050958013,0.6985237045297696
1,PAA-noSLAMut,9,-0.5093244212235428,0.4610677679044767,0.7079937284797467,-0.4330557413796693,0.3622857511020028
1,PAA-noSLAMut,9,-0.6603246764542948,0.3156916908465014,1.3025580288099372,-0.6336503618182141,0.4904953725970949
1,PAA-noSLAMut,9,-0.642595902917346,0.38194989011157726,1.3713371082247576,-0.7557013197805744,0.288370178396648
1,PAA-AdaptMut,0,-0.7035226253010674,0.3690522672949138,1.603190767440991,-0.8561431521953029,0.3114790758727542
1,PAA-AdaptMut,0,-0.5426927978248292,0.4709434139564509,0.6747429940891573,-0.2678233649099007,0.5608247131601444
1,PAA-AdaptMut,0,-0.4677433265616157,0.5327026166628178,0.6574873400494295,-0.5904091867003612,0.4333452680283488
1,PAA-AdaptMut,0,-0.6352170157670212,0.3333412109097512,1.2847880786040071,-0.6039623996805176,0.20664237833982005
1,PAA-AdaptMut,0,-0.4434244140562232,0.5022019679458539,0.6747429940891573,-0.6223403454995943,0.4119130299599151
1,PAA-AdaptMut,0,-0.4965430488387078,0.4948492413090846,0.5425482170669401,-0.471696280960136,0.6411226932079226
1,PAA-AdaptMut,0,-0.5476930537412278,0.4559207483799481,0.6747429940891573,-0.5410831151188972,0.7095253264244368
1,PAA-AdaptMut,0,-0.6714480898116582,0.3836534549004872,1.552192351668487,-0.9865736562308042,0.3305866211922372
1,PAA-AdaptMut,0,-0.6880554450451086,0.36798655879964376,1.734071003737573,-0.9156428974433355,0.3017822163084571
1,PAA-AdaptMut,0,-0.6652098364956774,0.2927142929518823,1.4606296681954092,-0.6806634180254394,0.2977129582808831
1,PAA-AdaptMut,0,-0.6580246019339631,0.3514739930125069,1.3713371082247576,-0.724907450703858,0.2217521215467328
1,PAA-AdaptMut,0,-0.6605715012433372,0.38083517611936335,1.6802065944479638,-0.8462565709740346,0.28574586493679394
1,PAA-AdaptMut,0,-0.45702513191157923,0.5143330860997288,0.5833828754229664,-0.5805247847015915,0.5257109141821796
1,PAA-AdaptMut,0,-0.6850101973977945,0.3307659883019091,1.436827585471288,-0.7411660138478856,0.2589278891517717
1,PAA-AdaptMut,0,-0.5077593404685343,0.5315006388974803,0.6747429940891573,-0.5740758204772127,0.6584732000414396
1,PAA-AdaptMut,0,-0.5223757242719579,0.48554247038928633,0.6215404981423344,-0.5284813230911047,0.6739106069241989
1,PAA-AdaptMut,0,-0.6427156517517238,0.3419863856121687,1.266768880036419,-0.6048771035199476,0.23254871681694494
1,PAA-AdaptMut,0,-0.6951871155737394,0.36209412056993806,1.6103444173701351,-0.8947841007171892,0.3010243418078867
1,PAA-AdaptMut,0,-0.5535890052455138,0.46260114874801345,0.6027637058449147,-0.3044423080654343,0.5801480333023316
1,PAA-AdaptMut,0,-0.6693360548916074,0.2928856843406469,1.4288054467365827,-0.7025679259593522,0.29626544309121866
1,PAA-AdaptMut,0,-0.5001203843620201,0.4981764746650811,0.6574873400494294,-0.3977180920588353,0.48352283466269963
1,PAA-AdaptMut,0,-0.7005841740036185,0.3458106669995441,1.5595799441917928,-0.8669379950280616,0.30520971464233887
1,PAA-AdaptMut,0,-0.6284122438571048,0.3895467496630467,1.3459568890394897,-0.9235069138786314,0.3798706586628272
1,PAA-AdaptMut,0,-0.5844687214841668,0.40443963373463765,0.8137411503644991,-0.5914361685984806,0.6042038381736156
1,PAA-AdaptMut,0,-0.6664098139265501,0.3955140766640848,1.5147140218016455,-0.9575411812048493,0.3443154284949702
1,PAA-AdaptMut,0,-0.5174242590557148,0.43771188854583515,0.7240467010585573,-0.47023181787759255,0.507672907150393
1,PAA-AdaptMut,0,-0.5613000777626487,0.4046538216655927,0.8277458339029348,-0.48652580916942456,0.4666067200711687
1,PAA-AdaptMut,0,-0.44611292229004496,0.4748021850486442,0.6747429940891573,-0.5123396544555152,0.4367898885106092
1,PAA-AdaptMut,0,-0.5381128262978901,0.4574580710411458,0.6215404981423344,-0.41940994833846795,0.6905459051519067
1,PAA-AdaptMut,0,-0.5776485378152654,0.4195615219896382,0.6915682278846585,-0.3548982310441328,0.5664854857594019
1,PAA-AdaptMut,0,-0.46061440008777443,0.4920066566838404,0.6397664390839423,-0.4882600864291799,0.5435266359207598
1,PAA-AdaptMut,0,-0.5505957112711168,0.43462406197244724,0.6397664390839424,-0.4478944075635094,0.6872271561666679
1,PAA-AdaptMut,0,-0.4816482159221268,0.49883824084531714,0.5633356668893262,-0.5099364844258123,0.5017284541833755
1,PAA-AdaptMut,0,-0.6199910461986,0.39909947407694357,1.1017707555238399,-0.7859510715058087,0.5709512044574705
1,PAA-AdaptMut,0,-0.6130372793443942,0.411769313623645,1.0148846002135223,-0.47762367445784737,0.3565562894473464
1,PAA-AdaptMut,0,-0.6235270021334772,0.3934293031197743,1.191971203281233,-0.714217227889042,0.34801307597456616
1,PAA-AdaptMut,0,-0.5700703136237848,0.42780323208817367,0.8550673523401052,-0.6543990761669024,0.44237453836524754
1,PAA-AdaptMut,0,-0.5488120976470283,0.43090062340823093,0.7702007157586646,-0.6194469981379769,0.40388788837003825
1,PAA-AdaptMut,0,-0.6151657489657116,0.3162121142264662,1.1725264764419856,-0.6142266625779211,0.27786038671308705
1,PAA-AdaptMut,0,-0.6814638686243087,0.29934066057495734,1.484050047961325,-0.7735686654263805,0.33161694960646415
1,PAA-AdaptMut,0,-0.644313107352206,0.36562926002528495,1.1527538013223835,-0.6708185919299139,0.4308815942104157
1,PAA-AdaptMut,0,-0.5870694819374128,0.3974323603634316,0.755129549685372,-0.3732537502502037,0.5236564026981348
1,PAA-AdaptMut,0,-0.49554078491846143,0.46794900589198357,0.6915682278846585,-0.5894848540686082,0.5130032291311857
1,PAA-AdaptMut,0,-0.4661261493389611,0.5202940779703112,0.6397664390839423,-0.6087406824032363,0.4248119461767853
1,PAA-AdaptMut,0,-0.555970522661833,0.44796361694722686,0.6215404981423345,-0.31618783489534197,0.6220982352710877
1,PAA-AdaptMut,0,-0.6050815390009061,0.4183239038252159,0.9322398894708789,-0.561696665891794,0.4343881471332778
1,PAA-AdaptMut,0,-0.48584705928983124,0.4979555454438456,0.5633356668893262,-0.5035933917886168,0.5016893713197619
1,PAA-AdaptMut,0,-0.6099675252074659,0.4369955909712635,1.1224418956996507,-0.81917960764945,0.4049028943344964
1,PAA-AdaptMut,0,-0.5046486489217186,0.4670308142211562,0.6397664390839423,-0.378432445941698,0.5596295036098549
1,PAA-AdaptMut,0,-0.6980551187541926,0.3615351040313558,1.5887868407416337,-0.8871008006441464,0.31725890265443857
1,PAA-AdaptMut,0,-0.5636144179360633,0.44814182618413734,0.6027637058449146,-0.33083468226358315,0.630012023490184
1,PAA-AdaptMut,0,-0.4691034277712567,0.5156027635849264,0.6747429940891573,-0.5585001785710003,0.3896083143340797
1,PAA-AdaptMut,0,-0.5387980183104484,0.45237981857035126,0.7079937284797467,-0.5063307968792585,0.5953041305657258
1,PAA-AdaptMut,0,-0.6558006644554558,0.37288209096044367,1.2111037779422387,-0.8363726094152923,0.30151042539617895
1,PAA-AdaptMut,0,-0.6624459649095312,0.3135386706147125,1.5447694296661305,-0.7327191604271072,0.2852981335118162
1,PAA-AdaptMut,0,-0.6909788412035385,0.33529080661067934,1.5815356839371835,-0.7644186738038401,0.28084495031352114
1,PAA-AdaptMut,0,-0.5290760460966303,0.48762745558504894,0.6915682278846585,-0.43641266336930284,0.5232069871843942
1,PAA-AdaptMut,0,-0.5341501660550468,0.458325504292322,0.7994911844726069,-0.506803151559285,0.3879284072027021
1,PAA-AdaptMut,0,-0.5246853281277071,0.4938041236438986,0.6747429940891573,-0.4295993993245508,0.4995119254249021
1,PAA-AdaptMut,0,-0.6092148350098687,0.3796500410352738,1.059218945609956,-0.6940948196195004,0.41741302587005064
1,PAA-AdaptMut,1,-0.6878060984308598,0.39631308770787144,1.5298155376831446,-0.9832809264006181,0.3326101132069626
1,PAA-AdaptMut,1,-0.5223503660925669,0.5408172893864026,0.6397664390839423,-0.5253853219416167,0.48835051726313267
1,PAA-AdaptMut,1,-0.6802546575680749,0.3288205315111067,1.6245572178441157,-0.7574899780560379,0.2955841625360315
1,PAA-AdaptMut,1,-0.5576614776200632,0.38845424344477053,1.0034950154352709,-0.5181273128611051,0.2083088306016816
1,PAA-AdaptMut,1,-0.7047872385103846,0.351379535142186,1.5669327069381127,-0.8130792579440307,0.2882072276662847
1,PAA-AdaptMut,1,-0.6615374032978841,0.29442712306328755,1.4994604217345198,-0.6491483620711392,0.32307557772158874
1,PAA-AdaptMut,1,-0.5329687299533405,0.5130870471918577,0.6397664390839423,-0.5343024165405522,0.7599270814757364
1,PAA-AdaptMut,1,-0.47899765506595926,0.4989693892336861,0.7240467010585573,-0.3289961851993522,0.32748361039227225
1,PAA-AdaptMut,1,-0.5150031755516274,0.5357478778726726,0.54254821706694,-0.4697345308288606,0.5694771137545249
1,PAA-AdaptMut,1,-0.4921837447490825,0.4884622168892373,0.755129549685372,-0.29121507544493436,0.33917272863831494
1,PAA-AdaptMut,1,-0.5200510945551035,0.5218202264862002,0.5833828754229664,-0.4943589095521645,0.6874562894161285
1,PAA-AdaptMut,1,-0.48557010672748174,0.4982437203708397,0.7551295496853719,-0.32786799027805386,0.319109791003706
1,PAA-AdaptMut,1,-0.5677667421611646,0.5273854374573961,0.7079937284797468,-0.5782017200364244,0.6306621470769697
1,PAA-AdaptMut,1,-0.6951965120159533,0.3653924244817215,1.491775134060471,-0.9196263260757174,0.40517030180238367
1,PAA-AdaptMut,1,-0.6738939015161163,0.3168949017345928,1.5298155376831448,-0.7465592760051406,0.2916768407436615
1,PAA-AdaptMut,1,-0.5986638297416527,0.3904060181418651,1.1626821716231532,-0.7041425482475621,0.2519175093307292
1,PAA-AdaptMut,1,-0.5079451243837876,0.47382523781106123,0.6027637058449147,-0.3280427917123661,0.5178983789589726
1,PAA-AdaptMut,1,-0.665455953201025,0.34429095932848597,1.266768880036419,-0.7421028302884082,0.46371503902946953
1,PAA-AdaptMut,1,-0.6063042221428168,0.3689948942990716,1.2205576048237503,-0.6294429224770235,0.23204370810968858
1,PAA-AdaptMut,1,-0.6274248490696603,0.3601009404663598,1.2111037779422387,-0.6694495625854779,0.25591840734318017
1,PAA-AdaptMut,1,-0.5098761108518858,0.42515380845662565,0.9198275413214968,-0.4535468983716891,0.24450886474400013
1,PAA-AdaptMut,1,-0.5017693721695338,0.5115786105002754,0.6747429940891572,-0.41184955049102223,0.3886862516690171
1,PAA-AdaptMut,1,-0.6605826852197998,0.36349902637503584,1.3879994509683686,-0.7965180708788605,0.5471053697360453
1,PAA-AdaptMut,1,-0.6875692647129912,0.3916459253816519,1.5147140218016455,-0.9564287373420146,0.36385835338469685
1,PAA-AdaptMut,1,-0.5296325087680496,0.5135696005030274,0.6397664390839423,-0.5219955031172958,0.7480076509488505
1,PAA-AdaptMut,1,-0.6386968046558323,0.3676117663527522,1.1326360028574725,-0.6578575153084818,0.26435448971570735
1,PAA-AdaptMut,1,-0.5634597877598239,0.4508388993306946,0.7240467010585573,-0.6442238773618728,0.5359304291280196
1,PAA-AdaptMut,1,-0.6746192844199589,0.3891631850441352,1.337389786638785,-0.8761572143534222,0.34897865473215484
1,PAA-AdaptMut,1,-0.4918035341068013,0.48686618582437025,0.755129549685372,-0.291386747189216,0.34989659336662265
1,PAA-AdaptMut,1,-0.540352676625732,0.46799096251806616,0.6747429940891573,-0.4872137005072969,0.6567082563475465
1,PAA-AdaptMut,1,-0.6761705849768147,0.33694502104660234,1.4044641281936487,-0.7263059823218553,0.2787599854552966
1,PAA-AdaptMut,1,-0.609592146709262,0.38740906577407613,1.2484896411001858,-0.6853029203150633,0.45347066635022504
1,PAA-AdaptMut,1,-0.5919678670426891,0.441498128627119,0.8277458339029348,-0.5051926936479589,0.4829372962120543
1,PAA-AdaptMut,1,-0.5555971500710357,0.4435915498314407,0.6915682278846585,-0.5597005520403583,0.3682429339837938
1,PAA-AdaptMut,1,-0.6590229804765347,0.2948764681823013,1.4288054467365827,-0.6277549025140676,0.3366882356876907
1,PAA-AdaptMut,1,-0.6868945860591614,0.3138024421815522,1.596005053582509,-0.7161787666279841,0.28879866712643787
1,PAA-AdaptMut,1,-0.695824990130111,0.3909307944980075,1.4606296681954092,-0.9354518099156074,0.3318692362726979
1,PAA-AdaptMut,1,-0.5046927068387033,0.453395704385904,0.6027637058449146,-0.35163239324051176,0.4327019213333614
1,PAA-AdaptMut,1,-0.6180011889693565,0.43306917221168184,0.9444891303068568,-0.5641961299096283,0.49037020851574564
1,PAA-AdaptMut,1,-0.6841456387184897,0.3834894708486276,1.3200887962222396,-0.8555261930172356,0.3246811128222554
1,PAA-AdaptMut,1,-0.5791543589515253,0.4128145253659613,1.0807043010154629,-0.5558803204598706,0.2756812515027488
1,PAA-AdaptMut,1,-0.6331941271560291,0.4053489889836824,1.059218945609956,-0.7325861978580039,0.41877885409863386
1,PAA-AdaptMut,1,-0.5736170095823822,0.41638692774027597,0.7079937284797467,-0.4195455796708337,0.6121337538822721
1,PAA-AdaptMut,1,-0.6162810393929519,0.42164741861597504,0.8137411503644992,-0.431646405334412,0.668839474493954
1,PAA-AdaptMut,1,-0.6880070642507912,0.3339119794621072,1.574251127939735,-0.8245421515309015,0.3174842537637728
1,PAA-AdaptMut,1,-0.6030289308344162,0.42646847450544223,0.8137411503644992,-0.42252150390114773,0.6367291394610197
1,PAA-AdaptMut,1,-0.5504895479729731,0.44558194039509225,0.6747429940891573,-0.36758381940226253,0.5833692594494728
1,PAA-AdaptMut,1,-0.5467517030514172,0.4779201080361354,0.7702007157586646,-0.5802725036156706,0.3974563561993131
1,PAA-AdaptMut,1,-0.5846956821014215,0.4610983667355429,0.8277458339029348,-0.7088681444066497,0.5841986954836312
1,PAA-AdaptMut,1,-0.6290611593002715,0.3344233978485229,1.4606296681954092,-0.607049621536156,0.2462339183812674
1,PAA-AdaptMut,1,-0.6561314333913617,0.3796446098483572,1.396256058764158,-0.8327633421607038,0.29365023702500237
1,PAA-AdaptMut,1,-0.6451067048775594,0.4263476339338375,1.1224418956996507,-0.7796015262692221,0.351892415675161
1,PAA-AdaptMut,1,-0.5304253570984595,0.45201569521809065,0.6574873400494294,-0.3817248981211401,0.6053134271617608
1,PAA-AdaptMut,1,-0.6124489552194419,0.45569929909951024,0.8684058283919127,-0.5187441790377124,0.566270744140602
1,PAA-AdaptMut,1,-0.6438678598717733,0.39999419951195503,1.2758102920010677,-0.7871500358718753,0.30759743395315725
1,PAA-AdaptMut,1,-0.5153722889893616,0.5005289503786552,0.6747429940891573,-0.4007183073853261,0.421874249630493
1,PAA-AdaptMut,1,-0.4973913020304675,0.5088929463079676,0.6574873400494294,-0.46092211136319283,0.6646296191180905
1,PAA-AdaptMut,1,-0.6435129267894109,0.303656098808225,1.4917751340604712,-0.6341295606344366,0.3948069450985354
1,PAA-AdaptMut,1,-0.6147626542613489,0.3725731718179396,1.1017707555238399,-0.636383100235452,0.2779257607210625
1,PAA-AdaptMut,1,-0.622352026231521,0.41338390052213814,0.9444891303068569,-0.6162180230208689,0.5946298337876986
1,PAA-AdaptMut,2,-0.6096153908260514,0.39362966711558933,1.2299387677604998,-0.6597328599865444,0.19666767356725684
1,PAA-AdaptMut,2,-0.5066732438380407,0.4695741476287611,0.5209319169482601,-0.5139558279275815,0.6144977695782968
1,PAA-AdaptMut,2,-0.666849064551673,0.30608609943600673,1.5447694296661307,-0.674677783698287,0.2700556014722162
1,PAA-AdaptMut,2,-0.4748558163075597,0.559342110182816,0.7397513981473143,-0.7452650744082271,0.524062577506322
1,PAA-AdaptMut,2,-0.6871231449399028,0.3849195426502302,1.596005053582509,-0.9823064556916407,0.3059174616267086
1,PAA-AdaptMut,2,-0.6906662376667189,0.35725119451766274,1.7140702228211238,-0.848909889539588,0.3052972241642694
1,PAA-AdaptMut,2,-0.5090591013812142,0.46335706622335354,0.6574873400494294,-0.44511832595263234,0.5427769093026664
1,PAA-AdaptMut,2,-0.4419111676713531,0.5247178732821549,0.7240467010585573,-0.7382145465734254,0.472203288966068
1,PAA-AdaptMut,2,-0.7021037214025562,0.3442085977447005,1.6103444173701351,-0.8186734911652586,0.3320860818656374
1,PAA-AdaptMut,2,-0.483924694976187,0.47383985416317154,0.6574873400494294,-0.5457368424520743,0.7736297997877297
1,PAA-AdaptMut,2,-0.5201628990942744,0.46053345325964196,0.6215404981423344,-0.5056139537621769,0.7309488575209151
1,PAA-AdaptMut,2,-0.588950392837592,0.4785977923644584,0.8277458339029348,-0.7522582857022473,0.5836660295509575
1,PAA-AdaptMut,2,-0.4945713603441909,0.4699568318477638,0.5209319169482601,-0.5369671915639452,0.6177053351418399
1,PAA-AdaptMut,2,-0.45996114659929466,0.4880163261962983,0.6915682278846585,-0.48874568055410456,0.4041002037664356
1,PAA-AdaptMut,2,-0.6612288111739492,0.31265455234620315,1.4917751340604715,-0.6866823962063527,0.2954056336182279
1,PAA-AdaptMut,2,-0.5285511506493985,0.5039682243580498,0.6747429940891573,-0.5722137422238209,0.6413991897413922
1,PAA-AdaptMut,2,-0.5233444895205451,0.48022032455904445,0.5833828754229664,-0.5690420106585385,0.7076364664210375
1,PAA-AdaptMut,2,-0.4794788361683461,0.456230183085453,0.6397664390839423,-0.4629559274919526,0.44799855979019015
1,PAA-AdaptMut,2,-0.6591054168568867,0.33299489636589125,1.4448051827559238,-0.7489981336982108,0.19868979225483613
1,PAA-AdaptMut,2,-0.6778020669572332,0.399306749816548,1.5669327069381127,-0.972694050661947,0.29909418299504054
1,PAA-AdaptMut,2,-0.5509150074020595,0.4825600997693166,0.7397513981473143,-0.624765013586291,0.4950045939121955
1,PAA-AdaptMut,2,-0.5608534081106787,0.4453885268105079,0.9565815297270429,-0.770294232367271,0.5504892894848579
1,PAA-AdaptMut,2,-0.5061458469753997,0.47089219516819225,0.54254821706694,-0.5129334668300325,0.6092928027969764
1,PAA-AdaptMut,2,-0.4674095480429594,0.49629124746909925,0.6574873400494294,-0.5990597158557217,0.49778547296519965
1,PAA-AdaptMut,2,-0.5041260315219507,0.5378428003462908,0.755129549685372,-0.7007307097249948,0.49919154852290043
1,PAA-AdaptMut,2,-0.595074365754075,0.5101397086827912,1.0372886595566415,-0.8675220563317853,0.4218627687273312
1,PAA-AdaptMut,2,-0.6411907665984238,0.42847940585992655,1.3544698050897952,-0.9184941625391764,0.3605869582582511
1,PAA-AdaptMut,2,-0.6690159075524404,0.3226422325246426,1.603190767440991,-0.7656313866453484,0.2270421989087426
1,PAA-AdaptMut,2,-0.6141031534347491,0.4238619394400292,1.2205576048237508,-0.8744072786639094,0.4067648372045568
1,PAA-AdaptMut,2,-0.5015529411005162,0.5176491512484198,0.6747429940891573,-0.5905849108942587,0.6754859236733152
1,PAA-AdaptMut,2,-0.6642470287080604,0.32287447932336055,1.5887868407416337,-0.7264146314020536,0.23752525910837935
1,PAA-AdaptMut,2,-0.6430043931011011,0.4310110439997684,1.3713371082247576,-0.9424227339677478,0.35821492472982086
1,PAA-AdaptMut,2,-0.5098817633637187,0.4809430500174773,0.5833828754229664,-0.5790427909158634,0.6872294551579083
1,PAA-AdaptMut,2,-0.6975632179461315,0.34325252100647086,1.6103444173701351,-0.8100731362386598,0.29981861076435357
1,PAA-AdaptMut,2,-0.6847172532532445,0.34983880869887335,1.6595567729924292,-0.7877248169973308,0.2790791683849134
1,PAA-AdaptMut,2,-0.6796753530338696,0.36400102286098796,1.638646748247976,-0.8597366508262299,0.2903291955452222
1,PAA-AdaptMut,2,-0.48773416869615877,0.5533344170287786,0.7994911844726069,-0.791020199115988,0.5070472574470024
1,PAA-AdaptMut,2,-0.6506930065929322,0.31829256588571975,1.596005053582509,-0.7072888586285035,0.243885411739513
1,PAA-AdaptMut,2,-0.584108764233709,0.5035383911833424,0.9803189452974895,-0.8969981596787797,0.42159102173594903
1,PAA-AdaptMut,2,-0.601416066406515,0.39840290948971974,1.059218945609956,-0.6997555328799723,0.5364177949059586
1,PAA-AdaptMut,2,-0.4472217832965287,0.5239897601518324,0.7240467010585573,-0.7200791604541683,0.46146655502037665
1,PAA-AdaptMut,2,-0.594069228856605,0.41174711106094736,1.1527538013223835,-0.859546895035465,0.3998709356735461
1,PAA-AdaptMut,2,-0.5389434345139683,0.4027855412433844,0.9919746671444329,-0.6344899509489279,0.3498921628753729
1,PAA-AdaptMut,2,-0.6918528810574556,0.35197225872939847,1.6938332891759678,-0.8017113722784842,0.29473794560254085
1,PAA-AdaptMut,2,-0.6563133866114289,0.34740520186912865,1.5071065198237947,-0.8228571128613776,0.25336925037747376
1,PAA-AdaptMut,2,-0.6323468173747948,0.4362576394564184,1.3287674498039934,-0.8785135931519621,0.3724322815481824
1,PAA-AdaptMut,2,-0.6910578603239692,0.3756165941323,1.4126245053551467,-0.8893614877136805,0.3216056909859396
1,PAA-AdaptMut,2,-0.5138229086455566,0.527393355041656,0.7397513981473143,-0.664524540229045,0.6119201539008913
1,PAA-AdaptMut,2,-0.6494454820207379,0.3359017505106647,1.396256058764158,-0.6557912435335002,0.26983942610376815
1,PAA-AdaptMut,2,-0.4733241796533815,0.4637432922177146,0.6574873400494295,-0.6211430283569597,0.480619337374924
1,PAA-AdaptMut,2,-0.539242881450102,0.4095544104985368,0.6215404981423344,-0.48104308519869204,0.5639327782449779
1,PAA-AdaptMut,2,-0.596862831323195,0.3612117717638494,0.881542505232828,-0.6141327104356675,0.4372923196794224
1,PAA-AdaptMut,2,-0.5897550465793161,0.42013633826425056,0.8137411503644991,-0.5586680183285055,0.45100245588219073
1,PAA-AdaptMut,2,-0.48760547434349605,0.5466716971178159,0.6915682278846585,-0.6432400552143729,0.5697738102002805
1,PAA-AdaptMut,2,-0.5419416387122988,0.4353959306883367,0.9198275413214968,-0.5916308596074034,0.3115939396709364
1,PAA-AdaptMut,2,-0.6691562900313192,0.39619557381833115,1.5222835063120284,-0.922571425739904,0.3322995385849991
1,PAA-AdaptMut,2,-0.5673563835853279,0.44882138875527533,0.8550673523401053,-0.6068273404234563,0.44459131693351167
1,PAA-AdaptMut,2,-0.4800160435320356,0.5444047436797976,0.6747429940891573,-0.6905021774437897,0.5563726001333823
1,PAA-AdaptMut,2,-0.5244534594339413,0.4210528903860693,0.7079937284797468,-0.5753924232603445,0.4806228353851393
1,PAA-AdaptMut,2,-0.49325848278054546,0.5443883468290551,0.7994911844726069,-0.7319719861673075,0.6097906300072694
1,PAA-AdaptMut,3,-0.4934848028473636,0.485983565462368,0.6027637058449146,-0.41271499132651035,0.5440979428895657
1,PAA-AdaptMut,3,-0.5503066860753795,0.43152380511363314,0.6915682278846585,-0.5088914999160613,0.7995853192049145
1,PAA-AdaptMut,3,-0.6838255203489505,0.3790865020999207,1.5447694296661303,-0.9832212605294967,0.31010752257833724
1,PAA-AdaptMut,3,-0.6914935730293801,0.3343397478514638,1.7274298076206476,-0.8368467276518906,0.28704572977347614
1,PAA-AdaptMut,3,-0.609196739194749,0.33543213448306924,1.293703564449794,-0.6178281975463532,0.21033452087207932
1,PAA-AdaptMut,3,-0.4986116275090673,0.4946829770944472,0.6215404981423344,-0.4671168587215641,0.45481483934745726
1,PAA-AdaptMut,3,-0.5192909177091471,0.46201747022958745,0.5633356668893262,-0.393772927926671,0.6590964189440939
1,PAA-AdaptMut,3,-0.674070945268257,0.2886331001614308,1.4527389723778685,-0.6523076926607196,0.2760664307164733
1,PAA-AdaptMut,3,-0.5209108817100534,0.45536103993308963,0.6215404981423345,-0.28581592812648604,0.5296866266119318
1,PAA-AdaptMut,3,-0.7016813580328884,0.3596577457689298,1.5447694296661305,-0.8749086859737126,0.28837500681713296
1,PAA-AdaptMut,3,-0.6618708532724595,0.30641313326753866,1.404464128193649,-0.660819431261298,0.2676171237014824
1,PAA-AdaptMut,3,-0.6092289157114432,0.3588774516392105,1.3373897866387852,-0.5812425840146712,0.2305572739287202
1,PAA-AdaptMut,3,-0.5452749396051381,0.4305761594451788,0.6915682278846585,-0.36567409014396046,0.7271209622888126
1,PAA-AdaptMut,3,-0.6685271992873165,0.4057403453490277,1.4207380120476114,-0.9601360756813214,0.3164569960026816
1,PAA-AdaptMut,3,-0.5778068221002213,0.3868169371626523,0.8277458339029348,-0.5596186097619722,0.7190265448583444
1,PAA-AdaptMut,3,-0.6889113348407182,0.3266439481304659,1.4994604217345195,-0.7979097400976741,0.30561054866588794
1,PAA-AdaptMut,3,-0.6595406072475237,0.3132796363428793,1.3629295501408407,-0.6609268751810975,0.2768645935452163
1,PAA-AdaptMut,3,-0.6759044301572927,0.3395147127764728,1.631617191560735,-0.8595576805868864,0.2957132469549243
1,PAA-AdaptMut,3,-0.5292045264709269,0.43615687859024205,0.6397664390839424,-0.37358233871013896,0.6915821891248985
1,PAA-AdaptMut,3,-0.5498676908906124,0.4198732258857425,0.7079937284797467,-0.5038235671152742,0.7916722948923427
1,PAA-AdaptMut,3,-0.6967990116121408,0.3677451358265305,1.5147140218016455,-0.9270064024592258,0.30276256100202964
1,PAA-AdaptMut,3,-0.5735775339786693,0.4501004961117875,1.0372886595566415,-0.6750050002735156,0.3540026415382137
1,PAA-AdaptMut,3,-0.5062180051760177,0.4639849194561837,0.6027637058449147,-0.39052473096613144,0.6256006878043123
1,PAA-AdaptMut,3,-0.5237583652472596,0.45843215863366354,0.6397664390839424,-0.3314863343560336,0.5350007837114548
1,PAA-AdaptMut,3,-0.6143593170943553,0.3306289314822262,1.2111037779422387,-0.5773904076418506,0.2563242958979802
1,PAA-AdaptMut,3,-0.5156058120879273,0.48332380372624817,0.6747429940891573,-0.48077684255796244,0.44406440630023114
1,PAA-AdaptMut,3,-0.5873321803678491,0.4390486333738237,0.8277458339029348,-0.5795717318103599,0.6140855832986047
1,PAA-AdaptMut,3,-0.602854882053023,0.47238397680429844,1.0912883633487742,-0.7486721679024415,0.4620745180529198
1,PAA-AdaptMut,3,-0.5938661356480508,0.4407313913086991,0.7994911844726069,-0.6236026633814049,0.6781438069622097
1,PAA-AdaptMut,3,-0.5565396877590604,0.3701675387623113,0.9322398894708789,-0.4277381543696316,0.3772538379402337
1,PAA-AdaptMut,3,-0.6306231556485177,0.4096358132665909,0.9803189452974895,-0.7571664744271384,0.629292241677638
1,PAA-AdaptMut,3,-0.678766423917754,0.33916655515297867,1.4606296681954092,-0.8125355170324505,0.30277045846696876
1,PAA-AdaptMut,3,-0.6419447101441742,0.3446784871418013,1.1919712032812333,-0.7305864046827333,0.3449233810519144
1,PAA-AdaptMut,3,-0.6885001526360197,0.34201954517223415,1.6802065944479638,-0.8402963371866268,0.31118262521674583
1,PAA-AdaptMut,3,-0.5873883279819121,0.3775942680596477,0.881542505232828,-0.6097566689698785,0.5557498284780354
1,PAA-AdaptMut,3,-0.7001261133202652,0.3618433611986629,1.574251127939735,-0.8873584511617976,0.2875437263674915
1,PAA-AdaptMut,3,-0.6279457336222268,0.3948172093479485,1.1527538013223833,-0.8009674277602808,0.505904791808039
1,PAA-AdaptMut,3,-0.6868575927456201,0.35194709203956726,1.596005053582509,-0.9085869049856182,0.31128976479881537
1,PAA-AdaptMut,3,-0.5657996254277826,0.4175940209251715,0.7702007157586646,-0.40815499574415115,0.47728476026115574
1,PAA-AdaptMut,3,-0.5912317302498092,0.39307009871741816,0.8815425052328281,-0.5763366841810745,0.5952827371114097
1,PAA-AdaptMut,3,-0.519006380005382,0.4708523039204696,0.6574873400494295,-0.34833389291261235,0.425544774345539
1,PAA-AdaptMut,3,-0.6565840635138457,0.38847100055054107,1.2847880786040071,-0.8413925331591523,0.4071810295289725
1,PAA-AdaptMut,3,-0.5393155900822945,0.4366276593998794,0.6215404981423345,-0.3492510178113546,0.7242074837567426
1,PAA-AdaptMut,3,-0.6053920899486473,0.3672379478713272,1.1326360028574722,-0.6192979100237306,0.3268660199268664
1,PAA-AdaptMut,3,-0.6462865032592509,0.3540512346628747,1.4126245053551467,-0.7869389116132443,0.2915175965150956
1,PAA-AdaptMut,3,-0.6492124029280674,0.3487604994712298,1.3796934333906816,-0.7418836728880451,0.2747039462206578
1,PAA-AdaptMut,3,-0.6214183434887908,0.4120371535718855,0.9803189452974893,-0.6732170381410755,0.5921681225446426
1,PAA-AdaptMut,3,-0.5599816176530602,0.4587546939154367,0.6574873400494295,-0.5543564585962839,0.6551641033369856
1,PAA-AdaptMut,3,-0.6647358713707415,0.3800132243554352,1.4448051827559236,-0.9463359288869505,0.30551314375667105
1,PAA-AdaptMut,3,-0.5349741877257154,0.41935809049156847,0.6915682278846585,-0.5290720313588718,0.5713259469118459
1,PAA-AdaptMut,3,-0.543987504563739,0.4316543186128296,0.7079937284797466,-0.38186374763172837,0.6448273292435445
1,PAA-AdaptMut,3,-0.5924701335277541,0.44470275754348576,0.7702007157586646,-0.4624764840341892,0.5387298662066454
1,PAA-AdaptMut,3,-0.6548347981097307,0.36768180511020354,1.1527538013223835,-0.6961859038919801,0.4282811304800419
1,PAA-AdaptMut,3,-0.5320615976489751,0.4560400415333164,0.6027637058449146,-0.43451274854084937,0.6454332126475789
1,PAA-AdaptMut,3,-0.5806144267577839,0.401133338805273,1.0261477756627881,-0.6650762313593784,0.3682070668722178
1,PAA-AdaptMut,3,-0.6641889122062891,0.34680736984817234,1.2576624704910284,-0.6761005940114454,0.34015879159464013
1,PAA-AdaptMut,3,-0.511306202576496,0.45548340957044176,0.6397664390839424,-0.476563389198781,0.5835339857470102
1,PAA-AdaptMut,3,-0.6361118761017334,0.4264072200439698,1.059218945609956,-0.7720039156271092,0.5725046243281307
1,PAA-AdaptMut,3,-0.515488831127891,0.4459672595531773,0.6215404981423344,-0.39803243908085323,0.6814644243333652
1,PAA-AdaptMut,3,-0.6332221617446429,0.3907722135767032,1.1017707555238396,-0.7459011389930827,0.6234534189614472
1,PAA-AdaptMut,4,-0.43886431411999266,0.49035644435507103,0.6215404981423344,-0.5479784820590824,0.48654200712828083
1,PAA-AdaptMut,4,-0.554153168243794,0.4426574186541109,0.7397513981473143,-0.29382173442930304,0.35627784688855674
1,PAA-AdaptMut,4,-0.6674716617452662,0.36733377419066143,1.3879994509683686,-0.7019474773981971,0.21597331356748112
1,PAA-AdaptMut,4,-0.7038579528367238,0.3526399255603391,1.4840500479613248,-0.8642403874619239,0.30201818534910296
1,PAA-AdaptMut,4,-0.5548201565253281,0.5198742497221298,0.8415174812746266,-0.7109720233198906,0.3669539433399612
1,PAA-AdaptMut,4,-0.6478947504771148,0.3044654299011289,1.4368275854712884,-0.6564530883003011,0.3160839064726243
1,PAA-AdaptMut,4,-0.5776781270610214,0.42272410093649515,0.7849825783431665,-0.577400707033684,0.7920311433787709
1,PAA-AdaptMut,4,-0.5509027284961641,0.4476932514672427,0.54254821706694,-0.40996951959809447,0.44288971723689663
1,PAA-AdaptMut,4,-0.6897318927653429,0.38215860473177854,1.5447694296661303,-0.9864499278280885,0.3124944519341652
1,PAA-AdaptMut,4,-0.6966817849521039,0.3558052064911303,1.6245572178441154,-0.8192766454748325,0.26832943026650125
1,PAA-AdaptMut,4,-0.6554232032912122,0.3850748369536949,1.3025580288099372,-0.8891714459486415,0.3447427048874604
1,PAA-AdaptMut,4,-0.6833575322369383,0.38666408982687916,1.4207380120476114,-0.9155166183313342,0.28530704849330907
1,PAA-AdaptMut,4,-0.647913322101615,0.3811677678497452,1.1427391744033626,-0.8330412802951287,0.5782195150071983
1,PAA-AdaptMut,4,-0.6494167146154455,0.35866848022045905,1.0483111508478484,-0.6736191483857736,0.7323871502362562
1,PAA-AdaptMut,4,-0.6712938382069884,0.34891139643014374,1.552192351668487,-0.718529375905508,0.24115758379171445
1,PAA-AdaptMut,4,-0.6257075810450001,0.32297285355690847,1.2484896411001858,-0.6714903176096934,0.29910801983469504
1,PAA-AdaptMut,4,-0.679719740758312,0.39463864141975874,1.4527389723778683,-0.9593248896152454,0.30204977719369674
1,PAA-AdaptMut,4,-0.5616650915682291,0.42814593837220605,0.6574873400494294,-0.3569385771935674,0.4676415313659099
1,PAA-AdaptMut,4,-0.6921148029952762,0.34691134885084984,1.574251127939735,-0.8378625641875711,0.29290805021301414
1,PAA-AdaptMut,4,-0.5046664740079632,0.47847071736147173,0.6397664390839423,-0.48424970580986565,0.4786362694645601
1,PAA-AdaptMut,4,-0.6947787871577127,0.31437369014679073,1.3962560587641581,-0.7408423464041004,0.477420273621615
1,PAA-AdaptMut,4,-0.6662413478905853,0.39631204338255704,1.3796934333906814,-0.941195954499447,0.29266673739685
1,PAA-AdaptMut,4,-0.6176644312022639,0.3354228795430088,1.0912883633487744,-0.6110755012759419,0.5040350512669255
1,PAA-AdaptMut,4,-0.6967016654040432,0.35390711325797986,1.603190767440991,-0.8190337511171897,0.2745778429316116
1,PAA-AdaptMut,4,-0.6634837669098008,0.35608131216469696,1.1725264764419854,-0.7121627640388257,0.6176888804360905
1,PAA-AdaptMut,4,-0.5757596885170535,0.4223778130047184,0.7849825783431665,-0.5744305639692013,0.7839149617116397
1,PAA-AdaptMut,4,-0.4456738835136306,0.48853652920608637,0.5833828754229664,-0.5698797718693666,0.4907549140908947
1,PAA-AdaptMut,4,-0.6997540263191943,0.3772923653456008,1.5147140218016455,-0.9365919850339826,0.3351663298977196
1,PAA-AdaptMut,4,-0.570114650867214,0.37196529137055173,0.8944862739468376,-0.620849719412505,0.6407282942834088
1,PAA-AdaptMut,4,-0.6248029971098596,0.35138060607771604,1.0261477756627881,-0.6226113330503793,0.7085543280030453
1,PAA-AdaptMut,4,-0.5731109875531337,0.41501125455138804,0.7079937284797468,-0.46109699286218203,0.6843395302573299
1,PAA-AdaptMut,4,-0.509278243685108,0.46052332744818925,0.6915682278846585,-0.3965887911647659,0.3817373626053021
1,PAA-AdaptMut,4,-0.46749134681426785,0.4918434489612121,0.6747429940891573,-0.5089063250759372,0.42819893515514307
1,PAA-AdaptMut,4,-0.5582473714232868,0.38333800589342804,0.8944862739468377,-0.6317844650108232,0.5550418300172126
1,PAA-AdaptMut,4,-0.46467452083187605,0.5069591912756416,0.6747429940891572,-0.5587802408865561,0.44163401821086695
1,PAA-AdaptMut,4,-0.4554425595196749,0.4796545747701531,0.6027637058449147,-0.5231545055671438,0.46173958425671896
1,PAA-AdaptMut,4,-0.5829719970149192,0.41493519850144817,0.8415174812746264,-0.6166078773656583,0.6504563788792781
1,PAA-AdaptMut,4,-0.6331470728277282,0.39931259860526563,1.059218945609956,-0.7558352413777661,0.4109173300558037
1,PAA-AdaptMut,4,-0.6359149255315202,0.3860984649927227,1.211103777942239,-0.7918018355895903,0.3057848232066974
1,PAA-AdaptMut,4,-0.5524899620999804,0.45157934708171954,0.9198275413214968,-0.6440616885685913,0.3650666124569831
1,PAA-AdaptMut,4,-0.5998956801949206,0.4373346143001573,0.9685229624340641,-0.5914487674509512,0.32301476764128767
1,PAA-AdaptMut,4,-0.5313125008385198,0.46593261075109044,0.7397513981473143,-0.45382278994717196,0.45101965411823175
1,PAA-AdaptMut,4,-0.6135598666700155,0.3418391605567431,0.9919746671444328,-0.5448783745091926,0.6798576823433813
1,PAA-AdaptMut,4,-0.5861561698968719,0.4264656575524203,0.8550673523401052,-0.6008713512369857,0.6731516246826655
1,PAA-AdaptMut,4,-0.4847935561707386,0.46775498675031574,0.6915682278846585,-0.4029666471216096,0.3854363048852828
1,PAA-AdaptMut,4,-0.5415082074274876,0.44964444904189965,0.5833828754229664,-0.40336669685224436,0.43959086174094664
1,PAA-AdaptMut,4,-0.6146340979771351,0.4393150012523338,1.0807043010154627,-0.5916306418932119,0.26496299575633986
1,PAA-AdaptMut,4,-0.658092007463814,0.3786321245746727,1.2847880786040071,-0.678368633740809,0.23084446859907745
1,PAA-AdaptMut,4,-0.49815072522954706,0.44436562915609024,0.6574873400494295,-0.5533411358377804,0.5959769763397962
1,PAA-AdaptMut,4,-0.5152563646651486,0.4831824633129994,0.6397664390839423,-0.5301250279437172,0.4759485649722843
1,PAA-AdaptMut,4,-0.5460364905621232,0.4265558606514673,0.6215404981423345,-0.42271223277073605,0.5153335066346298
1,PAA-AdaptMut,4,-0.4600430429400168,0.49673062455760597,0.6215404981423344,-0.5150966627922781,0.5101904212777318
1,PAA-AdaptMut,4,-0.47658441848207717,0.5007268408787423,0.6747429940891573,-0.5404771634667591,0.4349110940124932
1,PAA-AdaptMut,4,-0.5486450789065597,0.40603446921366493,0.8137411503644991,-0.5982241071856464,0.4098346710931464
1,PAA-AdaptMut,4,-0.5860742646089919,0.4575044190753747,0.9565815297270429,-0.7917490048257999,0.421136927803787
1,PAA-AdaptMut,4,-0.6454434569470816,0.36690446836716517,1.2758102920010679,-0.7453090924093966,0.46286903778326033
1,PAA-AdaptMut,4,-0.617991180193642,0.3894499519653237,1.1017707555238399,-0.7824748705970738,0.3365710132118219
1,PAA-AdaptMut,4,-0.5957281960559678,0.4174063981307694,0.755129549685372,-0.5259033833915585,0.45852533510991267
1,PAA-AdaptMut,4,-0.6610258380173114,0.41037814367619474,1.0372886595566415,-0.7284179255755129,0.456181802332387
1,PAA-AdaptMut,4,-0.6474059226734289,0.34204409600906194,1.0700155515160485,-0.5574273738755275,0.533667092269112
1,PAA-AdaptMut,5,-0.6851004084846536,0.2933622682915856,1.484050047961325,-0.7067407081148734,0.31570627229027937
1,PAA-AdaptMut,5,-0.39607944140253487,0.4798478873982244,0.6215404981423345,-0.5215921971199219,0.6958230979837084
1,PAA-AdaptMut,5,-0.6864997295604465,0.3794613983612564,1.652616161435534,-0.986881740062396,0.2996519911327183
1,PAA-AdaptMut,5,-0.4520135030645391,0.48542066066500433,0.4983789284753746,-0.43398058979080484,0.6527366916841784
1,PAA-AdaptMut,5,-0.6181547295173768,0.3910007183298408,1.1626821716231532,-0.7440619447398742,0.20921840321435825
1,PAA-AdaptMut,5,-0.7038401263974369,0.36378004513266243,1.5669327069381127,-0.8893948713243345,0.26873613184133116
1,PAA-AdaptMut,5,-0.5054978214347295,0.4655428491940515,0.6747429940891573,-0.47000613091336446,0.8429518474371193
1,PAA-AdaptMut,5,-0.5201476887712585,0.5435567326532353,0.6397664390839424,-0.583171399913291,0.4439134021505568
1,PAA-AdaptMut,5,-0.5020439323523831,0.4365929361965031,0.6574873400494295,-0.2768434164398664,0.5526842363434655
1,PAA-AdaptMut,5,-0.682313848274797,0.36037865828626003,1.6938332891759678,-0.8862818973679365,0.3036908006925483
1,PAA-AdaptMut,5,-0.6518664483344087,0.40270625113125924,1.293703564449794,-0.8252504120443598,0.24650480137619574
1,PAA-AdaptMut,5,-0.6245221029815099,0.3148889875840263,1.2205576048237508,-0.6858007523802868,0.45438623283509705
1,PAA-AdaptMut,5,-0.6878693282928444,0.3202826478684565,1.6870337002483238,-0.8032341657590084,0.36189520409956993
1,PAA-AdaptMut,5,-0.674604856347714,0.3590128833601829,1.4126245053551467,-0.8600216186941892,0.3479516814901543
1,PAA-AdaptMut,5,-0.6639281352544989,0.3822612008485601,1.396256058764158,-0.9139908025211488,0.2967619253032985
1,PAA-AdaptMut,5,-0.5870621815988114,0.34673605210434993,1.0034950154352709,-0.5750283803812074,0.5327736099295722
1,PAA-AdaptMut,5,-0.6717558505426198,0.378514085678325,1.552192351668487,-0.9412040408627191,0.34110429312287865
1,PAA-AdaptMut,5,-0.6649083948741824,0.3310340931377292,1.3287674498039936,-0.8043829815458075,0.37594202888118256
1,PAA-AdaptMut,5,-0.451145948183449,0.4886612041174304,0.5833828754229664,-0.43885738065373625,0.5601559919417423
1,PAA-AdaptMut,5,-0.6999440495609776,0.36237399714773916,1.603190767440991,-0.8905810559079853,0.2615607365686167
1,PAA-AdaptMut,5,-0.4902273588265844,0.5278743291309406,0.6747429940891573,-0.41632421213379034,0.4216439935788623
1,PAA-AdaptMut,5,-0.6822475806922336,0.3861443819162792,1.491775134060471,-0.939238472484756,0.3016808425004737
1,PAA-AdaptMut,5,-0.6139323770967644,0.3962413291575144,1.182288815689544,-0.7641437780777691,0.24279319297786456
1,PAA-AdaptMut,5,-0.43131437873730405,0.48284275478111444,0.5209319169482602,-0.43371858712805905,0.5501078829874445
1,PAA-AdaptMut,5,-0.5219113040417055,0.4334941054306222,0.7240467010585573,-0.41032806639796593,0.7564230210137988
1,PAA-AdaptMut,5,-0.42403321092857454,0.4626243430214073,0.5833828754229664,-0.4468523761987854,0.6322127910721365
1,PAA-AdaptMut,5,-0.599909153306465,0.36937650894266716,1.0483111508478486,-0.6240796875363344,0.7185739518228493
1,PAA-AdaptMut,5,-0.6303352895501598,0.3753109468089778,1.1017707555238399,-0.628848517477642,0.41287915676921544
1,PAA-AdaptMut,5,-0.4657557347800175,0.5199463527807534,0.5633356668893262,-0.45662273487666455,0.5574861581216564
1,PAA-AdaptMut,5,-0.47085164753299036,0.5068774188532591,0.6027637058449147,-0.5091123576846908,0.5986279364845017
1,PAA-AdaptMut,5,-0.558974503246526,0.4172263655202723,0.9444891303068569,-0.5656576460315208,0.4830813596364393
1,PAA-AdaptMut,5,-0.6385844481184948,0.3864663583933522,1.1121543523606332,-0.7020619853838518,0.2211073926590937
1,PAA-AdaptMut,5,-0.5209003536443968,0.4227979634219395,0.6747429940891573,-0.30225983164571346,0.6682733574998677
1,PAA-AdaptMut,5,-0.6345937074171459,0.33681370973231817,1.2484896411001856,-0.7172076510513875,0.4387267503852768
1,PAA-AdaptMut,5,-0.48160325553048483,0.4206029655037984,0.6915682278846585,-0.5008447321519494,0.7793709996061645
1,PAA-AdaptMut,5,-0.657019853315588,0.3596054363840203,1.3459568890394897,-0.8673151045851359,0.3674639039734288
1,PAA-AdaptMut,5,-0.6678575416760599,0.3904486251642202,1.484050047961325,-0.9627160780540566,0.2839638190336416
1,PAA-AdaptMut,5,-0.5496782179795563,0.42810726264497967,0.8137411503644992,-0.5884959869720445,0.4811576088955441
1,PAA-AdaptMut,5,-0.697702398418314,0.3369148140310635,1.4606296681954094,-0.8001125710874832,0.2897486472141216
1,PAA-AdaptMut,5,-0.643201069288246,0.35688952649400435,1.2205576048237508,-0.6668304247461364,0.4975307038250307
1,PAA-AdaptMut,5,-0.6075658533947694,0.3977625899731637,1.122441895699651,-0.7394085441283085,0.315266781293826
1,PAA-AdaptMut,5,-0.6579649106480986,0.40100991430113214,1.4288054467365825,-0.8997084399631909,0.2801060280446471
1,PAA-AdaptMut,5,-0.47768424929542774,0.44731010265780924,0.6215404981423345,-0.35004362275002227,0.7375699496788884
1,PAA-AdaptMut,5,-0.537667430278016,0.39827657783484416,0.8815425052328281,-0.600887966018065,0.5875694282107392
1,PAA-AdaptMut,5,-0.49193530422426923,0.46657406008211444,0.6574873400494294,-0.33525431921854476,0.5943804257687001
1,PAA-AdaptMut,5,-0.5154752339098485,0.46066078443758435,0.8415174812746266,-0.6508822575029779,0.39835158856908376
1,PAA-AdaptMut,5,-0.614530830331107,0.4417664594567946,1.1527538013223833,-0.781132915856071,0.32975853245801456
1,PAA-AdaptMut,5,-0.6434988043499437,0.3729819047471582,1.2299387677605003,-0.7871873648147907,0.299906600057651
1,PAA-AdaptMut,5,-0.5931995300600053,0.41231699755398826,1.0700155515160485,-0.7385162930303325,0.3896160668312553
1,PAA-AdaptMut,5,-0.5683820311385464,0.3883449013311953,0.9565815297270429,-0.6281909101323052,0.5475481711981508
1,PAA-AdaptMut,5,-0.48002527266074624,0.45320236668800573,0.6215404981423345,-0.37024362275002226,0.7377126557664557
1,PAA-AdaptMut,5,-0.5869626257721495,0.4174359069119714,0.9803189452974895,-0.7315841563586585,0.37939761982943676
1,PAA-AdaptMut,5,-0.5356807598598077,0.41077727102311334,0.7397513981473143,-0.3426729227872091,0.494376474173915
1,PAA-AdaptMut,5,-0.5799731564613859,0.37473566993509405,0.9803189452974893,-0.5915917020283857,0.4733087199593468
1,PAA-AdaptMut,5,-0.6536486410088468,0.3876350737731128,1.302558028809937,-0.8858648494126553,0.2645820782795462
1,PAA-AdaptMut,5,-0.40925945054992585,0.46533023870405604,0.6397664390839424,-0.45502627853483946,0.6993974270597068
1,PAA-AdaptMut,5,-0.6180629075000169,0.41388790588055036,1.191971203281233,-0.7751221578187661,0.4372448505143291
1,PAA-AdaptMut,5,-0.5660329374836627,0.45509048805147734,0.9072453912952236,-0.7137797894580338,0.296225245161467
1,PAA-AdaptMut,5,-0.48463798856425805,0.4966703303519413,0.6747429940891573,-0.41265584896384605,0.6235924001805545
1,PAA-AdaptMut,5,-0.5113428629278634,0.4274328642714959,0.7079937284797468,-0.4332149142268305,0.45031505435193936
1,PAA-AdaptMut,6,-0.703513374495697,0.37072552076243004,1.603190767440991,-0.849938887590436,0.29646974673446513
1,PAA-AdaptMut,6,-0.41863392154767765,0.4950325250564793,0.6915682278846585,-0.34823407448249505,0.47315567420967986
1,PAA-AdaptMut,6,-0.6699347191671409,0.33744258626411633,1.6595567729924292,-0.7211605687310414,0.257588607519771
1,PAA-AdaptMut,6,-0.5507970997519692,0.4384180343849538,0.7240467010585573,-0.5767797923652195,0.8155372852156975
1,PAA-AdaptMut,6,-0.45131188075073536,0.4703274302652011,0.7397513981473143,-0.21289323170828123,0.2995462044736227
1,PAA-AdaptMut,6,-0.6862081624945815,0.3775269484045496,1.5742511279397349,-0.9835728312653176,0.3106386502936806
1,PAA-AdaptMut,6,-0.4534535226783243,0.4710741048023614,0.5633356668893262,-0.4422401635670288,0.5891959689414772
1,PAA-AdaptMut,6,-0.6260124664062141,0.35558856054139576,1.4606296681954092,-0.5937546272089038,0.20025704991330545
1,PAA-AdaptMut,6,-0.67720207878955,0.2958127082151944,1.3287674498039936,-0.708250532735373,0.3073921167030859
1,PAA-AdaptMut,6,-0.45622921641709996,0.5489720604754871,0.7079937284797468,-0.5304299046811151,0.44341948255148667
1,PAA-AdaptMut,6,-0.4844373378636705,0.5008915646120402,0.6397664390839423,-0.5064308117969579,0.5183155189709843
1,PAA-AdaptMut,6,-0.4206413446941813,0.4921056780338759,0.8137411503644991,-0.3770816180203901,0.32887208940966967
1,PAA-AdaptMut,6,-0.4681818695254888,0.46406354385027165,0.7079937284797468,-0.256251306093401,0.3014443674536199
1,PAA-AdaptMut,6,-0.6002210395387912,0.4263451728309873,0.8944862739468376,-0.6197329299952846,0.7454918483676829
1,PAA-AdaptMut,6,-0.4506968323644921,0.5097486966420034,0.755129549685372,-0.5656555816938872,0.5098671621900499
1,PAA-AdaptMut,6,-0.47608303260756185,0.5109425061642503,0.7702007157586646,-0.48839297578129637,0.34421376117952834
1,PAA-AdaptMut,6,-0.45557174624714375,0.4793588982813765,0.7397513981473143,-0.30273387217813075,0.279902003798684
1,PAA-AdaptMut,6,-0.6563011593078372,0.3205043659793014,1.3544698050897952,-0.6973514421454858,0.2670646502540607
1,PAA-AdaptMut,6,-0.5886284346514555,0.4507841637927855,0.8415174812746264,-0.5870635634721254,0.6982092948475372
1,PAA-AdaptMut,6,-0.5550840512760676,0.42736889329374667,0.7240467010585573,-0.5616210507050171,0.7881402924697691
1,PAA-AdaptMut,6,-0.5019452680035185,0.48899077261109125,0.8815425052328281,-0.4083401824467504,0.34350756418305456
1,PAA-AdaptMut,6,-0.6477001837717806,0.3999238119569701,1.2576624704910284,-0.9143732044846257,0.35475533354883515
1,PAA-AdaptMut,6,-0.4636523013413202,0.4833898519226157,0.5633356668893262,-0.39925082400813344,0.6187492072879406
1,PAA-AdaptMut,6,-0.6327419279489856,0.31344311597863417,1.1427391744033626,-0.6584955163000096,0.4708779711364148
1,PAA-AdaptMut,6,-0.4889653901699601,0.5277957342983363,0.7079937284797468,-0.5497170282074891,0.45250241268307273
1,PAA-AdaptMut,6,-0.5326219030292993,0.4439337810009597,0.8277458339029348,-0.5558006984108752,0.46303656811941585
1,PAA-AdaptMut,6,-0.6087458157332316,0.40835747943463874,1.201575571988228,-0.6170946631570537,0.22700974780282418
1,PAA-AdaptMut,6,-0.5811369205275005,0.39603444249015546,0.8277458339029348,-0.6257626788195874,0.7114600242658035
1,PAA-AdaptMut,6,-0.6513876119706483,0.38369357059817827,1.4207380120476114,-0.8208970490709422,0.3988938891609848
1,PAA-AdaptMut,6,-0.6137516410131276,0.38712628206707883,1.1725264764419854,-0.8189777147711222,0.3689146973713543
1,PAA-AdaptMut,6,-0.6719243149314108,0.310779505577553,1.337389786638785,-0.7698673839466229,0.30308193054769383
1,PAA-AdaptMut,6,-0.45987556663756407,0.470794485212268,0.5833828754229664,-0.4525959352665385,0.4744648967361371
1,PAA-AdaptMut,6,-0.693946052428638,0.3916179009448092,1.6174664288022447,-0.9489865171091356,0.3253358059211737
1,PAA-AdaptMut,6,-0.589227555496857,0.3821308283140168,0.8684058283919128,-0.682387978506957,0.6709530377307227
1,PAA-AdaptMut,6,-0.6026151196210178,0.3896682648199087,1.0148846002135223,-0.6789885107372482,0.48641630275587433
1,PAA-AdaptMut,6,-0.5068987878722273,0.5341983862214815,0.6915682278846585,-0.6103314800529691,0.47174716676622064
1,PAA-AdaptMut,6,-0.6281142250952187,0.41294804861896706,1.0912883633487742,-0.8004057115420993,0.3925797729372347
1,PAA-AdaptMut,6,-0.523350921570066,0.43167317526988613,0.7994911844726069,-0.49566975756642434,0.6604254588805325
1,PAA-AdaptMut,6,-0.5880699749580935,0.39434670757912305,0.9685229624340642,-0.5888124510728174,0.3655602009561588
1,PAA-AdaptMut,6,-0.43841809445780394,0.4837997553471389,0.8137411503644991,-0.30749232755783557,0.2725931033329652
1,PAA-AdaptMut,6,-0.555640288138128,0.4212111533367528,1.059218945609956,-0.450099657160265,0.22411839250233445
1,PAA-AdaptMut,6,-0.6240128565837653,0.4125722771322712,1.1326360028574722,-0.7251042039685567,0.4030107426913928
1,PAA-AdaptMut,6,-0.5112173580550541,0.46092310094042366,0.7240467010585573,-0.3984101190433078,0.4330907075532502
1,PAA-AdaptMut,6,-0.692017014580306,0.35262441409333334,1.5595799441917928,-0.8654351538222415,0.31340619523841146
1,PAA-AdaptMut,6,-0.5160704984446896,0.4605150395519903,0.6574873400494294,-0.5577925808405041,0.5749973916402024
1,PAA-AdaptMut,6,-0.6638101449337958,0.3317535676866915,1.5815356839371835,-0.6888344237510469,0.24488763555427803
1,PAA-AdaptMut,6,-0.5206043609237286,0.5167807738840178,0.6915682278846585,-0.5454112481255452,0.5311648291409197
1,PAA-AdaptMut,6,-0.6520212952143467,0.3338401544334687,1.5071065198237947,-0.6409069298740199,0.2543053607614444
1,PAA-AdaptMut,6,-0.5208061364277402,0.4287900741268661,0.755129549685372,-0.40764276451880227,0.5589562811323178
1,PAA-AdaptMut,6,-0.6888754260689478,0.3739724986287881,1.5298155376831446,-0.8971410096274944,0.3188783299488069
1,PAA-AdaptMut,6,-0.5531427066122785,0.43287960858806357,0.6915682278846585,-0.5180429207598631,0.7317446162995743
1,PAA-AdaptMut,6,-0.5167301687728952,0.5179943644844286,0.6747429940891573,-0.5456873526796538,0.5223079076095517
1,PAA-AdaptMut,6,-0.5680752635815713,0.4006589154886921,1.2299387677604998,-0.6156558792495913,0.2740726304696171
1,PAA-AdaptMut,6,-0.6991127233590927,0.3419787599785857,1.5815356839371835,-0.8498093038871272,0.2763554441393585
1,PAA-AdaptMut,6,-0.562372050424113,0.3954892548607821,0.9803189452974894,-0.5889736595900318,0.3557250710096021
1,PAA-AdaptMut,6,-0.669533539009261,0.3671201203333413,1.387999450968369,-0.7813885192769706,0.3741241839103206
1,PAA-AdaptMut,6,-0.5819789058299556,0.42051471847240407,0.9072453912952236,-0.6197261687518988,0.6497969221954819
1,PAA-AdaptMut,6,-0.5778457303831445,0.44191741152550995,0.7994911844726069,-0.7027424873833075,0.6296281172019947
1,PAA-AdaptMut,6,-0.6771870694260175,0.3928826043946841,1.4606296681954092,-0.8811476044414839,0.32495187379843316
1,PAA-AdaptMut,6,-0.6700029288096946,0.33030375093799125,1.6595567729924292,-0.712766685040832,0.2510620115368406
1,PAA-AdaptMut,7,-0.5631879675537769,0.3901845550652342,1.0807043010154629,-0.5896538890195624,0.1911032799776561
1,PAA-AdaptMut,7,-0.4643614999828822,0.5093011539061264,0.7240467010585573,-0.5576218282620695,0.4023920722802904
1,PAA-AdaptMut,7,-0.6811941219962983,0.29333197427365276,1.4994604217345198,-0.6950909177538642,0.3585390210286156
1,PAA-AdaptMut,7,-0.7041031159737963,0.3111718676123368,1.603190767440991,-0.7896558011538015,0.32984341627834696
1,PAA-AdaptMut,7,-0.6821068293256286,0.3922426109332572,1.596005053582509,-0.9866197750613418,0.3138627548997953
1,PAA-AdaptMut,7,-0.5857588700832752,0.40742735611717934,0.7397513981473143,-0.5023792407653269,0.7935229028681684
1,PAA-AdaptMut,7,-0.688283455068451,0.3649220884400074,1.7006056912958407,-0.9383191235057954,0.3071024309105002
1,PAA-AdaptMut,7,-0.49567071589459333,0.5290755233547394,0.6915682278846585,-0.5815497880914203,0.5139330390394132
1,PAA-AdaptMut,7,-0.5487950604420561,0.4419525592806005,0.54254821706694,-0.2752958205520787,0.6066586516333257
1,PAA-AdaptMut,7,-0.5408367148839023,0.4723365065098008,0.4983789284753746,-0.38480832295141953,0.5222130496041231
1,PAA-AdaptMut,7,-0.5039877279971471,0.4788817942367126,0.6574873400494294,-0.5531983571130208,0.6456809896353066
1,PAA-AdaptMut,7,-0.6994606690070294,0.30153887791448997,1.5521923516684872,-0.7638357855478669,0.3584299086917245
1,PAA-AdaptMut,7,-0.6145649300076641,0.3570568064437539,1.0148846002135226,-0.5973242117328283,0.3693726235047711
1,PAA-AdaptMut,7,-0.47744724610427935,0.4973547749371773,0.6747429940891573,-0.47644376178265346,0.3427322381143566
1,PAA-AdaptMut,7,-0.6539576551876054,0.3791464113154036,1.201575571988228,-0.7226670800052215,0.4695744142714583
1,PAA-AdaptMut,7,-0.5157460820376002,0.4648485103135366,0.7702007157586646,-0.4903283250852047,0.45594001283448693
1,PAA-AdaptMut,7,-0.6495078433610268,0.3621807154539465,1.2758102920010679,-0.650097766901584,0.22568154929387818
1,PAA-AdaptMut,7,-0.6687890815334537,0.37857122587585873,1.4368275854712882,-0.8837330618730892,0.46452210742078687
1,PAA-AdaptMut,7,-0.49590755263149616,0.5223885670838566,0.6915682278846585,-0.5778363058628921,0.49749578281328655
1,PAA-AdaptMut,7,-0.6803156120241567,0.3842899605251876,1.4606296681954094,-0.9169099213477538,0.3317215699700759
1,PAA-AdaptMut,7,-0.5169516689417405,0.4749745366070032,0.5833828754229664,-0.4408481644070319,0.5152068758937444
1,PAA-AdaptMut,7,-0.631810027252692,0.36558426246215464,0.9685229624340641,-0.6104726930734111,0.42589293789818816
1,PAA-AdaptMut,7,-0.6231367088754792,0.4043892014949412,1.1527538013223835,-0.7460267114085581,0.3380635978914809
1,PAA-AdaptMut,7,-0.6621615793495191,0.3702587252059818,1.3025580288099372,-0.7370441996042564,0.25447499660264083
1,PAA-AdaptMut,7,-0.5747279595416044,0.40200807365754176,1.0483111508478486,-0.6440656462796067,0.3251662807566005
1,PAA-AdaptMut,7,-0.5446450926513913,0.510925531725304,1.0034950154352709,-0.7044483408345421,0.4237501651561303
1,PAA-AdaptMut,7,-0.5243417373159831,0.4570646116138888,0.6215404981423344,-0.3655917775648239,0.6135949470769158
1,PAA-AdaptMut,7,-0.5955635249498927,0.35981683938154196,0.8550673523401053,-0.5347897342404758,0.7590260542322285
1,PAA-AdaptMut,7,-0.5405439624563038,0.4306952392580401,0.6397664390839423,-0.3076636912664691,0.6739515593152374
1,PAA-AdaptMut,7,-0.5710639598951248,0.41245417683564245,0.6747429940891573,-0.42100276148234494,0.6697839102673961
1,PAA-AdaptMut,7,-0.5341238395598238,0.4620275868244604,0.5209319169482601,-0.32454239525951606,0.6014053498329781
1,PAA-AdaptMut,7,-0.5429709005832317,0.4597621902346102,0.5633356668893262,-0.29988097062064095,0.5979300997076289
1,PAA-AdaptMut,7,-0.674519665976923,0.3842119504472615,1.1427391744033626,-0.7722415779491589,0.395725278532386
1,PAA-AdaptMut,7,-0.6413458876556163,0.3736791247683884,1.2205576048237508,-0.7540120023856502,0.6185299829013824
1,PAA-AdaptMut,7,-0.6852594368895157,0.3502787096549612,1.6456462776948126,-0.8572719018126087,0.30316089367427335
1,PAA-AdaptMut,7,-0.5463552163570602,0.4522649438045644,0.6397664390839423,-0.3916806794408266,0.49496551950576906
1,PAA-AdaptMut,7,-0.6356635973793436,0.3611327930058851,1.2758102920010677,-0.6576907006571553,0.2529513042701798
1,PAA-AdaptMut,7,-0.4918861604895305,0.5035452235438207,0.6747429940891573,-0.6096271686067839,0.5754699683843527
1,PAA-AdaptMut,7,-0.5239541750822629,0.4915964821790396,0.6027637058449147,-0.5321755171708371,0.5500530760552754
1,PAA-AdaptMut,7,-0.558065449281249,0.41106611545880484,0.8277458339029348,-0.5972851035274566,0.6936399881732738
1,PAA-AdaptMut,7,-0.6931335958403217,0.3157473909563904,1.5298155376831448,-0.7675651174041235,0.3247718908411904
1,PAA-AdaptMut,7,-0.6710497825382692,0.37589322136198666,1.2667688800364192,-0.8027692187144112,0.30099702033003356
1,PAA-AdaptMut,7,-0.6044854528123872,0.3781999345161352,0.8944862739468376,-0.5781528003885859,0.7791320541611924
1,PAA-AdaptMut,7,-0.6465883224897544,0.34021410999022905,1.182288815689544,-0.6680533659874248,0.35570008412221094
1,PAA-AdaptMut,7,-0.6879529705804215,0.3724923785049171,1.6938332891759678,-0.9422292691331622,0.3262261659444956
1,PAA-AdaptMut,7,-0.5275401229421327,0.48450234554323435,0.6747429940891573,-0.5598959108799522,0.5909931281076127
1,PAA-AdaptMut,7,-0.6374853256122412,0.3423635209236154,1.112154352360633,-0.561960092174555,0.5852648696674507
1,PAA-AdaptMut,7,-0.6911252940083698,0.3522045171926349,1.4207380120476116,-0.8233413373102634,0.27937689719772096
1,PAA-AdaptMut,7,-0.605831475742603,0.3805928974613605,0.8277458339029348,-0.48351906091781843,0.3466424897029029
1,PAA-AdaptMut,7,-0.5939833424680178,0.35943438787340154,0.8550673523401053,-0.542790061700595,0.7379689188240575
1,PAA-AdaptMut,7,-0.602543327443114,0.3849659702627267,0.8815425052328281,-0.5774801747154109,0.7074503292780776
1,PAA-AdaptMut,7,-0.670885260203058,0.3909501250599413,1.5147140218016455,-0.9578336131590326,0.3196868234095779
1,PAA-AdaptMut,7,-0.7011271600219284,0.32460642796895395,1.5887868407416337,-0.8364768287097067,0.3362884560803986
1,PAA-AdaptMut,7,-0.5438090702472319,0.44025649610289336,0.755129549685372,-0.45186806090060705,0.48267634667860515
1,PAA-AdaptMut,7,-0.5634623530265284,0.4570061732556188,0.6574873400494294,-0.48824799331545793,0.6337405621587661
1,PAA-AdaptMut,7,-0.6056051022598685,0.403019795153284,1.0483111508478484,-0.7142079359904928,0.44606808992395025
1,PAA-AdaptMut,7,-0.58883320025975,0.42425320245165316,0.8684058283919127,-0.502433525582717,0.5455613694224815
1,PAA-AdaptMut,7,-0.530120918236205,0.45904901810902154,0.6027637058449146,-0.3418463634932582,0.6180462929320534
1,PAA-AdaptMut,7,-0.6406415670125523,0.31936678099586924,1.2758102920010679,-0.6766764775701348,0.38408608312866643
1,PAA-AdaptMut,7,-0.6009174782451676,0.3981048865445508,0.755129549685372,-0.5519707361319452,0.7300980921018271
1,PAA-AdaptMut,8,-0.634070820153094,0.3137322969679531,1.0700155515160485,-0.5796293499542854,0.35058311618825416
1,PAA-AdaptMut,8,-0.698254825356285,0.3721725660064118,1.7274298076206476,-0.9154974673658849,0.30824461250043333
1,PAA-AdaptMut,8,-0.46250846454660327,0.47339717886424665,0.54254821706694,-0.26664576139914686,0.44746276064205703
1,PAA-AdaptMut,8,-0.5235117559938826,0.46088796911605134,0.6574873400494295,-0.43934658660474185,0.7174284518179407
1,PAA-AdaptMut,8,-0.46233223328223916,0.4614054554472671,0.6027637058449146,-0.21914409828140485,0.35648516833454913
1,PAA-AdaptMut,8,-0.5779016191088481,0.38405600607859103,1.3879994509683684,-0.6588742391752808,0.1827765940101906
1,PAA-AdaptMut,8,-0.698805048483857,0.38291003273401303,1.631617191560735,-0.9818652792210525,0.30237012234637817
1,PAA-AdaptMut,8,-0.4129808522910242,0.4822897745087752,0.6747429940891573,-0.3153499332317945,0.4258180707981804
1,PAA-AdaptMut,8,-0.706371547852236,0.3664709277649702,1.596005053582509,-0.8808542003425446,0.31980446403865137
1,PAA-AdaptMut,8,-0.5100695329368777,0.5291777343306069,0.6747429940891573,-0.4338550307406015,0.48701035868978637
1,PAA-AdaptMut,8,-0.4152670151542154,0.49013872926041363,0.6215404981423344,-0.36200308392234565,0.4276394492762109
1,PAA-AdaptMut,8,-0.7029173786264695,0.36246347549667,1.6456462776948126,-0.8962057709126885,0.3929588157241411
1,PAA-AdaptMut,8,-0.5005541848272228,0.4723913423515058,0.7240467010585573,-0.5556525713605437,0.6558317445080665
1,PAA-AdaptMut,8,-0.6843667059063115,0.3816469496782592,1.574251127939735,-0.9256092550244659,0.2979452656596825
1,PAA-AdaptMut,8,-0.6758829001513007,0.36814265428167675,1.537310666418436,-0.8316645161864555,0.2762350540631906
1,PAA-AdaptMut,8,-0.42766074843288615,0.5095593574511967,0.6574873400494294,-0.4717499721366282,0.5713189597005963
1,PAA-AdaptMut,8,-0.45370372331851827,0.5174383352285098,0.6215404981423344,-0.46222004668045535,0.6690547092633118
1,PAA-AdaptMut,8,-0.5612614136321756,0.4570484031022313,0.7702007157586646,-0.5609511041161646,0.511006688068289
1,PAA-AdaptMut,8,-0.5210790858795221,0.5053880103038383,0.6397664390839423,-0.39840206610689116,0.5288100856287026
1,PAA-AdaptMut,8,-0.45077303968805554,0.4640270030028181,0.6215404981423345,-0.23742883864506203,0.37021496511595037
1,PAA-AdaptMut,8,-0.46839946328910037,0.48696578538657687,0.6915682278846585,-0.4478476538808347,0.6421182707285429
1,PAA-AdaptMut,8,-0.46667570494632404,0.48568319995526893,0.5833828754229664,-0.27844522627136586,0.6053076090873422
1,PAA-AdaptMut,8,-0.43778975246520807,0.4838765837129154,0.6027637058449146,-0.32135336898107764,0.45989602112470773
1,PAA-AdaptMut,8,-0.4851008171897204,0.4711211359328555,0.5833828754229664,-0.2532386789705329,0.4736509140544438
1,PAA-AdaptMut,8,-0.4824078972902893,0.4863670760503,0.6397664390839424,-0.44379163751349165,0.6365524743362213
1,PAA-AdaptMut,8,-0.4934083380612856,0.454574665736477,0.6215404981423344,-0.3530782736972319,0.44882807382175727
1,PAA-AdaptMut,8,-0.46474473488231494,0.47591294132858664,0.54254821706694,-0.28391831251573846,0.5773492003853933
1,PAA-AdaptMut,8,-0.5279871491019195,0.48683853307583025,0.6215404981423345,-0.4849149030294749,0.6880809320613092
1,PAA-AdaptMut,8,-0.530110124318071,0.43973361878514544,0.7994911844726069,-0.40948320856333764,0.3874980434826173
1,PAA-AdaptMut,8,-0.7006979093959511,0.34681684503475474,1.5147140218016455,-0.8493877617250295,0.2983967859086496
1,PAA-AdaptMut,8,-0.6404065568217513,0.3251037457305004,1.112154352360633,-0.5957692057131047,0.36271946970964686
1,PAA-AdaptMut,8,-0.6378886306229639,0.327520807392973,1.112154352360633,-0.6204256346563634,0.3756253210588557
1,PAA-AdaptMut,8,-0.5120681516966707,0.45927387754648324,0.7551295496853719,-0.4120731555616322,0.39610255787795456
1,PAA-AdaptMut,8,-0.6058527512438264,0.36020536826208105,0.9198275413214968,-0.5881946816706917,0.4886683878678936
1,PAA-AdaptMut,8,-0.5469226038843541,0.4199769353582264,0.8415174812746266,-0.5189315102817628,0.370142795975258
1,PAA-AdaptMut,8,-0.6664646781398538,0.35617581831286504,1.2299387677605003,-0.7325944421134831,0.3055184400432646
1,PAA-AdaptMut,8,-0.6719921215824348,0.3367859792701083,1.3200887962222398,-0.6973175488589359,0.34064852328410605
1,PAA-AdaptMut,8,-0.44211429520942014,0.452449479631567,0.6215404981423344,-0.25840319057911343,0.3488815534204006
1,PAA-AdaptMut,8,-0.43300960908703684,0.5186428605204427,0.6397664390839423,-0.4488459971475235,0.46253352176141077
1,PAA-AdaptMut,8,-0.5895472544023175,0.39339850048618763,1.1527538013223835,-0.7601815363210027,0.5357068988687266
1,PAA-AdaptMut,8,-0.4905370169555326,0.5065534055689171,0.6747429940891573,-0.45359935489337816,0.5654104406840686
1,PAA-AdaptMut,8,-0.5701407959485271,0.3803379001006272,1.3373897866387845,-0.622954100664213,0.20645446795571615
1,PAA-AdaptMut,8,-0.6076461774401671,0.41832370513256734,1.1626821716231532,-0.6855711703714308,0.42006822721389064
1,PAA-AdaptMut,8,-0.59336126003094,0.49797026357225505,0.9444891303068569,-0.7196013050718008,0.37119269116510956
1,PAA-AdaptMut,8,-0.5203751031128879,0.44853766564262026,0.8944862739468377,-0.5583874848330067,0.3344668934624484
1,PAA-AdaptMut,8,-0.4862066110788203,0.49949288751275633,0.6747429940891573,-0.29615290745067074,0.43316368827279383
1,PAA-AdaptMut,8,-0.6086003881043963,0.34205714256683944,1.2847880786040067,-0.5967229357044864,0.22227585743456202
1,PAA-AdaptMut,8,-0.5732736048481563,0.4087327663903414,1.1919712032812333,-0.6608859883378647,0.2380570537674008
1,PAA-AdaptMut,8,-0.5360886561210307,0.41665018239496393,0.8550673523401053,-0.5018492270032617,0.2931089749766663
1,PAA-AdaptMut,8,-0.5636561164593227,0.4132925130883537,0.9685229624340642,-0.6556463173466403,0.3391306224048599
1,PAA-AdaptMut,8,-0.5535213259727693,0.44108997857809024,0.8415174812746264,-0.48670390216884485,0.4346089615890055
1,PAA-AdaptMut,8,-0.6651209324083336,0.3880997171967705,1.2484896411001856,-0.7560589905434415,0.3145016400219539
1,PAA-AdaptMut,8,-0.6565331795808136,0.3748061720528146,1.3713371082247576,-0.827406664301445,0.2589257550112863
1,PAA-AdaptMut,8,-0.6282429714407214,0.39822018920306457,1.0372886595566415,-0.5714490320821005,0.5155197682239528
1,PAA-AdaptMut,8,-0.6110156183392228,0.43162524393141677,1.0148846002135226,-0.6750139334399942,0.35124354360607957
1,PAA-AdaptMut,8,-0.5373328610602339,0.4245686894338009,0.9322398894708789,-0.5260300608555667,0.3172984407164175
1,PAA-AdaptMut,8,-0.6885753950457214,0.3372788821312442,1.436827585471288,-0.7503533954877165,0.3561521440511162
1,PAA-AdaptMut,8,-0.5144830252465467,0.4738391538926095,0.7240467010585573,-0.49777834213993105,0.439590708936149
1,PAA-AdaptMut,8,-0.578397402840021,0.42549142346962976,1.0483111508478486,-0.6569496445575018,0.2924150292412043
1,PAA-AdaptMut,8,-0.6825071457599676,0.3834591387542704,1.4917751340604715,-0.9213464191352341,0.31284164720795465
1,PAA-AdaptMut,9,-0.4907496594569539,0.4480577552943027,0.7079937284797467,-0.2924042814692306,0.4466293343046656
1,PAA-AdaptMut,9,-0.6936141294277363,0.3816089909463828,1.4448051827559236,-0.9817855905625092,0.329794295051668
1,PAA-AdaptMut,9,-0.507774403560401,0.472043997226771,0.5209319169482601,-0.49572462241388954,0.6587491705618944
1,PAA-AdaptMut,9,-0.6505077252968808,0.29835764752072624,1.5447694296661307,-0.6276057205105691,0.26616931550044576
1,PAA-AdaptMut,9,-0.5192800305354257,0.5237736463617532,0.6215404981423345,-0.5936856510244117,0.7344668135377346
1,PAA-AdaptMut,9,-0.623291070823855,0.3460868089479193,1.4994604217345198,-0.6677816366600708,0.19688736468740145
1,PAA-AdaptMut,9,-0.6985126744699548,0.33216775889716377,1.652616161435534,-0.7942608008856598,0.26793215239935053
1,PAA-AdaptMut,9,-0.5294803679660698,0.5201788745993039,0.6027637058449146,-0.5403978527782127,0.8105884895464819
1,PAA-AdaptMut,9,-0.4493885468644443,0.47057534120589484,0.6915682278846585,-0.45958841790247673,0.4151601678745573
1,PAA-AdaptMut,9,-0.7037080914913147,0.3602495478616887,1.396256058764158,-0.8835607199572385,0.34931823392376476
1,PAA-AdaptMut,9,-0.5466708169431657,0.5133204559116137,0.7397513981473143,-0.5781112611789483,0.622857895392959
1,PAA-AdaptMut,9,-0.46963659236056066,0.48356455140160104,0.6574873400494295,-0.5092136029026834,0.5385357972842784
1,PAA-AdaptMut,9,-0.45738440648613105,0.46213935733002864,0.7079937284797468,-0.43584055596624127,0.3699847852902319
1,PAA-AdaptMut,9,-0.5074766074325401,0.46739199197522047,0.6397664390839424,-0.39544011497978665,0.5133234086251844
1,PAA-AdaptMut,9,-0.5595102340972019,0.3963461214154763,1.201575571988228,-0.6217291975537134,0.2845450097566788
1,PAA-AdaptMut,9,-0.642690581780623,0.38682321318778223,1.5815356839371835,-0.7802427182883596,0.2444975167503018
1,PAA-AdaptMut,9,-0.5225899514694079,0.4319439602805316,0.8550673523401052,-0.4763215565186636,0.3985522456512981
1,PAA-AdaptMut,9,-0.5845867097472435,0.42424833958560537,0.881542505232828,-0.7249838795312813,0.49108872465096026
1,PAA-AdaptMut,9,-0.4967641882968076,0.4962667569531106,0.5833828754229664,-0.5192378891798317,0.7200451292109031
1,PAA-AdaptMut,9,-0.6499713883577408,0.4380711720069713,1.1326360028574722,-0.8620628447489562,0.4256536600622264
1,PAA-AdaptMut,9,-0.6765708421918692,0.379852880608012,1.266768880036419,-0.8451161652030634,0.28513839384144224
1,PAA-AdaptMut,9,-0.6206897315425861,0.32532699042649915,1.4288054467365827,-0.701662310586584,0.29996018461044505
1,PAA-AdaptMut,9,-0.6646894190873305,0.4090640767234621,1.396256058764158,-0.8987853557573627,0.3189397921752608
1,PAA-AdaptMut,9,-0.501342805616999,0.45123734369842056,0.6215404981423344,-0.33124672417785495,0.5015165082555
1,PAA-AdaptMut,9,-0.6602334836353695,0.38120204627207355,1.6103444173701353,-0.8144545474115782,0.25499293057512346
1,PAA-AdaptMut,9,-0.6245324165228476,0.34836351454046166,1.484050047961325,-0.6936185746359403,0.20976346918013372
1,PAA-AdaptMut,9,-0.4863389645907527,0.45931442740168416,0.7079937284797466,-0.3099966488292142,0.4557683724129169
1,PAA-AdaptMut,9,-0.68820657100283,0.3726913047760652,1.4207380120476114,-0.915896473981508,0.31071581792289
1,PAA-AdaptMut,9,-0.5238293873854576,0.5003843077974446,0.7397513981473143,-0.6090785975919625,0.6268511289169105
1,PAA-AdaptMut,9,-0.6853708598384234,0.33859942031291806,1.631617191560735,-0.7734132304179143,0.28082989581838425
1,PAA-AdaptMut,9,-0.5079421422512749,0.5098345849045465,0.6027637058449146,-0.5605848534191604,0.6872896396912382
1,PAA-AdaptMut,9,-0.6308947294314177,0.4858063742308264,1.003495015435271,-0.8241721159666312,0.46684895182272373
1,PAA-AdaptMut,9,-0.615400654790122,0.4532879913909257,0.9198275413214967,-0.6803484837698045,0.5823918337449101
1,PAA-AdaptMut,9,-0.5722115109256457,0.4586572226355197,0.8277458339029348,-0.7418934471216734,0.5628762546868292
1,PAA-AdaptMut,9,-0.5784326944427413,0.4335634057291773,0.8137411503644992,-0.6410453665690345,0.647570707637625
1,PAA-AdaptMut,9,-0.6542682889496086,0.3131976795372052,1.5447694296661307,-0.6996465310867827,0.2532671960076661
1,PAA-AdaptMut,9,-0.5188892791988253,0.5224616352748376,0.6397664390839424,-0.5935694458250586,0.7235378003410434
1,PAA-AdaptMut,9,-0.6154411800690147,0.3301292652053493,1.468477964887372,-0.6559963826055573,0.22423082780138864
1,PAA-AdaptMut,9,-0.681050407029381,0.364823293816679,1.3713371082247576,-0.8340807527299001,0.36518285022340236
1,PAA-AdaptMut,9,-0.686972846602146,0.38183639601411695,1.436827585471288,-0.9416171828162267,0.31562518613629137
1,PAA-AdaptMut,9,-0.4992722299652427,0.48145622761155077,0.5633356668893262,-0.49424642646778355,0.5983778000276592
1,PAA-AdaptMut,9,-0.48445346463740313,0.4468576515821264,0.6215404981423345,-0.38835925567552887,0.5353262392039779
1,PAA-AdaptMut,9,-0.5958421371840498,0.3478739368038708,0.9322398894708789,-0.4860192904439953,0.3548954531283905
1,PAA-AdaptMut,9,-0.6062433642128114,0.48323242414289125,0.8944862739468376,-0.7849033047050598,0.5004832951467376
1,PAA-AdaptMut,9,-0.6160036699911193,0.3757731746235433,1.1527538013223835,-0.7002755367023594,0.29751085600625443
1,PAA-AdaptMut,9,-0.6132546351557314,0.36855599749014106,1.1017707555238399,-0.5852907429644629,0.36303737667696917
1,PAA-AdaptMut,9,-0.5200780346866786,0.4356092603982984,0.6027637058449147,-0.35521765469567385,0.6659770650349289
1,PAA-AdaptMut,9,-0.5307804429432288,0.44536441296578183,0.7240467010585573,-0.4302291336064153,0.4485279993839927
1,PAA-AdaptMut,9,-0.6478740124123855,0.35393046695883046,1.2847880786040071,-0.613691637816878,0.3181931270728365
1,PAA-AdaptMut,9,-0.4924519655231537,0.4730498365431705,0.5633356668893262,-0.48627628058761624,0.6547070542716105
1,PAA-AdaptMut,9,-0.5686606613614665,0.45980888661390085,0.8277458339029348,-0.7488118267448909,0.5542533442244503
1,PAA-AdaptMut,9,-0.580272916016383,0.33215682328852986,1.3200887962222398,-0.5318212495659138,0.2358118941609347
1,PAA-AdaptMut,9,-0.6312975996814582,0.34111914613318844,1.4126245053551467,-0.6196954995422936,0.20987404897846823
1,PAA-AdaptMut,9,-0.4817504912097118,0.45980892941873924,0.7702007157586646,-0.59887864559819,0.44686033573326966
1,PAA-AdaptMut,9,-0.4913151268721748,0.44117890180127456,0.6027637058449147,-0.366398776808982,0.5070235956935967
1,PAA-AdaptMut,9,-0.6024155394981007,0.3643549761004141,1.0807043010154627,-0.7340010438605717,0.40216130166841246
1,PAA-AdaptMut,9,-0.6712163634277755,0.4033366204477257,1.2392489169603271,-0.9515449546897348,0.3358153298384981
1,PAA-AdaptMut,9,-0.5767942111298954,0.40509457937240645,0.881542505232828,-0.5575307503736464,0.3471015207545113
1,PAA-AdaptMut,9,-0.5332891089736407,0.47615964711858705,0.6397664390839423,-0.5578723347701015,0.588341540784569
1,PAA-AdaptMut,9,-0.6025030878347646,0.4274039053297546,0.9685229624340641,-0.5849269189576953,0.3514291519574443
1,NSGA3-PrioInit,0,-0.6479170083841425,0.34852672035298793,0.8684058283919128,-0.5661206852238703,0.2871737550493002
1,NSGA3-PrioInit,0,-0.6903266308983735,0.3682938744819061,1.484050047961325,-0.9091055949700586,0.2929464971089136
1,NSGA3-PrioInit,0,-0.6755057975846882,0.303264887465887,1.2484896411001856,-0.6502272464223091,0.4179461231900678
1,NSGA3-PrioInit,0,-0.627541857587258,0.3055315136267629,1.1121543523606332,-0.6534565121093381,0.2549244368407056
1,NSGA3-PrioInit,0,-0.6540889287203898,0.337308668189314,1.2937035644497943,-0.8560014042848593,0.26910213921637277
1,NSGA3-PrioInit,0,-0.6706825460547844,0.31521321995108537,1.0912883633487744,-0.6738595548826881,0.2606497485765883
1,NSGA3-PrioInit,0,-0.6628027563116337,0.3649236461846467,0.8277458339029348,-0.7422558602148136,0.3762770370358225
1,NSGA3-PrioInit,0,-0.5780721302177786,0.4019999900279581,0.8815425052328281,-0.6298701048283338,0.25198911422529197
1,NSGA3-PrioInit,0,-0.6729730085817034,0.3304436639822693,1.4207380120476114,-0.8618616981306371,0.3336221760387432
1,NSGA3-PrioInit,0,-0.6692410647700427,0.3575459143878218,1.1527538013223833,-0.7655305197979133,0.2562459473133098
1,NSGA3-PrioInit,0,-0.5458138578995657,0.4298145835368138,0.7702007157586646,-0.8575680377505803,0.46472558807978104
1,NSGA3-PrioInit,0,-0.6842889225796472,0.37779736352444465,1.1725264764419856,-0.894315068815434,0.37595487875074474
1,NSGA3-PrioInit,0,-0.6256694716835332,0.3377448549347216,1.2392489169603274,-0.8662635123704068,0.31587847859517304
1,NSGA3-PrioInit,0,-0.6180065414018484,0.33330959352452083,0.8550673523401053,-0.5003451552308755,0.26187778182925553
1,NSGA3-PrioInit,0,-0.6144728376818812,0.37824339478632313,1.1427391744033626,-0.8835944809603251,0.2810060356053544
1,NSGA3-PrioInit,0,-0.5844114637827754,0.32667703928727176,0.8277458339029348,-0.6320443064628265,0.40665797706764106
1,NSGA3-PrioInit,0,-0.6713157829213208,0.32161411496450387,0.8684058283919127,-0.667199599080884,0.33942495614681223
1,NSGA3-PrioInit,0,-0.6856929715585042,0.31379519502501735,1.4368275854712884,-0.7467223036410233,0.25842857470053693
1,NSGA3-PrioInit,1,-0.6714190828406631,0.3318803987710928,0.8684058283919128,-0.6536768989036121,0.3988844949336245
1,NSGA3-PrioInit,1,-0.6523551388117902,0.32399794075647764,0.8944862739468377,-0.6298266137005382,0.299810221036416
1,NSGA3-PrioInit,1,-0.6834975164574574,0.3310092050662624,0.9919746671444329,-0.6982569320671048,0.3009454635518586
1,NSGA3-PrioInit,1,-0.667123941526184,0.3709571954610097,0.8550673523401053,-0.7818903367699152,0.3780949166491833
1,NSGA3-PrioInit,1,-0.6876180323583603,0.32621554978327466,1.3713371082247576,-0.7926431710813762,0.2657751937591874
1,NSGA3-PrioInit,1,-0.6394676705831784,0.4030183914489281,0.9565815297270427,-0.8359050029603828,0.3077064310339737
1,NSGA3-PrioInit,1,-0.6764381028760628,0.32637012931978565,1.112154352360633,-0.7515680568826871,0.3833777982674552
1,NSGA3-PrioInit,1,-0.6267768098542017,0.33863288448161166,1.1326360028574725,-0.8191597386129758,0.3889048569147763
1,NSGA3-PrioInit,1,-0.6590672582234195,0.40282455880377305,0.9322398894708789,-0.867370602377499,0.3474533080778534
1,NSGA3-PrioInit,1,-0.6585462423177283,0.34447400658584276,1.2392489169603274,-0.8772030059085225,0.29896804180516834
1,NSGA3-PrioInit,1,-0.6773011633363542,0.39822597982450725,1.2111037779422387,-0.9424952018766231,0.32432745093561793
1,NSGA3-PrioInit,1,-0.6809238017574428,0.36845859626282007,1.4917751340604712,-0.9269438933290562,0.2611146455936132
1,NSGA3-PrioInit,1,-0.6872544738903306,0.3664040760737525,1.2937035644497943,-0.9145213678485099,0.4199350037507645
1,NSGA3-PrioInit,1,-0.6840884144476325,0.344781945811442,1.3113527077656704,-0.8795566964395309,0.329885172026671
1,NSGA3-PrioInit,1,-0.5997200748833118,0.4035137744290524,0.7702007157586646,-0.6460825966864242,0.2846056846834834
1,NSGA3-PrioInit,1,-0.6759280391328384,0.37087298415049197,1.1017707555238399,-0.7915551432397435,0.27529353924820565
1,NSGA3-PrioInit,1,-0.6091776236117099,0.40007348430294815,0.8415174812746266,-0.8741861037783061,0.48476270791087633
1,NSGA3-PrioInit,1,-0.645094592530026,0.32298947268676936,1.0912883633487742,-0.7284669561996306,0.2614613083470115
1,NSGA3-PrioInit,1,-0.6459748999360639,0.3794925509400964,1.201575571988228,-0.9106214747373885,0.2882940404776686
1,NSGA3-PrioInit,1,-0.6128719261985138,0.32559594698329425,0.8415174812746264,-0.6505037402277571,0.45263420721239533
1,NSGA3-PrioInit,2,-0.6370228675968617,0.36172059186413325,0.9444891303068568,-0.8649467959965229,0.42587416115463234
1,NSGA3-PrioInit,2,-0.6799069117127848,0.319334431648613,1.4917751340604715,-0.8730318720334003,0.3707857318893665
1,NSGA3-PrioInit,2,-0.6369446007253676,0.36364043501189064,1.201575571988228,-0.9112962366560051,0.2911696053316443
1,NSGA3-PrioInit,2,-0.6038196987341025,0.324779413228813,0.8137411503644992,-0.6601474246707855,0.389073705957861
1,NSGA3-PrioInit,2,-0.6505026954904933,0.32410680407658515,1.4126245053551467,-0.8550487678965798,0.2492096831399846
1,NSGA3-PrioInit,2,-0.6910828183945711,0.31947570163136163,1.4527389723778683,-0.788298172659205,0.26458135815302974
1,NSGA3-PrioInit,2,-0.6925997387765657,0.3561306378245225,1.5447694296661307,-0.9238234547509429,0.2633265400493886
1,NSGA3-PrioInit,2,-0.6879182919574914,0.32198662331136224,1.1121543523606332,-0.7981616697040644,0.31958669110126614
1,NSGA3-PrioInit,2,-0.6777466263316325,0.3614338944932364,1.2205576048237503,-0.799019716865639,0.2693825282657219
1,NSGA3-PrioInit,2,-0.6339068072704153,0.30104187403773597,1.2299387677605003,-0.7401712360506116,0.2720714064536751
1,NSGA3-PrioInit,2,-0.6884027401378982,0.3607565404014988,1.201575571988228,-0.9316629775684113,0.3416577715976444
1,NSGA3-PrioInit,2,-0.6214143558109789,0.33716294149206805,0.9322398894708789,-0.6117933899529208,0.3014288731669971
1,NSGA3-PrioInit,2,-0.6166493993943425,0.3909953223552186,0.8137411503644992,-0.707562649179003,0.29050809678826534
1,NSGA3-PrioInit,2,-0.6329928564319676,0.32121968048260136,1.1725264764419856,-0.8754458301450864,0.38710654546020207
1,NSGA3-PrioInit,2,-0.6747916445519471,0.3416344724012868,0.9322398894708789,-0.7846170153243738,0.35435207870260604
1,NSGA3-PrioInit,3,-0.6232515840078503,0.34686147853196747,0.8684058283919128,-0.6131772653199462,0.28818914678350854
1,NSGA3-PrioInit,3,-0.6053724896319543,0.42168043519287546,0.8277458339029348,-0.6410083619428502,0.28146042380615416
1,NSGA3-PrioInit,3,-0.5748725647928546,0.35226321083194045,0.9198275413214968,-0.7077722505461153,0.3275665098399199
1,NSGA3-PrioInit,3,-0.6350409046508272,0.4090157938396707,1.3373897866387852,-0.9341613988512316,0.2824749171279954
1,NSGA3-PrioInit,3,-0.697188089046887,0.3697514456136156,1.5815356839371835,-0.9512855900717181,0.29054223812951074
1,NSGA3-PrioInit,3,-0.692358251184001,0.31696101479146155,1.1919712032812333,-0.7711256156967575,0.3741733112183679
1,NSGA3-PrioInit,3,-0.6439637434170529,0.30919783745842644,1.2484896411001858,-0.7567636077952888,0.27061820932887937
1,NSGA3-PrioInit,3,-0.6875475475617046,0.3726103207133905,1.2299387677605,-0.7860104035770188,0.26238450377951655
1,NSGA3-PrioInit,3,-0.6325997697192711,0.381119584017315,0.8550673523401053,-0.8884728529443372,0.41144715141652155
1,NSGA3-PrioInit,3,-0.6179405527639433,0.3473395237277554,0.8415174812746264,-0.652415042693003,0.5120077202166675
1,NSGA3-PrioInit,3,-0.6907770458286304,0.3087631329145604,1.404464128193649,-0.7902325098226974,0.2839029700821224
1,NSGA3-PrioInit,3,-0.6480031627593702,0.33002791296747863,1.162682171623153,-0.8729017603175118,0.36298835331756363
1,NSGA3-PrioInit,3,-0.6677466568507301,0.43018362946194044,1.1224418956996507,-0.9238876859053595,0.3043055126615812
1,NSGA3-PrioInit,3,-0.6743271183079924,0.38897527881062044,0.8684058283919128,-0.749284615539888,0.46538903390579467
1,NSGA3-PrioInit,3,-0.6944758544609013,0.3705623766741623,1.0807043010154629,-0.9051384798120775,0.34398841842278627
1,NSGA3-PrioInit,3,-0.6576289195862923,0.3323439532092095,1.3962560587641581,-0.8921479434697244,0.287862541476276
1,NSGA3-PrioInit,3,-0.6932297407631121,0.338655242635207,1.3544698050897952,-0.8835658099212456,0.3907688322688808
1,NSGA3-PrioInit,3,-0.6680991792468965,0.42672652507034775,0.9803189452974895,-0.8081633415518915,0.33385420753976747
1,NSGA3-PrioInit,3,-0.663085400333342,0.33504608592577473,1.0807043010154629,-0.6904908740495829,0.2924704549060701
1,NSGA3-PrioInit,3,-0.6870393710033549,0.3316354508310189,1.1527538013223835,-0.8523281326313785,0.4203314308156966
1,NSGA3-PrioInit,3,-0.6486248539423641,0.44134118693232355,0.9198275413214969,-0.8983519376385525,0.335356539310135
1,NSGA3-PrioInit,4,-0.6940872192344258,0.3497254217787227,1.5521923516684872,-0.936417261746978,0.28573018685407225
1,NSGA3-PrioInit,4,-0.6607458237430424,0.31818835647948973,0.9565815297270429,-0.68861092787061,0.2571938504260897
1,NSGA3-PrioInit,4,-0.646662488252621,0.3074259491063854,1.2847880786040071,-0.7305047102974532,0.2504942849655539
1,NSGA3-PrioInit,4,-0.6891099380678807,0.3813592290060461,1.2484896411001858,-0.932500351916611,0.3343621551572563
1,NSGA3-PrioInit,4,-0.702507724158656,0.3073538150501045,1.3879994509683689,-0.7987075056433965,0.2700351134047151
1,NSGA3-PrioInit,4,-0.6369109612618816,0.3697457556447789,1.3025580288099372,-0.9323901427957366,0.27630926327646466
1,NSGA3-PrioInit,4,-0.6936627500119694,0.3443236753060107,1.1626821716231532,-0.8182959920665441,0.2683775780207097
1,NSGA3-PrioInit,4,-0.6461732452045885,0.32000277560753654,0.8550673523401053,-0.7272334929058275,0.3377192211611833
1,NSGA3-PrioInit,4,-0.6925126425087682,0.32493757113050076,1.4448051827559238,-0.8950169501530649,0.30545345830275006
1,NSGA3-PrioInit,4,-0.6927408775239815,0.3088705950000173,1.2205576048237508,-0.7841612791058172,0.32880398295778546
1,NSGA3-PrioInit,4,-0.687921397921275,0.30510524768486336,1.1626821716231532,-0.7367408393105424,0.2597700499033055
1,NSGA3-PrioInit,4,-0.6823802096330286,0.30237852547146915,0.9072453912952236,-0.7067656671596447,0.3234382546666792
1,NSGA3-PrioInit,4,-0.6375440382796425,0.3505661635670934,0.8550673523401053,-0.7137667411702455,0.2571863100805825
1,NSGA3-PrioInit,4,-0.6074975369035098,0.40489286030682975,0.9919746671444329,-0.9259571538545719,0.42089254600092385
1,NSGA3-PrioInit,4,-0.6387977806129816,0.3110813115589653,1.2847880786040071,-0.8664950725130189,0.33260318681143075
1,NSGA3-PrioInit,4,-0.6814133536944202,0.34944916967513917,0.8684058283919128,-0.7377826715113077,0.31545467948429284
1,NSGA3-PrioInit,4,-0.6769545961935133,0.3293976945110987,0.8684058283919128,-0.7374284972122774,0.425979865312655
1,NSGA3-PrioInit,5,-0.6017993957447747,0.4218795742740344,0.8815425052328281,-0.7208950192794272,0.2553488320209737
1,NSGA3-PrioInit,5,-0.6995392452503987,0.3216200616321087,1.5521923516684872,-0.8307740140358622,0.2548992665611416
1,NSGA3-PrioInit,5,-0.6510601764360986,0.3353081899327789,1.3713371082247576,-0.8862475548630704,0.329552221155335
1,NSGA3-PrioInit,5,-0.6834185809029355,0.3714884432457243,1.337389786638785,-0.9459064147710826,0.3203825444666678
1,NSGA3-PrioInit,5,-0.6777880226783679,0.39617242196669183,1.0034950154352709,-0.7723364869151215,0.33905248979967323
1,NSGA3-PrioInit,5,-0.6937495889696061,0.3326406081923353,1.5521923516684872,-0.887284186612401,0.3529400301278028
1,NSGA3-PrioInit,5,-0.6958453966832019,0.3664079228543934,1.574251127939735,-0.9477647315442839,0.2818361232474109
1,NSGA3-PrioInit,5,-0.6534595156051188,0.37223010674825835,1.2576624704910284,-0.9220500167509644,0.27676312042153706
1,NSGA3-PrioInit,5,-0.6297476935361953,0.4013288859008071,0.9685229624340641,-0.9024925564785106,0.4245931216927696
1,NSGA3-PrioInit,5,-0.688782458873828,0.38582898145339856,1.2299387677605,-0.8207575279082014,0.2725577265254735
1,NSGA3-PrioInit,5,-0.6284657040322117,0.3210812839656599,1.337389786638785,-0.7270533434282167,0.23638738758182187
1,NSGA3-PrioInit,5,-0.6282239411300463,0.33250514750332405,0.9919746671444329,-0.788815816081528,0.3929955613615849
1,NSGA3-PrioInit,5,-0.6694008150110573,0.34557348282524647,1.4288054467365827,-0.9143875496870422,0.2821009363677992
1,NSGA3-PrioInit,5,-0.686834545589962,0.31551448306989427,1.3287674498039936,-0.774921941359499,0.3680811062931689
1,NSGA3-PrioInit,6,-0.6643593242657229,0.34669166207389845,0.9322398894708789,-0.6769723582714586,0.3253617406382219
1,NSGA3-PrioInit,6,-0.6179724040971262,0.38565667491274624,0.8277458339029348,-0.8918384067482734,0.39050172849904474
1,NSGA3-PrioInit,6,-0.6837853532803014,0.36194381214522875,1.3796934333906814,-0.9070872312511113,0.27872037178457487
1,NSGA3-PrioInit,6,-0.6472609847112446,0.32520458790388573,0.9803189452974895,-0.6713341726389167,0.310723976896193
1,NSGA3-PrioInit,6,-0.6947751994458724,0.39955087401557915,1.3287674498039936,-0.9247393109281539,0.4078726161754759
1,NSGA3-PrioInit,6,-0.6829293590985384,0.32602507706359096,1.2015755719882282,-0.7152898334177875,0.2814352128602211
1,NSGA3-PrioInit,6,-0.671481618709298,0.370559569733398,0.9322398894708789,-0.8390379855746847,0.37124459371973195
1,NSGA3-PrioInit,6,-0.6321002141754173,0.3814936887538854,1.201575571988228,-0.9057926729520996,0.29868127198267835
1,NSGA3-PrioInit,6,-0.6257117046855167,0.3287384409722618,0.8944862739468377,-0.737685186152994,0.35724039377153777
1,NSGA3-PrioInit,6,-0.6849737371836844,0.3580815742553402,1.2576624704910284,-0.806003722828077,0.27078409122947206
1,NSGA3-PrioInit,6,-0.6843472379913849,0.3237778068689091,1.396256058764158,-0.8267888225549891,0.2907022692996882
1,NSGA3-PrioInit,6,-0.6505024617465078,0.33978573412501556,1.162682171623153,-0.8722905654745331,0.353222142012549
1,NSGA3-PrioInit,6,-0.6849204054760085,0.3226785439337922,1.2299387677605,-0.7986738743009131,0.3562456731638026
1,NSGA3-PrioInit,6,-0.6456702305933442,0.3277768255543725,1.1725264764419856,-0.7901573458397497,0.2803464250696469
1,NSGA3-PrioInit,6,-0.5815494137166045,0.42758307520798555,0.8277458339029348,-0.6767217006049501,0.26174007210126293
1,NSGA3-PrioInit,7,-0.6219444231303092,0.38205072593335343,0.8277458339029348,-0.6712494815410462,0.2812778632295694
1,NSGA3-PrioInit,7,-0.660765518778758,0.317438512344589,0.8684058283919128,-0.685080070679503,0.28040820661159815
1,NSGA3-PrioInit,7,-0.6647425614745451,0.3391101073784507,0.8550673523401053,-0.6747261971365524,0.2766403779501127
1,NSGA3-PrioInit,7,-0.6854984203624962,0.34368052981156166,1.122441895699651,-0.7943182012569483,0.2677471821312574
1,NSGA3-PrioInit,7,-0.6886243315633543,0.3775412779765105,1.2576624704910284,-0.9175460354816245,0.3276446998230502
1,NSGA3-PrioInit,7,-0.584934405741371,0.40548233214622176,0.8684058283919128,-0.883395528198491,0.4030009596401401
1,NSGA3-PrioInit,7,-0.6735698464142619,0.3086814150304808,1.337389786638785,-0.8183868091163191,0.2722166468391032
1,NSGA3-PrioInit,7,-0.677670728847349,0.3656558056547221,1.5521923516684872,-0.9531627029850938,0.2718884206028895
1,NSGA3-PrioInit,7,-0.6776187085214624,0.3009251258332781,1.059218945609956,-0.6875489271236198,0.27682768381041517
1,NSGA3-PrioInit,7,-0.6285271783360016,0.38205111154825006,1.1919712032812333,-0.9177109323509252,0.27779707394151226
1,NSGA3-PrioInit,7,-0.676198358635415,0.3557790208183182,0.8415174812746266,-0.7187589614672398,0.3492408218199559
1,NSGA3-PrioInit,7,-0.6168600194505143,0.31198264422622335,1.191971203281233,-0.7552540401370095,0.25351010640570976
1,NSGA3-PrioInit,7,-0.672424327253963,0.31281727650978497,0.7849825783431665,-0.6494705378347649,0.32992255565671363
1,NSGA3-PrioInit,7,-0.6721090773501434,0.3258492765179196,1.266768880036419,-0.8659000424470173,0.3007193441667809
1,NSGA3-PrioInit,7,-0.6411631699169044,0.3335502599481261,0.8944862739468376,-0.7441425548652019,0.3491321915323403
1,NSGA3-PrioInit,7,-0.6878890701695068,0.31425037702771597,1.0807043010154629,-0.7731474426833532,0.30495829798650187
1,NSGA3-PrioInit,8,-0.6825253553701236,0.35397673822447695,1.191971203281233,-0.8183009520491128,0.2972208213862376
1,NSGA3-PrioInit,8,-0.6602191628459859,0.3965768327544062,1.2111037779422387,-0.9052139778160345,0.29494038871682093
1,NSGA3-PrioInit,8,-0.5986109835977176,0.3875436502917012,0.8684058283919128,-0.6834081173182043,0.2966498130999583
1,NSGA3-PrioInit,8,-0.622538918409544,0.3484877724630813,0.9198275413214968,-0.6219964692890052,0.2926901300485022
1,NSGA3-PrioInit,8,-0.6404767158438613,0.3807733182630995,1.1626821716231532,-0.8936359097081473,0.27574694156322754
1,NSGA3-PrioInit,8,-0.6661435232241661,0.32653904087822294,1.1017707555238396,-0.7327366188097175,0.280515039035654
1,NSGA3-PrioInit,8,-0.6915605953934932,0.36340092101515237,1.468477964887372,-0.9034789793207267,0.2774144543415606
1,NSGA3-PrioInit,8,-0.6857288031654922,0.31116021829434615,1.3287674498039936,-0.7750256329957927,0.3883651179718325
1,NSGA3-PrioInit,8,-0.6878921268938848,0.36681933660115296,1.2392489169603274,-0.9488035767178964,0.3548826061235976
1,NSGA3-PrioInit,8,-0.6923799245629205,0.3261516001888033,1.4917751340604715,-0.8869241480261489,0.38004220411388207
1,NSGA3-PrioInit,8,-0.669973983760541,0.3563642738359696,0.9072453912952236,-0.786010463162848,0.36823848392580427
1,NSGA3-PrioInit,8,-0.5713241856708579,0.4050472625062678,0.8815425052328281,-0.8530586252247758,0.44318420645789464
1,NSGA3-PrioInit,8,-0.6373835366051999,0.336174850951754,0.8137411503644992,-0.7500359334585859,0.35533677764191074
1,NSGA3-PrioInit,8,-0.6789676862685148,0.3149310630368509,1.4994604217345198,-0.8161971809550714,0.2638334008446956
1,NSGA3-PrioInit,8,-0.6438410732566562,0.3397096444385718,1.2484896411001858,-0.8794698964884994,0.3531879942994328
1,NSGA3-PrioInit,8,-0.6703304380392465,0.3481047600616325,0.8944862739468377,-0.7610208929217224,0.3631502229249477
1,NSGA3-PrioInit,8,-0.6398926546086988,0.3104312538931452,1.3459568890394897,-0.7044504716822189,0.23318499365555906
1,NSGA3-PrioInit,9,-0.6437743001127203,0.3846437512322388,1.2847880786040071,-0.8845864405279638,0.2911015637120893
1,NSGA3-PrioInit,9,-0.6854417235750999,0.33166583246707,1.3113527077656704,-0.8836111689493844,0.3019256074115688
1,NSGA3-PrioInit,9,-0.6850904207569414,0.36155168258143233,1.4917751340604715,-0.9056147850860778,0.2711678801086608
1,NSGA3-PrioInit,9,-0.6804255435876863,0.3694568840726093,0.9198275413214969,-0.7534171754661567,0.3530970102104279
1,NSGA3-PrioInit,9,-0.6433553915244653,0.32826149000347266,1.1326360028574725,-0.7449737450580021,0.24741853569555858
1,NSGA3-PrioInit,9,-0.6908023669986095,0.35517514551282175,1.1626821716231532,-0.779151906569399,0.27643242804295476
1,NSGA3-PrioInit,9,-0.6570306391934718,0.32974292106779135,0.9072453912952236,-0.6415387662302756,0.2842261583051272
1,NSGA3-PrioInit,9,-0.6696494675125413,0.32398968555971075,1.059218945609956,-0.6765152651670301,0.28418341800224567
1,NSGA3-PrioInit,9,-0.6914518656176541,0.3166431336764286,1.1326360028574725,-0.7644590725604363,0.3299365210358256
1,NSGA3-PrioInit,9,-0.6897935516600073,0.3249991741345618,1.537310666418436,-0.788293090394294,0.24458342626667556
1,NSGA3-PrioInit,9,-0.670473367736189,0.35483750142950826,0.8815425052328281,-0.7420619200603336,0.45404887221707535
1,NSGA3-PrioInit,9,-0.6094979255862064,0.3892795638295533,0.7849825783431665,-0.7075994290618179,0.2950922421002503
1,NSGA3-PrioInit,9,-0.6011354910207132,0.4278792673612927,0.8550673523401053,-0.8657382572492812,0.4432263946498344
1,NSGA3-PrioInit,9,-0.6564843714852613,0.3364059873337708,1.4288054467365827,-0.8895033982317487,0.27186608201020845
1,NSGA3-PrioInit,9,-0.6347278152305733,0.32847910665956004,0.8550673523401053,-0.6970534577767219,0.36710122798582867
1,NSGA3-PrioInit,9,-0.66991582013335,0.3208413039272773,0.8684058283919128,-0.6889279615459893,0.33068745895270746
1,NSGA3-PrioInit,9,-0.696087555094322,0.3642032335002667,1.1527538013223835,-0.8693998752052327,0.3422303392560994
1,NSGA3-PrioInit,9,-0.6352256914815392,0.34211034809640656,1.2847880786040071,-0.8691428487571337,0.349652590364602
