batch,policy,run,f1_ftr,f2_breach,f3_workload_sd,f4_expertise,f5_delay_log,hypervolume,first_time_right,sla_breach_rate,workload_sd,workload_jain,expertise_match,delay_hours,capacity_violation,groups_used,max_group_load,matched_fraction,matched_real_breach_rate,front_size,solve_seconds
0,Random,0,0.4817411122695267,0.42756217195632534,0.8137411503644991,0.3593457851836418,0.6143598488157348,,0.4817411122695267,0.42756217195632534,0.8137411503644991,0.24198427102238354,0.3593457851836418,3.9042951388888896,0.0,26,3.0,0.0,,,
0,RoundRobin,0,0.4806211211079085,0.4479482815898862,1.1725264764419854,0.31121084825335243,0.5531160086400583,,0.4806211211079085,0.4479482815898862,1.1725264764419854,0.13326669998334167,0.31121084825335243,1.7488402777777778,0.0,18,8.0,0.025,1.0,,
0,FIFO,0,0.41887786479122957,0.5251390826035436,2.4626151770772586,0.38429077744798856,1.3958194579543641,,0.41887786479122957,0.5251390826035436,2.4626151770772586,0.03368279230348196,0.38429077744798856,8.048961805555555,0.0,3,16.0,0.025,0.0,,
0,LeastLoaded,0,0.45042089909479416,0.4464741990526039,0.4983789284753746,0.36961022811028815,0.5043056514616628,,0.45042089909479416,0.4464741990526039,0.4983789284753746,0.45977011494252873,0.36961022811028815,1.202611111111111,0.0,40,1.0,0.05,0.5,,
0,GreedyBestOutcome,0,0.7151597486154735,0.2672709925675873,1.5595799441917924,0.7624237647284645,0.5297573189385425,,0.7151597486154735,0.2672709925675873,1.5595799441917924,0.079960019990005,0.7624237647284645,6.683833333333334,0.0,11,10.0,0.15,0.5,,
0,StandardNSGA2,0,0.6181436118675236,0.3286027051662467,1.182288815689544,0.6733707235537725,0.3470433604720521,0.06722914445242964,0.6181436118675236,0.3286027051662467,1.182288815689544,0.13136288998357964,0.6733707235537725,0.463638888888889,0.0,20,8.0,0.0,,60.0,1.4934327999362722
0,StandardNSGA2,1,0.6107055316094178,0.31437634343995297,1.1626821716231532,0.6714948737190183,0.3744179090942869,0.06551226204641442,0.6107055316094178,0.31437634343995297,1.1626821716231532,0.1352265043948614,0.6714948737190183,0.5366145833333333,0.0,23,9.0,0.025,1.0,60.0,1.4252377999946475
0,StandardNSGA2,2,0.6130202778300454,0.27678018846824964,1.122441895699651,0.6775672141933538,0.45590231766680817,0.06666005955697556,0.6130202778300454,0.27678018846824964,1.122441895699651,0.14367816091954022,0.6775672141933538,3.598291666666666,0.0,26,9.0,0.1,0.75,60.0,1.4309429000131786
0,StandardNSGA2,3,0.6446401154062391,0.31743594937280245,1.3113527077656701,0.7965657444156905,0.46333304959758265,0.06434292275760514,0.6446401154062391,0.31743594937280245,1.3113527077656701,0.10946907498631636,0.7965657444156905,3.654347222222222,0.0,23,11.0,0.1,1.0,60.0,1.4421892000827938
0,StandardNSGA2,4,0.6738213182922242,0.288251083861465,1.1527538013223835,0.75156591826284,0.3324653023155328,0.07182968178864518,0.6738213182922242,0.288251083861465,1.1527538013223835,0.1372448104306056,0.75156591826284,0.4170451388888889,0.0,23,9.0,0.1,0.75,60.0,1.4405303999083117
0,StandardNSGA2,5,0.6621219093521369,0.2676554081404702,1.2758102920010677,0.7085360120314885,0.3559367315075465,0.07135766231943207,0.6621219093521369,0.2676554081404702,1.2758102920010677,0.11494252873563218,0.7085360120314885,0.4645208333333334,0.0,21,10.0,0.05,1.0,60.0,1.3471554999705404
0,StandardNSGA2,6,0.5931939292463534,0.35068273723921195,0.8277458339029348,0.5989783845359945,0.4457702157181508,0.06483869785374818,0.5931939292463534,0.35068273723921195,0.8277458339029348,0.2357795461243737,0.5989783845359945,1.088965277777778,0.0,28,5.0,0.1,0.5,60.0,1.3509365000063553
0,StandardNSGA2,7,0.6355448953365663,0.33955930374909027,1.1822888156895441,0.6511900778250048,0.41489773258993995,0.060197421544058174,0.6355448953365663,0.33955930374909027,1.1822888156895441,0.13136288998357964,0.6511900778250048,1.0335138888888888,0.0,21,9.0,0.025,1.0,60.0,1.3140413999790326
0,StandardNSGA2,8,0.6224898586265978,0.31856119412892275,1.1427391744033626,0.7268530654379485,0.36477641629108326,0.06738111690172549,0.6224898586265978,0.31856119412892275,1.1427391744033626,0.13932427725531174,0.7268530654379485,0.4818645833333334,0.0,23,9.0,0.075,0.6666666666666666,60.0,1.2812401000410318
0,StandardNSGA2,9,0.6094757760272194,0.30125282719002,1.1527538013223835,0.7306612762901104,0.3388511413074126,0.0655907888430437,0.6094757760272194,0.30125282719002,1.1527538013223835,0.1372448104306056,0.7306612762901104,0.43499305555555556,0.0,22,9.0,0.125,0.4,60.0,1.4502523000119254
0,StandardNSGA2,10,0.6549631503731806,0.27951681984798565,1.0700155515160485,0.6776264378397212,0.3691843834854377,0.06503004639496109,0.6549631503731806,0.27951681984798565,1.0700155515160485,0.15585427625170464,0.6776264378397212,0.4821458333333334,0.0,23,7.0,0.075,0.6666666666666666,60.0,1.5159786000149325
0,StandardNSGA2,11,0.6769707587322491,0.3023235937972363,1.2299387677605003,0.7736558902019841,0.35622824285870924,0.07326505962298778,0.6769707587322491,0.3023235937972363,1.2299387677605003,0.12260536398467432,0.7736558902019841,0.4668125000000001,0.0,23,10.0,0.125,0.6,60.0,1.5077717000385746
0,StandardNSGA2,12,0.6208083042690653,0.2997512416843625,1.122441895699651,0.6630294474287158,0.28938780444849244,0.07074118058865507,0.6208083042690653,0.2997512416843625,1.122441895699651,0.14367816091954022,0.6630294474287158,0.3673854166666667,0.0,21,8.0,0.075,0.6666666666666666,60.0,1.5007612999761477
0,StandardNSGA2,13,0.6127927413519236,0.3037855066797217,0.9198275413214968,0.58099703815831,0.43390704696946497,0.06980809096355661,0.6127927413519236,0.3037855066797217,0.9198275413214968,0.19990004997501248,0.58099703815831,0.61940625,0.0,27,6.0,0.05,0.5,60.0,1.4310314001049846
0,StandardNSGA2,14,0.6377740767264232,0.3134614873427496,1.0148846002135226,0.6077209263822239,0.44071402965247086,0.0628562162604531,0.6377740767264232,0.3134614873427496,1.0148846002135226,0.17028522775649213,0.6077209263822239,3.5702812500000007,0.0,24,7.0,0.125,0.8,60.0,1.7435079999268055
0,StandardNSGA2,15,0.6168724225341327,0.3031463938940886,1.0261477756627881,0.6781490720073547,0.351518107428455,0.07139175957435041,0.6168724225341327,0.3031463938940886,1.0261477756627881,0.1671891327063741,0.6781490720073547,0.45753125000000006,0.0,26,8.0,0.125,0.6,60.0,1.3841715999878943
0,StandardNSGA2,16,0.6675157425676632,0.2743494324147744,1.293703564449794,0.7369143125776342,0.32840604257851524,0.06456792798602594,0.6675157425676632,0.2743494324147744,1.293703564449794,0.112139052425007,0.7369143125776342,0.4128229166666667,0.0,24,11.0,0.125,0.8,60.0,1.38771669997368
0,StandardNSGA2,17,0.6454177164113409,0.30046828683213744,1.1326360028574725,0.7472825908432092,0.3990506930127175,0.06739781313438598,0.6454177164113409,0.30046828683213744,1.1326360028574725,0.14146772767462423,0.7472825908432092,0.53,0.0,25,9.0,0.125,0.6,60.0,1.5255141999805346
0,StandardNSGA2,18,0.6252215092655099,0.3123622417647997,1.0912883633487742,0.5289823799066038,0.32947268233114324,0.06066481657724951,0.6252215092655099,0.3123622417647997,1.0912883633487742,0.15074429998115696,0.5289823799066038,0.4320104166666667,0.0,23,7.0,0.175,0.7142857142857143,60.0,1.6006153000053018
0,StandardNSGA2,19,0.6725799070138104,0.3274494764822606,1.2667688800364192,0.8224157000831382,0.4876981266305448,0.06499635486670793,0.6725799070138104,0.3274494764822606,1.2667688800364192,0.11639749745380475,0.8224157000831382,3.6424618055555564,0.0,20,10.0,0.075,1.0,60.0,1.4021293999394402
0,StandardNSGA2,20,0.6592718742734371,0.3217394055253814,1.211103777942239,0.8073058520693127,0.4884682396859629,0.06468683353930615,0.6592718742734371,0.3217394055253814,1.211103777942239,0.1259644150527476,0.8073058520693127,3.671336805555556,0.0,24,10.0,0.15,0.8333333333333334,60.0,1.5706900000805035
0,StandardNSGA2,21,0.6105396208367915,0.34196849413435704,1.1427391744033626,0.7024879860756573,0.336392190309193,0.06551288687519649,0.6105396208367915,0.34196849413435704,1.1427391744033626,0.13932427725531174,0.7024879860756573,0.4301909722222222,0.0,22,8.0,0.1,0.5,60.0,1.3587092999368906
0,StandardNSGA2,22,0.6103686688722184,0.33789960701567023,1.0372886595566415,0.6659432087170032,0.3352261213400018,0.07064623279751756,0.6103686688722184,0.33789960701567023,1.0372886595566415,0.16420361247947454,0.6659432087170032,0.4364479166666667,0.0,26,8.0,0.1,0.25,60.0,1.4311845999909565
0,StandardNSGA2,23,0.6252814690869963,0.3225775738645619,1.2576624704910284,0.7706403427073167,0.44611839571672557,0.0564166488048129,0.6252814690869963,0.3225775738645619,1.2576624704910284,0.11788977306218686,0.7706403427073167,0.6430763888888891,0.0,21,10.0,0.125,0.4,60.0,1.451160499942489
0,StandardNSGA2,24,0.6326083086132035,0.32140279903122904,1.0372886595566415,0.6315524874643561,0.4895521266608721,0.06267793351447465,0.6326083086132035,0.32140279903122904,1.0372886595566415,0.16420361247947454,0.6315524874643561,3.653746527777778,0.0,22,7.0,0.1,0.75,60.0,1.5415577000239864
0,StandardNSGA2,25,0.6319932956869707,0.3173454531038692,1.1427391744033624,0.7084030547740033,0.35395118040669765,0.062315290273749324,0.6319932956869707,0.3173454531038692,1.1427391744033624,0.13932427725531174,0.7084030547740033,0.4907673611111111,0.0,21,8.0,0.1,1.0,60.0,1.614096499979496
0,StandardNSGA2,26,0.6778329484537609,0.309144460373063,1.0912883633487744,0.8271923130559327,0.3968363336872069,0.07688451883576049,0.6778329484537609,0.309144460373063,1.0912883633487744,0.15074429998115696,0.8271923130559327,0.5259166666666666,0.0,22,8.0,0.15,0.6666666666666666,60.0,1.5563091000076383
0,StandardNSGA2,27,0.6784553167713833,0.2868484315058943,1.2847880786040071,0.8179833392276314,0.3422283201916132,0.07160573565183263,0.6784553167713833,0.2868484315058943,1.2847880786040071,0.11352348517099475,0.8179833392276314,0.43296875,0.0,18,10.0,0.175,0.5714285714285714,60.0,1.30076310003642
0,StandardNSGA2,28,0.6426166333450217,0.30010459565969866,1.2299387677604998,0.7529085836684926,0.38751258518802556,0.0686603762341697,0.6426166333450217,0.30010459565969866,1.2299387677604998,0.12260536398467432,0.7529085836684926,0.5427361111111112,0.0,20,9.0,0.075,0.3333333333333333,60.0,1.2879213000414893
0,StandardNSGA2,29,0.6419836690807645,0.2960363490290795,1.3025580288099372,0.6515003153034997,0.3275049180191706,0.05205471206291355,0.6419836690807645,0.2960363490290795,1.3025580288099372,0.1107879795042238,0.6515003153034997,0.4140347222222222,0.0,23,11.0,0.075,0.6666666666666666,60.0,1.7028791999910027
0,NSGA3,0,0.6881095651441371,0.2821592602692653,1.2576624704910284,0.8150806664174229,0.32903102719326405,0.07977236529110726,0.6881095651441371,0.2821592602692653,1.2576624704910284,0.11788977306218686,0.8150806664174229,0.42234375,0.0,20,10.0,0.075,1.0,17.0,1.6995845000492409
0,NSGA3,1,0.6435759614065468,0.2788038782646994,0.9803189452974895,0.7691318635609148,0.36989063590439863,0.07873083602825692,0.6435759614065468,0.2788038782646994,0.9803189452974895,0.18030200585981518,0.7691318635609148,0.50503125,0.0,21,6.0,0.2,0.75,23.0,1.5600371999898925
0,NSGA3,2,0.6634088951323952,0.29791052749852936,0.8815425052328281,0.6763680925981597,0.2882845146150032,0.07695987875085657,0.6634088951323952,0.29791052749852936,0.8815425052328281,0.21384656508954825,0.6763680925981597,0.36007291666666663,0.0,26,5.0,0.125,0.6,20.0,1.4872525000246242
0,NSGA3,3,0.6595344923824678,0.29759561396177475,0.9919746671444329,0.7618950979719775,0.31764282800443167,0.08004370041328059,0.6595344923824678,0.29759561396177475,0.9919746671444329,0.1768346595932803,0.7618950979719775,0.40507638888888886,0.0,22,6.0,0.2,0.625,24.0,1.625737200025469
0,NSGA3,4,0.6785003204456199,0.2715929250721959,1.0700155515160485,0.7134098842001195,0.36971656509911865,0.07603412826907119,0.6785003204456199,0.2715929250721959,1.0700155515160485,0.15585427625170464,0.7134098842001195,0.46994791666666674,0.0,21,7.0,0.2,0.75,18.0,1.6587160000344738
0,NSGA3,5,0.6332221433859411,0.2609780033369176,1.059218945609956,0.625184578678509,0.2825974567567672,0.07643393866033485,0.6332221433859411,0.2609780033369176,1.059218945609956,0.15854141894569956,0.625184578678509,0.35015625000000006,0.0,23,7.0,0.075,0.3333333333333333,18.0,1.5557346999412403
0,NSGA3,6,0.6601223072971683,0.3025736513535156,0.9685229624340641,0.6758535862791151,0.3060031561127077,0.07821202762353795,0.6601223072971683,0.3025736513535156,0.9685229624340641,0.1839080459770115,0.6758535862791151,0.38592013888888893,0.0,24,6.0,0.125,0.8,17.0,1.6780146000673994
0,NSGA3,7,0.6440397202947551,0.28516940685470543,0.9919746671444329,0.7803699744317129,0.3445402732957398,0.07819766919321217,0.6440397202947551,0.28516940685470543,0.9919746671444329,0.1768346595932803,0.7803699744317129,0.4413090277777778,0.0,25,7.0,0.1,1.0,20.0,1.585846700007096
0,NSGA3,8,0.6844804988838746,0.2933577356058993,1.0483111508478486,0.7472596844085191,0.29683599039171754,0.08015682525603028,0.6844804988838746,0.2933577356058993,1.0483111508478486,0.1613228473482557,0.7472596844085191,0.36975,0.0,21,7.0,0.15,0.5,19.0,1.6172696000430733
0,NSGA3,9,0.6881500887954912,0.29290699430955347,1.0372886595566415,0.7922872558287578,0.40675670309674555,0.07902796703263289,0.6881500887954912,0.29290699430955347,1.0372886595566415,0.16420361247947454,0.7922872558287578,0.9924513888888888,0.0,21,6.0,0.2,0.5,22.0,1.675467299995944
0,NSGA3,10,0.6488623199646397,0.3029705625155489,0.8815425052328281,0.7431509185213798,0.357344534804207,0.07637192646452437,0.6488623199646397,0.3029705625155489,0.8815425052328281,0.21384656508954825,0.7431509185213798,0.47103125000000007,0.0,23,5.0,0.225,0.5555555555555556,19.0,1.493979400023818
0,NSGA3,11,0.640601853978555,0.30000819733530476,0.8137411503644991,0.7460611426939241,0.3736700643611802,0.07695403117981547,0.640601853978555,0.30000819733530476,0.8137411503644991,0.24198427102238354,0.7460611426939241,0.4942256944444445,0.0,28,5.0,0.1,1.0,18.0,1.7543781000422314
0,NSGA3,12,0.6762283755031211,0.28284323206738177,1.0148846002135223,0.7256694001103773,0.3020949442000086,0.07860793036242375,0.6762283755031211,0.28284323206738177,1.0148846002135223,0.17028522775649213,0.7256694001103773,0.3796666666666667,0.0,24,7.0,0.125,0.8,20.0,1.788300900021568
0,NSGA3,13,0.6665793007944492,0.27016631409275416,0.9685229624340641,0.7371533665986271,0.3551182383915451,0.08096983931079987,0.6665793007944492,0.27016631409275416,0.9685229624340641,0.1839080459770115,0.7371533665986271,0.46046875,0.0,26,7.0,0.125,0.4,25.0,1.6621325999731198
0,NSGA3,14,0.6656544576749901,0.27676081752885057,0.9198275413214968,0.7367771184607032,0.38229350844811594,0.07969226139669493,0.6656544576749901,0.27676081752885057,0.9198275413214968,0.19990004997501248,0.7367771184607032,0.518545138888889,0.0,24,5.0,0.175,0.5714285714285714,22.0,1.4799541999818757
0,NSGA3,15,0.6689520233632213,0.27363708250889457,0.9322398894708789,0.6726307494338396,0.3447976193967747,0.08086212608273732,0.6689520233632213,0.27363708250889457,0.9322398894708789,0.19564685742235266,0.6726307494338396,0.4410798611111112,0.0,24,6.0,0.15,0.3333333333333333,18.0,1.6355709000490606
0,NSGA3,16,0.642285545402132,0.29005994862468015,1.0483111508478486,0.8168938076697178,0.4153054063437535,0.08349124538876787,0.642285545402132,0.29005994862468015,1.0483111508478486,0.1613228473482557,0.8168938076697178,0.58934375,0.0,21,7.0,0.125,1.0,22.0,1.5202366000739858
0,NSGA3,17,0.6749531092767651,0.26900810900166483,1.0372886595566415,0.7289805516914827,0.3566570578495627,0.07832944826513447,0.6749531092767651,0.26900810900166483,1.0372886595566415,0.16420361247947454,0.7289805516914827,0.4571875,0.0,23,6.0,0.175,0.7142857142857143,19.0,1.6182578000007197
0,NSGA3,18,0.6660791033888802,0.2721862711052133,1.0261477756627881,0.686139535714069,0.28532040454701,0.07903668938169056,0.6660791033888802,0.2721862711052133,1.0261477756627881,0.1671891327063741,0.686139535714069,0.34911458333333334,0.0,22,7.0,0.2,0.5,20.0,1.5859771999530494
0,NSGA3,19,0.7028497692913642,0.26653953230715494,1.3459568890394897,0.7225876266461599,0.2647846324199758,0.07882287976595195,0.7028497692913642,0.26653953230715494,1.3459568890394897,0.1044932079414838,0.7225876266461599,0.3192673611111111,0.0,17,10.0,0.1,0.75,21.0,1.5753243999788538
0,NSGA3,20,0.6823792106157811,0.30709002495515225,0.9565815297270429,0.8124201184096258,0.36549568455767373,0.07779200193422003,0.6823792106157811,0.30709002495515225,0.9565815297270429,0.18766127140511377,0.8124201184096258,0.4843159722222222,0.0,26,7.0,0.1,0.75,17.0,1.6210479999426752
0,NSGA3,21,0.6814930777322681,0.26921953794094516,0.9685229624340642,0.7228758509798885,0.36460840557881846,0.07999134589806417,0.6814930777322681,0.26921953794094516,0.9685229624340642,0.1839080459770115,0.7228758509798885,0.47501388888888885,0.0,23,6.0,0.15,0.8333333333333334,26.0,1.5576818999834359
0,NSGA3,22,0.62144263594672,0.2755918292034041,0.9919746671444329,0.7893130029445878,0.42401519777262536,0.07898449592632359,0.62144263594672,0.2755918292034041,0.9919746671444329,0.1768346595932803,0.7893130029445878,0.6166354166666668,0.0,24,7.0,0.125,0.8,22.0,1.7106598999816924
0,NSGA3,23,0.634475771797688,0.28662803144996285,1.1527538013223835,0.8337969799299298,0.35151342077158165,0.0795031576219469,0.634475771797688,0.28662803144996285,1.1527538013223835,0.1372448104306056,0.8337969799299298,0.4886388888888889,0.0,23,9.0,0.1,1.0,18.0,1.7802573000080884
0,NSGA3,24,0.6203109454784693,0.3096238384416844,0.9322398894708788,0.7908192361602826,0.3178021200057851,0.07699938877975782,0.6203109454784693,0.3096238384416844,0.9322398894708788,0.19564685742235266,0.7908192361602826,0.40134375,0.0,25,6.0,0.175,0.8571428571428571,23.0,1.4855850000167266
0,NSGA3,25,0.6576722805123629,0.2769606245920335,1.3796934333906814,0.8317947898358773,0.3083249021353264,0.0751167709670697,0.6576722805123629,0.2769606245920335,1.3796934333906814,0.09995002498750624,0.8317947898358773,0.3771666666666667,0.0,20,11.0,0.1,0.5,19.0,1.6414363000076264
0,NSGA3,26,0.6759145154017407,0.2742307552559434,1.2299387677605003,0.824529218716757,0.3060512712897537,0.08036878506129333,0.6759145154017407,0.2742307552559434,1.2299387677605003,0.12260536398467432,0.824529218716757,0.3810833333333334,0.0,22,10.0,0.15,0.6666666666666666,16.0,1.6746693999739364
0,NSGA3,27,0.6670640297092956,0.3026479001505747,0.8415174812746266,0.6921224105433856,0.38964327819045164,0.07672204957507048,0.6670640297092956,0.3026479001505747,0.8415174812746266,0.22988505747126436,0.6921224105433856,0.520079861111111,0.0,25,4.0,0.1,0.5,17.0,1.6494637000141665
0,NSGA3,28,0.6860433800993354,0.2621899780018011,1.3713371082247576,0.7767826010401029,0.2836803889504695,0.07749502200719303,0.6860433800993354,0.2621899780018011,1.3713371082247576,0.10104837691044588,0.7767826010401029,0.34492361111111114,0.0,19,11.0,0.225,0.5555555555555556,15.0,1.7422767999814823
0,NSGA3,29,0.6416243650695841,0.3053068618590927,0.9444891303068569,0.775919795713099,0.32069164930950245,0.07936169293228908,0.6416243650695841,0.3053068618590927,0.9444891303068569,0.19157088122605365,0.775919795713099,0.40716319444444443,0.0,24,6.0,0.175,0.5714285714285714,16.0,1.5866924000438303
0,PAA-NSGA-II,0,0.661536001067917,0.27646576711175436,1.2937035644497943,0.8193082464902316,0.4371986215907042,0.06927399605786373,0.661536001067917,0.27646576711175436,1.2937035644497943,0.112139052425007,0.8193082464902316,1.0514270833333335,0.0,18,10.0,0.125,0.8,60.0,1.436788099934347
0,PAA-NSGA-II,1,0.6466759866126823,0.3148777725658529,1.191971203281233,0.8152779520729467,0.6220572676941108,0.06613398290587291,0.6466759866126823,0.3148777725658529,1.191971203281233,0.12951270843451515,0.8152779520729467,6.8722465277777784,0.0,22,9.0,0.1,0.75,60.0,1.4369246000424027
0,PAA-NSGA-II,2,0.5983679132541097,0.32764482595606975,1.059218945609956,0.6850646062611844,0.35956941614650795,0.06810555060921547,0.5983679132541097,0.32764482595606975,1.059218945609956,0.15854141894569956,0.6850646062611844,0.4673298611111111,0.0,25,7.0,0.1,0.75,60.0,1.5340196000179276
0,PAA-NSGA-II,3,0.6113811006114936,0.31352388790995883,1.1326360028574725,0.5881535757756001,0.30460175361313846,0.06688319438391922,0.6113811006114936,0.31352388790995883,1.1326360028574725,0.14146772767462423,0.5881535757756001,0.39100347222222226,0.0,22,8.0,0.05,0.5,60.0,1.5889129999559373
0,PAA-NSGA-II,4,0.6394956041783035,0.28862854893187306,1.2847880786040071,0.6624484042616162,0.2960655340926472,0.06735149816985135,0.6394956041783035,0.28862854893187306,1.2847880786040071,0.11352348517099475,0.6624484042616162,0.37742708333333336,0.0,19,10.0,0.1,0.5,60.0,1.5142487999983132
0,PAA-NSGA-II,5,0.6978002889037185,0.2859094648684133,1.5071065198237947,0.8199838236550014,0.3315011801690796,0.07094513041289668,0.6978002889037185,0.2859094648684133,1.5071065198237947,0.08514261387824607,0.8199838236550014,0.4141979166666667,0.0,16,12.0,0.125,0.6,60.0,1.4632575999712572
0,PAA-NSGA-II,6,0.640649420371402,0.2950216825013867,1.3287674498039936,0.7308639634754096,0.3318773194986807,0.06930733721972096,0.640649420371402,0.2950216825013867,1.3287674498039936,0.10692328254477412,0.7308639634754096,0.4302708333333333,0.0,21,11.0,0.1,0.5,60.0,1.5567980000050738
0,PAA-NSGA-II,7,0.6194501240422559,0.32034673539209135,1.2576624704910284,0.8055770169773464,0.40974214348338556,0.06768117443218209,0.6194501240422559,0.32034673539209135,1.2576624704910284,0.11788977306218686,0.8055770169773464,0.5761041666666668,0.0,20,9.0,0.075,0.6666666666666666,60.0,1.3908057999797165
0,PAA-NSGA-II,8,0.6665073591028345,0.2669068156405065,1.4288054467365827,0.7434835889802849,0.4508810565940868,0.06470598697521485,0.6665073591028345,0.2669068156405065,1.4288054467365827,0.09383063570255688,0.7434835889802849,1.061684027777778,0.0,15,11.0,0.05,0.5,60.0,1.5552246000152081
0,PAA-NSGA-II,9,0.6313198838589013,0.30225632404489466,1.0148846002135226,0.6126656427139402,0.43296099864543114,0.07304663854120365,0.6313198838589013,0.30225632404489466,1.0148846002135226,0.17028522775649213,0.6126656427139402,3.5675798611111107,0.0,27,8.0,0.125,0.6,60.0,1.4111808999441564
0,PAA-NSGA-II,10,0.6335071940229263,0.31347984508149923,1.2576624704910284,0.780892504801022,0.46716206191637105,0.06707787626090175,0.6335071940229263,0.31347984508149923,1.2576624704910284,0.11788977306218686,0.780892504801022,3.6257361111111117,0.0,22,10.0,0.1,0.75,60.0,1.390271499985829
0,PAA-NSGA-II,11,0.6494324456576093,0.29846522843356504,1.1326360028574722,0.6174063655782478,0.4812316270011034,0.06729186504835188,0.6494324456576093,0.29846522843356504,1.1326360028574722,0.14146772767462423,0.6174063655782478,3.6321076388888898,0.0,22,7.0,0.1,0.25,60.0,1.5124889001017436
0,PAA-NSGA-II,12,0.6301529943321189,0.2943639675252211,1.2758102920010679,0.7512360624869138,0.5087264315493254,0.06803352953954123,0.6301529943321189,0.2943639675252211,1.2758102920010679,0.11494252873563218,0.7512360624869138,3.6966875000000017,0.0,20,10.0,0.1,0.75,60.0,1.4993791999295354
0,PAA-NSGA-II,13,0.632685298737549,0.33452231885059336,1.211103777942239,0.7309348635237972,0.3341376818640769,0.06882438810654071,0.632685298737549,0.33452231885059336,1.211103777942239,0.1259644150527476,0.7309348635237972,0.44342361111111117,0.0,20,9.0,0.075,0.6666666666666666,60.0,1.5813129000598565
0,PAA-NSGA-II,14,0.6253544564705706,0.2980530206921919,1.2299387677605,0.6637901376028845,0.3965200373842799,0.06949018386981519,0.6253544564705706,0.2980530206921919,1.2299387677605,0.12260536398467432,0.6637901376028845,0.5495451388888889,0.0,22,10.0,0.025,1.0,60.0,1.4136400000425056
0,PAA-NSGA-II,15,0.6172633548196036,0.3436503433693944,1.1224418956996507,0.6035913772208857,0.3066770223439219,0.06590372849194655,0.6172633548196036,0.3436503433693944,1.1224418956996507,0.14367816091954022,0.6035913772208857,0.37923263888888886,0.0,19,6.0,0.1,0.75,60.0,1.496831199969165
0,PAA-NSGA-II,16,0.637023048009101,0.30323013874355026,1.122441895699651,0.6722803798173034,0.5533944743223552,0.06936938446033158,0.637023048009101,0.30323013874355026,1.122441895699651,0.14367816091954022,0.6722803798173034,4.20407638888889,0.0,25,9.0,0.075,0.6666666666666666,60.0,1.615304599981755
0,PAA-NSGA-II,17,0.6048242641724392,0.30874729884979396,1.2576624704910282,0.7059432491331733,0.30257512113571844,0.06788848042752832,0.6048242641724392,0.30874729884979396,1.2576624704910282,0.11788977306218686,0.7059432491331733,0.39186458333333335,0.0,18,9.0,0.05,1.0,60.0,1.5589761000592262
0,PAA-NSGA-II,18,0.6303807320944026,0.27993030641274813,1.1626821716231532,0.5544698530606509,0.31342291980647013,0.0700153019787314,0.6303807320944026,0.27993030641274813,1.1626821716231532,0.1352265043948614,0.5544698530606509,0.4101111111111112,0.0,22,9.0,0.1,0.25,60.0,1.5975459000328556
0,PAA-NSGA-II,19,0.6415840966709089,0.30545194624519834,1.3713371082247576,0.7966726117428109,0.28726527717187034,0.07035900818323099,0.6415840966709089,0.30545194624519834,1.3713371082247576,0.10104837691044588,0.7966726117428109,0.3546527777777778,0.0,19,11.0,0.15,0.6666666666666666,60.0,1.618097500060685
0,PAA-NSGA-II,20,0.6593231250420857,0.3020505454427231,1.436827585471288,0.8776695566169421,0.3811632121284171,0.0652349981084206,0.6593231250420857,0.3020505454427231,1.436827585471288,0.09288285150354116,0.8776695566169421,0.5069965277777777,0.0,16,10.0,0.075,0.6666666666666666,60.0,1.4227767999982461
0,PAA-NSGA-II,21,0.6091430709920245,0.30004022874756286,1.112154352360633,0.6317911764820863,0.4243701107893515,0.06957562640790435,0.6091430709920245,0.30004022874756286,1.112154352360633,0.14595876664842183,0.6317911764820863,0.6136736111111111,0.0,21,7.0,0.075,0.3333333333333333,60.0,1.4939871999667957
0,PAA-NSGA-II,22,0.6270323673644578,0.32267125186955126,1.1626821716231532,0.7336504466897921,0.378708361193807,0.07055026952571287,0.6270323673644578,0.32267125186955126,1.1626821716231532,0.1352265043948614,0.7336504466897921,0.5329479166666667,0.0,21,8.0,0.05,1.0,60.0,1.5239215000765398
0,PAA-NSGA-II,23,0.6321179560459681,0.27604671767934896,1.2392489169603274,0.6281731947937252,0.33868110206616125,0.07023826249969067,0.6321179560459681,0.27604671767934896,1.2392489169603274,0.12099213551119177,0.6281731947937252,0.45005555555555554,0.0,22,10.0,0.075,0.6666666666666666,60.0,1.68299279990606
0,PAA-NSGA-II,24,0.6586113792382774,0.2608223900258026,1.3629295501408407,0.7308638242413307,0.41607423613233935,0.07365174410460573,0.6586113792382774,0.2608223900258026,1.3629295501408407,0.10217113665389528,0.7308638242413307,1.0146388888888889,0.0,20,11.0,0.075,0.6666666666666666,60.0,1.5380374999949709
0,PAA-NSGA-II,25,0.6803497180389956,0.2917128559088774,1.3713371082247576,0.8315890936244138,0.4292518355927196,0.07311588928574098,0.6803497180389956,0.2917128559088774,1.3713371082247576,0.10104837691044588,0.8315890936244138,0.5946979166666667,0.0,17,10.0,0.1,0.75,60.0,1.5636165000032634
0,PAA-NSGA-II,26,0.6142472164637074,0.3309684404637995,1.0912883633487744,0.6429760581745689,0.37462747743707653,0.06838931674595425,0.6142472164637074,0.3309684404637995,1.0912883633487744,0.15074429998115696,0.6429760581745689,0.5025694444444444,0.0,24,8.0,0.05,1.0,60.0,1.4711143999593332
0,PAA-NSGA-II,27,0.6808949010237277,0.30251045434767143,1.3113527077656701,0.7729175721809544,0.42084208271458523,0.06812373206307903,0.6808949010237277,0.30251045434767143,1.3113527077656701,0.10946907498631636,0.7729175721809544,0.5735972222222222,0.0,16,9.0,0.1,0.75,60.0,1.4878323000157252
0,PAA-NSGA-II,28,0.6217913573153236,0.2645353896789958,1.2299387677604998,0.6306019240101625,0.3449858817897949,0.07106598318365001,0.6217913573153236,0.2645353896789958,1.2299387677604998,0.12260536398467432,0.6306019240101625,0.4602361111111112,0.0,20,9.0,0.1,0.5,60.0,1.4318302000174299
0,PAA-NSGA-II,29,0.642825553895876,0.30573022262736077,1.2299387677605,0.8161085946814414,0.6195160924010625,0.06699164476938746,0.642825553895876,0.30573022262736077,1.2299387677605,0.12260536398467432,0.8161085946814414,6.840315972222223,0.0,20,9.0,0.1,0.75,60.0,1.6366307999705896
0,PAA-noPriority,0,0.5714729088993605,0.31083160735992404,0.9072453912952236,0.4923641899566224,0.3361448010836698,0.05720815137907184,0.5714729088993605,0.31083160735992404,0.9072453912952236,0.20434227330779056,0.4923641899566224,0.47456944444444443,0.0,27,6.0,0.075,0.3333333333333333,60.0,1.623384700040333
0,PAA-noPriority,1,0.6279675188372069,0.3020357607881043,1.2484896411001853,0.622090710206898,0.3357617361702831,0.06637275050679937,0.6279675188372069,0.3020357607881043,1.2484896411001853,0.11942080907598149,0.622090710206898,0.45084722222222223,0.0,21,9.0,0.025,1.0,60.0,1.3658216999610886
0,PAA-noPriority,2,0.6196257099222017,0.2941993541450503,1.1725264764419856,0.6174893471974702,0.3805219779941006,0.06044368176594287,0.6196257099222017,0.2941993541450503,1.1725264764419856,0.13326669998334167,0.6174893471974702,0.49719444444444444,0.0,23,9.0,0.075,0.6666666666666666,60.0,1.5155913000926375
0,PAA-noPriority,3,0.5998443041711932,0.3550687201106567,0.9322398894708788,0.7505246838487288,0.5286937007739604,0.06073846254083685,0.5998443041711932,0.3550687201106567,0.9322398894708788,0.19564685742235266,0.7505246838487288,3.7708784722222233,0.0,28,7.0,0.025,1.0,60.0,1.509070499916561
0,PAA-noPriority,4,0.667868769830002,0.3094138588188612,1.2484896411001858,0.6797378589271001,0.5448680238954202,0.05485820743642819,0.667868769830002,0.3094138588188612,1.2484896411001858,0.11942080907598149,0.6797378589271001,3.732642361111111,0.0,21,10.0,0.05,1.0,60.0,1.4594788999529555
0,PAA-noPriority,5,0.6403965389251371,0.33006708028602805,1.3373897866387852,0.7583917548382505,0.4116711783487757,0.05538744756106125,0.6403965389251371,0.33006708028602805,1.3373897866387852,0.10569427929713304,0.7583917548382505,0.5499618055555555,0.0,21,11.0,0.05,1.0,60.0,1.725741699920036
0,PAA-noPriority,6,0.6331778244425423,0.3128336584891289,1.1121543523606332,0.6840050955651754,0.46621774139018796,0.06333198720290156,0.6331778244425423,0.3128336584891289,1.1121543523606332,0.14595876664842183,0.6840050955651754,3.610940972222223,0.0,26,9.0,0.1,0.75,60.0,2.59794420003891
0,PAA-noPriority,7,0.6582705943107525,0.2978412302200835,1.3113527077656701,0.6590525612645122,0.4490494130735345,0.060806069153630286,0.6582705943107525,0.2978412302200835,1.3113527077656701,0.10946907498631636,0.6590525612645122,3.5811145833333335,0.0,24,11.0,0.075,0.3333333333333333,60.0,3.0438755999784917
0,PAA-noPriority,8,0.6278027171507314,0.3006978165065571,1.1626821716231532,0.5839046466444395,0.3315062612860089,0.06358258786983047,0.6278027171507314,0.3006978165065571,1.1626821716231532,0.1352265043948614,0.5839046466444395,0.4138298611111111,0.0,19,8.0,0.075,0.6666666666666666,60.0,2.983256099978462
0,PAA-noPriority,9,0.627510302349756,0.2607863708176149,1.3025580288099372,0.6946090808557781,0.37457630570150907,0.0664948799312815,0.627510302349756,0.2607863708176149,1.3025580288099372,0.1107879795042238,0.6946090808557781,0.4997048611111111,0.0,20,10.0,0.1,0.25,60.0,2.8726527999388054
0,PAA-noPriority,10,0.601395920847285,0.3489269223374428,1.059218945609956,0.7419513566695308,0.45116402679285467,0.060634998497496845,0.601395920847285,0.3489269223374428,1.059218945609956,0.15854141894569956,0.7419513566695308,1.0600173611111114,0.0,25,8.0,0.05,1.0,60.0,2.8517045999178663
0,PAA-noPriority,11,0.5881268092823061,0.3182739995281663,1.0700155515160485,0.6672075931433102,0.331157256758018,0.06680480526116771,0.5881268092823061,0.3182739995281663,1.0700155515160485,0.15585427625170464,0.6672075931433102,0.42776041666666664,0.0,24,8.0,0.05,0.5,60.0,2.4474404000211507
0,PAA-noPriority,12,0.6659001549727629,0.30986991842827655,1.182288815689544,0.6049198425300787,0.4430952411363839,0.05801388196751528,0.6659001549727629,0.30986991842827655,1.182288815689544,0.13136288998357964,0.6049198425300787,3.5749965277777784,0.0,26,10.0,0.125,0.4,60.0,2.134891299996525
0,PAA-noPriority,13,0.6072386628559301,0.3004192740424951,1.2111037779422387,0.6153097322310529,0.3629749620722823,0.06452183378936366,0.6072386628559301,0.3004192740424951,1.2111037779422387,0.1259644150527476,0.6153097322310529,0.4871527777777779,0.0,23,10.0,0.0,,60.0,1.5985436999471858
0,PAA-noPriority,14,0.6578159971831852,0.28334969618115935,1.3113527077656704,0.653594822775248,0.44554023521828023,0.06125964081848465,0.6578159971831852,0.28334969618115935,1.3113527077656704,0.10946907498631636,0.653594822775248,3.5778645833333336,0.0,22,11.0,0.0,,60.0,1.579867499996908
0,PAA-noPriority,15,0.604078784298037,0.25875528044272295,1.3713371082247576,0.6121801259524757,0.31230392768434256,0.05561720860881153,0.604078784298037,0.25875528044272295,1.3713371082247576,0.10104837691044588,0.6121801259524757,0.40765277777777775,0.0,19,11.0,0.05,0.5,60.0,2.4347902999725193
0,PAA-noPriority,16,0.666376358209712,0.31257209536469377,1.201575571988228,0.6827793199721439,0.39147731494190074,0.06253216018827362,0.666376358209712,0.31257209536469377,1.201575571988228,0.1277139208173691,0.6827793199721439,0.5128472222222222,0.0,22,9.0,0.15,0.6666666666666666,60.0,2.7060021000215784
0,PAA-noPriority,17,0.633906172722918,0.31765384486204906,1.1725264764419854,0.6593605423186503,0.31513230355293853,0.05971158697381654,0.633906172722918,0.31765384486204906,1.1725264764419854,0.13326669998334167,0.6593605423186503,0.39563194444444444,0.0,23,8.0,0.15,0.6666666666666666,60.0,2.7656832999782637
0,PAA-noPriority,18,0.6309553250602343,0.3038823474201159,1.239248916960327,0.5715592729894042,0.2748626137603398,0.06182674285056744,0.6309553250602343,0.3038823474201159,1.239248916960327,0.12099213551119177,0.5715592729894042,0.34195138888888893,0.0,20,9.0,0.075,0.3333333333333333,60.0,2.607426399947144
0,PAA-noPriority,19,0.6031012657653229,0.3333251570191601,1.003495015435271,0.46520824425696183,0.3331454739980463,0.0558553783277916,0.6031012657653229,0.3333251570191601,1.003495015435271,0.1734981565820863,0.46520824425696183,0.43159722222222224,0.0,22,6.0,0.025,1.0,60.0,2.6863256000215188
0,PAA-noPriority,20,0.6639311064548685,0.30532310022398923,1.2847880786040071,0.7878896124222909,0.34394276154506576,0.06546128799030707,0.6639311064548685,0.30532310022398923,1.2847880786040071,0.11352348517099475,0.7878896124222909,0.4314895833333333,0.0,20,10.0,0.1,0.75,60.0,2.541348100057803
0,PAA-noPriority,21,0.6640484485823618,0.31126039883094403,1.3113527077656704,0.7236429316173514,0.3720427135622534,0.061818099573986186,0.6640484485823618,0.31126039883094403,1.3113527077656704,0.10946907498631636,0.7236429316173514,0.4955381944444445,0.0,22,11.0,0.125,0.4,60.0,2.1659709999803454
0,PAA-noPriority,22,0.6125059082515072,0.33162422660044305,1.0912883633487744,0.8390260001232027,0.4337625493088785,0.06924150466199527,0.6125059082515072,0.33162422660044305,1.0912883633487744,0.15074429998115696,0.8390260001232027,0.6579166666666667,0.0,23,8.0,0.125,0.6,60.0,2.3678089999593794
0,PAA-noPriority,23,0.6671611912078859,0.3155336932867702,1.2205576048237503,0.6994456390044552,0.46386466977449387,0.059353530889741435,0.6671611912078859,0.3155336932867702,1.2205576048237503,0.12426219322771047,0.6994456390044552,3.606538194444444,0.0,20,9.0,0.075,0.6666666666666666,60.0,1.7329872000264004
0,PAA-noPriority,24,0.6238324056251237,0.3126815872187678,1.1527538013223835,0.6856860029139653,0.3718148887310643,0.06156575284556165,0.6238324056251237,0.3126815872187678,1.1527538013223835,0.1372448104306056,0.6856860029139653,0.48971875000000004,0.0,22,9.0,0.075,0.3333333333333333,60.0,2.3505582000361755
0,PAA-noPriority,25,0.6208918161330135,0.330150093589506,1.112154352360633,0.7775693909133226,0.4652308806083584,0.06293976450044465,0.6208918161330135,0.330150093589506,1.112154352360633,0.14595876664842183,0.7775693909133226,3.620454861111111,0.0,20,7.0,0.125,0.6,60.0,2.240008799941279
0,PAA-noPriority,26,0.62910860709365,0.2840277558629116,1.0372886595566415,0.6206556357664557,0.3576268218938562,0.06493473518674017,0.62910860709365,0.2840277558629116,1.0372886595566415,0.16420361247947454,0.6206556357664557,0.4558888888888889,0.0,22,7.0,0.075,0.3333333333333333,60.0,2.4935414999490604
0,PAA-noPriority,27,0.6542690530601393,0.2762421245786232,1.2205576048237503,0.7241773784420513,0.3173334917079444,0.07570130079115592,0.6542690530601393,0.2762421245786232,1.2205576048237503,0.12426219322771047,0.7241773784420513,0.4053263888888889,0.0,20,9.0,0.1,0.75,60.0,2.06374270003289
0,PAA-noPriority,28,0.6133551865710395,0.3067208877798168,1.2111037779422387,0.634821692849296,0.35547181711551606,0.058222396448906547,0.6133551865710395,0.3067208877798168,1.2111037779422387,0.1259644150527476,0.634821692849296,0.46575000000000005,0.0,24,10.0,0.075,1.0,60.0,1.681227600085549
0,PAA-noPriority,29,0.598290030330773,0.3170526996295336,0.9565815297270427,0.5609558546573872,0.28017171733581675,0.06786934339162107,0.598290030330773,0.3170526996295336,0.9565815297270427,0.18766127140511377,0.5609558546573872,0.3505034722222222,0.0,23,5.0,0.075,0.6666666666666666,60.0,1.4869748000055552
0,PAA-noAdaptive,0,0.6576411243257574,0.31654082470929373,1.2576624704910284,0.8322934194532996,0.43585107799547956,0.07490299081458138,0.6576411243257574,0.31654082470929373,1.2576624704910284,0.11788977306218686,0.8322934194532996,0.5956145833333334,0.0,20,9.0,0.075,0.6666666666666666,60.0,1.3396077998913825
0,PAA-noAdaptive,1,0.6483002982807633,0.28384540794495183,1.2484896411001856,0.6882787490539481,0.42637666995352663,0.07094763783746089,0.6483002982807633,0.28384540794495183,1.2484896411001856,0.11942080907598149,0.6882787490539481,0.5880798611111111,0.0,18,9.0,0.0,,60.0,1.4506192000117153
0,PAA-noAdaptive,2,0.6571958989474147,0.3022771187936176,1.2205576048237508,0.7438228439917169,0.5070218114894922,0.07205904164268005,0.6571958989474147,0.3022771187936176,1.2205576048237508,0.12426219322771047,0.7438228439917169,1.1610347222222224,0.0,19,9.0,0.1,0.75,60.0,1.5156886999029666
0,PAA-noAdaptive,3,0.6553905020658302,0.2927703384958706,1.3200887962222396,0.7475665652610302,0.3480135309783142,0.07368318785692196,0.6553905020658302,0.2927703384958706,1.3200887962222396,0.10818120351588911,0.7475665652610302,0.4538090277777778,0.0,23,11.0,0.075,0.3333333333333333,60.0,1.5313598000211641
0,PAA-noAdaptive,4,0.6644908402005434,0.2695415714915065,1.3796934333906816,0.7962595676639423,0.33802456909648654,0.07265599433294981,0.6644908402005434,0.2695415714915065,1.3796934333906816,0.09995002498750624,0.7962595676639423,0.4353159722222223,0.0,16,10.0,0.2,0.5,60.0,1.4319177001016214
0,PAA-noAdaptive,5,0.6590046002763135,0.32345351265215144,1.2758102920010677,0.7792761854458331,0.3750995010654346,0.07038804133458684,0.6590046002763135,0.32345351265215144,1.2758102920010677,0.11494252873563218,0.7792761854458331,0.49063541666666677,0.0,21,10.0,0.1,0.5,60.0,1.614387599984184
0,PAA-noAdaptive,6,0.6133880808791992,0.31892786587269906,1.2758102920010679,0.7305421278577547,0.3058661752033923,0.06578341114448798,0.6133880808791992,0.31892786587269906,1.2758102920010679,0.11494252873563218,0.7305421278577547,0.3860659722222223,0.0,17,9.0,0.05,1.0,60.0,1.5723538999445736
0,PAA-noAdaptive,7,0.6439719711422371,0.2906565929280109,1.1326360028574722,0.6796183305157866,0.5102258770136852,0.067566180799227,0.6439719711422371,0.2906565929280109,1.1326360028574722,0.14146772767462423,0.6796183305157866,3.7158055555555562,0.0,21,8.0,0.1,0.75,60.0,1.245617700042203
0,PAA-noAdaptive,8,0.6712660640806591,0.2794013272101069,1.387999450968369,0.8056221495749776,0.35286797919483287,0.07331737115328156,0.6712660640806591,0.2794013272101069,1.387999450968369,0.09887529353602768,0.8056221495749776,0.4666180555555555,0.0,18,11.0,0.125,0.8,60.0,1.4584784000180662
0,PAA-noAdaptive,9,0.6310703610032062,0.27974760200953036,1.201575571988228,0.6071496336666533,0.37708623931610263,0.06910021134447338,0.6310703610032062,0.27974760200953036,1.201575571988228,0.1277139208173691,0.6071496336666533,0.49751736111111117,0.0,22,9.0,0.05,0.5,60.0,1.4632052999222651
0,PAA-noAdaptive,10,0.6172841643732262,0.32534773546836276,1.2299387677605003,0.7571273835246874,0.41671215343582,0.07128210523382297,0.6172841643732262,0.32534773546836276,1.2299387677605003,0.12260536398467432,0.7571273835246874,0.5607430555555555,0.0,18,8.0,0.05,1.0,60.0,1.556139299995266
0,PAA-noAdaptive,11,0.6435935355416541,0.3344455823106708,1.1822888156895437,0.8197076629957223,0.5066049549039031,0.07141736061880431,0.6435935355416541,0.3344455823106708,1.1822888156895437,0.13136288998357964,0.8197076629957223,0.7306458333333333,0.0,19,8.0,0.075,1.0,60.0,1.521434499998577
0,PAA-noAdaptive,12,0.6680241824856787,0.2804137830656397,1.293703564449794,0.7725100190748968,0.436489619403477,0.06696433774526722,0.6680241824856787,0.2804137830656397,1.293703564449794,0.112139052425007,0.7725100190748968,0.5938541666666668,0.0,18,9.0,0.1,0.75,60.0,1.3402715000556782
0,PAA-noAdaptive,13,0.5585369858599853,0.3371475635115933,0.9685229624340641,0.7287033897546145,0.27899690812018596,0.07099366599319427,0.5585369858599853,0.3371475635115933,0.9685229624340641,0.1839080459770115,0.7287033897546145,0.35104166666666664,0.0,23,6.0,0.075,0.6666666666666666,60.0,1.7313066000351682
0,PAA-noAdaptive,14,0.6127727041704686,0.3091762299417666,1.191971203281233,0.5979149856465398,0.26162921431029335,0.06716435743001835,0.6127727041704686,0.3091762299417666,1.191971203281233,0.12951270843451515,0.5979149856465398,0.3259236111111111,0.0,20,8.0,0.075,0.3333333333333333,60.0,1.6534959999844432
0,PAA-noAdaptive,15,0.6584444280383568,0.28062435181406026,1.2299387677605003,0.687979792982849,0.36066341907490607,0.07204206012741053,0.6584444280383568,0.28062435181406026,1.2299387677605003,0.12260536398467432,0.687979792982849,0.46755208333333337,0.0,19,9.0,0.05,0.5,60.0,1.4358701999299228
0,PAA-noAdaptive,16,0.6365669956204634,0.30965501254184846,1.2111037779422387,0.7344931263741507,0.5060884819663878,0.06904717614900148,0.6365669956204634,0.30965501254184846,1.2111037779422387,0.1259644150527476,0.7344931263741507,1.1855347222222226,0.0,19,9.0,0.125,0.6,60.0,1.4864936999510974
0,PAA-noAdaptive,17,0.6120762308678946,0.3305575718494646,1.1527538013223835,0.7450069348555743,0.4453401564051795,0.06599555795692377,0.6120762308678946,0.3305575718494646,1.1527538013223835,0.1372448104306056,0.7450069348555743,0.6476840277777779,0.0,24,9.0,0.125,0.6,60.0,1.4508160001132637
0,PAA-noAdaptive,18,0.6275560632249343,0.314675603667805,1.1326360028574725,0.7830624139250275,0.35171098927216254,0.07228780473458747,0.6275560632249343,0.314675603667805,1.1326360028574725,0.14146772767462423,0.7830624139250275,0.4878263888888889,0.0,18,7.0,0.1,0.75,60.0,1.4779327999567613
0,PAA-noAdaptive,19,0.5966903966358561,0.3144092146624312,1.1725264764419854,0.7199587848548795,0.3616385937843227,0.0687874039027247,0.5966903966358561,0.3144092146624312,1.1725264764419854,0.13326669998334167,0.7199587848548795,0.4816979166666667,0.0,19,7.0,0.05,0.5,60.0,1.5972831998951733
0,PAA-noAdaptive,20,0.6233840245280605,0.2946564609738233,1.2205576048237508,0.6681461759305968,0.29425337025396264,0.06898009517672751,0.6233840245280605,0.2946564609738233,1.2205576048237508,0.12426219322771047,0.6681461759305968,0.3731215277777778,0.0,17,9.0,0.125,0.6,60.0,1.5008944000583142
0,PAA-noAdaptive,21,0.6554543392084424,0.29294785985696914,1.3200887962222398,0.8986588987973011,0.5220505058410841,0.06884065194984834,0.6554543392084424,0.29294785985696914,1.3200887962222398,0.10818120351588911,0.8986588987973011,3.7470694444444446,0.0,18,10.0,0.1,0.75,60.0,1.511772400001064
0,PAA-noAdaptive,22,0.6225663361267876,0.2957950558855297,1.1822888156895441,0.646448681063076,0.2684723520139939,0.0717625331475363,0.6225663361267876,0.2957950558855297,1.1822888156895441,0.13136288998357964,0.646448681063076,0.33367708333333335,0.0,21,9.0,0.075,1.0,60.0,1.4300090000033379
0,PAA-noAdaptive,23,0.6681775099087174,0.30760551725399105,1.2758102920010679,0.7717124347312128,0.395598327870397,0.06817588791307026,0.6681775099087174,0.30760551725399105,1.2758102920010679,0.11494252873563218,0.7717124347312128,0.5531701388888889,0.0,21,10.0,0.15,0.3333333333333333,60.0,1.5352661999640986
0,PAA-noAdaptive,24,0.6695071331581172,0.2961512959017578,1.4917751340604715,0.8465957416703883,0.3548113575547237,0.0675544643120125,0.6695071331581172,0.2961512959017578,1.4917751340604715,0.08674907829104316,0.8465957416703883,0.4643333333333334,0.0,17,12.0,0.1,0.75,60.0,1.6297671000938863
0,PAA-noAdaptive,25,0.6165190583554858,0.2808482538495478,1.2299387677605003,0.6451354799159177,0.3145042458154011,0.07094192640168968,0.6165190583554858,0.2808482538495478,1.2299387677605003,0.12260536398467432,0.6451354799159177,0.40079513888888896,0.0,22,10.0,0.05,0.5,60.0,1.6609762000152841
0,PAA-noAdaptive,26,0.6560832543430571,0.29475790685219966,1.2392489169603271,0.8108891896665149,0.3932617988487178,0.072315360589312,0.6560832543430571,0.29475790685219966,1.2392489169603271,0.12099213551119177,0.8108891896665149,0.5545659722222223,0.0,19,9.0,0.1,0.75,60.0,1.5157444999786094
0,PAA-noAdaptive,27,0.6683636409506143,0.2762275586991531,1.1919712032812333,0.7461119235694407,0.5382476093685487,0.07113545310239495,0.6683636409506143,0.2762275586991531,1.1919712032812333,0.12951270843451515,0.7461119235694407,4.178538194444445,0.0,22,9.0,0.075,0.6666666666666666,60.0,1.6274448999902233
0,PAA-noAdaptive,28,0.6466690441442894,0.31657304779461526,1.0807043010154629,0.6630625825878929,0.4662092675524521,0.06936134598580197,0.6466690441442894,0.31657304779461526,1.0807043010154629,0.1532567049808429,0.6630625825878929,3.6283680555555557,0.0,20,7.0,0.125,0.6,60.0,1.4347694999305531
0,PAA-noAdaptive,29,0.609796528113901,0.31289643861864985,1.0700155515160485,0.6158639731552522,0.3876925841175283,0.06427676551073669,0.609796528113901,0.31289643861864985,1.0700155515160485,0.15585427625170464,0.6158639731552522,3.4952569444444443,0.0,21,7.0,0.1,0.5,60.0,1.5924895000644028
0,PAA-noSLAMut,0,0.6325411580729302,0.28688083419563537,1.2205576048237503,0.6056289499171834,0.29372430094153873,0.0678881397413442,0.6325411580729302,0.28688083419563537,1.2205576048237503,0.12426219322771047,0.6056289499171834,0.36811458333333336,0.0,22,9.0,0.075,0.3333333333333333,60.0,1.6659370999550447
0,PAA-noSLAMut,1,0.6640594515394918,0.29386194225988105,1.2205576048237508,0.7007145256230827,0.3798863407033065,0.06840216499398809,0.6640594515394918,0.29386194225988105,1.2205576048237508,0.12426219322771047,0.7007145256230827,0.49846875000000007,0.0,24,10.0,0.075,0.3333333333333333,60.0,1.6159533000318334
0,PAA-noSLAMut,2,0.6833143131544893,0.293849044724495,1.3287674498039934,0.7951390912932754,0.46286483785106836,0.06774021497763055,0.6833143131544893,0.293849044724495,1.3287674498039934,0.10692328254477412,0.7951390912932754,3.6032500000000005,0.0,19,10.0,0.125,0.6,60.0,1.6456560000078753
0,PAA-noSLAMut,3,0.6490687353074849,0.28118070107820553,1.2667688800364192,0.6890311034787692,0.3588334592800868,0.06822611914240112,0.6490687353074849,0.28118070107820553,1.2667688800364192,0.11639749745380475,0.6890311034787692,0.47045833333333337,0.0,20,10.0,0.125,0.6,60.0,1.6363264999818057
0,PAA-noSLAMut,4,0.6567173852310905,0.26369022011677157,1.2847880786040071,0.6434714080617511,0.3053432656228064,0.07057356488915109,0.6567173852310905,0.26369022011677157,1.2847880786040071,0.11352348517099475,0.6434714080617511,0.3908229166666667,0.0,19,10.0,0.175,0.42857142857142855,60.0,1.4747334000421688
0,PAA-noSLAMut,5,0.62746266446633,0.30300488150779475,1.211103777942239,0.8094885275532407,0.5383206132190669,0.06650146676973456,0.62746266446633,0.30300488150779475,1.211103777942239,0.1259644150527476,0.8094885275532407,4.193368055555555,0.0,20,9.0,0.1,0.5,60.0,1.4829011999536306
0,PAA-noSLAMut,6,0.6306811097017242,0.3194599449799712,0.9803189452974895,0.6561288337045299,0.4764096023583425,0.07238807896139862,0.6306811097017242,0.3194599449799712,0.9803189452974895,0.18030200585981518,0.6561288337045299,3.6403888888888885,0.0,25,7.0,0.15,0.5,60.0,1.4899857999989763
0,PAA-noSLAMut,7,0.6516130215149554,0.2911087842715633,1.1427391744033626,0.5795263600108338,0.34002507441147056,0.07154454799352397,0.6516130215149554,0.2911087842715633,1.1427391744033626,0.13932427725531174,0.5795263600108338,0.4364930555555556,0.0,23,9.0,0.025,1.0,60.0,1.678854399942793
0,PAA-noSLAMut,8,0.637358361620547,0.3006501349176724,1.2758102920010679,0.7698560742558542,0.33099945223701804,0.0715461153846618,0.637358361620547,0.3006501349176724,1.2758102920010679,0.11494252873563218,0.7698560742558542,0.42395486111111114,0.0,21,10.0,0.125,0.6,60.0,1.614502500044182
0,PAA-noSLAMut,9,0.5899291584777805,0.3190223002463518,0.9072453912952236,0.6234644141453393,0.4207470279893702,0.0714174286620371,0.5899291584777805,0.3190223002463518,0.9072453912952236,0.20434227330779056,0.6234644141453393,0.6456006944444445,0.0,26,6.0,0.1,0.75,60.0,2.4492628999287263
0,PAA-noSLAMut,10,0.6417562706467003,0.29346118940556193,1.2667688800364192,0.7533835778892659,0.3347793057726779,0.07242469430427888,0.6417562706467003,0.29346118940556193,1.2667688800364192,0.11639749745380475,0.7533835778892659,0.43479166666666663,0.0,21,10.0,0.125,0.4,60.0,2.9020278999814764
0,PAA-noSLAMut,11,0.6130278141056656,0.29973523047402206,1.2484896411001858,0.6724138108138973,0.41743054075247554,0.0629261445015091,0.6130278141056656,0.29973523047402206,1.2484896411001858,0.11942080907598149,0.6724138108138973,3.5446562500000005,0.0,23,10.0,0.025,0.0,60.0,2.909036699915305
0,PAA-noSLAMut,12,0.6192314588345365,0.29944356125256855,1.2205576048237503,0.6777058160793938,0.4021296216580851,0.06996332267469164,0.6192314588345365,0.29944356125256855,1.2205576048237503,0.12426219322771047,0.6777058160793938,0.5539618055555555,0.0,21,9.0,0.0,,60.0,2.8761082000564784
0,PAA-noSLAMut,13,0.642482705769725,0.2766384762485827,1.3713371082247576,0.7197456864840314,0.3550396908189918,0.06807028522028566,0.642482705769725,0.2766384762485827,1.3713371082247576,0.10104837691044588,0.7197456864840314,0.4707118055555556,0.0,18,10.0,0.15,0.6666666666666666,60.0,2.9290713999653235
0,PAA-noSLAMut,14,0.6339221624899374,0.32250225457664483,1.1725264764419854,0.7289212895963786,0.37127703891381414,0.06937087884978523,0.6339221624899374,0.32250225457664483,1.1725264764419854,0.13326669998334167,0.7289212895963786,0.9414826388888891,0.0,19,8.0,0.15,0.5,60.0,2.1762983000371605
0,PAA-noSLAMut,15,0.590923123033506,0.3333234108098929,1.0261477756627881,0.6265934780094925,0.39443125101173415,0.06462631657300653,0.590923123033506,0.3333234108098929,1.0261477756627881,0.1671891327063741,0.6265934780094925,0.5253923611111111,0.0,26,7.0,0.1,0.75,60.0,2.3496419999282807
0,PAA-noSLAMut,16,0.6192925707553489,0.30422702688308567,1.1427391744033626,0.7109882659810254,0.4044657439106816,0.07309471767382533,0.6192925707553489,0.30422702688308567,1.1427391744033626,0.13932427725531174,0.7109882659810254,1.0021284722222223,0.0,20,8.0,0.1,0.75,60.0,1.4949368999805301
0,PAA-noSLAMut,17,0.6457262984932504,0.31464775203514267,1.2299387677605003,0.7623224201744592,0.4665987863643,0.0698244748337876,0.6457262984932504,0.31464775203514267,1.2299387677605003,0.12260536398467432,0.7623224201744592,3.6057881944444445,0.0,20,9.0,0.1,0.75,60.0,1.6026718999492005
0,PAA-noSLAMut,18,0.6085099440531072,0.3099116595526083,0.9565815297270429,0.5794615742428364,0.4110269490340544,0.07016912479336675,0.6085099440531072,0.3099116595526083,0.9565815297270429,0.18766127140511377,0.5794615742428364,0.5997743055555556,0.0,23,6.0,0.125,0.4,60.0,2.3770543000428006
0,PAA-noSLAMut,19,0.6476447268020828,0.33019679764507603,1.3796934333906816,0.8913753123238781,0.44797751746367087,0.06565123061522479,0.6476447268020828,0.33019679764507603,1.3796934333906816,0.09995002498750624,0.8913753123238781,0.67809375,0.0,15,10.0,0.075,0.6666666666666666,60.0,2.711731499992311
0,PAA-noSLAMut,20,0.5840315110875842,0.31244434446797864,1.211103777942239,0.7172032528422688,0.31584729841466375,0.06990696857090312,0.5840315110875842,0.31244434446797864,1.211103777942239,0.1259644150527476,0.7172032528422688,0.42681597222222223,0.0,19,9.0,0.1,0.75,60.0,2.6756140999495983
0,PAA-noSLAMut,21,0.6182262028440564,0.3496805814111485,1.2667688800364192,0.7919796663628823,0.3746239011563636,0.06764350150483067,0.6182262028440564,0.3496805814111485,1.2667688800364192,0.11639749745380475,0.7919796663628823,0.4867430555555556,0.0,21,10.0,0.05,0.5,60.0,2.763924799975939
0,PAA-noSLAMut,22,0.6387623608288797,0.2970929237559252,1.2667688800364192,0.7626991704700036,0.44000026928428115,0.0712705117996132,0.6387623608288797,0.2970929237559252,1.2667688800364192,0.11639749745380475,0.7626991704700036,0.6301076388888889,0.0,21,10.0,0.15,0.6666666666666666,60.0,2.6283084000460804
0,PAA-noSLAMut,23,0.618771374565613,0.3502180544756234,0.9444891303068568,0.7223233530841661,0.4301356834729879,0.07002644259093069,0.618771374565613,0.3502180544756234,0.9444891303068568,0.19157088122605365,0.7223233530841661,0.5993055555555555,0.0,24,5.0,0.075,0.6666666666666666,60.0,2.5292414999566972
0,PAA-noSLAMut,24,0.656373925697444,0.30275779338650366,1.1626821716231532,0.6275071731975911,0.4229062249067235,0.06746721288837725,0.656373925697444,0.30275779338650366,1.1626821716231532,0.1352265043948614,0.6275071731975911,3.5512708333333345,0.0,24,9.0,0.1,0.75,60.0,2.3660841000964865
0,PAA-noSLAMut,25,0.6017170658992014,0.335168136608465,1.0148846002135226,0.6250784367189353,0.321429917923493,0.06589294676657059,0.6017170658992014,0.335168136608465,1.0148846002135226,0.17028522775649213,0.6250784367189353,0.4173159722222223,0.0,24,7.0,0.025,1.0,60.0,2.3731216000160202
0,PAA-noSLAMut,26,0.6538630985542587,0.2830896709909393,1.2576624704910284,0.6373462641508043,0.31552132479753026,0.06855675742908789,0.6538630985542587,0.2830896709909393,1.2576624704910284,0.11788977306218686,0.6373462641508043,0.40150694444444446,0.0,21,10.0,0.1,0.25,60.0,1.7199993999674916
0,PAA-noSLAMut,27,0.6677412160566779,0.2674896665169436,1.3713371082247576,0.6879853004431414,0.31912910084960655,0.07216191169143071,0.6677412160566779,0.2674896665169436,1.3713371082247576,0.10104837691044588,0.6879853004431414,0.40020486111111114,0.0,20,11.0,0.025,0.0,60.0,2.5331538999453187
0,PAA-noSLAMut,28,0.6475645488517456,0.33215208529624907,1.182288815689544,0.857566058656019,0.4522682724783122,0.07353132449456377,0.6475645488517456,0.33215208529624907,1.182288815689544,0.13136288998357964,0.857566058656019,0.6511111111111111,0.0,19,8.0,0.05,1.0,60.0,2.648384700063616
0,PAA-noSLAMut,29,0.6198372748992211,0.31744244529781396,1.0912883633487744,0.6103619141452553,0.4008586059952237,0.06793651201663987,0.6198372748992211,0.31744244529781396,1.0912883633487744,0.15074429998115696,0.6103619141452553,0.5741180555555555,0.0,22,8.0,0.05,0.5,60.0,2.5195760999340564
0,PAA-AdaptMut,0,0.6364793988009909,0.34378840842099406,1.112154352360633,0.7475237937873006,0.3971812592715262,0.07311418813092692,0.6364793988009909,0.34378840842099406,1.112154352360633,0.14595876664842183,0.7475237937873006,0.5444895833333334,0.0,22,8.0,0.125,0.6,60.0,2.4479868001071736
0,PAA-AdaptMut,1,0.6534485144964102,0.31489494360041503,1.3287674498039934,0.7809030854909593,0.4205500523603999,0.06704485318667938,0.6534485144964102,0.31489494360041503,1.3287674498039934,0.10692328254477412,0.7809030854909593,0.6073958333333334,0.0,20,10.0,0.125,0.4,60.0,2.1618588999845088
0,PAA-AdaptMut,2,0.6354577212223614,0.3223997494071252,1.1527538013223833,0.8101486765554344,0.5863199262586857,0.0710205773743465,0.6354577212223614,0.3223997494071252,1.1527538013223833,0.1372448104306056,0.8101486765554344,4.291607638888889,0.0,21,8.0,0.125,0.6,60.0,1.3316080999793485
0,PAA-AdaptMut,3,0.6092531613547381,0.3418292183936889,1.2576624704910284,0.7881985895961735,0.35180111952374316,0.06770776240855975,0.6092531613547381,0.3418292183936889,1.2576624704910284,0.11788977306218686,0.7881985895961735,0.45845833333333336,0.0,21,10.0,0.075,0.6666666666666666,60.0,1.4419298999710009
0,PAA-AdaptMut,4,0.6274146229671128,0.3108952321262069,1.2392489169603274,0.7384302703256347,0.43983244135157545,0.07017925554536728,0.6274146229671128,0.3108952321262069,1.2392489169603274,0.12099213551119177,0.7384302703256347,1.09125,0.0,22,10.0,0.075,0.6666666666666666,60.0,1.3793776000384241
0,PAA-AdaptMut,5,0.6376941653422067,0.3061630097337735,1.1725264764419856,0.7460781501026306,0.42415520265526585,0.07000847520730528,0.6376941653422067,0.3061630097337735,1.1725264764419856,0.13326669998334167,0.7460781501026306,3.5516770833333338,0.0,22,9.0,0.175,0.5714285714285714,60.0,1.5881249000085518
0,PAA-AdaptMut,6,0.6522139382278466,0.30350948714130843,1.3200887962222396,0.7218080458449581,0.35614806853581477,0.06641737109559764,0.6522139382278466,0.30350948714130843,1.3200887962222396,0.10818120351588911,0.7218080458449581,0.4743611111111111,0.0,18,10.0,0.05,0.5,60.0,1.3819038000656292
0,PAA-AdaptMut,7,0.5992292973120922,0.3493219000874948,1.122441895699651,0.6547503484112982,0.33059167924652944,0.06393501620345965,0.5992292973120922,0.3493219000874948,1.122441895699651,0.14367816091954022,0.6547503484112982,0.42699305555555556,0.0,20,8.0,0.025,1.0,60.0,1.4054744000313804
0,PAA-AdaptMut,8,0.6534176880184489,0.30741551850992294,1.3373897866387852,0.702694770284846,0.33819599040809534,0.06709538530860429,0.6534176880184489,0.30741551850992294,1.3373897866387852,0.10569427929713304,0.702694770284846,0.4294166666666667,0.0,20,11.0,0.075,0.6666666666666666,60.0,1.2962731999577954
0,PAA-AdaptMut,9,0.6382844851380625,0.2762703436945942,1.3200887962222396,0.6990372858323556,0.39032270487013765,0.06901646380998783,0.6382844851380625,0.2762703436945942,1.3200887962222396,0.10818120351588911,0.6990372858323556,0.5301562500000001,0.0,23,11.0,0.1,0.25,60.0,1.39278670004569
0,PAA-AdaptMut,10,0.6600113557332618,0.26498558067939104,1.3879994509683689,0.7555522319910926,0.3208176691758141,0.07373519057240459,0.6600113557332618,0.26498558067939104,1.3879994509683689,0.09887529353602768,0.7555522319910926,0.40915277777777775,0.0,19,11.0,0.125,0.6,60.0,1.2976639000698924
0,PAA-AdaptMut,11,0.6100560626128414,0.32036119609227603,1.0700155515160485,0.7174388571891621,0.27614504364594106,0.0731054720857323,0.6100560626128414,0.32036119609227603,1.0700155515160485,0.15585427625170464,0.7174388571891621,0.3414791666666666,0.0,20,7.0,0.1,0.75,60.0,1.3052185999695212
0,PAA-AdaptMut,12,0.6745659331225546,0.29432422976448364,1.2847880786040071,0.7582626996550333,0.42631688130154305,0.07594723032705254,0.6745659331225546,0.29432422976448364,1.2847880786040071,0.11352348517099475,0.7582626996550333,3.54376388888889,0.0,20,10.0,0.15,0.5,60.0,1.3154377000173554
0,PAA-AdaptMut,13,0.6448162354272068,0.3090538954544713,1.2576624704910284,0.8106969414040368,0.46251275708639145,0.07124217419585245,0.6448162354272068,0.3090538954544713,1.2576624704910284,0.11788977306218686,0.8106969414040368,0.6525590277777779,0.0,18,8.0,0.125,0.8,60.0,1.4449349000351503
0,PAA-AdaptMut,14,0.6463218366905826,0.3146974761804457,1.2484896411001856,0.764524532750556,0.4559564888928055,0.06785080040718208,0.6463218366905826,0.3146974761804457,1.2484896411001856,0.11942080907598149,0.764524532750556,3.5974722222222226,0.0,20,9.0,0.125,0.6,60.0,1.3861139999935403
0,PAA-AdaptMut,15,0.6643862518982193,0.2853994033195821,1.3025580288099372,0.7322930845276969,0.3393933572218516,0.07058905004725358,0.6643862518982193,0.2853994033195821,1.3025580288099372,0.1107879795042238,0.7322930845276969,0.43930555555555556,0.0,18,10.0,0.1,0.75,60.0,1.2534034999553114
0,PAA-AdaptMut,16,0.6302023140118486,0.2952669028789378,1.3025580288099372,0.7884234777849874,0.42749434441870304,0.06875320971757942,0.6302023140118486,0.2952669028789378,1.3025580288099372,0.1107879795042238,0.7884234777849874,1.0299375000000004,0.0,19,10.0,0.1,0.75,60.0,1.6325890000443906
0,PAA-AdaptMut,17,0.6197994431548494,0.29978883484099533,1.2205576048237503,0.702878163485934,0.3311591879369941,0.07075138716316962,0.6197994431548494,0.29978883484099533,1.2205576048237503,0.12426219322771047,0.702878163485934,0.46221875000000007,0.0,23,10.0,0.1,0.75,60.0,2.2311213000211865
0,PAA-AdaptMut,18,0.653169455398156,0.2973898990154279,1.3796934333906816,0.8092582947067217,0.32186583634179683,0.07070871739999632,0.653169455398156,0.2973898990154279,1.3796934333906816,0.09995002498750624,0.8092582947067217,0.41629861111111116,0.0,15,10.0,0.075,1.0,60.0,3.5066065000137314
0,PAA-AdaptMut,19,0.6811954560654898,0.2727659430481559,1.4126245053551467,0.7280731665166353,0.37611435822271455,0.0686539099792298,0.6811954560654898,0.2727659430481559,1.4126245053551467,0.09578544061302682,0.7280731665166353,0.4930347222222222,0.0,15,11.0,0.1,0.5,60.0,3.8042140000034124
0,PAA-AdaptMut,20,0.5905300181797829,0.3030801327890003,1.1725264764419854,0.6213568848221617,0.3886699858513217,0.06320543072540843,0.5905300181797829,0.3030801327890003,1.1725264764419854,0.13326669998334167,0.6213568848221617,0.5171944444444445,0.0,21,8.0,0.0,,60.0,3.8099074999336153
0,PAA-AdaptMut,21,0.6674060551098199,0.2948779753336674,1.4126245053551467,0.8764561305438896,0.5114119061044005,0.0685959175730041,0.6674060551098199,0.2948779753336674,1.4126245053551467,0.09578544061302682,0.8764561305438896,3.6785659722222226,0.0,17,11.0,0.1,0.75,60.0,3.712756900000386
0,PAA-AdaptMut,22,0.6075200444127387,0.30915097922164925,1.1017707555238399,0.6428698518435463,0.27244800460392654,0.072447313633154,0.6075200444127387,0.30915097922164925,1.1017707555238399,0.14831294030404152,0.6428698518435463,0.3458888888888889,0.0,21,8.0,0.075,0.6666666666666666,60.0,3.784670800087042
0,PAA-AdaptMut,23,0.6134189253477071,0.35124089972010725,1.1017707555238399,0.7515996336311184,0.4032186262161385,0.06724001344889317,0.6134189253477071,0.35124089972010725,1.1017707555238399,0.14831294030404152,0.7515996336311184,0.5842777777777778,0.0,23,8.0,0.125,0.6,60.0,3.3187800999730825
0,PAA-AdaptMut,24,0.6226197655314771,0.3220305166434481,1.1121543523606332,0.6298203428560833,0.31184656116933746,0.06785400291794058,0.6226197655314771,0.3220305166434481,1.1121543523606332,0.14595876664842183,0.6298203428560833,0.39975694444444443,0.0,23,8.0,0.025,0.0,60.0,2.752319800085388
0,PAA-AdaptMut,25,0.6546973480433916,0.28922639621290996,1.2758102920010679,0.6468146250228888,0.31512170296958475,0.07429179735792994,0.6546973480433916,0.28922639621290996,1.2758102920010679,0.11494252873563218,0.6468146250228888,0.4094930555555556,0.0,16,9.0,0.025,1.0,60.0,2.3697987999767065
0,PAA-AdaptMut,26,0.6017068133484259,0.32381421307214975,1.1527538013223835,0.7489123723972715,0.41172160478963116,0.06981594644408289,0.6017068133484259,0.32381421307214975,1.1527538013223835,0.1372448104306056,0.7489123723972715,0.5912708333333334,0.0,21,8.0,0.05,0.5,60.0,1.4976345000322908
0,PAA-AdaptMut,27,0.6406320804980947,0.30694141958391946,1.2667688800364187,0.752500895696396,0.41312898145810983,0.06782609836721942,0.6406320804980947,0.30694141958391946,1.2667688800364187,0.11639749745380475,0.752500895696396,0.5477777777777778,0.0,20,8.0,0.05,1.0,60.0,1.8768174999859184
0,PAA-AdaptMut,28,0.619663279740071,0.33326498746524846,1.1919712032812333,0.7800059715091407,0.3779824857402477,0.06980423064128416,0.619663279740071,0.33326498746524846,1.1919712032812333,0.12951270843451515,0.7800059715091407,0.4985555555555556,0.0,21,9.0,0.125,0.8,60.0,3.471509699942544
0,PAA-AdaptMut,29,0.6275086384741015,0.3346100231575271,1.0483111508478484,0.6246376771209234,0.419231038533197,0.0704247690380185,0.6275086384741015,0.3346100231575271,1.0483111508478484,0.1613228473482557,0.6246376771209234,3.5462256944444457,0.0,20,5.0,0.075,1.0,60.0,3.2906843000091612
0,NSGA3-PrioInit,0,0.6838277839251294,0.32301785050558157,1.1725264764419854,0.7550369612906863,0.28178764148271895,0.0776882734338625,0.6838277839251294,0.32301785050558157,1.1725264764419854,0.13326669998334167,0.7550369612906863,0.34562847222222226,0.0,18,8.0,0.15,0.5,16.0,3.5148951000301167
0,NSGA3-PrioInit,1,0.6235811915819867,0.26224785983096655,1.1919712032812333,0.7349777405078382,0.2901880009659289,0.08115977725544246,0.6235811915819867,0.26224785983096655,1.1919712032812333,0.12951270843451515,0.7349777405078382,0.36225694444444445,0.0,21,9.0,0.125,0.6,22.0,3.5148900999920443
0,NSGA3-PrioInit,2,0.687293550097962,0.3008803249696742,1.112154352360633,0.7661586673642586,0.3375036304694621,0.08085660471596426,0.687293550097962,0.3008803249696742,1.112154352360633,0.14595876664842183,0.7661586673642586,0.43225347222222227,0.0,20,8.0,0.175,0.7142857142857143,18.0,3.4350423999130726
0,NSGA3-PrioInit,3,0.6646778244357465,0.26415484452639104,1.3629295501408407,0.8549934512891406,0.3214339666772462,0.07912483663038056,0.6646778244357465,0.26415484452639104,1.3629295501408407,0.10217113665389528,0.8549934512891406,0.40980902777777783,0.0,17,11.0,0.2,0.5,15.0,3.439025199972093
0,NSGA3-PrioInit,4,0.6775969087840218,0.29447070465619796,0.9322398894708789,0.6829180972683254,0.35308711113055874,0.08171399379006963,0.6775969087840218,0.29447070465619796,0.9322398894708789,0.19564685742235266,0.6829180972683254,0.45273263888888887,0.0,23,5.0,0.175,0.2857142857142857,22.0,2.98734239989426
0,NSGA3-PrioInit,5,0.6874108069694679,0.3034255329874999,1.3544698050897952,0.8904630447368396,0.30633440631501446,0.08037255463260083,0.6874108069694679,0.3034255329874999,1.3544698050897952,0.10331912695337725,0.8904630447368396,0.37951041666666674,0.0,16,10.0,0.2,0.375,20.0,3.0979014999466017
0,NSGA3-PrioInit,6,0.6941190815596185,0.29992357040179973,1.1427391744033626,0.754451096845069,0.3118662218901669,0.07881993174575275,0.6941190815596185,0.29992357040179973,1.1427391744033626,0.13932427725531174,0.754451096845069,0.39255555555555555,0.0,20,8.0,0.125,0.8,18.0,1.8729074000148103
0,NSGA3-PrioInit,7,0.673250321964933,0.2775117746435985,1.3025580288099372,0.8517984936068407,0.2954466421516858,0.08112329403834881,0.673250321964933,0.2775117746435985,1.3025580288099372,0.1107879795042238,0.8517984936068407,0.371625,0.0,17,10.0,0.15,0.5,17.0,2.8688375999918208
0,NSGA3-PrioInit,8,0.6597726148210424,0.28045976575979087,1.2299387677605003,0.8584472464843769,0.45296437682007634,0.07759477731760192,0.6597726148210424,0.28045976575979087,1.2299387677605003,0.12260536398467432,0.8584472464843769,3.593368055555556,0.0,19,9.0,0.15,0.5,15.0,2.7613501999294385
0,NSGA3-PrioInit,9,0.6879383210370331,0.2894418568287519,1.2111037779422387,0.7584461354615322,0.29411727196492043,0.07960065037553171,0.6879383210370331,0.2894418568287519,1.2111037779422387,0.1259644150527476,0.7584461354615322,0.3690208333333333,0.0,19,9.0,0.15,0.6666666666666666,17.0,3.034346199943684
0,NSGA3-PrioInit,10,0.68570674447367,0.31095860143511567,1.1725264764419856,0.7889873081917896,0.3023243532998211,0.0803057889558641,0.68570674447367,0.31095860143511567,1.1725264764419856,0.13326669998334167,0.7889873081917896,0.37216319444444446,0.0,20,8.0,0.175,0.7142857142857143,16.0,2.781000499962829
0,NSGA3-PrioInit,11,0.6805669427204444,0.29996582168205155,1.1822888156895437,0.7411431834163379,0.3103653005086631,0.0757700088964326,0.6805669427204444,0.29996582168205155,1.1822888156895437,0.13136288998357964,0.7411431834163379,0.39115625,0.0,19,8.0,0.15,0.3333333333333333,14.0,1.5845794000197202
0,NSGA3-PrioInit,12,0.7026490722797366,0.26778878033106324,1.5447694296661307,0.8718238555070432,0.3186257485493581,0.07678623563514736,0.7026490722797366,0.26778878033106324,1.5447694296661307,0.08137524158274845,0.8718238555070432,0.40021527777777777,0.0,16,13.0,0.15,0.5,16.0,1.719378599897027
0,NSGA3-PrioInit,13,0.6872467087974464,0.3079809152661699,1.211103777942239,0.752030487137756,0.3079625906130838,0.07905868384110709,0.6872467087974464,0.3079809152661699,1.211103777942239,0.1259644150527476,0.752030487137756,0.39025347222222223,0.0,19,9.0,0.075,1.0,19.0,1.6744719999842346
0,NSGA3-PrioInit,14,0.6858339059977767,0.2999051900138648,1.1427391744033626,0.7837803514664209,0.3307108206834945,0.08262528083589209,0.6858339059977767,0.2999051900138648,1.1427391744033626,0.13932427725531174,0.7837803514664209,0.41198958333333335,0.0,20,8.0,0.125,0.6,22.0,1.5372168000321835
0,NSGA3-PrioInit,15,0.6939887604660411,0.296332104216387,1.3113527077656701,0.8966269917860672,0.33144563486891154,0.07906182128361124,0.6939887604660411,0.296332104216387,1.3113527077656701,0.10946907498631636,0.8966269917860672,0.41272222222222227,0.0,15,9.0,0.125,0.6,18.0,1.3553230999968946
0,NSGA3-PrioInit,16,0.6943598375424204,0.26707574463126815,1.1919712032812333,0.7860238037389661,0.43816434265958293,0.08003074448758314,0.6943598375424204,0.26707574463126815,1.1919712032812333,0.12951270843451515,0.7860238037389661,3.5710034722222224,0.0,20,9.0,0.175,0.7142857142857143,17.0,1.5844708000076935
0,NSGA3-PrioInit,17,0.6777657884541057,0.296643617791132,1.0372886595566415,0.6906808285955812,0.3009551528831011,0.0794699638215828,0.6777657884541057,0.296643617791132,1.0372886595566415,0.16420361247947454,0.6906808285955812,0.36857291666666664,0.0,20,6.0,0.075,0.6666666666666666,19.0,1.67123239999637
0,NSGA3-PrioInit,18,0.6827148091949103,0.2969325985981418,1.2392489169603274,0.7909009927130153,0.286590137969658,0.08026836949901596,0.6827148091949103,0.2969325985981418,1.2392489169603274,0.12099213551119177,0.7909009927130153,0.3454444444444445,0.0,18,9.0,0.15,0.3333333333333333,15.0,1.3885655999183655
0,NSGA3-PrioInit,19,0.6752802854617244,0.3104193861359271,1.003495015435271,0.7119595618540512,0.3110257276501758,0.08271558879449062,0.6752802854617244,0.3104193861359271,1.003495015435271,0.1734981565820863,0.7119595618540512,0.39238888888888895,0.0,21,6.0,0.15,0.5,19.0,1.5954747999785468
0,NSGA3-PrioInit,20,0.6444430667734036,0.2804602063267418,0.9444891303068568,0.7796587783576505,0.37579746865995134,0.07927718249563073,0.6444430667734036,0.2804602063267418,0.9444891303068568,0.19157088122605365,0.7796587783576505,0.4972986111111111,0.0,25,6.0,0.175,0.42857142857142855,21.0,1.4168893999885768
0,NSGA3-PrioInit,21,0.691853905448969,0.2645315311507507,1.182288815689544,0.7880606825746241,0.36885556681921505,0.07960602801971539,0.691853905448969,0.2645315311507507,1.182288815689544,0.13136288998357964,0.7880606825746241,0.47939236111111116,0.0,22,9.0,0.15,0.3333333333333333,16.0,1.5100971999345347
0,NSGA3-PrioInit,22,0.6683529848937667,0.2805801878062596,1.201575571988228,0.8633301890543403,0.3962285020272556,0.07901737953486294,0.6683529848937667,0.2805801878062596,1.201575571988228,0.1277139208173691,0.8633301890543403,0.554625,0.0,19,8.0,0.2,0.5,18.0,1.61754749994725
0,NSGA3-PrioInit,23,0.6356620230223524,0.2727776931745576,1.1626821716231532,0.7557650574890331,0.3339911998990008,0.07435436152909286,0.6356620230223524,0.2727776931745576,1.1626821716231532,0.1352265043948614,0.7557650574890331,0.4325555555555556,0.0,23,9.0,0.125,0.4,18.0,1.647373800049536
0,NSGA3-PrioInit,24,0.6711023107507528,0.29765882982270914,1.0912883633487744,0.7195339003547745,0.30131099996176997,0.07958212854175305,0.6711023107507528,0.29765882982270914,1.0912883633487744,0.15074429998115696,0.7195339003547745,0.37839930555555557,0.0,22,8.0,0.125,0.6,17.0,2.065836100024171
0,NSGA3-PrioInit,25,0.6794881670431858,0.29521463421372174,0.9919746671444329,0.7581713926964715,0.4120277950234348,0.08340198745130023,0.6794881670431858,0.29521463421372174,0.9919746671444329,0.1768346595932803,0.7581713926964715,0.5639270833333333,0.0,24,6.0,0.125,0.6,18.0,2.8807390000438318
0,NSGA3-PrioInit,26,0.6683749702971182,0.28008967490079495,1.0148846002135223,0.6784543260230902,0.33706001158158816,0.07988195395340994,0.6683749702971182,0.28008967490079495,1.0148846002135223,0.17028522775649213,0.6784543260230902,0.4285486111111111,0.0,23,7.0,0.075,0.6666666666666666,20.0,2.998576099984348
0,NSGA3-PrioInit,27,0.6822092837622286,0.3119514941230248,1.1326360028574725,0.7303803085909619,0.3174486013316802,0.07809883751402841,0.6822092837622286,0.3119514941230248,1.1326360028574725,0.14146772767462423,0.7303803085909619,0.4176388888888889,0.0,17,7.0,0.175,0.5714285714285714,17.0,2.991926799993962
0,NSGA3-PrioInit,28,0.640242681030902,0.2833739366979559,1.059218945609956,0.8385335402107392,0.4075225445519834,0.07795568187728341,0.640242681030902,0.2833739366979559,1.059218945609956,0.15854141894569956,0.8385335402107392,0.5629583333333333,0.0,22,7.0,0.125,0.6,21.0,2.952482799999416
0,NSGA3-PrioInit,29,0.6827600991718408,0.26677924346705273,1.1725264764419856,0.7369621623284835,0.48481523674900984,0.07927588647387032,0.6827600991718408,0.26677924346705273,1.1725264764419856,0.13326669998334167,0.7369621623284835,3.67834375,0.0,21,9.0,0.125,0.6,18.0,2.619473399943672
1,Random,0,0.5074676246723963,0.4533606757776406,0.8137411503644992,0.3462539046013948,0.47255130469362217,,0.5074676246723963,0.4533606757776406,0.8137411503644992,0.24198427102238354,0.3462539046013948,0.6831493055555556,0.0,25,3.0,0.025,1.0,,
1,RoundRobin,0,0.4436943950557769,0.4597676208908947,1.2484896411001856,0.41314740615228673,0.3843671948020575,,0.4436943950557769,0.4597676208908947,1.2484896411001856,0.11942080907598149,0.41314740615228673,1.0065868055555556,0.0,17,9.0,0.025,1.0,,
1,FIFO,0,0.4500354907195332,0.5627634189801436,2.4626151770772586,0.33141402726724134,1.3958194579543641,,0.4500354907195332,0.5627634189801436,2.4626151770772586,0.03368279230348196,0.33141402726724134,8.048961805555557,0.0,3,16.0,0.075,0.6666666666666666,,
1,LeastLoaded,0,0.45571258745836013,0.47872476388716356,0.4983789284753746,0.4017028619754221,0.5137237206722896,,0.45571258745836013,0.47872476388716356,0.4983789284753746,0.45977011494252873,0.4017028619754221,1.214184027777778,0.0,40,1.0,0.05,0.5,,
1,GreedyBestOutcome,0,0.7093770045542007,0.36831520855340727,1.4448051827559236,0.6254104003927188,0.39488180679658114,,0.7093770045542007,0.36831520855340727,1.4448051827559236,0.09195402298850575,0.6254104003927188,0.524576388888889,0.0,12,8.0,0.05,0.5,,
1,StandardNSGA2,0,0.6313465831129015,0.36163763465018184,1.122441895699651,0.7389006794176702,0.31574566652569025,0.06733309292680338,0.6313465831129015,0.36163763465018184,1.122441895699651,0.14367816091954022,0.7389006794176702,0.4025034722222222,0.0,22,8.0,0.075,0.3333333333333333,60.0,1.955357400001958
1,StandardNSGA2,1,0.6466446415599971,0.4111457585564532,0.7994911844726069,0.7267886988561478,0.38099950641493807,0.06041199461523817,0.6466446415599971,0.4111457585564532,0.7994911844726069,0.24852438645542094,0.7267886988561478,0.5015277777777778,0.0,27,4.0,0.175,0.42857142857142855,60.0,1.71169100003317
1,StandardNSGA2,2,0.6189371133150138,0.38820320805440706,0.8415174812746266,0.6997717907760153,0.44666244035924424,0.058791483774712626,0.6189371133150138,0.38820320805440706,0.8415174812746266,0.22988505747126436,0.6997717907760153,1.06259375,0.0,27,5.0,0.1,0.5,60.0,1.5370414999779314
1,StandardNSGA2,3,0.6534571105699876,0.34636501907143247,0.8684058283919128,0.6216410569275702,0.34450802535667907,0.06506000002725905,0.6534571105699876,0.34636501907143247,0.8684058283919128,0.21893814997263272,0.6216410569275702,0.4461458333333333,0.0,26,4.0,0.025,0.0,60.0,2.003138400032185
1,StandardNSGA2,4,0.5950191039772342,0.36149219999981075,0.7397513981473143,0.6165409407448635,0.4525655273572144,0.06128300653998202,0.5950191039772342,0.36149219999981075,0.7397513981473143,0.2786485545106235,0.6165409407448635,1.0608506944444447,0.0,28,3.0,0.125,0.4,60.0,2.7134193000383675
1,StandardNSGA2,5,0.6317759325023719,0.35574506077341583,1.1017707555238399,0.7179426594527896,0.33370212090291423,0.061894185059766973,0.6317759325023719,0.35574506077341583,1.1017707555238399,0.14831294030404152,0.7179426594527896,0.42343402777777783,0.0,22,8.0,0.1,1.0,60.0,2.85465460002888
1,StandardNSGA2,6,0.5987609575450495,0.3798428303523478,0.9322398894708788,0.753380153971953,0.36696526202979135,0.06192580525441667,0.5987609575450495,0.3798428303523478,0.9322398894708788,0.19564685742235266,0.753380153971953,0.48425,0.0,26,6.0,0.2,0.625,60.0,2.837862800108269
1,StandardNSGA2,7,0.6419710733412743,0.3546144901351179,1.122441895699651,0.7301114107917906,0.3295156187176067,0.06549815960896446,0.6419710733412743,0.3546144901351179,1.122441895699651,0.14367816091954022,0.7301114107917906,0.42613888888888896,0.0,22,8.0,0.075,0.0,60.0,2.9224484000587836
1,StandardNSGA2,8,0.6566739673522497,0.37244897713632474,1.0700155515160488,0.7547711083072278,0.3501249911159584,0.0660123687612493,0.6566739673522497,0.37244897713632474,1.0700155515160488,0.15585427625170464,0.7547711083072278,0.44648958333333344,0.0,25,8.0,0.175,0.42857142857142855,60.0,2.9368563999887556
1,StandardNSGA2,9,0.626166970630415,0.3767173920753581,0.9565815297270429,0.81614407131357,0.3959051462027525,0.07167807438470322,0.626166970630415,0.3767173920753581,0.9565815297270429,0.18766127140511377,0.81614407131357,0.5578645833333333,0.0,23,6.0,0.1,0.5,60.0,2.846843099920079
1,StandardNSGA2,10,0.6339486988740154,0.37116282365385533,1.0372886595566415,0.718898008303514,0.3356367798991676,0.06409269845139642,0.6339486988740154,0.37116282365385533,1.0372886595566415,0.16420361247947454,0.718898008303514,0.42240625000000004,0.0,26,8.0,0.1,0.5,60.0,2.8804569999920204
1,StandardNSGA2,11,0.6118906572455943,0.3511473607639745,1.1121543523606332,0.6464089371670032,0.3366492308382799,0.05792240097805887,0.6118906572455943,0.3511473607639745,1.1121543523606332,0.14595876664842183,0.6464089371670032,0.4426111111111112,0.0,23,8.0,0.1,0.5,60.0,2.9678369000321254
1,StandardNSGA2,12,0.6458209777403938,0.32381881430678333,1.0261477756627881,0.5578871416071669,0.29817261728894995,0.059627279409484084,0.6458209777403938,0.32381881430678333,1.0261477756627881,0.1671891327063741,0.5578871416071669,0.3695833333333333,0.0,19,5.0,0.075,0.3333333333333333,60.0,2.1723450999706984
1,StandardNSGA2,13,0.6548255844668557,0.39674060077142553,0.8550673523401052,0.704968960937347,0.47616068365405706,0.053985841664138945,0.6548255844668557,0.39674060077142553,0.8550673523401052,0.224278104850014,0.704968960937347,1.112059027777778,0.0,27,5.0,0.125,0.4,60.0,2.5273035999853164
1,StandardNSGA2,14,0.6737459585938739,0.3315108233166379,1.0372886595566415,0.6674159032259667,0.33438733378238544,0.06500422211452948,0.6737459585938739,0.3315108233166379,1.0372886595566415,0.16420361247947454,0.6674159032259667,0.4378368055555556,0.0,21,6.0,0.075,1.0,60.0,2.124853399931453
1,StandardNSGA2,15,0.602043735710384,0.38220192996504637,0.8137411503644992,0.5879611514284122,0.4017431964737311,0.057447047099973475,0.602043735710384,0.38220192996504637,0.8137411503644992,0.24198427102238354,0.5879611514284122,0.5297743055555556,0.0,27,4.0,0.125,0.4,60.0,1.3198763000546023
1,StandardNSGA2,16,0.594705069687363,0.3589915211008968,0.8550673523401053,0.6729065043925999,0.4883181154936467,0.05583735948109246,0.594705069687363,0.3589915211008968,0.8550673523401053,0.224278104850014,0.6729065043925999,1.5736493055555556,0.0,27,5.0,0.1,0.75,60.0,1.376971899997443
1,StandardNSGA2,17,0.6666893788655439,0.35911144422620384,1.1224418956996507,0.7122867642334993,0.36097148904599125,0.056261577420442674,0.6666893788655439,0.35911144422620384,1.1224418956996507,0.14367816091954022,0.7122867642334993,0.45854166666666674,0.0,21,8.0,0.075,0.6666666666666666,60.0,1.430454200017266
1,StandardNSGA2,18,0.6118222774424746,0.33885267526792695,0.8277458339029348,0.4472071455428798,0.36759670468458794,0.04999808536877987,0.6118222774424746,0.33885267526792695,0.8277458339029348,0.2357795461243737,0.4472071455428798,0.48921875000000004,0.0,25,3.0,0.125,0.6,60.0,1.4093375999946147
1,StandardNSGA2,19,0.6531861655776975,0.3047564290097732,1.2847880786040071,0.6824175073097231,0.2992290730937959,0.06731676017358791,0.6531861655776975,0.3047564290097732,1.2847880786040071,0.11352348517099475,0.6824175073097231,0.3809131944444445,0.0,18,9.0,0.125,0.8,60.0,1.421016100095585
1,StandardNSGA2,20,0.5854301134237412,0.40256561290434495,0.6747429940891573,0.6840956443221149,0.39463225005496044,0.0550307769660926,0.5854301134237412,0.40256561290434495,0.6747429940891573,0.3170828378913991,0.6840956443221149,0.5353680555555556,0.0,32,3.0,0.1,0.75,60.0,1.229453699896112
1,StandardNSGA2,21,0.6505280419349242,0.34162125709634794,0.8944862739468377,0.6330346175645157,0.3357789851919867,0.06306769250826244,0.6505280419349242,0.34162125709634794,0.8944862739468377,0.2089864158829676,0.6330346175645157,0.43396875,0.0,24,5.0,0.05,0.5,60.0,1.3620446000713855
1,StandardNSGA2,22,0.5877092984830494,0.3899435415012555,0.7397513981473143,0.7510249093470172,0.3907954270119996,0.06687805016936499,0.5877092984830494,0.3899435415012555,0.7397513981473143,0.2786485545106235,0.7510249093470172,0.5384409722222223,0.0,28,3.0,0.1,0.5,60.0,1.3120629000477493
1,StandardNSGA2,23,0.662549415517474,0.35540955200935376,0.8550673523401053,0.6506953831838034,0.34152573515216855,0.0640745352307264,0.662549415517474,0.35540955200935376,0.8550673523401053,0.224278104850014,0.6506953831838034,0.4256493055555556,0.0,24,3.0,0.2,0.25,60.0,1.5325561000499874
1,StandardNSGA2,24,0.6577891205984547,0.32533208273883474,1.059218945609956,0.6182827415159844,0.33064461017827557,0.064027437486702,0.6577891205984547,0.32533208273883474,1.059218945609956,0.15854141894569956,0.6182827415159844,0.4169548611111112,0.0,21,6.0,0.1,0.5,60.0,1.8979775999905542
1,StandardNSGA2,25,0.6558299430786748,0.3558430535911773,1.0700155515160488,0.7074397126902812,0.2956030163116929,0.05825087214878867,0.6558299430786748,0.3558430535911773,1.0700155515160488,0.15585427625170464,0.7074397126902812,0.37353125,0.0,21,7.0,0.1,0.5,60.0,3.218640199978836
1,StandardNSGA2,26,0.6625931694920444,0.32586844446534563,0.9198275413214969,0.7339885624899677,0.31794172362971307,0.07095668202973249,0.6625931694920444,0.32586844446534563,0.9198275413214969,0.19990004997501248,0.7339885624899677,0.4058020833333334,0.0,25,6.0,0.15,0.5,60.0,3.4735938999801874
1,StandardNSGA2,27,0.6174843919705093,0.346969859219017,1.112154352360633,0.5622083889062395,0.25646783516460764,0.05749236606323217,0.6174843919705093,0.346969859219017,1.112154352360633,0.14595876664842183,0.5622083889062395,0.31165972222222227,0.0,23,8.0,0.05,1.0,60.0,3.290103600011207
1,StandardNSGA2,28,0.6375742147411152,0.3717480723197336,1.0807043010154629,0.6848744859041245,0.4393206426065893,0.05448442374822932,0.6375742147411152,0.3717480723197336,1.0807043010154629,0.1532567049808429,0.6848744859041245,3.5623194444444444,0.0,25,8.0,0.05,0.5,60.0,3.1892603000160307
1,StandardNSGA2,29,0.640881932968232,0.35024967305481436,1.0807043010154629,0.6830738041449287,0.2959500151044754,0.059609425175062535,0.640881932968232,0.35024967305481436,1.0807043010154629,0.1532567049808429,0.6830738041449287,0.3776840277777778,0.0,22,7.0,0.05,0.5,60.0,3.2880018000723794
1,NSGA3,0,0.6392285038750259,0.32869078459314893,0.8684058283919128,0.7883710993281051,0.3783822779790311,0.07560775817012402,0.6392285038750259,0.32869078459314893,0.8684058283919128,0.21893814997263272,0.7883710993281051,0.5264479166666667,0.0,25,4.0,0.2,0.625,16.0,3.276490299962461
1,NSGA3,1,0.674818108542007,0.310569061362979,0.8550673523401053,0.7136831390872791,0.32266960220783086,0.07370268796349709,0.674818108542007,0.310569061362979,0.8550673523401053,0.224278104850014,0.7136831390872791,0.4057083333333334,0.0,25,4.0,0.2,0.75,16.0,2.865287800086662
1,NSGA3,2,0.6577981987937727,0.3154917454983927,1.003495015435271,0.8025105788853277,0.3043524681481485,0.07587579045611015,0.6577981987937727,0.3154917454983927,1.003495015435271,0.1734981565820863,0.8025105788853277,0.38994097222222224,0.0,22,6.0,0.15,0.5,13.0,1.8627557000145316
1,NSGA3,3,0.6857264959161843,0.30359876178582235,0.9919746671444329,0.7432442481496506,0.3135473235518126,0.07945213025028067,0.6857264959161843,0.30359876178582235,0.9919746671444329,0.1768346595932803,0.7432442481496506,0.3960590277777778,0.0,21,5.0,0.15,0.6666666666666666,15.0,1.577129099983722
1,NSGA3,4,0.6656519903062526,0.3112181297334408,0.9919746671444329,0.7449700589428124,0.2828998268201634,0.07564705124729439,0.6656519903062526,0.3112181297334408,0.9919746671444329,0.1768346595932803,0.7449700589428124,0.3411180555555555,0.0,22,6.0,0.125,0.6,20.0,2.272369600017555
1,NSGA3,5,0.6443627773608037,0.3132693370627213,1.0483111508478486,0.8119364238741487,0.3019108705204704,0.07370146994006285,0.6443627773608037,0.3132693370627213,1.0483111508478486,0.1613228473482557,0.8119364238741487,0.39415625000000004,0.0,20,5.0,0.15,0.5,14.0,3.7016249999869615
1,NSGA3,6,0.6501168788149492,0.33967376902724145,0.9198275413214969,0.8369560095474249,0.31086333831021296,0.07651565312045171,0.6501168788149492,0.33967376902724145,0.9198275413214969,0.19990004997501248,0.8369560095474249,0.38911111111111113,0.0,24,5.0,0.15,0.5,15.0,3.361856000032276
1,NSGA3,7,0.6344921011323422,0.29999091100007613,0.9198275413214969,0.6795306398051835,0.2670588208923151,0.07610296990835977,0.6344921011323422,0.29999091100007613,0.9198275413214969,0.19990004997501248,0.6795306398051835,0.3307361111111111,0.0,24,5.0,0.225,0.6666666666666666,18.0,3.363388399942778
1,NSGA3,8,0.6564920845878776,0.303174610676085,1.0148846002135226,0.8039045488524816,0.3456866670256193,0.07554417809808418,0.6564920845878776,0.303174610676085,1.0148846002135226,0.17028522775649213,0.8039045488524816,0.4550868055555556,0.0,21,6.0,0.225,0.6666666666666666,16.0,3.3615712999599054
1,NSGA3,9,0.6692404282777881,0.3569002291495948,0.8415174812746266,0.7973190782285379,0.3357320810088564,0.07900532274549399,0.6692404282777881,0.3569002291495948,0.8415174812746266,0.22988505747126436,0.7973190782285379,0.4320277777777778,0.0,25,4.0,0.175,0.5714285714285714,18.0,3.329439799999818
1,NSGA3,10,0.6607264722572574,0.3088037672557885,0.8684058283919128,0.7062314169932031,0.31153427667292616,0.07194403235164724,0.6607264722572574,0.3088037672557885,0.8684058283919128,0.21893814997263272,0.7062314169932031,0.4028263888888889,0.0,26,5.0,0.15,0.6666666666666666,15.0,2.9898666000226513
1,NSGA3,11,0.6778494397763447,0.3054934325947536,0.9803189452974895,0.7227819919622207,0.30507620903756855,0.07572531036634376,0.6778494397763447,0.3054934325947536,0.9803189452974895,0.18030200585981518,0.7227819919622207,0.37607638888888895,0.0,24,7.0,0.075,0.6666666666666666,15.0,2.903792600031011
1,NSGA3,12,0.6686218599157459,0.31418474736172675,0.8815425052328281,0.7285422968327941,0.3078497676862407,0.07440755430381871,0.6686218599157459,0.31418474736172675,0.8815425052328281,0.21384656508954825,0.7285422968327941,0.3805104166666667,0.0,26,5.0,0.125,0.6,15.0,1.9956625000340864
1,NSGA3,13,0.6639607311049788,0.319536227206621,0.7702007157586646,0.6889291083663412,0.35296795679262505,0.0715761839598073,0.6639607311049788,0.319536227206621,0.7702007157586646,0.2627257799671593,0.6889291083663412,0.4588298611111112,0.0,28,4.0,0.075,0.6666666666666666,21.0,2.063764400081709
1,NSGA3,14,0.6682511777229084,0.29936465795401357,1.0807043010154629,0.7134981787595546,0.2525434157284751,0.07193921296885676,0.6682511777229084,0.29936465795401357,1.0807043010154629,0.1532567049808429,0.7134981787595546,0.30640625000000005,0.0,20,7.0,0.25,0.5,17.0,2.954636099981144
1,NSGA3,15,0.6357317771886075,0.3206624224704601,0.9198275413214969,0.7839556258587473,0.3514802603023785,0.07464255180961014,0.6357317771886075,0.3206624224704601,0.9198275413214969,0.19990004997501248,0.7839556258587473,0.48403125,0.0,25,5.0,0.125,0.4,15.0,2.6420640000142157
1,NSGA3,16,0.6588102936590146,0.32350094391876194,1.0148846002135223,0.8476275654146616,0.3152846524118007,0.07727185387608602,0.6588102936590146,0.32350094391876194,1.0148846002135223,0.17028522775649213,0.8476275654146616,0.39431944444444444,0.0,22,6.0,0.175,0.5714285714285714,14.0,2.742820500046946
1,NSGA3,17,0.6658870176805218,0.32103113456293964,1.003495015435271,0.6744796986622792,0.253734926628469,0.07478847135217374,0.6658870176805218,0.32103113456293964,1.003495015435271,0.1734981565820863,0.6744796986622792,0.30753125,0.0,21,6.0,0.125,0.4,15.0,2.2583678000373766
1,NSGA3,18,0.6845200127192671,0.30269976550660865,1.0700155515160488,0.7524615757548718,0.2893743267258441,0.08010396567794877,0.6845200127192671,0.30269976550660865,1.0700155515160488,0.15585427625170464,0.7524615757548718,0.35825347222222226,0.0,21,7.0,0.1,0.75,14.0,1.5775849999627098
1,NSGA3,19,0.6737953076709352,0.2983577614869445,1.0807043010154629,0.7234701623378238,0.28009511957485467,0.07468374412119642,0.6737953076709352,0.2983577614869445,1.0807043010154629,0.1532567049808429,0.7234701623378238,0.34465972222222224,0.0,19,7.0,0.15,0.6666666666666666,15.0,1.5486572000663728
1,NSGA3,20,0.6695766188298702,0.36802909840715686,0.9803189452974895,0.8330707386931916,0.31099813409057864,0.07584511038731102,0.6695766188298702,0.36802909840715686,0.9803189452974895,0.18030200585981518,0.8330707386931916,0.3857534722222223,0.0,24,6.0,0.125,0.6,18.0,1.512767400010489
1,NSGA3,21,0.6619543946373647,0.3269693771512541,0.9444891303068569,0.7672533805460713,0.3634049234912312,0.07425379711020952,0.6619543946373647,0.3269693771512541,0.9444891303068569,0.19157088122605365,0.7672533805460713,0.4743611111111111,0.0,23,5.0,0.2,0.5,24.0,1.6192180000944063
1,NSGA3,22,0.6547048176204777,0.35791539039985304,0.8684058283919128,0.6829082147311619,0.3041528968704024,0.06652735941295078,0.6547048176204777,0.35791539039985304,0.8684058283919128,0.21893814997263272,0.6829082147311619,0.3794895833333333,0.0,24,4.0,0.1,0.75,17.0,1.4012272999389097
1,NSGA3,23,0.6701847888761886,0.32876831041096966,0.8137411503644992,0.6810514914262429,0.32091222283151,0.07126206023413387,0.6701847888761886,0.32876831041096966,0.8137411503644992,0.24198427102238354,0.6810514914262429,0.40827777777777774,0.0,29,4.0,0.175,0.7142857142857143,25.0,1.486465800087899
1,NSGA3,24,0.6702191291000823,0.2951061641638507,0.8944862739468377,0.7047132273644232,0.3341158232011834,0.07511067215699486,0.6702191291000823,0.2951061641638507,0.8944862739468377,0.2089864158829676,0.7047132273644232,0.42755902777777777,0.0,24,5.0,0.125,0.6,16.0,1.5951437999028713
1,NSGA3,25,0.6439220491196875,0.3315473935807957,0.9444891303068569,0.8323573535747494,0.33106679896801017,0.07148535062715536,0.6439220491196875,0.3315473935807957,0.9444891303068569,0.19157088122605365,0.8323573535747494,0.4187708333333333,0.0,22,5.0,0.225,0.6666666666666666,13.0,1.8019032999873161
1,NSGA3,26,0.6288682852829511,0.3269637127941253,1.0807043010154629,0.8188214730485708,0.28068868413564957,0.07393242673442302,0.6288682852829511,0.3269637127941253,1.0807043010154629,0.1532567049808429,0.8188214730485708,0.34217361111111116,0.0,23,8.0,0.1,0.5,12.0,1.4923170999391004
1,NSGA3,27,0.6715629416236879,0.3088712885820513,0.8550673523401053,0.7035297949477435,0.3719489294766146,0.07996797352741802,0.6715629416236879,0.3088712885820513,0.8550673523401053,0.224278104850014,0.7035297949477435,0.9461180555555557,0.0,27,5.0,0.1,0.5,20.0,1.3171245000557974
1,NSGA3,28,0.6655296428710121,0.3291381716311849,0.9565815297270429,0.7294948916588206,0.2644171193272528,0.07639882849376071,0.6655296428710121,0.3291381716311849,0.9565815297270429,0.18766127140511377,0.7294948916588206,0.3180173611111111,0.0,23,5.0,0.1,0.25,16.0,1.4147606999613345
1,NSGA3,29,0.6815016199124908,0.3735411391207319,0.9444891303068569,0.7462539639529047,0.26836149250027735,0.07608999548841956,0.6815016199124908,0.3735411391207319,0.9444891303068569,0.19157088122605365,0.7462539639529047,0.32461111111111113,0.0,25,6.0,0.1,0.75,14.0,1.606653800001368
1,PAA-NSGA-II,0,0.6721120661798855,0.3768364867550084,1.387999450968369,0.8902469047964349,0.3140299214797301,0.06730138813420795,0.6721120661798855,0.3768364867550084,1.387999450968369,0.09887529353602768,0.8902469047964349,0.38779861111111114,0.0,16,10.0,0.15,0.6666666666666666,60.0,2.069838799885474
1,PAA-NSGA-II,1,0.6372702399598309,0.36815495262589554,1.3200887962222398,0.881810312561026,0.27589051140286136,0.0710685174297418,0.6372702399598309,0.36815495262589554,1.3200887962222398,0.10818120351588911,0.881810312561026,0.3336076388888889,0.0,18,10.0,0.075,0.3333333333333333,60.0,2.424301900085993
1,PAA-NSGA-II,2,0.6644676169398156,0.3650409174380996,1.3113527077656701,0.8264034368026631,0.28765865012007386,0.06534486425460079,0.6644676169398156,0.3650409174380996,1.3113527077656701,0.10946907498631636,0.8264034368026631,0.351625,0.0,18,9.0,0.075,0.3333333333333333,60.0,2.50488449994009
1,PAA-NSGA-II,3,0.6354620138637311,0.4040356931786603,1.1822888156895441,0.8423710858679259,0.30689092910103194,0.06870968698635332,0.6354620138637311,0.4040356931786603,1.1822888156895441,0.13136288998357964,0.8423710858679259,0.38254166666666667,0.0,19,8.0,0.1,0.5,60.0,2.522260500001721
1,PAA-NSGA-II,4,0.6432874235037754,0.3610088092390395,1.0700155515160488,0.7713362403451839,0.41647665477353185,0.0671184672095573,0.6432874235037754,0.3610088092390395,1.0700155515160488,0.15585427625170464,0.7713362403451839,1.0081562500000003,0.0,23,7.0,0.075,0.3333333333333333,60.0,2.634095499990508
1,PAA-NSGA-II,5,0.6272896755469167,0.3171229405535606,1.1725264764419856,0.6183622105827327,0.3037354168252887,0.06949633820921802,0.6272896755469167,0.3171229405535606,1.1725264764419856,0.13326669998334167,0.6183622105827327,0.38532638888888887,0.0,20,8.0,0.075,1.0,60.0,2.266333800042048
1,PAA-NSGA-II,6,0.6160106901985041,0.35327611636134415,1.201575571988228,0.762782498265208,0.38403967382394766,0.06416361775829167,0.6160106901985041,0.35327611636134415,1.201575571988228,0.1277139208173691,0.762782498265208,0.5453715277777779,0.0,20,9.0,0.175,0.7142857142857143,60.0,2.253075600019656
1,PAA-NSGA-II,7,0.6287461234438276,0.3690597689131945,1.3629295501408405,0.8349920185189582,0.3180310085140937,0.06478696539507461,0.6287461234438276,0.3690597689131945,1.3629295501408405,0.10217113665389528,0.8349920185189582,0.393,0.0,19,10.0,0.1,0.5,60.0,1.5236806999891996
1,PAA-NSGA-II,8,0.6444493487009284,0.3789633467669254,1.3200887962222396,0.9007744088869843,0.3112357721980018,0.06772180277978612,0.6444493487009284,0.3789633467669254,1.3200887962222396,0.10818120351588911,0.9007744088869843,0.41901736111111115,0.0,18,9.0,0.1,0.5,60.0,1.984902000054717
1,PAA-NSGA-II,9,0.6610337442077574,0.33565236926097836,1.293703564449794,0.7143541648661698,0.34823058573797183,0.06937822963633761,0.6610337442077574,0.33565236926097836,1.293703564449794,0.112139052425007,0.7143541648661698,0.44771875000000005,0.0,21,10.0,0.125,0.6,60.0,2.641728000016883
1,PAA-NSGA-II,10,0.6014893999883657,0.39118933383105003,1.0700155515160488,0.7078260837576245,0.30274933634580303,0.06331679565225222,0.6014893999883657,0.39118933383105003,1.0700155515160488,0.15585427625170464,0.7078260837576245,0.38098263888888895,0.0,25,8.0,0.125,0.6,60.0,2.941789999953471
1,PAA-NSGA-II,11,0.5914053693173855,0.40467788833845775,1.1527538013223835,0.7767383200875984,0.3365780209168644,0.0636760748717189,0.5914053693173855,0.40467788833845775,1.1527538013223835,0.1372448104306056,0.7767383200875984,0.4803680555555556,0.0,23,9.0,0.075,0.3333333333333333,60.0,3.2229527999879792
1,PAA-NSGA-II,12,0.6773311744911261,0.3246761857433093,1.337389786638785,0.7139648555783493,0.29039461407046085,0.06569886474479172,0.6773311744911261,0.3246761857433093,1.337389786638785,0.10569427929713304,0.7139648555783493,0.35337500000000005,0.0,18,10.0,0.075,0.3333333333333333,60.0,3.2878842999925837
1,PAA-NSGA-II,13,0.6550304981838571,0.322008229789209,1.1427391744033626,0.6966653466875011,0.33683377332095227,0.06903711474984557,0.6550304981838571,0.322008229789209,1.1427391744033626,0.13932427725531174,0.6966653466875011,0.4684652777777778,0.0,21,8.0,0.15,0.6666666666666666,60.0,3.42568260000553
1,PAA-NSGA-II,14,0.6202952566655391,0.3379383930830915,1.0912883633487744,0.5853035578511429,0.22870162556520118,0.06637450149914918,0.6202952566655391,0.3379383930830915,1.0912883633487744,0.15074429998115696,0.5853035578511429,0.2750381944444445,0.0,20,7.0,0.125,0.6,60.0,2.851117299986072
1,PAA-NSGA-II,15,0.6499184139744949,0.32790510930954275,1.1326360028574725,0.6973507903527834,0.314897186008805,0.06832131942926198,0.6499184139744949,0.32790510930954275,1.1326360028574725,0.14146772767462423,0.6973507903527834,0.3943229166666667,0.0,22,8.0,0.125,0.4,60.0,3.143820100114681
1,PAA-NSGA-II,16,0.6089128948800778,0.3679422407734117,1.0700155515160485,0.5900505148526473,0.2656450509112553,0.06808110428329452,0.6089128948800778,0.3679422407734117,1.0700155515160485,0.15585427625170464,0.5900505148526473,0.34148958333333335,0.0,20,6.0,0.05,1.0,60.0,1.9825015000533313
1,PAA-NSGA-II,17,0.6394776399425486,0.39011885459610396,1.1326360028574722,0.852834386774363,0.3596424336066298,0.069431543063236,0.6394776399425486,0.39011885459610396,1.1326360028574722,0.14146772767462423,0.852834386774363,0.4606423611111111,0.0,22,6.0,0.1,0.5,60.0,3.930147400009446
1,PAA-NSGA-II,18,0.6210838761517952,0.34216154318562236,1.1224418956996507,0.5466885929511553,0.2835071084431043,0.06452794504151195,0.6210838761517952,0.34216154318562236,1.1224418956996507,0.14367816091954022,0.5466885929511553,0.34904513888888894,0.0,19,7.0,0.0,,60.0,3.4509768000571057
1,PAA-NSGA-II,19,0.6373602838825011,0.31940610196177827,1.1427391744033626,0.5855944604372625,0.3891449940400603,0.06439133495067483,0.6373602838825011,0.31940610196177827,1.1427391744033626,0.13932427725531174,0.5855944604372625,0.9989756944444446,0.0,22,7.0,0.1,0.5,60.0,3.0016598999500275
1,PAA-NSGA-II,20,0.6227914043559568,0.3785250624021944,1.1224418956996507,0.7629330933385553,0.3581428386399043,0.0650310945366227,0.6227914043559568,0.3785250624021944,1.1224418956996507,0.14367816091954022,0.7629330933385553,0.4875277777777778,0.0,21,7.0,0.075,1.0,60.0,1.782632900052704
1,PAA-NSGA-II,21,0.674758276249204,0.37101346734638857,1.3373897866387852,0.7712564555402978,0.2785695712793153,0.06663236961941245,0.674758276249204,0.37101346734638857,1.3373897866387852,0.10569427929713304,0.7712564555402978,0.33377083333333335,0.0,19,10.0,0.075,0.6666666666666666,60.0,1.3975681000156328
1,PAA-NSGA-II,22,0.6581928409745385,0.314467436850827,1.10177075552384,0.5833215006220224,0.3173563698142293,0.06952109425523922,0.6581928409745385,0.314467436850827,1.10177075552384,0.14831294030404152,0.5833215006220224,0.40786805555555555,0.0,23,8.0,0.1,0.5,60.0,1.573444899986498
1,PAA-NSGA-II,23,0.6434649648753761,0.3530492066718932,1.2299387677605,0.8026741401698143,0.3538816352096198,0.066364761554329,0.6434649648753761,0.3530492066718932,1.2299387677605,0.12260536398467432,0.8026741401698143,0.46632986111111113,0.0,19,8.0,0.1,0.5,60.0,1.4957665000110865
1,PAA-NSGA-II,24,0.6069045501612157,0.41277363838181047,1.112154352360633,0.6831509237150184,0.33844239722061165,0.05988853127587665,0.6069045501612157,0.41277363838181047,1.112154352360633,0.14595876664842183,0.6831509237150184,0.471607638888889,0.0,22,7.0,0.075,0.3333333333333333,60.0,1.4614654999459162
1,PAA-NSGA-II,25,0.6436359231753483,0.3873965667745568,1.1326360028574725,0.7430898331588709,0.3184404916703036,0.0686274729329241,0.6436359231753483,0.3873965667745568,1.1326360028574725,0.14146772767462423,0.7430898331588709,0.4060416666666667,0.0,20,7.0,0.175,0.5714285714285714,60.0,1.494148000027053
1,PAA-NSGA-II,26,0.6519425986831346,0.35952106669568684,1.1822888156895437,0.8084315211180627,0.39115335615091823,0.06547318615715267,0.6519425986831346,0.35952106669568684,1.1822888156895437,0.13136288998357964,0.8084315211180627,0.9640208333333335,0.0,21,8.0,0.15,0.6666666666666666,60.0,1.465918599977158
1,PAA-NSGA-II,27,0.6621376357696562,0.3673372704832799,1.4288054467365827,0.7895110392377344,0.25335198208762577,0.0655175926029526,0.6621376357696562,0.3673372704832799,1.4288054467365827,0.09383063570255688,0.7895110392377344,0.30267361111111113,0.0,15,11.0,0.125,0.4,60.0,1.4569258999545127
1,PAA-NSGA-II,28,0.643607522878422,0.38106944506533086,1.3025580288099372,0.8774132691053806,0.3189018029723244,0.06965425290285995,0.643607522878422,0.38106944506533086,1.3025580288099372,0.1107879795042238,0.8774132691053806,0.3986388888888889,0.0,18,9.0,0.1,0.5,60.0,1.3797904999228194
1,PAA-NSGA-II,29,0.6136477205806163,0.4161315446012626,1.1527538013223835,0.8149504478077002,0.35052781111482384,0.06805289524815125,0.6136477205806163,0.4161315446012626,1.1527538013223835,0.1372448104306056,0.8149504478077002,0.48606597222222225,0.0,20,8.0,0.05,0.0,60.0,1.473054299945943
1,PAA-noPriority,0,0.6013556513934721,0.36440671699032373,1.0148846002135223,0.663154094414368,0.3575978445377585,0.050366958299475996,0.6013556513934721,0.36440671699032373,1.0148846002135223,0.17028522775649213,0.663154094414368,0.4637083333333333,0.0,24,6.0,0.125,0.8,60.0,1.5218692000489682
1,PAA-noPriority,1,0.6414438698356248,0.3224058595522826,1.0372886595566415,0.5642804309611023,0.3827381662384192,0.06228180490587188,0.6414438698356248,0.3224058595522826,1.0372886595566415,0.16420361247947454,0.5642804309611023,0.9537881944444446,0.0,24,7.0,0.025,0.0,60.0,2.679723299923353
1,PAA-noPriority,2,0.6422547761082154,0.3483769902579554,0.8415174812746266,0.5606838505740278,0.36378729644490476,0.04994671731026312,0.6422547761082154,0.3483769902579554,0.8415174812746266,0.22988505747126436,0.5606838505740278,0.4828159722222223,0.0,24,3.0,0.05,1.0,60.0,3.236172099946998
1,PAA-noPriority,3,0.5853953261593176,0.39252457965827187,0.8277458339029348,0.5477637942662434,0.3448196700231804,0.04824747371795612,0.5853953261593176,0.39252457965827187,0.8277458339029348,0.2357795461243737,0.5477637942662434,0.45711111111111113,0.0,26,4.0,0.05,0.5,60.0,3.2486585000297055
1,PAA-noPriority,4,0.6280839219309011,0.41560570043323564,0.9444891303068569,0.6446053654660645,0.3657824268786499,0.052430799209072995,0.6280839219309011,0.41560570043323564,0.9444891303068569,0.19157088122605365,0.6446053654660645,0.4913159722222223,0.0,23,5.0,0.125,0.4,60.0,3.1186492999549955
1,PAA-noPriority,5,0.6237773459816953,0.3103723527896222,0.9919746671444329,0.5338653011855873,0.35492990515603695,0.06178023255725988,0.6237773459816953,0.3103723527896222,0.9919746671444329,0.1768346595932803,0.5338653011855873,0.462638888888889,0.0,21,6.0,0.1,0.75,60.0,2.759755800012499
1,PAA-noPriority,6,0.6003446640554817,0.33701841515116293,0.9322398894708789,0.4713819568257217,0.30586797268143895,0.044288290447314235,0.6003446640554817,0.33701841515116293,0.9322398894708789,0.19564685742235266,0.4713819568257217,0.3892083333333334,0.0,22,4.0,0.1,0.75,60.0,2.0077734000515193
1,PAA-noPriority,7,0.6468473791325174,0.32421993261626286,0.9444891303068569,0.5292875739228837,0.3254672239798561,0.05449995159886569,0.6468473791325174,0.32421993261626286,0.9444891303068569,0.19157088122605365,0.5292875739228837,0.4110243055555555,0.0,23,5.0,0.175,0.2857142857142857,60.0,1.6627125999657437
1,PAA-noPriority,8,0.5921832211841573,0.36462518066617217,0.9685229624340641,0.5700987695583166,0.32723797568370633,0.042925355590712685,0.5921832211841573,0.36462518066617217,0.9685229624340641,0.1839080459770115,0.5700987695583166,0.4284618055555557,0.0,26,7.0,0.2,0.5,60.0,2.1263208999298513
1,PAA-noPriority,9,0.6060985237849061,0.36223030008084667,0.8684058283919128,0.6537984161270212,0.3341690248834632,0.05883130099618013,0.6060985237849061,0.36223030008084667,0.8684058283919128,0.21893814997263272,0.6537984161270212,0.42803819444444446,0.0,25,4.0,0.075,0.3333333333333333,60.0,3.2387055999133736
1,PAA-noPriority,10,0.6267469767612093,0.30986157697806255,0.9198275413214969,0.5796460705360504,0.33524181838092604,0.05946704254903497,0.6267469767612093,0.30986157697806255,0.9198275413214969,0.19990004997501248,0.5796460705360504,0.4242118055555556,0.0,22,4.0,0.075,0.6666666666666666,60.0,2.860152199980803
1,PAA-noPriority,11,0.6712215872188567,0.34880115119239036,0.9072453912952236,0.6449593139777726,0.33562498734099433,0.06357693950943752,0.6712215872188567,0.34880115119239036,0.9072453912952236,0.20434227330779056,0.6449593139777726,0.42761458333333335,0.0,25,5.0,0.125,0.6,60.0,2.977487099939026
1,PAA-noPriority,12,0.6070056375370319,0.3723756093623673,0.8944862739468377,0.5533254824886975,0.3139747141301407,0.0519550909698686,0.6070056375370319,0.3723756093623673,0.8944862739468377,0.2089864158829676,0.5533254824886975,0.39049652777777777,0.0,23,4.0,0.075,0.0,60.0,2.7846411000937223
1,PAA-noPriority,13,0.6564264098855389,0.3841251486231468,1.0372886595566415,0.6035698681187224,0.4007953305907869,0.049722255668911,0.6564264098855389,0.3841251486231468,1.0372886595566415,0.16420361247947454,0.6035698681187224,0.5363750000000002,0.0,20,6.0,0.05,0.5,60.0,2.2078236000379547
1,PAA-noPriority,14,0.6022042233787508,0.32527782948613154,0.8550673523401053,0.4371511896689042,0.31902977020548906,0.050155766078997625,0.6022042233787508,0.32527782948613154,0.8550673523401053,0.224278104850014,0.4371511896689042,0.4059548611111111,0.0,23,3.0,0.075,0.0,60.0,1.9060824000043795
1,PAA-noPriority,15,0.6362143055932499,0.32162676717088534,1.0261477756627881,0.6431863580541857,0.3156267478659477,0.060810250595618745,0.6362143055932499,0.32162676717088534,1.0261477756627881,0.1671891327063741,0.6431863580541857,0.40103124999999995,0.0,23,7.0,0.075,0.6666666666666666,60.0,2.019068899913691
1,PAA-noPriority,16,0.6308080086092144,0.3464698359860899,0.8944862739468377,0.6700270215738017,0.3577982420197928,0.05442968544342399,0.6308080086092144,0.3464698359860899,0.8944862739468377,0.2089864158829676,0.6700270215738017,0.48539583333333336,0.0,25,5.0,0.075,0.6666666666666666,60.0,2.4792862000176683
1,PAA-noPriority,17,0.6534348308242699,0.3776865826527552,0.7849825783431665,0.719081341439414,0.37232002032667905,0.05928110718625343,0.6534348308242699,0.3776865826527552,0.7849825783431665,0.2554278416347382,0.719081341439414,0.49366666666666664,0.0,27,3.0,0.15,0.16666666666666666,60.0,2.265318699995987
1,PAA-noPriority,18,0.6301320366719678,0.3572931541164498,1.112154352360633,0.6956033904970575,0.3535596754653617,0.059478498149634434,0.6301320366719678,0.3572931541164498,1.112154352360633,0.14595876664842183,0.6956033904970575,0.47240625,0.0,24,8.0,0.1,0.5,60.0,1.553444299963303
1,PAA-noPriority,19,0.6367294584042178,0.3079422592721538,0.9444891303068569,0.5390819347010319,0.3247352327299091,0.05436310573655753,0.6367294584042178,0.3079422592721538,0.9444891303068569,0.19157088122605365,0.5390819347010319,0.41842708333333334,0.0,21,4.0,0.1,0.5,60.0,1.5581659000599757
1,PAA-noPriority,20,0.5956993242804041,0.3983277880331568,0.8137411503644991,0.5922584260007713,0.29668196798427504,0.04698323071913155,0.5956993242804041,0.3983277880331568,0.8137411503644991,0.24198427102238354,0.5922584260007713,0.3704270833333333,0.0,25,3.0,0.05,0.5,60.0,1.6345059999730438
1,PAA-noPriority,21,0.6317561159201892,0.3202799814859446,0.9919746671444329,0.637844864146914,0.3100726822731118,0.06111357417973224,0.6317561159201892,0.3202799814859446,0.9919746671444329,0.1768346595932803,0.637844864146914,0.40062499999999995,0.0,22,6.0,0.0,,60.0,1.6080131001072004
1,PAA-noPriority,22,0.6827041495934919,0.3505708206465012,1.1017707555238399,0.7189337614279806,0.3383675375057516,0.06346539306254342,0.6827041495934919,0.3505708206465012,1.1017707555238399,0.14831294030404152,0.7189337614279806,0.4258472222222222,0.0,23,8.0,0.05,0.5,60.0,1.4546316999476403
1,PAA-noPriority,23,0.6176207640428635,0.3383988668297085,0.9803189452974893,0.5695559938132171,0.3138032710370521,0.05262301008992033,0.6176207640428635,0.3383988668297085,0.9803189452974893,0.18030200585981518,0.5695559938132171,0.39079861111111114,0.0,25,6.0,0.025,0.0,60.0,1.4905830000061542
1,PAA-noPriority,24,0.6346222347890651,0.3558708071208181,0.9919746671444329,0.5714795761941069,0.3751135768264621,0.04795086372569049,0.6346222347890651,0.3558708071208181,0.9919746671444329,0.1768346595932803,0.5714795761941069,0.4917465277777778,0.0,25,7.0,0.075,0.6666666666666666,60.0,1.4271060999017209
1,PAA-noPriority,25,0.6234189093461573,0.372792453984841,0.8684058283919128,0.5901367776897687,0.30915715629104024,0.048003996155329035,0.6234189093461573,0.372792453984841,0.8684058283919128,0.21893814997263272,0.5901367776897687,0.3883194444444445,0.0,24,4.0,0.05,0.5,60.0,1.4947386001003906
1,PAA-noPriority,26,0.6350650758088863,0.31441412858945206,0.9322398894708789,0.5250287131444502,0.32112317807729046,0.05629110934649592,0.6350650758088863,0.31441412858945206,0.9322398894708789,0.19564685742235266,0.5250287131444502,0.4058888888888889,0.0,24,6.0,0.1,0.5,60.0,1.519797700108029
1,PAA-noPriority,27,0.6421034874253794,0.33782045940166616,1.0372886595566415,0.5609959277222251,0.35824461206923963,0.052922042305846934,0.6421034874253794,0.33782045940166616,1.0372886595566415,0.16420361247947454,0.5609959277222251,0.46556597222222224,0.0,22,7.0,0.075,0.3333333333333333,60.0,1.4392711999826133
1,PAA-noPriority,28,0.5923682978798754,0.39127386122277075,0.8815425052328281,0.5665768663368217,0.33187759306680487,0.05333089578390057,0.5923682978798754,0.39127386122277075,0.8815425052328281,0.21384656508954825,0.5665768663368217,0.44866319444444447,0.0,23,4.0,0.1,0.75,60.0,2.0045123000163585
1,PAA-noPriority,29,0.6245235028750682,0.3687424713285755,0.8944862739468377,0.5921938372825911,0.34024503036488846,0.050483500489322694,0.6245235028750682,0.3687424713285755,0.8944862739468377,0.2089864158829676,0.5921938372825911,0.4309826388888888,0.0,25,5.0,0.025,1.0,60.0,2.5251344999996945
1,PAA-noAdaptive,0,0.6742225415139529,0.3688669884785009,1.1224418956996507,0.8085150393190395,0.3718278041225726,0.07567897222578672,0.6742225415139529,0.3688669884785009,1.1224418956996507,0.14367816091954022,0.8085150393190395,0.47967361111111106,0.0,20,7.0,0.125,0.6,60.0,2.632943599950522
1,PAA-noAdaptive,1,0.6690906090582859,0.3413791967040563,1.3796934333906814,0.774021733038923,0.2981486914414274,0.06791538828489374,0.6690906090582859,0.3413791967040563,1.3796934333906814,0.09995002498750624,0.774021733038923,0.3651006944444445,0.0,17,10.0,0.15,0.8333333333333334,60.0,2.566173500032164
1,PAA-noAdaptive,2,0.6796353270911955,0.33531224097427453,1.3459568890394897,0.7922675254169386,0.3237926948168533,0.06675380820403719,0.6796353270911955,0.33531224097427453,1.3459568890394897,0.1044932079414838,0.7922675254169386,0.39997222222222223,0.0,18,10.0,0.075,0.3333333333333333,60.0,2.8187315999530256
1,PAA-noAdaptive,3,0.6429963715395276,0.3547760908356637,1.2205576048237503,0.843371777750473,0.3809538048777903,0.07152399873315937,0.6429963715395276,0.3547760908356637,1.2205576048237503,0.12426219322771047,0.843371777750473,0.9461423611111114,0.0,20,8.0,0.1,0.5,60.0,2.9255254000891
1,PAA-noAdaptive,4,0.6398229350908109,0.3723998717344173,1.2758102920010677,0.7396752135126856,0.37017633408040096,0.05971384251367706,0.6398229350908109,0.3723998717344173,1.2758102920010677,0.11494252873563218,0.7396752135126856,0.5064166666666667,0.0,19,9.0,0.075,0.6666666666666666,60.0,2.5338858999311924
1,PAA-noAdaptive,5,0.6548256499922875,0.32519180064363523,1.1725264764419854,0.6654247015219191,0.3311276354693352,0.06875254468260236,0.6548256499922875,0.32519180064363523,1.1725264764419854,0.13326669998334167,0.6654247015219191,0.42850694444444437,0.0,20,8.0,0.1,0.75,60.0,2.8119448999641463
1,PAA-noAdaptive,6,0.6681553058457299,0.3135798318692532,1.387999450968369,0.7339104590571883,0.30264977950660127,0.066067259860641,0.6681553058457299,0.3135798318692532,1.387999450968369,0.09887529353602768,0.7339104590571883,0.37188194444444445,0.0,19,11.0,0.05,0.5,60.0,1.5179324999917299
1,PAA-noAdaptive,7,0.6197355929241594,0.3661968920265949,1.2576624704910284,0.762454376595814,0.29297771228884084,0.07074641509558498,0.6197355929241594,0.3661968920265949,1.2576624704910284,0.11788977306218686,0.762454376595814,0.36358333333333337,0.0,18,9.0,0.025,1.0,60.0,1.3846179000101984
1,PAA-noAdaptive,8,0.6489074053803311,0.3520111660893691,1.396256058764158,0.8087540919688525,0.258034860727853,0.06600738274694452,0.6489074053803311,0.3520111660893691,1.396256058764158,0.09782342871117633,0.8087540919688525,0.30924305555555553,0.0,16,10.0,0.05,0.5,60.0,2.689652399974875
1,PAA-noAdaptive,9,0.6371333077915401,0.3376172719347709,1.1527538013223835,0.7490939444953562,0.3769522762811337,0.07261835120988597,0.6371333077915401,0.3376172719347709,1.1527538013223835,0.1372448104306056,0.7490939444953562,0.9496597222222224,0.0,23,9.0,0.1,0.75,60.0,3.3517728000879288
1,PAA-noAdaptive,10,0.6580463977042958,0.36573137441995285,1.2484896411001858,0.7960256178932706,0.28804909163027437,0.0721706651642666,0.6580463977042958,0.36573137441995285,1.2484896411001858,0.11942080907598149,0.7960256178932706,0.35585069444444445,0.0,17,8.0,0.075,0.6666666666666666,60.0,3.203708800021559
1,PAA-noAdaptive,11,0.6487873004381495,0.37985483418272564,1.1919712032812333,0.8036442015953156,0.3046497062183285,0.07058877303033881,0.6487873004381495,0.37985483418272564,1.1919712032812333,0.12951270843451515,0.8036442015953156,0.3749965277777778,0.0,19,8.0,0.125,0.4,60.0,3.4891817000461742
1,PAA-noAdaptive,12,0.6347121561792491,0.37456985602502396,1.211103777942239,0.7777605400518055,0.2709194037514684,0.06985965470714547,0.6347121561792491,0.37456985602502396,1.211103777942239,0.1259644150527476,0.7777605400518055,0.3366041666666667,0.0,17,8.0,0.125,0.8,60.0,3.4635630000848323
1,PAA-noAdaptive,13,0.6032262256428617,0.38864213183286916,0.8415174812746264,0.7093755624359951,0.44115574687932124,0.06777378929339381,0.6032262256428617,0.38864213183286916,0.8415174812746264,0.22988505747126436,0.7093755624359951,0.6397569444444444,0.0,28,5.0,0.075,0.6666666666666666,60.0,3.638088100007735
1,PAA-noAdaptive,14,0.6500498086554761,0.35510097623811254,1.2847880786040071,0.7457322192779808,0.3035984115055717,0.06749316561567152,0.6500498086554761,0.35510097623811254,1.2847880786040071,0.11352348517099475,0.7457322192779808,0.37448263888888894,0.0,21,10.0,0.1,0.5,60.0,3.3317317999899387
1,PAA-noAdaptive,15,0.673045470110744,0.36871627604517965,1.3459568890394897,0.8507705574837349,0.27732401399104634,0.0670506695614817,0.673045470110744,0.36871627604517965,1.3459568890394897,0.1044932079414838,0.8507705574837349,0.33465625,0.0,15,9.0,0.075,0.3333333333333333,60.0,3.281912799924612
1,PAA-noAdaptive,16,0.6493651204165181,0.3664151620612956,1.3796934333906816,0.8535241215205491,0.2692839596309836,0.0683467092169489,0.6493651204165181,0.3664151620612956,1.3796934333906816,0.09995002498750624,0.8535241215205491,0.3283611111111111,0.0,15,10.0,0.1,0.5,60.0,3.100565499975346
1,PAA-noAdaptive,17,0.6680156223076779,0.35409336068690445,1.3713371082247574,0.8574166696702836,0.33934886652278373,0.06895121752754461,0.6680156223076779,0.35409336068690445,1.3713371082247574,0.10104837691044588,0.8574166696702836,0.4208645833333334,0.0,16,9.0,0.1,0.5,60.0,2.7973309999797493
1,PAA-noAdaptive,18,0.6678980577650285,0.3296416583613621,1.3713371082247576,0.7719873729407818,0.3047325135371842,0.06511894876607621,0.6678980577650285,0.3296416583613621,1.3713371082247576,0.10104837691044588,0.7719873729407818,0.37560416666666663,0.0,16,10.0,0.125,0.6,60.0,1.7806408999022096
1,PAA-noAdaptive,19,0.6216650029069397,0.31399608611110336,1.059218945609956,0.6529216029645679,0.28980348749650114,0.07379163812035355,0.6216650029069397,0.31399608611110336,1.059218945609956,0.15854141894569956,0.6529216029645679,0.35305902777777776,0.0,21,7.0,0.1,0.5,60.0,3.3239371000090614
1,PAA-noAdaptive,20,0.6322331418774132,0.3856570347476628,1.0700155515160488,0.6910652240292826,0.26990813727116636,0.07048518104172431,0.6322331418774132,0.3856570347476628,1.0700155515160488,0.15585427625170464,0.6910652240292826,0.33485416666666673,0.0,22,7.0,0.15,0.6666666666666666,60.0,2.6677542000543326
1,PAA-noAdaptive,21,0.6828959106033589,0.3231607837438354,1.337389786638785,0.7356709916998447,0.3545647937169147,0.06823227675366886,0.6828959106033589,0.3231607837438354,1.337389786638785,0.10569427929713304,0.7356709916998447,0.45872916666666674,0.0,18,10.0,0.075,0.6666666666666666,60.0,2.9618838999886066
1,PAA-noAdaptive,22,0.6680341739101867,0.3520727913668303,1.3200887962222396,0.7378642259948253,0.3327847232286488,0.06486427778424651,0.6680341739101867,0.3520727913668303,1.3200887962222396,0.10818120351588911,0.7378642259948253,0.4140763888888889,0.0,17,10.0,0.05,0.0,60.0,2.8441950998967513
1,PAA-noAdaptive,23,0.6426058018350721,0.34806364934718487,1.3113527077656701,0.7511476016899723,0.30903310915518395,0.07165293489209418,0.6426058018350721,0.34806364934718487,1.3113527077656701,0.10946907498631636,0.7511476016899723,0.37937847222222226,0.0,17,9.0,0.05,0.5,60.0,2.103117599966936
1,PAA-noAdaptive,24,0.6488435579779113,0.37968361898850106,1.266768880036419,0.7393653183723485,0.2406803769849722,0.0664012089642294,0.6488435579779113,0.37968361898850106,1.266768880036419,0.11639749745380475,0.7393653183723485,0.28426736111111117,0.0,18,9.0,0.075,0.3333333333333333,60.0,1.42564599995967
1,PAA-noAdaptive,25,0.6643007427462784,0.3070137146710633,1.2576624704910284,0.7007680652066007,0.37516574779027756,0.06828799888653139,0.6643007427462784,0.3070137146710633,1.2576624704910284,0.11788977306218686,0.7007680652066007,0.941232638888889,0.0,18,9.0,0.075,0.6666666666666666,60.0,1.4378340999828652
1,PAA-noAdaptive,26,0.638163305991878,0.3282427355900425,1.2392489169603271,0.701120576152236,0.36369389033815536,0.06919547061679776,0.638163305991878,0.3282427355900425,1.2392489169603271,0.12099213551119177,0.701120576152236,0.9343958333333335,0.0,19,9.0,0.025,0.0,60.0,1.4955559000372887
1,PAA-noAdaptive,27,0.6963634979000973,0.3527663098871088,1.387999450968369,0.824981813707784,0.32774014358835263,0.06999314103523781,0.6963634979000973,0.3527663098871088,1.387999450968369,0.09887529353602768,0.824981813707784,0.41167708333333336,0.0,18,10.0,0.05,0.5,60.0,1.556593899964355
1,PAA-noAdaptive,28,0.6475924139529808,0.31972533656609564,1.2299387677604998,0.6823971352584206,0.26967342772965586,0.07159086483119663,0.6475924139529808,0.31972533656609564,1.2299387677604998,0.12260536398467432,0.6823971352584206,0.3433993055555556,0.0,18,8.0,0.1,0.5,60.0,1.4118286999873817
1,PAA-noAdaptive,29,0.654239451794987,0.39517250622162203,1.3200887962222398,0.9314569107029025,0.34363739430930923,0.06838649422678773,0.654239451794987,0.39517250622162203,1.3200887962222398,0.10818120351588911,0.9314569107029025,0.44515625,0.0,17,9.0,0.1,0.5,60.0,1.4828833000501618
1,PAA-noSLAMut,0,0.5556353893190875,0.4143267476484154,0.9685229624340642,0.7612571187796752,0.2945034542472018,0.0712687563570735,0.5556353893190875,0.4143267476484154,0.9685229624340642,0.1839080459770115,0.7612571187796752,0.37926736111111115,0.0,22,5.0,0.125,0.8,60.0,1.6840771998977289
1,PAA-noSLAMut,1,0.6522700909678998,0.31862270545436566,1.3544698050897952,0.6839277735122348,0.2751356780254363,0.06575114753171636,0.6522700909678998,0.31862270545436566,1.3544698050897952,0.10331912695337725,0.6839277735122348,0.34463194444444445,0.0,17,10.0,0.05,0.5,60.0,1.57952180004213
1,PAA-noSLAMut,2,0.642989004220252,0.367092152764456,1.3200887962222398,0.8109171647380027,0.30156737337468603,0.06238695456217795,0.642989004220252,0.367092152764456,1.3200887962222398,0.10818120351588911,0.8109171647380027,0.36536805555555557,0.0,15,8.0,0.075,0.6666666666666666,60.0,1.5940338000655174
1,PAA-noSLAMut,3,0.64363752068814,0.3123123989135472,1.1527538013223833,0.6212418746753119,0.27436647626738714,0.06935657617591848,0.64363752068814,0.3123123989135472,1.1527538013223833,0.1372448104306056,0.6212418746753119,0.3325972222222222,0.0,22,8.0,0.15,0.5,60.0,1.3547126000048593
1,PAA-noSLAMut,4,0.6163498807494966,0.3474730293087985,1.0372886595566415,0.705323741949978,0.3981605188698551,0.06894640387011133,0.6163498807494966,0.3474730293087985,1.0372886595566415,0.16420361247947454,0.705323741949978,0.9915694444444444,0.0,23,7.0,0.125,0.6,60.0,1.4022144000045955
1,PAA-noSLAMut,5,0.6955685643494766,0.3721578427630412,1.354469805089795,0.7919440695997844,0.31564487807262687,0.06681943719789521,0.6955685643494766,0.3721578427630412,1.354469805089795,0.10331912695337725,0.7919440695997844,0.3879722222222222,0.0,17,9.0,0.075,0.3333333333333333,60.0,1.4772265000501648
1,PAA-noSLAMut,6,0.6339774382379982,0.33958629430210474,1.2937035644497943,0.7864804075438849,0.3290637161325495,0.0713500962556943,0.6339774382379982,0.33958629430210474,1.2937035644497943,0.112139052425007,0.7864804075438849,0.447638888888889,0.0,19,10.0,0.125,0.6,60.0,1.4493664000183344
1,PAA-noSLAMut,7,0.634955509038495,0.38269118376180894,1.201575571988228,0.8047711272136684,0.3663428280117815,0.06941166669725471,0.634955509038495,0.38269118376180894,1.201575571988228,0.1277139208173691,0.8047711272136684,0.4837152777777778,0.0,21,9.0,0.075,0.6666666666666666,60.0,1.897105299984105
1,PAA-noSLAMut,8,0.6479612505065401,0.383406593074352,1.1919712032812333,0.8031787781498625,0.4030641668124614,0.06713678336700109,0.6479612505065401,0.383406593074352,1.1919712032812333,0.12951270843451515,0.8031787781498625,0.5673993055555556,0.0,19,8.0,0.075,0.3333333333333333,60.0,2.345958999940194
1,PAA-noSLAMut,9,0.6432409678976356,0.3498061765617552,1.2205576048237503,0.7015221605543374,0.24065190310092222,0.07127797601985009,0.6432409678976356,0.3498061765617552,1.2205576048237503,0.12426219322771047,0.7015221605543374,0.28685763888888893,0.0,17,8.0,0.1,0.5,60.0,2.8698068999219686
1,PAA-noSLAMut,10,0.6445673082211885,0.3103456268389815,1.2299387677605,0.5879589719036977,0.2543121554626596,0.06750504051658841,0.6445673082211885,0.3103456268389815,1.2299387677605,0.12260536398467432,0.5879589719036977,0.30386111111111114,0.0,19,9.0,0.125,0.6,60.0,3.175556299975142
1,PAA-noSLAMut,11,0.6258211337396303,0.3426426446867449,1.003495015435271,0.6067106879487767,0.34016562266957523,0.06896697113122448,0.6258211337396303,0.3426426446867449,1.003495015435271,0.1734981565820863,0.6067106879487767,0.46976736111111117,0.0,24,7.0,0.125,0.6,60.0,3.4846970998914912
1,PAA-noSLAMut,12,0.6315205628339973,0.36361092021089114,1.2205576048237503,0.6756073413495791,0.282830871187997,0.06566249298436122,0.6315205628339973,0.36361092021089114,1.2205576048237503,0.12426219322771047,0.6756073413495791,0.34648611111111116,0.0,19,8.0,0.05,0.5,60.0,3.090788400033489
1,PAA-noSLAMut,13,0.6503529258683806,0.36841362474204054,1.162682171623153,0.8501988049412301,0.3595862214260178,0.07526865248346151,0.6503529258683806,0.36841362474204054,1.162682171623153,0.1352265043948614,0.8501988049412301,0.46353472222222225,0.0,18,7.0,0.125,0.6,60.0,2.3191277000587434
1,PAA-noSLAMut,14,0.6116215485472545,0.3297807132897851,1.1017707555238399,0.6311586725047288,0.24458488462675793,0.0683399719887382,0.6116215485472545,0.3297807132897851,1.1017707555238399,0.14831294030404152,0.6311586725047288,0.29318055555555556,0.0,20,7.0,0.15,0.3333333333333333,60.0,2.5433008999098092
1,PAA-noSLAMut,15,0.6271142083296445,0.3999514620600285,1.0483111508478486,0.7221833731439101,0.2693960561934964,0.06951996502642868,0.6271142083296445,0.3999514620600285,1.0483111508478486,0.1613228473482557,0.7221833731439101,0.32786458333333335,0.0,20,6.0,0.125,0.6,60.0,1.532494300045073
1,PAA-noSLAMut,16,0.6224081162965517,0.3297855388567378,1.2576624704910284,0.6809748979120489,0.3535671087564478,0.06667868471313951,0.6224081162965517,0.3297855388567378,1.2576624704910284,0.11788977306218686,0.6809748979120489,0.9121909722222223,0.0,21,10.0,0.075,0.0,60.0,1.5365488999523222
1,PAA-noSLAMut,17,0.6213414924651245,0.3652205032678205,1.0483111508478486,0.601402205589309,0.3182270417214329,0.06944332412982203,0.6213414924651245,0.3652205032678205,1.0483111508478486,0.1613228473482557,0.601402205589309,0.41892708333333334,0.0,24,7.0,0.1,0.75,60.0,2.780803400091827
1,PAA-noSLAMut,18,0.6677423764770416,0.30167199767345104,1.3025580288099372,0.6851872194912684,0.35354766299230067,0.06638213954360313,0.6677423764770416,0.30167199767345104,1.3025580288099372,0.1107879795042238,0.6851872194912684,0.448420138888889,0.0,20,10.0,0.05,0.0,60.0,3.121132000000216
1,PAA-noSLAMut,19,0.639313214833828,0.3324390809934682,1.0807043010154629,0.6613101158937431,0.33041206990567434,0.07708266280921693,0.639313214833828,0.3324390809934682,1.0807043010154629,0.1532567049808429,0.6613101158937431,0.4173298611111111,0.0,21,7.0,0.1,0.25,60.0,3.1379575000610203
1,PAA-noSLAMut,20,0.6433738376212821,0.3519658694285694,1.3025580288099372,0.7880148884483468,0.3070770516331355,0.0648228299061089,0.6433738376212821,0.3519658694285694,1.3025580288099372,0.1107879795042238,0.7880148884483468,0.3830729166666667,0.0,18,9.0,0.1,0.75,60.0,3.1041307999985293
1,PAA-noSLAMut,21,0.6288145934899586,0.34135981602829385,1.059218945609956,0.6094765557298814,0.3113337035021798,0.07061637099883727,0.6288145934899586,0.34135981602829385,1.059218945609956,0.15854141894569956,0.6094765557298814,0.38829861111111114,0.0,22,7.0,0.15,0.8333333333333334,60.0,3.09250729996711
1,PAA-noSLAMut,22,0.6398875873924048,0.3097169643354897,1.1919712032812333,0.6268831173795804,0.3984154048183409,0.06566700016531837,0.6398875873924048,0.3097169643354897,1.1919712032812333,0.12951270843451515,0.6268831173795804,1.0061250000000002,0.0,21,8.0,0.075,0.3333333333333333,60.0,2.9908654999453574
1,PAA-noSLAMut,23,0.6403633051106097,0.2928306722585181,1.1919712032812333,0.5444819809480073,0.2706688564664117,0.06929859856319083,0.6403633051106097,0.2928306722585181,1.1919712032812333,0.12951270843451515,0.5444819809480073,0.3319826388888889,0.0,20,8.0,0.05,0.0,60.0,2.4021497999783605
1,PAA-noSLAMut,24,0.6326569106790731,0.389918928315102,1.2205576048237503,0.8117876289721767,0.3553690270213471,0.06680179527427393,0.6326569106790731,0.389918928315102,1.2205576048237503,0.12426219322771047,0.8117876289721767,0.4899166666666668,0.0,19,9.0,0.15,0.5,60.0,2.0990162000525743
1,PAA-noSLAMut,25,0.5799043603248293,0.3771492653020641,0.9198275413214969,0.6674143756214173,0.2886892845672592,0.07009546445446517,0.5799043603248293,0.3771492653020641,0.9198275413214969,0.19990004997501248,0.6674143756214173,0.38788541666666665,0.0,25,5.0,0.1,0.5,60.0,1.5735035000834614
1,PAA-noSLAMut,26,0.6634870510300777,0.3487539585208465,1.396256058764158,0.8187257830288412,0.2873130996117744,0.06631565147752584,0.6634870510300777,0.3487539585208465,1.396256058764158,0.09782342871117633,0.8187257830288412,0.34785763888888893,0.0,15,10.0,0.1,0.75,60.0,2.4266829999396577
1,PAA-noSLAMut,27,0.6306056359351665,0.36919278403937505,1.3025580288099372,0.7382470316988454,0.22124983136971915,0.06680260521930019,0.6306056359351665,0.36919278403937505,1.3025580288099372,0.1107879795042238,0.7382470316988454,0.2627326388888889,0.0,14,8.0,0.1,0.75,60.0,2.5637715000193566
1,PAA-noSLAMut,28,0.6481376446896663,0.3400773578081518,1.211103777942239,0.7682918484358402,0.3236442489985395,0.07039756650847065,0.6481376446896663,0.3400773578081518,1.211103777942239,0.1259644150527476,0.7682918484358402,0.4064583333333333,0.0,17,8.0,0.2,0.5,60.0,2.7828739000251517
1,PAA-noSLAMut,29,0.6470785358511999,0.3031916663321742,1.1017707555238399,0.6422429432616134,0.29744689744794206,0.07284187132156221,0.6470785358511999,0.3031916663321742,1.1017707555238399,0.14831294030404152,0.6422429432616134,0.3836527777777778,0.0,19,7.0,0.075,0.0,60.0,3.0543477999744937
1,PAA-AdaptMut,0,0.6558006644554558,0.37288209096044367,1.2111037779422387,0.8363726094152923,0.30151042539617895,0.07011968129943925,0.6558006644554558,0.37288209096044367,1.2111037779422387,0.1259644150527476,0.8363726094152923,0.37302777777777785,0.0,20,8.0,0.1,0.5,60.0,1.7574949000263587
1,PAA-AdaptMut,1,0.6386968046558323,0.3676117663527522,1.1326360028574725,0.6578575153084818,0.26435448971570735,0.06862885725249193,0.6386968046558323,0.3676117663527522,1.1326360028574725,0.14146772767462423,0.6578575153084818,0.31514930555555554,0.0,20,7.0,0.125,0.6,60.0,1.2870165000203997
1,PAA-AdaptMut,2,0.6910578603239692,0.3756165941323,1.4126245053551467,0.8893614877136805,0.3216056909859396,0.06800963979670356,0.6910578603239692,0.3756165941323,1.4126245053551467,0.09578544061302682,0.8893614877136805,0.4056666666666667,0.0,17,10.0,0.1,0.5,60.0,1.3272788000758737
1,PAA-AdaptMut,3,0.6419447101441742,0.3446784871418013,1.1919712032812333,0.7305864046827333,0.3449233810519144,0.06886361558270133,0.6419447101441742,0.3446784871418013,1.1919712032812333,0.12951270843451515,0.7305864046827333,0.45129166666666665,0.0,22,9.0,0.05,0.5,60.0,1.3696319999871776
1,PAA-AdaptMut,4,0.617991180193642,0.3894499519653237,1.1017707555238399,0.7824748705970738,0.3365710132118219,0.071772244846891,0.617991180193642,0.3894499519653237,1.1017707555238399,0.14831294030404152,0.7824748705970738,0.43471180555555555,0.0,20,7.0,0.125,0.6,60.0,1.3118163000326604
1,PAA-AdaptMut,5,0.6385844481184948,0.3864663583933522,1.1121543523606332,0.7020619853838518,0.2211073926590937,0.07031556275910116,0.6385844481184948,0.3864663583933522,1.1121543523606332,0.14595876664842183,0.7020619853838518,0.2623055555555556,0.0,17,6.0,0.1,0.5,60.0,1.2980796999763697
1,PAA-AdaptMut,6,0.6719243149314108,0.310779505577553,1.337389786638785,0.7698673839466229,0.30308193054769383,0.06937177404917604,0.6719243149314108,0.310779505577553,1.337389786638785,0.10569427929713304,0.7698673839466229,0.3711597222222222,0.0,18,10.0,0.075,0.3333333333333333,60.0,1.2706760000437498
1,PAA-AdaptMut,7,0.6710497825382692,0.37589322136198666,1.2667688800364192,0.8027692187144112,0.30099702033003356,0.07084778044436048,0.6710497825382692,0.37589322136198666,1.2667688800364192,0.11639749745380475,0.8027692187144112,0.37173958333333335,0.0,17,9.0,0.1,0.5,60.0,1.2171060000546277
1,PAA-AdaptMut,8,0.6664646781398538,0.35617581831286504,1.2299387677605003,0.7325944421134831,0.3055184400432646,0.06614240774744026,0.6664646781398538,0.35617581831286504,1.2299387677605003,0.12260536398467432,0.7325944421134831,0.38964236111111117,0.0,19,8.0,0.05,0.5,60.0,1.2732239000033587
1,PAA-AdaptMut,9,0.6765708421918692,0.379852880608012,1.266768880036419,0.8451161652030634,0.28513839384144224,0.07121470258212818,0.6765708421918692,0.379852880608012,1.266768880036419,0.11639749745380475,0.8451161652030634,0.3479930555555556,0.0,17,8.0,0.125,0.6,60.0,1.7669192000757903
1,PAA-AdaptMut,10,0.686797432475549,0.3545712171916663,1.3879994509683686,0.8390258591985458,0.3056996483023139,0.06449534563608035,0.686797432475549,0.3545712171916663,1.3879994509683686,0.09887529353602768,0.8390258591985458,0.3811006944444445,0.0,16,10.0,0.075,0.6666666666666666,60.0,1.2800201999489218
1,PAA-AdaptMut,11,0.6357712133605652,0.36477503182928783,1.3113527077656704,0.7208162432473252,0.27479903194384003,0.06570151538036781,0.6357712133605652,0.36477503182928783,1.3113527077656704,0.10946907498631636,0.7208162432473252,0.3406423611111111,0.0,19,10.0,0.1,0.5,60.0,1.4508486000122502
1,PAA-AdaptMut,12,0.6305437623390332,0.3884473431863196,1.0700155515160485,0.7789561653975264,0.45594934104248486,0.06798862579916996,0.6305437623390332,0.3884473431863196,1.0700155515160485,0.15585427625170464,0.7789561653975264,1.1055902777777777,0.0,22,7.0,0.075,0.6666666666666666,60.0,1.5960533999605104
1,PAA-AdaptMut,13,0.6603896396894081,0.33989464012784926,1.2847880786040071,0.774059642181891,0.3330591889455695,0.06802531989935628,0.6603896396894081,0.33989464012784926,1.2847880786040071,0.11352348517099475,0.774059642181891,0.41636805555555567,0.0,18,9.0,0.1,0.5,60.0,2.1398843999486417
1,PAA-AdaptMut,14,0.6346116040867873,0.32576136631005903,1.2299387677605,0.6843610872324202,0.2784281249384962,0.07020406107760106,0.6346116040867873,0.32576136631005903,1.2299387677605,0.12260536398467432,0.6843610872324202,0.35318055555555555,0.0,17,8.0,0.1,0.5,60.0,1.4830247999634594
1,PAA-AdaptMut,15,0.6360983917649223,0.373016300126049,1.2484896411001858,0.777770787526032,0.22268881320417971,0.06614872505675867,0.6360983917649223,0.373016300126049,1.2484896411001858,0.11942080907598149,0.777770787526032,0.26221875,0.0,18,9.0,0.1,0.75,60.0,2.783900299924426
1,PAA-AdaptMut,16,0.6723684344478038,0.351825046532339,1.3879994509683689,0.8251430455508985,0.3390967115774127,0.06569494343390038,0.6723684344478038,0.351825046532339,1.3879994509683689,0.09887529353602768,0.8251430455508985,0.4361736111111112,0.0,18,10.0,0.05,0.0,60.0,2.79782440001145
1,PAA-AdaptMut,17,0.6452667402984131,0.3553163459822656,1.3113527077656701,0.7613066192972563,0.3032098160838211,0.06333008069973867,0.6452667402984131,0.3553163459822656,1.3113527077656701,0.10946907498631636,0.7613066192972563,0.37860416666666674,0.0,19,10.0,0.075,0.6666666666666666,60.0,2.4069862999022007
1,PAA-AdaptMut,18,0.6319988458551531,0.37206908253252136,1.1224418956996507,0.7914620356034313,0.34505808822179407,0.06672477985948512,0.6319988458551531,0.37206908253252136,1.1224418956996507,0.14367816091954022,0.7914620356034313,0.4449201388888889,0.0,19,6.0,0.075,0.3333333333333333,60.0,2.3642406999133527
1,PAA-AdaptMut,19,0.6746524475742776,0.3517463794272648,1.2758102920010679,0.7704133425648744,0.31166595250501034,0.07122114539746435,0.6746524475742776,0.3517463794272648,1.2758102920010679,0.11494252873563218,0.7704133425648744,0.38913194444444443,0.0,20,10.0,0.1,0.5,60.0,2.043805200024508
1,PAA-AdaptMut,20,0.6811017208858745,0.349462303437453,1.2758102920010677,0.7889669947421851,0.36540599930434087,0.07146406528490883,0.6811017208858745,0.349462303437453,1.2758102920010677,0.11494252873563218,0.7889669947421851,0.4884652777777778,0.0,20,9.0,0.1,0.5,60.0,1.6902987000066787
1,PAA-AdaptMut,21,0.6607659102786595,0.3160944241844684,1.201575571988228,0.779216692454864,0.3938643942467478,0.06664115460557965,0.6607659102786595,0.3160944241844684,1.201575571988228,0.1277139208173691,0.779216692454864,0.9710381944444446,0.0,21,9.0,0.1,0.5,60.0,1.459067999967374
1,PAA-AdaptMut,22,0.643325010802305,0.38713453678965914,1.2299387677605,0.8146111937821457,0.3398895551712685,0.06908980922191475,0.643325010802305,0.38713453678965914,1.2299387677605,0.12260536398467432,0.8146111937821457,0.4379895833333333,0.0,19,8.0,0.1,0.5,60.0,1.9208650999935344
1,PAA-AdaptMut,23,0.6054354494064302,0.3845611238041339,0.8944862739468377,0.7145315412624159,0.45849108768624464,0.067850929991285,0.6054354494064302,0.3845611238041339,0.8944862739468377,0.2089864158829676,0.7145315412624159,1.077059027777778,0.0,27,6.0,0.175,0.2857142857142857,60.0,2.5567216998897493
1,PAA-AdaptMut,24,0.6979896958932932,0.3528484361806233,1.3544698050897952,0.8820227776440263,0.30515546297140606,0.06864459429521995,0.6979896958932932,0.3528484361806233,1.3544698050897952,0.10331912695337725,0.8820227776440263,0.3745347222222223,0.0,19,10.0,0.125,0.6,60.0,2.3213140999432653
1,PAA-AdaptMut,25,0.6787969738451375,0.3880045728600815,1.2667688800364192,0.850615834228709,0.39189056587825183,0.06668281015505836,0.6787969738451375,0.3880045728600815,1.2667688800364192,0.11639749745380475,0.850615834228709,0.5674583333333334,0.0,16,8.0,0.05,0.5,60.0,2.4830232999520376
1,PAA-AdaptMut,26,0.6647327400984109,0.35203012638375253,1.2847880786040071,0.7630563942263574,0.30964691810545625,0.06702580626589223,0.6647327400984109,0.35203012638375253,1.2847880786040071,0.11352348517099475,0.7630563942263574,0.38255902777777784,0.0,18,9.0,0.1,0.5,60.0,1.7778392999898642
1,PAA-AdaptMut,27,0.6449608489322785,0.39100808770417517,1.003495015435271,0.6012885286752045,0.36254416522075983,0.06577591159455867,0.6449608489322785,0.39100808770417517,1.003495015435271,0.1734981565820863,0.6012885286752045,0.4768576388888889,0.0,23,5.0,0.075,0.3333333333333333,60.0,1.2805190000217408
1,PAA-AdaptMut,28,0.6549142539341949,0.34138859818758704,1.1427391744033624,0.6934065762325914,0.3211992699080019,0.0683018058495929,0.6549142539341949,0.34138859818758704,1.1427391744033624,0.13932427725531174,0.6934065762325914,0.4026944444444444,0.0,19,7.0,0.15,0.6666666666666666,60.0,1.3116433001123369
1,PAA-AdaptMut,29,0.6746551210820506,0.31820849202629437,1.3113527077656701,0.7352571095898256,0.3079198584671924,0.07340793700482966,0.6746551210820506,0.31820849202629437,1.3113527077656701,0.10946907498631636,0.7352571095898256,0.3828506944444444,0.0,19,10.0,0.025,0.0,60.0,2.275931100011803
1,NSGA3-PrioInit,0,0.6706825460547844,0.31521321995108537,1.0912883633487744,0.6738595548826881,0.2606497485765883,0.07580235472908453,0.6706825460547844,0.31521321995108537,1.0912883633487744,0.15074429998115696,0.6738595548826881,0.3207152777777778,0.0,22,8.0,0.075,1.0,18.0,2.3212155000073835
1,NSGA3-PrioInit,1,0.6585462423177283,0.34447400658584276,1.2392489169603274,0.8772030059085225,0.29896804180516834,0.07602452684745728,0.6585462423177283,0.34447400658584276,1.2392489169603274,0.12099213551119177,0.8772030059085225,0.3715277777777778,0.0,20,9.0,0.125,0.8,20.0,1.318584299995564
1,NSGA3-PrioInit,2,0.6879182919574914,0.32198662331136224,1.1121543523606332,0.7981616697040644,0.31958669110126614,0.07745414460369052,0.6879182919574914,0.32198662331136224,1.1121543523606332,0.14595876664842183,0.7981616697040644,0.40396527777777785,0.0,22,8.0,0.175,0.7142857142857143,15.0,1.4909768999787048
1,NSGA3-PrioInit,3,0.6944758544609013,0.3705623766741623,1.0807043010154629,0.9051384798120775,0.34398841842278627,0.07723378402422376,0.6944758544609013,0.3705623766741623,1.0807043010154629,0.1532567049808429,0.9051384798120775,0.44163194444444454,0.0,20,7.0,0.075,0.3333333333333333,21.0,1.3480655999155715
1,NSGA3-PrioInit,4,0.6936627500119694,0.3443236753060107,1.1626821716231532,0.8182959920665441,0.2683775780207097,0.08062974641551351,0.6936627500119694,0.3443236753060107,1.1626821716231532,0.1352265043948614,0.8182959920665441,0.32138541666666665,0.0,20,8.0,0.15,0.5,17.0,1.362980000092648
1,NSGA3-PrioInit,5,0.6534595156051188,0.37223010674825835,1.2576624704910284,0.9220500167509644,0.27676312042153706,0.07144244288194251,0.6534595156051188,0.37223010674825835,1.2576624704910284,0.11788977306218686,0.9220500167509644,0.33441319444444445,0.0,18,9.0,0.175,0.7142857142857143,14.0,1.1417281000176445
1,NSGA3-PrioInit,6,0.6456702305933442,0.3277768255543725,1.1725264764419856,0.7901573458397497,0.2803464250696469,0.0728673915945938,0.6456702305933442,0.3277768255543725,1.1725264764419856,0.13326669998334167,0.7901573458397497,0.3431111111111111,0.0,21,9.0,0.15,0.8333333333333334,15.0,1.04544779995922
1,NSGA3-PrioInit,7,0.6878890701695068,0.31425037702771597,1.0807043010154629,0.7731474426833532,0.30495829798650187,0.08139678697764935,0.6878890701695068,0.31425037702771597,1.0807043010154629,0.1532567049808429,0.7731474426833532,0.38644791666666667,0.0,21,7.0,0.175,0.7142857142857143,16.0,1.0098795000230893
1,NSGA3-PrioInit,8,0.6661435232241661,0.32653904087822294,1.1017707555238396,0.7327366188097175,0.280515039035654,0.07688570733757069,0.6661435232241661,0.32653904087822294,1.1017707555238396,0.14831294030404152,0.7327366188097175,0.3467916666666667,0.0,21,7.0,0.125,0.6,17.0,1.0262947001028806
1,NSGA3-PrioInit,9,0.6854417235750999,0.33166583246707,1.3113527077656704,0.8836111689493844,0.3019256074115688,0.07614445138570232,0.6854417235750999,0.33166583246707,1.3113527077656704,0.10946907498631636,0.8836111689493844,0.36888194444444444,0.0,18,10.0,0.175,0.7142857142857143,18.0,1.0096386999357492
1,NSGA3-PrioInit,10,0.6645952420326001,0.36352373277569405,0.8550673523401053,0.8050075634519285,0.3347285375994531,0.07979767997046167,0.6645952420326001,0.36352373277569405,0.8550673523401053,0.224278104850014,0.8050075634519285,0.42654513888888895,0.0,26,4.0,0.175,0.5714285714285714,20.0,1.0185719999717548
1,NSGA3-PrioInit,11,0.6839758414040463,0.35805183799001195,1.1527538013223835,0.7578835208898561,0.2625602477316164,0.07514124499169081,0.6839758414040463,0.35805183799001195,1.1527538013223835,0.1372448104306056,0.7578835208898561,0.31556944444444446,0.0,20,8.0,0.1,0.5,15.0,1.010488500003703
1,NSGA3-PrioInit,12,0.687017055614491,0.3157678399098641,1.3544698050897952,0.8284006510446169,0.2777321205752873,0.07773493637700694,0.687017055614491,0.3157678399098641,1.3544698050897952,0.10331912695337725,0.8284006510446169,0.3401736111111111,0.0,18,10.0,0.175,0.7142857142857143,16.0,1.0103768999688327
1,NSGA3-PrioInit,13,0.6811780836883861,0.35532619709040236,1.1017707555238399,0.7715814720804717,0.2809905133428903,0.07806029664684487,0.6811780836883861,0.35532619709040236,1.1017707555238399,0.14831294030404152,0.7715814720804717,0.3397951388888889,0.0,20,7.0,0.1,0.5,15.0,1.0518755000084639
1,NSGA3-PrioInit,14,0.6788921118556763,0.3626359328434135,1.191971203281233,0.8315406597225337,0.26122022756015195,0.07747420999075161,0.6788921118556763,0.3626359328434135,1.191971203281233,0.12951270843451515,0.8315406597225337,0.3154895833333334,0.0,18,8.0,0.15,0.5,15.0,1.0232621999457479
1,NSGA3-PrioInit,15,0.6708925265093562,0.33466673170728,1.1121543523606332,0.7463380471466118,0.2381994734414244,0.07798748679852852,0.6708925265093562,0.33466673170728,1.1121543523606332,0.14595876664842183,0.7463380471466118,0.28455555555555556,0.0,18,7.0,0.125,0.4,15.0,1.0266135999700055
1,NSGA3-PrioInit,16,0.6801389330395609,0.36730036703499946,1.0483111508478486,0.7796306598711158,0.28646003118960917,0.07477946438119916,0.6801389330395609,0.36730036703499946,1.0483111508478486,0.1613228473482557,0.7796306598711158,0.34853472222222226,0.0,22,7.0,0.125,0.4,17.0,1.0207782000070438
1,NSGA3-PrioInit,17,0.6570941221204196,0.33200402659377826,1.2205576048237508,0.8659424312726044,0.3102829061526533,0.07763704189577425,0.6570941221204196,0.33200402659377826,1.2205576048237508,0.12426219322771047,0.8659424312726044,0.38628819444444445,0.0,21,9.0,0.175,0.7142857142857143,15.0,1.011171800084412
1,NSGA3-PrioInit,18,0.6878307042240807,0.35130929351539647,1.1919712032812333,0.910209375779125,0.3277411438576371,0.08033309142835282,0.6878307042240807,0.35130929351539647,1.1919712032812333,0.12951270843451515,0.910209375779125,0.4104895833333334,0.0,20,9.0,0.175,0.7142857142857143,16.0,1.0055056000128388
1,NSGA3-PrioInit,19,0.6718149805731718,0.32419114142544353,0.9072453912952236,0.6655373355849182,0.3003345606992854,0.07828252059237986,0.6718149805731718,0.32419114142544353,0.9072453912952236,0.20434227330779056,0.6655373355849182,0.3821319444444445,0.0,24,5.0,0.2,0.375,19.0,1.0110978999873623
1,NSGA3-PrioInit,20,0.6691255036694523,0.35531039412199256,0.9322398894708789,0.7990385485875335,0.3300827141846597,0.07539708133881863,0.6691255036694523,0.35531039412199256,0.9322398894708789,0.19564685742235266,0.7990385485875335,0.42075347222222226,0.0,23,5.0,0.125,0.6,16.0,1.0644970000721514
1,NSGA3-PrioInit,21,0.6752845789916464,0.32287276295404965,1.0372886595566415,0.7208713786322525,0.3012722392562351,0.07663083648197459,0.6752845789916464,0.32287276295404965,1.0372886595566415,0.16420361247947454,0.7208713786322525,0.37658680555555557,0.0,22,6.0,0.15,0.8333333333333334,18.0,1.0318050000350922
1,NSGA3-PrioInit,22,0.6880388936193784,0.30578339534206317,1.122441895699651,0.7287335969934132,0.2660567707031558,0.08119603639322764,0.6880388936193784,0.30578339534206317,1.122441895699651,0.14367816091954022,0.7287335969934132,0.32165625000000003,0.0,21,8.0,0.15,0.6666666666666666,16.0,1.008663299959153
1,NSGA3-PrioInit,23,0.6447440971883596,0.33561169623500203,1.0261477756627881,0.8558720399143201,0.3676482128346537,0.07766433014620465,0.6447440971883596,0.33561169623500203,1.0261477756627881,0.1671891327063741,0.8558720399143201,0.5067604166666667,0.0,21,5.0,0.1,0.75,20.0,1.0205570999532938
1,NSGA3-PrioInit,24,0.6785475234612918,0.3235409846074196,1.1822888156895437,0.7274965646284978,0.2681742575775463,0.07485573796870927,0.6785475234612918,0.3235409846074196,1.1822888156895437,0.13136288998357964,0.7274965646284978,0.3306145833333333,0.0,19,8.0,0.075,0.3333333333333333,15.0,1.0181037000147626
1,NSGA3-PrioInit,25,0.6780587852786668,0.36196676378184645,1.1725264764419854,0.8022214234112752,0.27343744067508313,0.07376637511722803,0.6780587852786668,0.36196676378184645,1.1725264764419854,0.13326669998334167,0.8022214234112752,0.3285451388888889,0.0,20,7.0,0.1,0.5,14.0,1.0107868000632152
1,NSGA3-PrioInit,26,0.6854667804794048,0.34962721683460896,1.182288815689544,0.9123751405307308,0.35034602393318653,0.0754559928782787,0.6854667804794048,0.34962721683460896,1.182288815689544,0.13136288998357964,0.9123751405307308,0.4440173611111112,0.0,19,8.0,0.125,0.6,14.0,1.0255949000129476
1,NSGA3-PrioInit,27,0.6867423986407177,0.3059966925777029,1.0700155515160485,0.7125676233105585,0.2902304806302882,0.07555907220039304,0.6867423986407177,0.3059966925777029,1.0700155515160485,0.15585427625170464,0.7125676233105585,0.34989236111111116,0.0,20,5.0,0.125,0.6,16.0,1.1532465000636876
1,NSGA3-PrioInit,28,0.6892440847971312,0.34054111561826356,1.3200887962222398,0.8695909601515254,0.32267619595446606,0.073537519159644,0.6892440847971312,0.34054111561826356,1.3200887962222398,0.10818120351588911,0.8695909601515254,0.39995833333333336,0.0,18,9.0,0.175,0.5714285714285714,15.0,1.025035799946636
1,NSGA3-PrioInit,29,0.6906597835537666,0.3104787689586505,1.0700155515160488,0.7753047408702443,0.3185196174438162,0.07741176352303829,0.6906597835537666,0.3104787689586505,1.0700155515160488,0.15585427625170464,0.7753047408702443,0.39798958333333334,0.0,20,7.0,0.1,0.75,15.0,1.0136769000673667
2,Random,0,0.5148778710528574,0.4409134372836515,0.7240467010585573,0.3588251622774174,0.45248337652939485,,0.5148778710528574,0.4409134372836515,0.7240467010585573,0.28735632183908044,0.3588251622774174,0.6560520833333333,0.0,30,3.0,0.05,0.0,,
2,RoundRobin,0,0.4576482597839172,0.4601106054978084,1.162682171623153,0.3311991262003827,0.5024210018418056,,0.4576482597839172,0.4601106054978084,1.162682171623153,0.1352265043948614,0.3311991262003827,1.6517048611111114,0.0,20,8.0,0.1,0.0,,
2,FIFO,0,0.4663675079304482,0.5659152830571939,2.625273265255982,0.47619982629785296,1.4755347544416244,,0.4663675079304482,0.5659152830571939,2.625273265255982,0.029758583491425808,0.47619982629785296,8.17904513888889,0.0,3,20.0,0.075,0.6666666666666666,,
2,LeastLoaded,0,0.4814772450949881,0.4457320368937922,0.4983789284753746,0.430043964316558,0.5415433834558099,,0.4814772450949881,0.4457320368937922,0.4983789284753746,0.45977011494252873,0.430043964316558,1.255715277777778,0.0,40,1.0,0.075,0.3333333333333333,,
2,GreedyBestOutcome,0,0.7271014269689717,0.2846122888687597,1.6733516349767306,0.7551875437631838,0.35715082942109533,,0.7271014269689717,0.2846122888687597,1.6733516349767306,0.07019391067824866,0.7551875437631838,0.4599722222222223,0.0,10,11.0,0.075,0.3333333333333333,,
2,StandardNSGA2,0,0.6363362113985376,0.3300141977269232,1.191971203281233,0.7855979916093403,0.3771854592538567,0.0588365799152665,0.6363362113985376,0.3300141977269232,1.191971203281233,0.12951270843451515,0.7855979916093403,0.5236493055555556,0.0,20,8.0,0.15,0.16666666666666666,60.0,0.9019315999466926
2,StandardNSGA2,1,0.6360794678314321,0.3057403242809137,1.0261477756627881,0.7173876384695881,0.40490693787458143,0.06842495991017065,0.6360794678314321,0.3057403242809137,1.0261477756627881,0.1671891327063741,0.7173876384695881,0.560857638888889,0.0,26,8.0,0.1,0.25,60.0,0.8843936000484973
2,StandardNSGA2,2,0.642631325608098,0.286778620128343,1.1427391744033626,0.6899157566623009,0.3716653644089122,0.072100242651811,0.642631325608098,0.286778620128343,1.1427391744033626,0.13932427725531174,0.6899157566623009,0.4868645833333334,0.0,23,9.0,0.025,0.0,60.0,0.9014816000126302
2,StandardNSGA2,3,0.5587773262050639,0.3445670833467394,0.8815425052328281,0.6250803498440706,0.36209745751135325,0.05637978353772571,0.5587773262050639,0.3445670833467394,0.8815425052328281,0.21384656508954825,0.6250803498440706,0.9320694444444445,0.0,25,4.0,0.05,0.0,60.0,0.8810025000711903
2,StandardNSGA2,4,0.6024253496140048,0.31722081992132334,1.191971203281233,0.7264919799175159,0.2632856357930674,0.07087955905723423,0.6024253496140048,0.31722081992132334,1.191971203281233,0.12951270843451515,0.7264919799175159,0.3292152777777778,0.0,17,8.0,0.125,0.2,60.0,0.8825016999617219
2,StandardNSGA2,5,0.6365879644691448,0.3703507584917016,0.9685229624340642,0.7298845150568195,0.3868431369182891,0.06690621987454536,0.6365879644691448,0.3703507584917016,0.9685229624340642,0.1839080459770115,0.7298845150568195,0.5243680555555555,0.0,25,7.0,0.125,0.4,60.0,0.8785117000807077
2,StandardNSGA2,6,0.6423602495962475,0.32707584787676114,1.1427391744033624,0.5202063834633278,0.2816377038337555,0.06373085034615146,0.6423602495962475,0.32707584787676114,1.1427391744033624,0.13932427725531174,0.5202063834633278,0.36521180555555555,0.0,21,8.0,0.025,0.0,60.0,0.893384899944067
2,StandardNSGA2,7,0.6397031569951921,0.32597684362989404,0.9322398894708789,0.7264214634775781,0.3932496913872888,0.06524240411954638,0.6397031569951921,0.32597684362989404,0.9322398894708789,0.19564685742235266,0.7264214634775781,0.5185694444444445,0.0,22,4.0,0.1,0.5,60.0,0.8793870999943465
2,StandardNSGA2,8,0.6605207523029677,0.3014009412664236,1.2758102920010679,0.6807153983488572,0.2887245290840559,0.06641403103451735,0.6605207523029677,0.3014009412664236,1.2758102920010679,0.11494252873563218,0.6807153983488572,0.3653402777777778,0.0,16,9.0,0.05,0.0,60.0,0.8818915999727324
2,StandardNSGA2,9,0.6659368254040018,0.32153070642537995,1.1326360028574725,0.7591361201299727,0.4141564885705519,0.0629987754582251,0.6659368254040018,0.32153070642537995,1.1326360028574725,0.14146772767462423,0.7591361201299727,0.5485138888888889,0.0,24,9.0,0.05,0.5,60.0,0.9057691999478266
2,StandardNSGA2,10,0.5674838390193998,0.36242657292950364,0.8415174812746264,0.6966349273057681,0.38333492097735483,0.05833954005670963,0.5674838390193998,0.36242657292950364,0.8415174812746264,0.22988505747126436,0.6966349273057681,0.5477638888888888,0.0,27,5.0,0.075,0.6666666666666666,60.0,0.8917349999537691
2,StandardNSGA2,11,0.6412730941551301,0.2944535340345763,1.201575571988228,0.7559813469486456,0.3830888359265986,0.0724153894145875,0.6412730941551301,0.2944535340345763,1.201575571988228,0.1277139208173691,0.7559813469486456,0.51771875,0.0,20,9.0,0.125,0.4,60.0,0.8934429000364617
2,StandardNSGA2,12,0.5718346895655968,0.32885521149206304,1.0700155515160485,0.5564629217442129,0.24356933188654573,0.0630783574550884,0.5718346895655968,0.32885521149206304,1.0700155515160485,0.15585427625170464,0.5564629217442129,0.30720138888888887,0.0,22,6.0,0.1,0.25,60.0,0.878861999954097
2,StandardNSGA2,13,0.6174286689231744,0.3013910097403569,0.9919746671444328,0.6860734662323835,0.3921034595976054,0.0726935261051514,0.6174286689231744,0.3013910097403569,0.9919746671444328,0.1768346595932803,0.6860734662323835,0.52028125,0.0,25,7.0,0.05,0.5,60.0,0.8803397000301629
2,StandardNSGA2,14,0.6136747535771011,0.31798375247946353,1.1725264764419856,0.7717802817258208,0.42509448217337614,0.0588309831025058,0.6136747535771011,0.31798375247946353,1.1725264764419856,0.13326669998334167,0.7717802817258208,0.6053541666666667,0.0,19,8.0,0.075,0.6666666666666666,60.0,0.8883997000521049
2,StandardNSGA2,15,0.6561613756016225,0.29023157682566697,1.112154352360633,0.6520525824824869,0.40110481497186407,0.0717791031035376,0.6561613756016225,0.29023157682566697,1.112154352360633,0.14595876664842183,0.6520525824824869,0.5288854166666667,0.0,23,8.0,0.05,0.0,60.0,0.8890388000290841
2,StandardNSGA2,16,0.6207550939684838,0.3046932850909639,1.1626821716231532,0.6626794010816468,0.3173095078224349,0.06846153721858056,0.6207550939684838,0.3046932850909639,1.1626821716231532,0.1352265043948614,0.6626794010816468,0.397375,0.0,22,9.0,0.1,0.5,60.0,0.8868607999756932
2,StandardNSGA2,17,0.6219729455566818,0.2969969409779762,1.1427391744033626,0.7457086371156052,0.39995398160356266,0.06772607984023385,0.6219729455566818,0.2969969409779762,1.1427391744033626,0.13932427725531174,0.7457086371156052,0.5319340277777778,0.0,23,9.0,0.075,0.0,60.0,0.9500336999772117
2,StandardNSGA2,18,0.632372479066356,0.3251595552111819,1.1919712032812333,0.7303209900532857,0.4118649832297575,0.0644629240433116,0.632372479066356,0.3251595552111819,1.1919712032812333,0.12951270843451515,0.7303209900532857,1.0160625,0.0,21,9.0,0.1,0.75,60.0,0.882245899992995
2,StandardNSGA2,19,0.6386186748431657,0.35033509694856807,0.9685229624340642,0.7296686782271905,0.41731804168973774,0.06959967700280156,0.6386186748431657,0.35033509694856807,0.9685229624340642,0.1839080459770115,0.7296686782271905,0.6225694444444445,0.0,23,6.0,0.125,0.6,60.0,0.8837774000130594
2,StandardNSGA2,20,0.6158071281168178,0.32361419045577255,0.9072453912952236,0.5877146459202723,0.33206176293418704,0.07140096011624705,0.6158071281168178,0.32361419045577255,0.9072453912952236,0.20434227330779056,0.5877146459202723,0.42581944444444453,0.0,23,5.0,0.025,1.0,60.0,0.8762401000130922
2,StandardNSGA2,21,0.644113948635235,0.25631228677025863,1.3879994509683689,0.6758690536965958,0.315832135358398,0.06631202829294765,0.644113948635235,0.25631228677025863,1.3879994509683689,0.09887529353602768,0.6758690536965958,0.40872222222222226,0.0,21,11.0,0.075,0.0,60.0,0.90324460004922
2,StandardNSGA2,22,0.5850813319551913,0.30949478653757534,0.9322398894708789,0.6230814019280471,0.3355006479544132,0.06873116145059915,0.5850813319551913,0.30949478653757534,0.9322398894708789,0.19564685742235266,0.6230814019280471,0.42792708333333335,0.0,22,5.0,0.05,0.5,60.0,0.8769586000125855
2,StandardNSGA2,23,0.6357433226807654,0.28722904567399443,1.1626821716231532,0.6058505641959362,0.2707921491021068,0.07077654461032212,0.6357433226807654,0.28722904567399443,1.1626821716231532,0.1352265043948614,0.6058505641959362,0.33425000000000005,0.0,22,9.0,0.025,1.0,60.0,0.879142599995248
2,StandardNSGA2,24,0.6339503438250326,0.3305933432805951,1.0148846002135223,0.831906048783523,0.42819205799995996,0.07134938116263415,0.6339503438250326,0.3305933432805951,1.0148846002135223,0.17028522775649213,0.831906048783523,0.6119270833333335,0.0,23,6.0,0.15,0.3333333333333333,60.0,0.8793625000398606
2,StandardNSGA2,25,0.6386214546682405,0.3251534725128308,0.8415174812746264,0.722159802545846,0.46062018243152325,0.06471740233518518,0.6386214546682405,0.3251534725128308,0.8415174812746264,0.22988505747126436,0.722159802545846,0.655607638888889,0.0,27,4.0,0.075,0.3333333333333333,60.0,0.8821134000318125
2,StandardNSGA2,26,0.6404726407621,0.3131892553255803,1.0483111508478486,0.7949833773828866,0.36991623291718134,0.07542869643478464,0.6404726407621,0.3131892553255803,1.0483111508478486,0.1613228473482557,0.7949833773828866,0.4842638888888889,0.0,26,8.0,0.1,0.25,60.0,0.883338600047864
2,StandardNSGA2,27,0.6757791687046373,0.31964158601002723,1.182288815689544,0.6447595030735916,0.35766588700152,0.06772514194063664,0.6757791687046373,0.31964158601002723,1.182288815689544,0.13136288998357964,0.6447595030735916,0.46380902777777777,0.0,20,8.0,0.025,0.0,60.0,0.8683323999866843
2,StandardNSGA2,28,0.6243128543570856,0.3621314764347412,0.9803189452974894,0.4930144789223164,0.32332059021637755,0.055372908151396935,0.6243128543570856,0.3621314764347412,0.9803189452974894,0.18030200585981518,0.4930144789223164,0.40872222222222215,0.0,23,6.0,0.0,,60.0,0.8793287000153214
2,StandardNSGA2,29,0.6594992852950902,0.3024523851272996,1.1017707555238396,0.5806527837949915,0.3620405883757285,0.06777497625095609,0.6594992852950902,0.3024523851272996,1.1017707555238396,0.14831294030404152,0.5806527837949915,0.46129861111111115,0.0,23,8.0,0.05,0.0,60.0,0.8695341000566259
2,NSGA3,0,0.68345395696579,0.27562370590177815,1.0034950154352709,0.7036814289981713,0.33404135556606845,0.07940230387428732,0.68345395696579,0.27562370590177815,1.0034950154352709,0.1734981565820863,0.7036814289981713,0.4208506944444445,0.0,24,7.0,0.125,0.2,15.0,1.0016111000441015
2,NSGA3,1,0.6462501977141937,0.28600006308866255,0.9565815297270429,0.798662968275986,0.37323313503909217,0.07879275516148987,0.6462501977141937,0.28600006308866255,0.9565815297270429,0.18766127140511377,0.798662968275986,0.48903125000000003,0.0,23,6.0,0.1,0.25,19.0,0.9887800000142306
2,NSGA3,2,0.6548303897808927,0.27665634042201337,1.1822888156895437,0.7287695645800655,0.28251384833997073,0.07380882672629946,0.6548303897808927,0.27665634042201337,1.1822888156895437,0.13136288998357964,0.7287695645800655,0.34331597222222227,0.0,21,8.0,0.15,0.3333333333333333,20.0,1.0075780000770465
2,NSGA3,3,0.6799924959114612,0.26607160809958963,1.0261477756627881,0.7074352882865979,0.321194894807718,0.07711285089755093,0.6799924959114612,0.26607160809958963,1.0261477756627881,0.1671891327063741,0.7074352882865979,0.39598611111111115,0.0,23,7.0,0.1,0.25,17.0,1.0019450000254437
2,NSGA3,4,0.6787271128258106,0.2599734429282622,1.211103777942239,0.7400541150243057,0.3120807285202102,0.07805952740102574,0.6787271128258106,0.2599734429282622,1.211103777942239,0.1259644150527476,0.7400541150243057,0.3935277777777778,0.0,20,9.0,0.075,0.6666666666666666,15.0,1.0058960999595001
2,NSGA3,5,0.6106837950481652,0.29657060627238063,0.9685229624340641,0.7564452956741371,0.27463240899622265,0.07978953861662443,0.6106837950481652,0.29657060627238063,0.9685229624340641,0.1839080459770115,0.7564452956741371,0.3404826388888889,0.0,23,6.0,0.05,0.0,19.0,1.0209990999428555
2,NSGA3,6,0.6908566406468326,0.2634815609320923,1.1017707555238396,0.733114615974422,0.30785223775814674,0.08239513550574343,0.6908566406468326,0.2634815609320923,1.1017707555238396,0.14831294030404152,0.733114615974422,0.38408333333333333,0.0,22,8.0,0.075,0.3333333333333333,16.0,0.9904923000140116
2,NSGA3,7,0.634534567028099,0.2788851606465538,1.0261477756627881,0.8081311893298035,0.3421982620812236,0.07997175959321699,0.634534567028099,0.2788851606465538,1.0261477756627881,0.1671891327063741,0.8081311893298035,0.44600347222222225,0.0,23,7.0,0.1,0.25,19.0,0.9912639999529347
2,NSGA3,8,0.6442723639416176,0.2848317651984503,0.7994911844726069,0.6008197379073701,0.32864577593609173,0.07427110861081002,0.6442723639416176,0.2848317651984503,0.7994911844726069,0.24852438645542094,0.6008197379073701,0.42316666666666675,0.0,27,4.0,0.05,0.0,19.0,1.006859500077553
2,NSGA3,9,0.6790968607562856,0.2601327907260822,1.059218945609956,0.6985247182086152,0.3455968479101969,0.07959225290625888,0.6790968607562856,0.2601327907260822,1.059218945609956,0.15854141894569956,0.6985247182086152,0.4410208333333333,0.0,22,7.0,0.075,0.0,15.0,1.0077602999517694
2,NSGA3,10,0.6676380189457458,0.2682931323267438,1.1326360028574722,0.7617554111978242,0.2980938988470122,0.07784966381210362,0.6676380189457458,0.2682931323267438,1.1326360028574722,0.14146772767462423,0.7617554111978242,0.3729513888888889,0.0,21,7.0,0.075,0.3333333333333333,15.0,1.0019290000200272
2,NSGA3,11,0.6386053324721457,0.25797566279525197,1.1224418956996507,0.6596791621099545,0.2639219059977062,0.07704036560164607,0.6386053324721457,0.25797566279525197,1.1224418956996507,0.14367816091954022,0.6596791621099545,0.3205694444444445,0.0,22,8.0,0.1,0.25,18.0,0.9913613999960944
2,NSGA3,12,0.6680827979660589,0.26686278175732076,1.0807043010154627,0.7425520330427705,0.30199050607842814,0.07693551558455583,0.6680827979660589,0.26686278175732076,1.0807043010154627,0.1532567049808429,0.7425520330427705,0.3805625,0.0,22,7.0,0.1,0.25,15.0,0.9818475999636576
2,NSGA3,13,0.6780125986883221,0.2745161254223988,0.9565815297270429,0.7119069655992859,0.35327564633188374,0.08067607659811091,0.6780125986883221,0.2745161254223988,0.9565815297270429,0.18766127140511377,0.7119069655992859,0.4513472222222223,0.0,24,6.0,0.05,0.5,16.0,1.0073201999766752
2,NSGA3,14,0.6781645342800505,0.2749082747261455,0.9919746671444329,0.6949887446020071,0.3322608317596153,0.07881936859933486,0.6781645342800505,0.2749082747261455,0.9919746671444329,0.1768346595932803,0.6949887446020071,0.4205694444444445,0.0,22,6.0,0.075,0.0,17.0,1.0082571000093594
2,NSGA3,15,0.668072535319749,0.2679545593902654,1.2299387677605003,0.6493807289062179,0.2593212506754703,0.07818007620600079,0.668072535319749,0.2679545593902654,1.2299387677605003,0.12260536398467432,0.6493807289062179,0.30803819444444447,0.0,21,10.0,0.025,0.0,19.0,1.0135912999976426
2,NSGA3,16,0.6894444071323486,0.27530858501940236,0.9919746671444328,0.7082957854056632,0.35366529545005215,0.08046799012951804,0.6894444071323486,0.27530858501940236,0.9919746671444328,0.1768346595932803,0.7082957854056632,0.44688541666666665,0.0,24,6.0,0.125,0.4,19.0,1.000776099972427
2,NSGA3,17,0.6368967669767123,0.26218738807187547,1.1326360028574725,0.8014435332202936,0.33012161416089586,0.07812769345309903,0.6368967669767123,0.26218738807187547,1.1326360028574725,0.14146772767462423,0.8014435332202936,0.4186076388888889,0.0,20,8.0,0.125,0.2,16.0,0.9882903000107035
2,NSGA3,18,0.6491182399934934,0.2715914650922332,1.059218945609956,0.8102499042235032,0.32023097077694407,0.08189259701185352,0.6491182399934934,0.2715914650922332,1.059218945609956,0.15854141894569956,0.8102499042235032,0.4054826388888889,0.0,25,8.0,0.075,0.3333333333333333,16.0,0.9968537000240758
2,NSGA3,19,0.6690783371411314,0.27734664757329186,1.003495015435271,0.71367689477648,0.3194239435637356,0.07805246505932954,0.6690783371411314,0.27734664757329186,1.003495015435271,0.1734981565820863,0.71367689477648,0.4061180555555556,0.0,21,6.0,0.075,0.0,18.0,1.0131725000683218
2,NSGA3,20,0.6835152882920681,0.27423959830866124,1.0700155515160488,0.7513603541220639,0.33381245239283763,0.07545110208416647,0.6835152882920681,0.27423959830866124,1.0700155515160488,0.15585427625170464,0.7513603541220639,0.4221770833333334,0.0,24,8.0,0.1,0.25,15.0,1.0248580999905244
2,NSGA3,21,0.6843409241325957,0.2921900579589726,1.2576624704910284,0.803260744979591,0.292897261394491,0.08084496251867675,0.6843409241325957,0.2921900579589726,1.2576624704910284,0.11788977306218686,0.803260744979591,0.3628090277777778,0.0,20,10.0,0.1,0.25,14.0,1.0044331999961287
2,NSGA3,22,0.6705776802562543,0.27191701155873493,1.0700155515160488,0.7454905866011746,0.3233634133242285,0.07908339394935714,0.6705776802562543,0.27191701155873493,1.0700155515160488,0.15585427625170464,0.7454905866011746,0.41156944444444454,0.0,24,8.0,0.075,0.6666666666666666,16.0,0.9885154999792576
2,NSGA3,23,0.6496302421388497,0.27630258931761464,1.1527538013223835,0.8232612133547071,0.3094759566205553,0.0767076581437171,0.6496302421388497,0.27630258931761464,1.1527538013223835,0.1372448104306056,0.8232612133547071,0.38440277777777776,0.0,22,9.0,0.125,0.4,15.0,0.9968384000239894
2,NSGA3,24,0.6873863282006919,0.2797957279932912,0.9685229624340641,0.6936364339455686,0.3244507123762272,0.07910199980400301,0.6873863282006919,0.2797957279932912,0.9685229624340641,0.1839080459770115,0.6936364339455686,0.4134513888888889,0.0,26,7.0,0.05,0.0,17.0,0.992176300031133
2,NSGA3,25,0.6706915272385039,0.29559143001961674,0.8550673523401053,0.7737608710078279,0.3576617047439103,0.08068428916515928,0.6706915272385039,0.29559143001961674,0.8550673523401053,0.224278104850014,0.7737608710078279,0.4648298611111111,0.0,26,5.0,0.1,0.5,16.0,0.9960527999792248
2,NSGA3,26,0.7003005485236142,0.25830236467131257,1.2392489169603274,0.7602029114507871,0.3303292006060607,0.0804253072495162,0.7003005485236142,0.25830236467131257,1.2392489169603274,0.12099213551119177,0.7602029114507871,0.4097569444444445,0.0,20,9.0,0.1,0.25,17.0,1.005690599908121
2,NSGA3,27,0.6781372400778652,0.2758792139900083,1.0261477756627881,0.7912164902070373,0.3721974088702634,0.07969612212511458,0.6781372400778652,0.2758792139900083,1.0261477756627881,0.1671891327063741,0.7912164902070373,0.4840034722222223,0.0,22,7.0,0.125,0.4,18.0,1.0018686999101192
2,NSGA3,28,0.6733628432231088,0.2825335336193634,1.0261477756627881,0.7770692820222115,0.3406038740294397,0.0790806726648695,0.6733628432231088,0.2825335336193634,1.0261477756627881,0.1671891327063741,0.7770692820222115,0.43056944444444445,0.0,23,7.0,0.05,0.0,15.0,1.0133969000307843
2,NSGA3,29,0.6676311890076465,0.27464097192262776,1.0807043010154627,0.7318452328063513,0.30708878595978484,0.07840033326314128,0.6676311890076465,0.27464097192262776,1.0807043010154627,0.1532567049808429,0.7318452328063513,0.389875,0.0,22,8.0,0.05,0.0,19.0,1.00667309993878
2,PAA-NSGA-II,0,0.6459571094798932,0.25854359789888387,1.3025580288099372,0.6460334727622776,0.3580506949139277,0.07052858762681344,0.6459571094798932,0.25854359789888387,1.3025580288099372,0.1107879795042238,0.6460334727622776,0.4661736111111111,0.0,20,10.0,0.05,0.0,60.0,0.927585499943234
2,PAA-NSGA-II,1,0.6256859248665784,0.3277536658646188,1.122441895699651,0.6579264100015936,0.3045092817792249,0.07494427488315908,0.6256859248665784,0.3277536658646188,1.122441895699651,0.14367816091954022,0.6579264100015936,0.3917118055555556,0.0,19,8.0,0.075,0.3333333333333333,60.0,0.949632600066252
2,PAA-NSGA-II,2,0.6399760368085318,0.2914785297739534,1.2576624704910284,0.7545517584098294,0.3860325168859236,0.07768067448457056,0.6399760368085318,0.2914785297739534,1.2576624704910284,0.11788977306218686,0.7545517584098294,0.5211979166666667,0.0,18,9.0,0.075,0.3333333333333333,60.0,0.9469705999363214
2,PAA-NSGA-II,3,0.6252829749625783,0.330603324016426,1.2667688800364192,0.7912568060472502,0.4099769386632599,0.0697307864336715,0.6252829749625783,0.330603324016426,1.2667688800364192,0.11639749745380475,0.7912568060472502,0.5490520833333333,0.0,21,10.0,0.1,0.5,60.0,0.9737875999417156
2,PAA-NSGA-II,4,0.6386852422778754,0.3111007190693285,1.2111037779422387,0.7355226500079659,0.3319925306887368,0.07812797172602068,0.6386852422778754,0.3111007190693285,1.2111037779422387,0.1259644150527476,0.7355226500079659,0.43552430555555555,0.0,19,8.0,0.125,0.6,60.0,0.9921712001087144
2,PAA-NSGA-II,5,0.6294336424079576,0.33628013444462007,1.112154352360633,0.6699608185938024,0.33349636747204087,0.07120224823988246,0.6294336424079576,0.33628013444462007,1.112154352360633,0.14595876664842183,0.6699608185938024,0.41985069444444445,0.0,23,7.0,0.075,0.3333333333333333,60.0,0.973067499930039
2,PAA-NSGA-II,6,0.7135405909099604,0.30069222398242057,1.484050047961325,0.8583895831113869,0.3880467041286949,0.07424323262903275,0.7135405909099604,0.30069222398242057,1.484050047961325,0.08757525998905309,0.8583895831113869,0.5386562500000001,0.0,15,11.0,0.075,0.3333333333333333,60.0,0.9418560001067817
2,PAA-NSGA-II,7,0.6891617303899957,0.29821988739084926,1.468477964887372,0.7641594236424998,0.3648023754548448,0.07013855339545005,0.6891617303899957,0.29821988739084926,1.468477964887372,0.08927575047427742,0.7641594236424998,0.46286805555555566,0.0,17,11.0,0.05,0.0,60.0,0.9551388999680057
2,PAA-NSGA-II,8,0.6539661135329746,0.32929414643772165,1.162682171623153,0.7508463882341705,0.4669593742796687,0.07082361195067866,0.6539661135329746,0.32929414643772165,1.162682171623153,0.1352265043948614,0.7508463882341705,0.6438090277777778,0.0,22,8.0,0.05,0.0,60.0,0.9732119000982493
2,PAA-NSGA-II,9,0.6371055490744097,0.29744316866587805,1.2299387677605003,0.6172276451410444,0.3091251658542842,0.06993701083736298,0.6371055490744097,0.29744316866587805,1.2299387677605003,0.12260536398467432,0.6172276451410444,0.3815555555555556,0.0,21,9.0,0.075,0.0,60.0,0.959980999934487
2,PAA-NSGA-II,10,0.6839332558330768,0.287259894246135,1.3544698050897952,0.7912293446533312,0.4092901161467778,0.07420725667807773,0.6839332558330768,0.287259894246135,1.3544698050897952,0.10331912695337725,0.7912293446533312,0.5858368055555556,0.0,17,10.0,0.05,0.5,60.0,0.955954400007613
2,PAA-NSGA-II,11,0.6468728433867932,0.3064644222877526,1.2847880786040071,0.8301718533634354,0.40426426890139827,0.07225392988128859,0.6468728433867932,0.3064644222877526,1.2847880786040071,0.11352348517099475,0.8301718533634354,0.5617291666666666,0.0,22,10.0,0.05,0.5,60.0,0.9551460000220686
2,PAA-NSGA-II,12,0.6474933172774116,0.29283939218983546,1.3373897866387852,0.7483079620414592,0.3935829107458997,0.07318810394858652,0.6474933172774116,0.29283939218983546,1.3373897866387852,0.10569427929713304,0.7483079620414592,0.5249027777777778,0.0,20,11.0,0.1,0.5,60.0,0.939661500044167
2,PAA-NSGA-II,13,0.6469269849249064,0.3282343118025443,1.3713371082247576,0.7697095220868638,0.2750487764659625,0.07179389581157884,0.6469269849249064,0.3282343118025443,1.3713371082247576,0.10104837691044588,0.7697095220868638,0.34243055555555557,0.0,16,10.0,0.075,0.3333333333333333,60.0,0.9491016999818385
2,PAA-NSGA-II,14,0.6599529732050444,0.32326779101341574,1.2667688800364192,0.734666718468369,0.35463452032270626,0.07092987761733481,0.6599529732050444,0.32326779101341574,1.2667688800364192,0.11639749745380475,0.734666718468369,0.4600416666666667,0.0,20,10.0,0.1,0.5,60.0,0.9575804000487551
2,PAA-NSGA-II,15,0.6238799434124014,0.30326417817511203,1.211103777942239,0.6372137352197946,0.36038144855892035,0.07216503738525865,0.6238799434124014,0.30326417817511203,1.211103777942239,0.1259644150527476,0.6372137352197946,0.4810104166666667,0.0,20,9.0,0.025,0.0,60.0,1.1262705000117421
2,PAA-NSGA-II,16,0.6782549208809419,0.25389073575805404,1.436827585471288,0.7399226289368753,0.37061340277454746,0.07126088372203614,0.6782549208809419,0.25389073575805404,1.436827585471288,0.09288285150354116,0.7399226289368753,0.4906041666666667,0.0,18,11.0,0.075,0.0,60.0,1.016783699975349
2,PAA-NSGA-II,17,0.672883740606167,0.29279801856120125,1.2299387677605003,0.8001918667224931,0.4279249357072034,0.07347230573132829,0.672883740606167,0.29279801856120125,1.2299387677605003,0.12260536398467432,0.8001918667224931,0.6310694444444446,0.0,19,9.0,0.1,0.25,60.0,0.9467384000308812
2,PAA-NSGA-II,18,0.6772451054816987,0.2701555905965482,1.3113527077656701,0.7544172590674908,0.4047765232601644,0.07523239988985392,0.6772451054816987,0.2701555905965482,1.3113527077656701,0.10946907498631636,0.7544172590674908,0.5521006944444445,0.0,20,10.0,0.1,0.0,60.0,0.9482880999566987
2,PAA-NSGA-II,19,0.7041854356375729,0.2813254445482171,1.404464128193649,0.828807211190299,0.3613634281409053,0.07806919902891435,0.7041854356375729,0.2813254445482171,1.404464128193649,0.09679370840895342,0.828807211190299,0.4576701388888889,0.0,15,10.0,0.1,0.25,60.0,0.9638553999830037
2,PAA-NSGA-II,20,0.644745782335704,0.32551379688041326,1.0912883633487742,0.7062890132303407,0.4353477727907749,0.07129838223266337,0.644745782335704,0.32551379688041326,1.0912883633487742,0.15074429998115696,0.7062890132303407,0.5986701388888889,0.0,22,7.0,0.025,0.0,60.0,0.968141800025478
2,PAA-NSGA-II,21,0.6439573128972936,0.2520186948057339,1.3796934333906814,0.7071528112347087,0.3202160178812338,0.07746090222971022,0.6439573128972936,0.2520186948057339,1.3796934333906814,0.09995002498750624,0.7071528112347087,0.4022222222222222,0.0,20,11.0,0.1,0.0,60.0,0.9812404999975115
2,PAA-NSGA-II,22,0.6334826773615294,0.3225639046342864,1.1919712032812333,0.7548826032265709,0.38320481602401585,0.07627198575773013,0.6334826773615294,0.3225639046342864,1.1919712032812333,0.12951270843451515,0.7548826032265709,0.5084236111111112,0.0,21,9.0,0.075,0.6666666666666666,60.0,0.9757155999541283
2,PAA-NSGA-II,23,0.6403334712357843,0.2611427744823797,1.3373897866387852,0.6771972215195856,0.3587233791779947,0.06987821430821352,0.6403334712357843,0.2611427744823797,1.3373897866387852,0.10569427929713304,0.6771972215195856,0.4707604166666667,0.0,21,11.0,0.025,0.0,60.0,0.9676871000556275
2,PAA-NSGA-II,24,0.6120346566086557,0.3143709564295575,1.3629295501408407,0.7541057131846671,0.2958053416781656,0.07592084330712963,0.6120346566086557,0.3143709564295575,1.3629295501408407,0.10217113665389528,0.7541057131846671,0.38422569444444443,0.0,19,11.0,0.125,0.2,60.0,0.9689249000512064
2,PAA-NSGA-II,25,0.6562363287838784,0.31609008348912215,1.1725264764419856,0.7247805359609312,0.35180788441030797,0.07664924574860463,0.6562363287838784,0.31609008348912215,1.1725264764419856,0.13326669998334167,0.7247805359609312,0.4667569444444445,0.0,21,9.0,0.075,0.0,60.0,0.9605650999583304
2,PAA-NSGA-II,26,0.6684057137528919,0.271393318989551,1.2847880786040071,0.7149018265789269,0.3557556222859496,0.07782502601391449,0.6684057137528919,0.271393318989551,1.2847880786040071,0.11352348517099475,0.7149018265789269,0.45772916666666663,0.0,19,10.0,0.1,0.0,60.0,0.9642853999976069
2,PAA-NSGA-II,27,0.5616864567155083,0.36289282716124605,0.9685229624340641,0.681000855790205,0.3286941304361062,0.06983390871325147,0.5616864567155083,0.36289282716124605,0.9685229624340641,0.1839080459770115,0.681000855790205,0.4312465277777777,0.0,24,6.0,0.025,1.0,60.0,0.9887337000109255
2,PAA-NSGA-II,28,0.6579280769610186,0.30458710963036123,1.2484896411001858,0.8562060943779268,0.38355592325611376,0.07848955081076192,0.6579280769610186,0.30458710963036123,1.2484896411001858,0.11942080907598149,0.8562060943779268,0.5012847222222223,0.0,18,9.0,0.125,0.2,60.0,1.0596700999885798
2,PAA-NSGA-II,29,0.6670566583311853,0.29928128651412567,1.3459568890394897,0.8207720635338752,0.40040517016903776,0.0758031434481943,0.6670566583311853,0.29928128651412567,1.3459568890394897,0.1044932079414838,0.8207720635338752,0.5280972222222223,0.0,18,9.0,0.05,0.5,60.0,1.1018324000760913
2,PAA-noPriority,0,0.6579358706967178,0.3071304819273086,1.1626821716231532,0.7990224154040699,0.377994029034734,0.07031438720261096,0.6579358706967178,0.3071304819273086,1.1626821716231532,0.1352265043948614,0.7990224154040699,0.4851006944444444,0.0,23,9.0,0.05,1.0,60.0,0.9656653999118134
2,PAA-noPriority,1,0.6895004969313874,0.30450461705579057,1.1326360028574722,0.7122096937704239,0.35990045894873585,0.0709769400821572,0.6895004969313874,0.30450461705579057,1.1326360028574722,0.14146772767462423,0.7122096937704239,0.4537638888888889,0.0,21,8.0,0.05,0.5,60.0,0.9642758999252692
2,PAA-noPriority,2,0.6741392975972327,0.3089433042870219,1.2484896411001856,0.7231388371196641,0.37883568239087023,0.06820559128764289,0.6741392975972327,0.3089433042870219,1.2484896411001856,0.11942080907598149,0.7231388371196641,0.49246180555555563,0.0,19,9.0,0.1,0.25,60.0,0.9599466000217944
2,PAA-noPriority,3,0.6378620699760036,0.3227943212494474,1.1725264764419856,0.8410754670506044,0.38680899272017155,0.06862703438213966,0.6378620699760036,0.3227943212494474,1.1725264764419856,0.13326669998334167,0.8410754670506044,0.5441041666666667,0.0,22,9.0,0.1,0.5,60.0,0.9524471999611706
2,PAA-noPriority,4,0.6554855046355805,0.3094017736507671,1.211103777942239,0.728573077500976,0.38939362984304554,0.07165141064635067,0.6554855046355805,0.3094017736507671,1.211103777942239,0.1259644150527476,0.728573077500976,0.5350243055555557,0.0,19,9.0,0.075,0.0,60.0,0.9604107999475673
2,PAA-noPriority,5,0.6814525264988024,0.3269518376037265,0.9565815297270429,0.6993448938285891,0.3939353789655903,0.06651009779864187,0.6814525264988024,0.3269518376037265,0.9565815297270429,0.18766127140511377,0.6993448938285891,0.5191458333333333,0.0,23,5.0,0.05,0.5,60.0,0.9612977000651881
2,PAA-noPriority,6,0.6861398778335982,0.30138019340192795,1.2392489169603274,0.7680102710404167,0.3917397479580725,0.062177296888602046,0.6861398778335982,0.30138019340192795,1.2392489169603274,0.12099213551119177,0.7680102710404167,0.5156076388888889,0.0,18,9.0,0.075,0.0,60.0,1.0165515000699088
2,PAA-noPriority,7,0.5752273765063268,0.35814655459856465,0.7849825783431665,0.6471020526066601,0.47526765763487633,0.06120207733434596,0.5752273765063268,0.35814655459856465,0.7849825783431665,0.2554278416347382,0.6471020526066601,1.13328125,0.0,29,4.0,0.1,0.25,60.0,0.9590095999883488
2,PAA-noPriority,8,0.6168454013086323,0.3453723535162826,0.9198275413214969,0.6086790597301478,0.3206547438426339,0.0663631440752443,0.6168454013086323,0.3453723535162826,0.9198275413214969,0.19990004997501248,0.6086790597301478,0.4092361111111112,0.0,25,5.0,0.05,1.0,60.0,0.946305499994196
2,PAA-noPriority,9,0.6337536755267994,0.26691589498809776,1.112154352360633,0.6820376769519643,0.31923177978357203,0.06580822343338696,0.6337536755267994,0.26691589498809776,1.112154352360633,0.14595876664842183,0.6820376769519643,0.4095590277777778,0.0,22,8.0,0.1,0.25,60.0,0.9554143999703228
2,PAA-noPriority,10,0.634142391352327,0.2707349818494189,1.1224418956996507,0.6898769436847759,0.40034889491498155,0.0651482957643784,0.634142391352327,0.2707349818494189,1.1224418956996507,0.14367816091954022,0.6898769436847759,0.5571597222222222,0.0,21,8.0,0.075,0.3333333333333333,60.0,0.9493619999848306
2,PAA-noPriority,11,0.5826791160490833,0.32871826772167473,1.1427391744033626,0.6842927778222954,0.31108070360351586,0.06553249613683322,0.5826791160490833,0.32871826772167473,1.1427391744033626,0.13932427725531174,0.6842927778222954,0.3904548611111111,0.0,23,9.0,0.05,0.0,60.0,0.940170899964869
2,PAA-noPriority,12,0.5808253665993165,0.3347260412297769,1.059218945609956,0.7054406797764381,0.39724310008950536,0.06372623881972633,0.5808253665993165,0.3347260412297769,1.059218945609956,0.15854141894569956,0.7054406797764381,0.5734131944444445,0.0,25,8.0,0.075,0.0,60.0,0.962123499950394
2,PAA-noPriority,13,0.568790096004961,0.32202194996977174,0.9072453912952236,0.6226496895916603,0.3099953110057795,0.06765009231959154,0.568790096004961,0.32202194996977174,0.9072453912952236,0.20434227330779056,0.6226496895916603,0.39717708333333335,0.0,25,5.0,0.075,0.3333333333333333,60.0,0.962738599977456
2,PAA-noPriority,14,0.6461309321363923,0.30947974575565784,1.2484896411001856,0.71310298786236,0.42776367623218103,0.06390243823552946,0.6461309321363923,0.30947974575565784,1.2484896411001856,0.11942080907598149,0.71310298786236,0.5675902777777779,0.0,23,10.0,0.1,0.0,60.0,0.979066799976863
2,PAA-noPriority,15,0.5748163235267549,0.34295845450726753,0.9322398894708788,0.709284136664353,0.39575152439848943,0.06590202306030539,0.5748163235267549,0.34295845450726753,0.9322398894708788,0.19564685742235266,0.709284136664353,0.5846875,0.0,25,6.0,0.1,0.25,60.0,0.9762260999996215
2,PAA-noPriority,16,0.6132501504056036,0.32647820726133403,0.9444891303068568,0.7437545158895918,0.465837148040119,0.06781743368258138,0.6132501504056036,0.32647820726133403,0.9444891303068568,0.19157088122605365,0.7437545158895918,0.7033645833333334,0.0,25,6.0,0.075,0.3333333333333333,60.0,0.9586245999671519
2,PAA-noPriority,17,0.6396178090545739,0.30046085300999154,1.2847880786040071,0.5683478684500634,0.3021624722109669,0.06234479716198753,0.6396178090545739,0.30046085300999154,1.2847880786040071,0.11352348517099475,0.5683478684500634,0.37702430555555566,0.0,19,9.0,0.05,0.0,60.0,0.9466339000500739
2,PAA-noPriority,18,0.6365623785042075,0.3051079532795223,0.9198275413214968,0.6260764916762349,0.34115138356468505,0.06504779179163316,0.6365623785042075,0.3051079532795223,0.9198275413214968,0.19990004997501248,0.6260764916762349,0.43526388888888895,0.0,25,6.0,0.075,0.0,60.0,0.9416323000332341
2,PAA-noPriority,19,0.6222703720879483,0.3160068144066388,0.9919746671444329,0.5560416542345863,0.35684879704549466,0.06405477805850554,0.6222703720879483,0.3160068144066388,0.9919746671444329,0.1768346595932803,0.5560416542345863,0.45130555555555557,0.0,25,7.0,0.05,0.5,60.0,0.9368097999831662
2,PAA-noPriority,20,0.6465103062486899,0.28111441982549307,0.9803189452974893,0.6377087449972312,0.4169649562753097,0.05839347688905213,0.6465103062486899,0.28111441982549307,0.9803189452974893,0.18030200585981518,0.6377087449972312,0.59646875,0.0,25,7.0,0.0,,60.0,0.948169199982658
2,PAA-noPriority,21,0.6298668689573457,0.3428529553832744,1.059218945609956,0.6821138376283866,0.27726751306972713,0.06908735852639034,0.6298668689573457,0.3428529553832744,1.059218945609956,0.15854141894569956,0.6821138376283866,0.3534965277777778,0.0,24,8.0,0.075,0.3333333333333333,60.0,0.9507860000012442
2,PAA-noPriority,22,0.6361834327808247,0.2748398521754215,1.2847880786040071,0.7167870684963322,0.343051681085356,0.06688007478909092,0.6361834327808247,0.2748398521754215,1.2847880786040071,0.11352348517099475,0.7167870684963322,0.42919791666666657,0.0,25,11.0,0.025,0.0,60.0,0.9804033999098465
2,PAA-noPriority,23,0.6166606644144705,0.3114245767110989,0.9198275413214969,0.6627458575164826,0.5051147370065578,0.0675359835298093,0.6166606644144705,0.3114245767110989,0.9198275413214969,0.19990004997501248,0.6627458575164826,1.1625416666666666,0.0,25,4.0,0.05,0.0,60.0,0.9388213999336585
2,PAA-noPriority,24,0.6754081604112075,0.28846031199112443,1.2205576048237508,0.7813897193522321,0.385932732448942,0.06464338475387975,0.6754081604112075,0.28846031199112443,1.2205576048237508,0.12426219322771047,0.7813897193522321,0.5103333333333333,0.0,23,10.0,0.05,0.5,60.0,0.9665471999906003
2,PAA-noPriority,25,0.6257015733564171,0.326527048017405,0.9919746671444329,0.6417956355720836,0.347203220318547,0.06539473056851201,0.6257015733564171,0.326527048017405,0.9919746671444329,0.1768346595932803,0.6417956355720836,0.47755208333333343,0.0,23,6.0,0.075,0.3333333333333333,60.0,0.9286080000456423
2,PAA-noPriority,26,0.600656967824069,0.3335872339572725,0.8277458339029348,0.6028562831602413,0.36092705176683737,0.06754176213722843,0.600656967824069,0.3335872339572725,0.8277458339029348,0.2357795461243737,0.6028562831602413,0.48273263888888884,0.0,26,4.0,0.05,0.5,60.0,0.9663046000059694
2,PAA-noPriority,27,0.6494725285242064,0.3077128981687153,1.1017707555238399,0.6749818701103839,0.37709167757322615,0.07268505206256565,0.6494725285242064,0.3077128981687153,1.1017707555238399,0.14831294030404152,0.6749818701103839,0.5023611111111111,0.0,22,8.0,0.05,0.5,60.0,0.9454502000007778
2,PAA-noPriority,28,0.6595058687650868,0.2809377221681944,1.2392489169603274,0.6575620425965428,0.3725754231355801,0.05931955603756955,0.6595058687650868,0.2809377221681944,1.2392489169603274,0.12099213551119177,0.6575620425965428,0.4911944444444445,0.0,23,10.0,0.075,0.3333333333333333,60.0,0.9742272000294179
2,PAA-noPriority,29,0.6753837943319578,0.28723326535611465,0.9565815297270429,0.7053248403272903,0.3921211545318491,0.0653004269469306,0.6753837943319578,0.28723326535611465,0.9565815297270429,0.18766127140511377,0.7053248403272903,0.5127118055555556,0.0,24,5.0,0.1,0.5,60.0,0.9471190000185743
2,PAA-noAdaptive,0,0.6552610450018335,0.28634225648986156,1.2205576048237505,0.6854824126539478,0.414909001371197,0.07300951886359894,0.6552610450018335,0.28634225648986156,1.2205576048237505,0.12426219322771047,0.6854824126539478,0.5827430555555557,0.0,21,9.0,0.075,0.0,60.0,0.9002902000211179
2,PAA-noAdaptive,1,0.698665849528082,0.28315674573095856,1.4288054467365827,0.8386655799151818,0.37842152839893095,0.06825700035436681,0.698665849528082,0.28315674573095856,1.4288054467365827,0.09383063570255688,0.8386655799151818,0.4990069444444445,0.0,16,10.0,0.05,0.5,60.0,0.8802907000062987
2,PAA-noAdaptive,2,0.6608397244278306,0.30658676840965116,1.4606296681954092,0.7976080104208495,0.3424413568951373,0.07001083602859565,0.6608397244278306,0.30658676840965116,1.4606296681954092,0.09015100292990759,0.7976080104208495,0.4413611111111111,0.0,14,10.0,0.075,0.6666666666666666,60.0,0.881828400073573
2,PAA-noAdaptive,3,0.6771734089660787,0.30475240564330575,1.404464128193649,0.8774613137798717,0.45304875636763625,0.06806053573992321,0.6771734089660787,0.30475240564330575,1.404464128193649,0.09679370840895342,0.8774613137798717,0.6559375000000001,0.0,16,9.0,0.1,0.5,60.0,0.8814302999526262
2,PAA-noAdaptive,4,0.6986137134152249,0.25775011363058714,1.4606296681954092,0.7893834031220421,0.3749031124604304,0.0737104017015905,0.6986137134152249,0.25775011363058714,1.4606296681954092,0.09015100292990759,0.7893834031220421,0.4897222222222223,0.0,17,11.0,0.05,0.0,60.0,0.8773903999244794
2,PAA-noAdaptive,5,0.662588432586636,0.3102760305582693,1.2205576048237508,0.8071421052657979,0.43828443699987696,0.07452407239180907,0.662588432586636,0.3102760305582693,1.2205576048237508,0.12426219322771047,0.8071421052657979,0.5905625000000001,0.0,18,7.0,0.075,0.6666666666666666,60.0,0.8783523999154568
2,PAA-noAdaptive,6,0.6784151505352767,0.28383318581345696,1.404464128193649,0.7626671181454712,0.34910762798029077,0.07367886181241942,0.6784151505352767,0.28383318581345696,1.404464128193649,0.09679370840895342,0.7626671181454712,0.4501180555555556,0.0,16,10.0,0.05,0.0,60.0,0.9044766000006348
2,PAA-noAdaptive,7,0.6366160045237168,0.2557068743575276,1.2937035644497943,0.7026632884004846,0.3666025410841021,0.07487217992495741,0.6366160045237168,0.2557068743575276,1.2937035644497943,0.112139052425007,0.7026632884004846,0.4839131944444445,0.0,20,10.0,0.025,0.0,60.0,0.889007999910973
2,PAA-noAdaptive,8,0.6555303589231645,0.29892471902554685,1.3629295501408405,0.7966805073453118,0.3927294575335103,0.0710686789367911,0.6555303589231645,0.29892471902554685,1.3629295501408405,0.10217113665389528,0.7966805073453118,0.5312083333333334,0.0,21,11.0,0.05,0.5,60.0,0.8815937000326812
2,PAA-noAdaptive,9,0.6072256911616173,0.32615847128594844,1.059218945609956,0.6476431125143567,0.3511714570638914,0.07037621235787246,0.6072256911616173,0.32615847128594844,1.059218945609956,0.15854141894569956,0.6476431125143567,0.46175000000000005,0.0,22,7.0,0.05,0.5,60.0,0.8769166000420228
2,PAA-noAdaptive,10,0.6497020704680454,0.29049510611779333,1.1326360028574725,0.6602499259484816,0.42387874289352706,0.07607763769089546,0.6497020704680454,0.29049510611779333,1.1326360028574725,0.14146772767462423,0.6602499259484816,0.5943750000000001,0.0,19,7.0,0.075,0.0,60.0,0.8930079999845475
2,PAA-noAdaptive,11,0.660243798839123,0.31604176786906024,1.2392489169603271,0.7906736064325344,0.3770461514398069,0.07595805069985527,0.660243798839123,0.31604176786906024,1.2392489169603271,0.12099213551119177,0.7906736064325344,0.4995763888888889,0.0,18,8.0,0.1,0.5,60.0,0.874260799959302
2,PAA-noAdaptive,12,0.6378295490828029,0.30700382715633695,1.2392489169603271,0.7334783861075509,0.3412566854513809,0.06874645926274453,0.6378295490828029,0.30700382715633695,1.2392489169603271,0.12099213551119177,0.7334783861075509,0.43942708333333336,0.0,20,9.0,0.1,0.25,60.0,0.8742689999053255
2,PAA-noAdaptive,13,0.6255830173423229,0.3197433613286912,1.0700155515160485,0.7463032347103518,0.3212769598994251,0.07819726706972757,0.6255830173423229,0.3197433613286912,1.0700155515160485,0.15585427625170464,0.7463032347103518,0.40337152777777774,0.0,21,6.0,0.125,0.4,60.0,0.88875039992854
2,PAA-noAdaptive,14,0.6653369566720786,0.30316256234513744,1.2758102920010679,0.7319928524762837,0.31419137230785027,0.07512797343698469,0.6653369566720786,0.30316256234513744,1.2758102920010679,0.11494252873563218,0.7319928524762837,0.4024027777777778,0.0,20,10.0,0.075,0.3333333333333333,60.0,0.8870904999785125
2,PAA-noAdaptive,15,0.7063485553614083,0.27838770290589854,1.4448051827559238,0.8628992451097813,0.40358337625648,0.07106484150040629,0.7063485553614083,0.27838770290589854,1.4448051827559238,0.09195402298850575,0.8628992451097813,0.5292013888888889,0.0,14,10.0,0.125,0.4,60.0,0.8835747999837622
2,PAA-noAdaptive,16,0.6815750931553965,0.28552679915430124,1.4207380120476114,0.849772508460628,0.356160200378402,0.0718346837434392,0.6815750931553965,0.28552679915430124,1.4207380120476114,0.09479796184382036,0.849772508460628,0.46487500000000004,0.0,15,10.0,0.1,0.25,60.0,0.8828465000260621
2,PAA-noAdaptive,17,0.6464295866810984,0.28924199254033234,1.1725264764419854,0.7143605731443108,0.36152842300692306,0.0694018277785159,0.6464295866810984,0.28924199254033234,1.1725264764419854,0.13326669998334167,0.7143605731443108,0.4678923611111111,0.0,19,8.0,0.075,0.3333333333333333,60.0,0.937737200059928
2,PAA-noAdaptive,18,0.6440743956653858,0.3246821886212163,1.2847880786040071,0.7558251303327448,0.33249041700579635,0.07209645623512231,0.6440743956653858,0.3246821886212163,1.2847880786040071,0.11352348517099475,0.7558251303327448,0.44000000000000006,0.0,20,10.0,0.1,0.25,60.0,0.8917417000047863
2,PAA-noAdaptive,19,0.6252201326089161,0.3340326010198722,1.293703564449794,0.7582305219497494,0.31359682078436835,0.06977324194488063,0.6252201326089161,0.3340326010198722,1.293703564449794,0.112139052425007,0.7582305219497494,0.4096875000000001,0.0,18,9.0,0.075,0.6666666666666666,60.0,0.8803139000665396
2,PAA-noAdaptive,20,0.6377828416764352,0.3123014714516118,1.1725264764419856,0.6357013980064139,0.3502451796941545,0.07335315747842369,0.6377828416764352,0.3123014714516118,1.1725264764419856,0.13326669998334167,0.6357013980064139,0.44706944444444446,0.0,23,9.0,0.025,0.0,60.0,0.9215928999474272
2,PAA-noAdaptive,21,0.6275571297320154,0.3004957769058391,1.1017707555238399,0.6198429445623703,0.30580667286059776,0.07686703521264043,0.6275571297320154,0.3004957769058391,1.1017707555238399,0.14831294030404152,0.6198429445623703,0.38764236111111117,0.0,22,8.0,0.05,0.0,60.0,0.8989511000690982
2,PAA-noAdaptive,22,0.6489263225184654,0.2971811287809042,1.266768880036419,0.7703244959375201,0.4797419304621503,0.07219727299507601,0.6489263225184654,0.2971811287809042,1.266768880036419,0.11639749745380475,0.7703244959375201,0.6972812500000002,0.0,19,8.0,0.075,0.3333333333333333,60.0,0.8822803000221029
2,PAA-noAdaptive,23,0.6624955585160626,0.3093458576632035,1.2937035644497943,0.7359710977116893,0.43739304373712146,0.07235185211239627,0.6624955585160626,0.3093458576632035,1.2937035644497943,0.112139052425007,0.7359710977116893,1.051232638888889,0.0,20,10.0,0.075,0.0,60.0,0.8866950999945402
2,PAA-noAdaptive,24,0.6699453190947733,0.2947447820632851,1.468477964887372,0.8072503322972558,0.3531209146698799,0.07009992888841712,0.6699453190947733,0.2947447820632851,1.468477964887372,0.08927575047427742,0.8072503322972558,0.46582291666666675,0.0,16,11.0,0.1,0.25,60.0,0.9009043000405654
2,PAA-noAdaptive,25,0.6392080301844102,0.3312415922139336,1.1326360028574722,0.6640351540271129,0.3326585709428606,0.06994785250586198,0.6392080301844102,0.3312415922139336,1.1326360028574722,0.14146772767462423,0.6640351540271129,0.42576388888888894,0.0,19,7.0,0.125,0.6,60.0,0.8975369000108913
2,PAA-noAdaptive,26,0.6393179760082843,0.3003678124715847,1.3796934333906814,0.7082755102905095,0.33566873951927034,0.07189852254767479,0.6393179760082843,0.3003678124715847,1.3796934333906814,0.09995002498750624,0.7082755102905095,0.4249513888888889,0.0,20,11.0,0.075,0.3333333333333333,60.0,0.8966965000145137
2,PAA-noAdaptive,27,0.6844682025405799,0.26247872955765106,1.4368275854712882,0.8635674299131482,0.40013853914393316,0.07337611334991283,0.6844682025405799,0.26247872955765106,1.4368275854712882,0.09288285150354116,0.8635674299131482,0.5290208333333334,0.0,17,11.0,0.15,0.3333333333333333,60.0,0.9129930000053719
2,PAA-noAdaptive,28,0.5707901082419056,0.34658073915166454,0.9685229624340641,0.5958549977435876,0.3167182173135147,0.07011106305189244,0.5707901082419056,0.34658073915166454,0.9685229624340641,0.1839080459770115,0.5958549977435876,0.4407916666666667,0.0,25,7.0,0.025,0.0,60.0,0.905888499924913
2,PAA-noAdaptive,29,0.6515694677796182,0.3166027044941767,1.182288815689544,0.6758887374213052,0.42843457783704875,0.0716983975238586,0.6515694677796182,0.3166027044941767,1.182288815689544,0.13136288998357964,0.6758887374213052,1.034125,0.0,23,9.0,0.075,0.3333333333333333,60.0,0.9092864999547601
2,PAA-noSLAMut,0,0.6840257817710904,0.2573063004943043,1.3713371082247576,0.7497858545565508,0.3709423776790205,0.07554122221953016,0.6840257817710904,0.2573063004943043,1.3713371082247576,0.10104837691044588,0.7497858545565508,0.48653819444444457,0.0,20,11.0,0.075,0.0,60.0,0.9679476000601426
2,PAA-noSLAMut,1,0.6134285756359217,0.33015540066355237,1.0912883633487744,0.7098275329803003,0.4150550348496367,0.07089598207587715,0.6134285756359217,0.33015540066355237,1.0912883633487744,0.15074429998115696,0.7098275329803003,0.5531180555555556,0.0,24,8.0,0.1,0.5,60.0,0.9851904000388458
2,PAA-noSLAMut,2,0.6315986463988531,0.320319635676522,1.1326360028574725,0.7778847717961692,0.4092305471251699,0.07624453054871447,0.6315986463988531,0.320319635676522,1.1326360028574725,0.14146772767462423,0.7778847717961692,0.5583020833333334,0.0,21,7.0,0.025,1.0,60.0,1.0056235999800265
2,PAA-noSLAMut,3,0.685269216947585,0.31853163687271613,1.3287674498039934,0.8779641706310534,0.48141684868171514,0.06927817010723339,0.685269216947585,0.31853163687271613,1.3287674498039934,0.10692328254477412,0.8779641706310534,0.6878506944444445,0.0,16,8.0,0.125,0.6,60.0,0.9817805000348017
2,PAA-noSLAMut,4,0.6628761787651468,0.3389611619699406,1.2205576048237503,0.7452818071669123,0.28381037425485073,0.07060753651375774,0.6628761787651468,0.3389611619699406,1.2205576048237503,0.12426219322771047,0.7452818071669123,0.35228125,0.0,18,8.0,0.1,0.5,60.0,0.9702386000426486
2,PAA-noSLAMut,5,0.6607067455902038,0.2990927467808734,1.3113527077656701,0.7698585142988034,0.39061404417971174,0.07686345342163453,0.6607067455902038,0.2990927467808734,1.3113527077656701,0.10946907498631636,0.7698585142988034,0.5147395833333335,0.0,17,8.0,0.125,0.4,60.0,0.9761740999529138
2,PAA-noSLAMut,6,0.6309891242687448,0.3267044582877069,1.0372886595566415,0.6144391307250487,0.3361917303785423,0.07422401135587826,0.6309891242687448,0.3267044582877069,1.0372886595566415,0.16420361247947454,0.6144391307250487,0.4302152777777778,0.0,21,7.0,0.075,0.6666666666666666,60.0,0.9880242999643087
2,PAA-noSLAMut,7,0.6286290150783866,0.3150258915441101,1.1725264764419854,0.7246446518860505,0.39050895325878715,0.07178930058093455,0.6286290150783866,0.3150258915441101,1.1725264764419854,0.13326669998334167,0.7246446518860505,0.5404236111111111,0.0,21,8.0,0.05,0.5,60.0,0.965424400055781
2,PAA-noSLAMut,8,0.7019479929212953,0.3209219607314367,1.3796934333906816,0.8414494342934891,0.39151857551502917,0.07529945124632642,0.7019479929212953,0.3209219607314367,1.3796934333906816,0.09995002498750624,0.8414494342934891,0.5120069444444445,0.0,17,10.0,0.1,0.25,60.0,0.9816917999414727
2,PAA-noSLAMut,9,0.667245891011613,0.2841052928722896,1.4527389723778683,0.8606528670714532,0.39654421676712814,0.07312993641923451,0.667245891011613,0.2841052928722896,1.4527389723778683,0.09104358711733242,0.8606528670714532,0.5566145833333334,0.0,15,11.0,0.1,0.5,60.0,0.9639603000832722
2,PAA-noSLAMut,10,0.7041100791661886,0.313990575142852,1.3459568890394895,0.7812569405007752,0.3873063409682403,0.07174699390938907,0.7041100791661886,0.313990575142852,1.3459568890394895,0.1044932079414838,0.7812569405007752,0.5012013888888889,0.0,19,9.0,0.075,0.3333333333333333,60.0,0.9817660000408068
2,PAA-noSLAMut,11,0.6929822856996345,0.2973091665838633,1.3544698050897952,0.8553071702971524,0.38139989413174524,0.07562073187169548,0.6929822856996345,0.2973091665838633,1.3544698050897952,0.10331912695337725,0.8553071702971524,0.4901805555555557,0.0,17,10.0,0.1,0.5,60.0,0.9884944999357685
2,PAA-noSLAMut,12,0.6248141725997985,0.30594822306561653,1.2299387677605,0.6443157292903049,0.28517078362368087,0.07263422443567678,0.6248141725997985,0.30594822306561653,1.2299387677605,0.12260536398467432,0.6443157292903049,0.3579027777777778,0.0,17,8.0,0.025,0.0,60.0,0.9864402000093833
2,PAA-noSLAMut,13,0.7028473470248578,0.28107430200654626,1.3459568890394897,0.740281691550458,0.4154890354405737,0.07014098842097277,0.7028473470248578,0.28107430200654626,1.3459568890394897,0.1044932079414838,0.740281691550458,0.5427916666666667,0.0,20,11.0,0.075,0.3333333333333333,60.0,0.9686677999561653
2,PAA-noSLAMut,14,0.6768619597602146,0.29079731670942943,1.3200887962222398,0.7821376953860811,0.42651503637681676,0.07516824721409796,0.6768619597602146,0.29079731670942943,1.3200887962222398,0.10818120351588911,0.7821376953860811,1.0300972222222224,0.0,19,10.0,0.075,0.0,60.0,0.9739454000955448
2,PAA-noSLAMut,15,0.6578807013850593,0.29083530853136474,1.1725264764419856,0.7447849700953577,0.4676842831345759,0.07141329668837948,0.6578807013850593,0.29083530853136474,1.1725264764419856,0.13326669998334167,0.7447849700953577,1.0859444444444446,0.0,21,9.0,0.075,0.3333333333333333,60.0,0.9693767999997362
2,PAA-noSLAMut,16,0.67197170771977,0.2861844375259356,1.387999450968369,0.7954790563554396,0.35701794973559636,0.07337074279928087,0.67197170771977,0.2861844375259356,1.387999450968369,0.09887529353602768,0.7954790563554396,0.474545138888889,0.0,20,11.0,0.1,0.25,60.0,0.9684202000498772
2,PAA-noSLAMut,17,0.6551758326250786,0.3036323741505825,1.1326360028574725,0.7521858852165497,0.5127122211581223,0.07336701630597586,0.6551758326250786,0.3036323741505825,1.1326360028574725,0.14146772767462423,0.7521858852165497,1.1928541666666668,0.0,22,8.0,0.075,0.3333333333333333,60.0,0.9694195999763906
2,PAA-noSLAMut,18,0.6576439582703419,0.30062337704167624,1.2847880786040071,0.7116486331458012,0.36263338189195593,0.07078673774578184,0.6576439582703419,0.30062337704167624,1.2847880786040071,0.11352348517099475,0.7116486331458012,0.4680625000000001,0.0,20,10.0,0.05,1.0,60.0,0.9883285000687465
2,PAA-noSLAMut,19,0.6312757201937786,0.30057346961565645,1.211103777942239,0.7543855040608738,0.3340349373145684,0.0735575724348152,0.6312757201937786,0.30057346961565645,1.211103777942239,0.1259644150527476,0.7543855040608738,0.4241145833333334,0.0,20,9.0,0.075,0.3333333333333333,60.0,0.9840120000299066
2,PAA-noSLAMut,20,0.6175305409135773,0.3422053450303359,1.201575571988228,0.7929405768051792,0.4420013552404566,0.068372263915407,0.6175305409135773,0.3422053450303359,1.201575571988228,0.1277139208173691,0.7929405768051792,0.63253125,0.0,19,8.0,0.075,0.3333333333333333,60.0,1.009884300059639
2,PAA-noSLAMut,21,0.6080639664566432,0.2963845655357492,1.0483111508478486,0.6150859923064453,0.32162602778981925,0.07472079761525818,0.6080639664566432,0.2963845655357492,1.0483111508478486,0.1613228473482557,0.6150859923064453,0.43224999999999997,0.0,23,7.0,0.025,0.0,60.0,0.9766601999290287
2,PAA-noSLAMut,22,0.6749184211012279,0.2587535843693104,1.4448051827559238,0.7467611389452662,0.34746640896862396,0.07224628066510001,0.6749184211012279,0.2587535843693104,1.4448051827559238,0.09195402298850575,0.7467611389452662,0.4451909722222222,0.0,19,12.0,0.075,0.0,60.0,0.9695631999056786
2,PAA-noSLAMut,23,0.6925895721432107,0.2717574639279337,1.3879994509683689,0.774302712769819,0.38959048686035175,0.07118301454432982,0.6925895721432107,0.2717574639279337,1.3879994509683689,0.09887529353602768,0.774302712769819,0.5157708333333334,0.0,19,11.0,0.075,0.0,60.0,0.9843837999505922
2,PAA-noSLAMut,24,0.6096822635559483,0.30406483664994494,1.2205576048237508,0.7388189910252372,0.3262050797809474,0.07427340930299736,0.6096822635559483,0.30406483664994494,1.2205576048237508,0.12426219322771047,0.7388189910252372,0.4166840277777778,0.0,21,9.0,0.075,0.3333333333333333,60.0,0.9854459000052884
2,PAA-noSLAMut,25,0.662465506170587,0.23536489827188128,1.4207380120476116,0.7393708886416908,0.38991585544739105,0.07463600046489707,0.662465506170587,0.23536489827188128,1.4207380120476116,0.09479796184382036,0.7393708886416908,0.519670138888889,0.0,19,11.0,0.025,0.0,60.0,0.9734937000321224
2,PAA-noSLAMut,26,0.6169447531824066,0.29795892200602414,1.2576624704910284,0.7524781138038616,0.43877111825850124,0.07481256148336317,0.6169447531824066,0.29795892200602414,1.2576624704910284,0.11788977306218686,0.7524781138038616,1.0536458333333336,0.0,22,10.0,0.05,0.0,60.0,0.971382400020957
2,PAA-noSLAMut,27,0.6630501085454894,0.28694812541340975,1.2937035644497943,0.7261415709741514,0.3531495360986997,0.07247440106469014,0.6630501085454894,0.28694812541340975,1.2937035644497943,0.112139052425007,0.7261415709741514,0.4724409722222223,0.0,17,9.0,0.1,0.25,60.0,0.9793151000048965
2,PAA-noSLAMut,28,0.6240809458954655,0.3201342741440898,1.0700155515160485,0.6722035098937262,0.39732027281754734,0.07544609555707513,0.6240809458954655,0.3201342741440898,1.0700155515160485,0.15585427625170464,0.6722035098937262,0.5255104166666668,0.0,23,7.0,0.075,0.6666666666666666,60.0,0.9852588000940159
2,PAA-noSLAMut,29,0.6482133214675799,0.298915512800458,1.1427391744033626,0.577864896846805,0.3011910763536374,0.07440062782645064,0.6482133214675799,0.298915512800458,1.1427391744033626,0.13932427725531174,0.577864896846805,0.3892013888888889,0.0,21,8.0,0.075,0.0,60.0,0.9783726999303326
2,PAA-AdaptMut,0,0.6251594336205188,0.29461131776691546,1.337389786638785,0.7729904373327993,0.319366801688151,0.07462326503587582,0.6251594336205188,0.29461131776691546,1.337389786638785,0.10569427929713304,0.7729904373327993,0.4137743055555556,0.0,19,10.0,0.1,0.0,60.0,0.8989824000746012
2,PAA-AdaptMut,1,0.6818694501154239,0.24840569860045592,1.3629295501408407,0.7341831814665021,0.39160473010491237,0.07405306070964233,0.6818694501154239,0.24840569860045592,1.3629295501408407,0.10217113665389528,0.7341831814665021,0.5095798611111111,0.0,17,10.0,0.1,0.5,60.0,0.9249847999308258
2,PAA-AdaptMut,2,0.6660496476225124,0.2834252945980394,1.3796934333906814,0.7412769567225361,0.3228676162444081,0.07311420293476273,0.6660496476225124,0.2834252945980394,1.3796934333906814,0.09995002498750624,0.7412769567225361,0.40024999999999994,0.0,18,10.0,0.1,0.5,60.0,0.8932116000214592
2,PAA-AdaptMut,3,0.6697203675241002,0.2659440662562975,1.4448051827559238,0.780715069463524,0.3590918386806843,0.07145509986301976,0.6697203675241002,0.2659440662562975,1.4448051827559238,0.09195402298850575,0.780715069463524,0.46776736111111117,0.0,16,11.0,0.05,0.0,60.0,0.9109293998917565
2,PAA-AdaptMut,4,0.6530619177750415,0.2836997956782305,1.3544698050897952,0.7030372201483901,0.3405904582618354,0.07133271053571663,0.6530619177750415,0.2836997956782305,1.3544698050897952,0.10331912695337725,0.7030372201483901,0.4418298611111111,0.0,21,11.0,0.05,0.5,60.0,0.9030942000681534
2,PAA-AdaptMut,5,0.6414643893197475,0.3051917500270379,1.0807043010154627,0.7406386008770733,0.49783194526217117,0.0704734002216896,0.6414643893197475,0.3051917500270379,1.0807043010154627,0.1532567049808429,0.7406386008770733,1.1703784722222221,0.0,23,7.0,0.075,0.3333333333333333,60.0,0.9015038000652567
2,PAA-AdaptMut,6,0.6745442744931518,0.280032751268597,1.4368275854712882,0.8357771300980446,0.3961742818389177,0.07254285831000601,0.6745442744931518,0.280032751268597,1.4368275854712882,0.09288285150354116,0.8357771300980446,0.5335763888888889,0.0,16,11.0,0.075,0.3333333333333333,60.0,0.9237235999898985
2,PAA-AdaptMut,7,0.6415342085352169,0.3147453147877807,1.2847880786040071,0.8539455563162823,0.3869167540610146,0.07367820744983201,0.6415342085352169,0.3147453147877807,1.2847880786040071,0.11352348517099475,0.8539455563162823,0.5420138888888889,0.0,17,9.0,0.1,0.5,60.0,0.897970600053668
2,PAA-AdaptMut,8,0.625230737928553,0.32028789466500457,1.2758102920010679,0.7190708675436308,0.32010986995917773,0.07556838052529756,0.625230737928553,0.32028789466500457,1.2758102920010679,0.11494252873563218,0.7190708675436308,0.44415625,0.0,19,10.0,0.15,0.5,60.0,0.9346472999313846
2,PAA-AdaptMut,9,0.6685472440224178,0.29056912665280044,1.3113527077656701,0.7053799992334205,0.2983965170419541,0.07565982869786944,0.6685472440224178,0.29056912665280044,1.3113527077656701,0.10946907498631636,0.7053799992334205,0.37414583333333334,0.0,18,10.0,0.1,0.25,60.0,0.9023926999652758
2,PAA-AdaptMut,10,0.6851117680451422,0.26851210805040193,1.4207380120476114,0.7238159343129885,0.3208155737324848,0.07712261447481464,0.6851117680451422,0.26851210805040193,1.4207380120476114,0.09479796184382036,0.7238159343129885,0.40417708333333346,0.0,16,11.0,0.05,0.0,60.0,0.8901262999279425
2,PAA-AdaptMut,11,0.674053982507321,0.257731388215149,1.4994604217345198,0.8183135001923197,0.3537242584043717,0.07619007913780668,0.674053982507321,0.257731388215149,1.4994604217345198,0.08593833924159415,0.8183135001923197,0.45485416666666667,0.0,16,12.0,0.075,0.6666666666666666,60.0,0.9021486000856385
2,PAA-AdaptMut,12,0.6640721358992414,0.30593655961166705,1.3544698050897952,0.7405063345829077,0.33515606980045587,0.07246579188102727,0.6640721358992414,0.30593655961166705,1.3544698050897952,0.10331912695337725,0.7405063345829077,0.4234375,0.0,19,10.0,0.1,0.25,60.0,0.9522572999121621
2,PAA-AdaptMut,13,0.6271607715189033,0.30540230073376345,1.2576624704910284,0.7648883768703707,0.3657990248967177,0.07940716077487858,0.6271607715189033,0.30540230073376345,1.2576624704910284,0.11788977306218686,0.7648883768703707,0.4996736111111111,0.0,19,9.0,0.075,0.3333333333333333,60.0,0.917940599960275
2,PAA-AdaptMut,14,0.6152831466188214,0.2927778171783621,1.2392489169603271,0.7087443402575765,0.3175099969082248,0.0738649127013945,0.6152831466188214,0.2927778171783621,1.2392489169603271,0.12099213551119177,0.7087443402575765,0.4094409722222222,0.0,20,8.0,0.025,1.0,60.0,0.8932262000162154
2,PAA-AdaptMut,15,0.6424046987303307,0.3248982433890778,1.1427391744033624,0.7207846807839877,0.3317896251969064,0.07344861671580773,0.6424046987303307,0.3248982433890778,1.1427391744033624,0.13932427725531174,0.7207846807839877,0.42685763888888884,0.0,21,8.0,0.1,0.5,60.0,0.8962188999867067
2,PAA-AdaptMut,16,0.6803680170311512,0.2568970580619859,1.4368275854712884,0.7265532362090716,0.3289981113718637,0.0762190507334553,0.6803680170311512,0.2568970580619859,1.4368275854712884,0.09288285150354116,0.7265532362090716,0.42312152777777784,0.0,18,12.0,0.05,0.0,60.0,0.9450300000607967
2,PAA-AdaptMut,17,0.6697792581110378,0.2909115101328264,1.3200887962222396,0.6678077777331757,0.3961903722982666,0.06878368183271936,0.6697792581110378,0.2909115101328264,1.3200887962222396,0.10818120351588911,0.6678077777331757,0.5202326388888889,0.0,19,10.0,0.05,0.0,60.0,0.907355299917981
2,PAA-AdaptMut,18,0.687290199186943,0.2736662088106322,1.404464128193649,0.7620070703461453,0.2926000479528259,0.07648063746524479,0.687290199186943,0.2736662088106322,1.404464128193649,0.09679370840895342,0.7620070703461453,0.37207291666666675,0.0,17,11.0,0.1,0.25,60.0,0.8989352999487892
2,PAA-AdaptMut,19,0.645068178017407,0.3497677589903875,1.2484896411001858,0.8028048861664929,0.40110946726092467,0.06926036255613331,0.645068178017407,0.3497677589903875,1.2484896411001858,0.11942080907598149,0.8028048861664929,0.5321215277777778,0.0,20,9.0,0.1,0.5,60.0,0.8901030999841169
2,PAA-AdaptMut,20,0.6363581728692335,0.3098692027025717,1.2758102920010679,0.705427451720289,0.3077473244691669,0.071716708381558,0.6363581728692335,0.3098692027025717,1.2758102920010679,0.11494252873563218,0.705427451720289,0.38099652777777776,0.0,21,10.0,0.075,0.3333333333333333,60.0,0.9042927999980748
2,PAA-AdaptMut,21,0.6465728199819495,0.27437505080332236,1.3200887962222398,0.7407696657417555,0.32084035068569944,0.07796874260288907,0.6465728199819495,0.27437505080332236,1.3200887962222398,0.10818120351588911,0.7407696657417555,0.41069097222222223,0.0,19,10.0,0.05,0.5,60.0,0.9018045000266284
2,PAA-AdaptMut,22,0.629868679508706,0.30211424981175455,1.1626821716231532,0.7561776540835466,0.4089822658223839,0.07151440393710085,0.629868679508706,0.30211424981175455,1.1626821716231532,0.1352265043948614,0.7561776540835466,0.5813680555555556,0.0,21,8.0,0.05,0.0,60.0,0.8921346999704838
2,PAA-AdaptMut,23,0.6210394387981832,0.3281678497269782,1.1725264764419856,0.7143560053260659,0.37579928391501927,0.06920040920873619,0.6210394387981832,0.3281678497269782,1.1725264764419856,0.13326669998334167,0.7143560053260659,0.5030659722222224,0.0,23,9.0,0.1,0.5,60.0,0.9830019999062642
2,PAA-AdaptMut,24,0.6196537791644848,0.3265517127248877,1.0148846002135223,0.6670255977371828,0.3582356897584501,0.07672434691159088,0.6196537791644848,0.3265517127248877,1.0148846002135223,0.17028522775649213,0.6670255977371828,0.4746423611111112,0.0,23,6.0,0.125,0.4,60.0,0.898056999896653
2,PAA-AdaptMut,25,0.6831732551188502,0.26710650850687945,1.404464128193649,0.776186967422773,0.32665524301844046,0.0779555734760744,0.6831732551188502,0.26710650850687945,1.404464128193649,0.09679370840895342,0.776186967422773,0.4172569444444445,0.0,18,11.0,0.125,0.4,60.0,0.9023237000219524
2,PAA-AdaptMut,26,0.6776279340850407,0.2623573206341363,1.4207380120476116,0.805240217392786,0.38785724094643836,0.07430095675485406,0.6776279340850407,0.2623573206341363,1.4207380120476116,0.09479796184382036,0.805240217392786,0.5061597222222223,0.0,20,12.0,0.075,0.3333333333333333,60.0,0.9029730999609455
2,PAA-AdaptMut,27,0.6779491194849822,0.30345090651948253,1.3373897866387847,0.7390360180538217,0.3529994742625723,0.06749411497989324,0.6779491194849822,0.30345090651948253,1.3373897866387847,0.10569427929713304,0.7390360180538217,0.4477916666666667,0.0,18,9.0,0.075,0.3333333333333333,60.0,0.9053890000795946
2,PAA-AdaptMut,28,0.6266715106025476,0.2809582777730018,1.3796934333906814,0.7157892230946272,0.3049721858384529,0.0727759094817847,0.6266715106025476,0.2809582777730018,1.3796934333906814,0.09995002498750624,0.7157892230946272,0.38566319444444447,0.0,17,10.0,0.075,0.6666666666666666,60.0,0.9200652999570593
2,PAA-AdaptMut,29,0.670119681706329,0.3300732612253265,1.2299387677605003,0.7321736744981483,0.3672244260812137,0.07402103673222142,0.670119681706329,0.3300732612253265,1.2299387677605003,0.12260536398467432,0.7321736744981483,0.4847152777777778,0.0,19,8.0,0.05,0.0,60.0,0.9102386999875307
2,NSGA3-PrioInit,0,0.6767453500853368,0.3024315415961093,1.1427391744033626,0.7434794990703504,0.2856619311153408,0.07952831480674893,0.6767453500853368,0.3024315415961093,1.1427391744033626,0.13932427725531174,0.7434794990703504,0.35389236111111116,0.0,20,8.0,0.1,0.0,14.0,1.001184199936688
2,NSGA3-PrioInit,1,0.6809710649580323,0.3058881460097497,1.239248916960327,0.7600033688304251,0.2820424960639297,0.07541904363189919,0.6809710649580323,0.3058881460097497,1.239248916960327,0.12099213551119177,0.7600033688304251,0.34531944444444446,0.0,18,9.0,0.125,0.2,16.0,1.003728000097908
2,NSGA3-PrioInit,2,0.6771665727237951,0.3078608982468483,1.2392489169603274,0.7460479611279004,0.2893458083870584,0.07532827918339947,0.6771665727237951,0.3078608982468483,1.2392489169603274,0.12099213551119177,0.7460479611279004,0.3489826388888889,0.0,19,9.0,0.125,0.2,14.0,1.0322858999716118
2,NSGA3-PrioInit,3,0.6855518343791774,0.28197666321157266,1.1919712032812333,0.7184337106707072,0.29738991005188886,0.07764091240260998,0.6855518343791774,0.28197666321157266,1.1919712032812333,0.12951270843451515,0.7184337106707072,0.36834027777777784,0.0,21,9.0,0.075,0.0,19.0,1.0011930000036955
2,NSGA3-PrioInit,4,0.6881360818284672,0.3019630411589859,1.2847880786040071,0.7940543467144263,0.3107345218766355,0.08048588386809422,0.6881360818284672,0.3019630411589859,1.2847880786040071,0.11352348517099475,0.7940543467144263,0.3876736111111111,0.0,20,10.0,0.125,0.2,17.0,1.0325659000081941
2,NSGA3-PrioInit,5,0.6951245565664492,0.2532487438716527,1.1725264764419856,0.7214275478607322,0.3792196988739356,0.07992135131963947,0.6951245565664492,0.2532487438716527,1.1725264764419856,0.13326669998334167,0.7214275478607322,0.49817361111111114,0.0,22,9.0,0.075,0.3333333333333333,16.0,0.9979254000354558
2,NSGA3-PrioInit,6,0.6861071107604155,0.3124346256596774,1.2484896411001858,0.7300846226112065,0.29310999330052934,0.07762308101594009,0.6861071107604155,0.3124346256596774,1.2484896411001858,0.11942080907598149,0.7300846226112065,0.3634826388888889,0.0,19,9.0,0.075,0.0,16.0,0.9932489000493661
2,NSGA3-PrioInit,7,0.6794647146547073,0.3055274465343453,1.059218945609956,0.8645378503798753,0.38250161960818163,0.0822281394125204,0.6794647146547073,0.3055274465343453,1.059218945609956,0.15854141894569956,0.8645378503798753,0.4966666666666667,0.0,20,6.0,0.1,0.5,18.0,0.9972057000268251
2,NSGA3-PrioInit,8,0.6778308534361626,0.3074623808514791,1.1725264764419856,0.7284679330843216,0.2826833958555127,0.07900758417906306,0.6778308534361626,0.3074623808514791,1.1725264764419856,0.13326669998334167,0.7284679330843216,0.3474513888888889,0.0,18,8.0,0.175,0.2857142857142857,18.0,1.0089128999970853
2,NSGA3-PrioInit,9,0.687284558404366,0.26393052210472157,1.4126245053551467,0.8119913423554797,0.2933056095377326,0.07871135518305945,0.687284558404366,0.26393052210472157,1.4126245053551467,0.09578544061302682,0.8119913423554797,0.3597326388888889,0.0,18,11.0,0.15,0.16666666666666666,15.0,1.0221718999091536
2,NSGA3-PrioInit,10,0.6791180380389806,0.3196501667557573,1.1626821716231532,0.7928872502832656,0.31780437615170143,0.07876674580140988,0.6791180380389806,0.3196501667557573,1.1626821716231532,0.1352265043948614,0.7928872502832656,0.4045902777777778,0.0,18,8.0,0.125,0.4,15.0,1.017908199923113
2,NSGA3-PrioInit,11,0.679768245025697,0.27332148216172597,1.191971203281233,0.7631056911934023,0.3574454129797555,0.07953854918383772,0.679768245025697,0.27332148216172597,1.191971203281233,0.12951270843451515,0.7631056911934023,0.46167708333333335,0.0,21,9.0,0.125,0.2,18.0,1.0099159999517724
2,NSGA3-PrioInit,12,0.6969550963435972,0.31761885755393887,1.2392489169603274,0.8999529893034293,0.3627996821230591,0.08265961404953809,0.6969550963435972,0.31761885755393887,1.2392489169603274,0.12099213551119177,0.8999529893034293,0.4680937500000001,0.0,18,8.0,0.15,0.5,15.0,1.008337799925357
2,NSGA3-PrioInit,13,0.689191498789854,0.2663767150372743,1.1919712032812333,0.7554208825245278,0.3721345530850882,0.07635277563149583,0.689191498789854,0.2663767150372743,1.1919712032812333,0.12951270843451515,0.7554208825245278,0.48140277777777774,0.0,21,9.0,0.125,0.2,15.0,1.012161900056526
2,NSGA3-PrioInit,14,0.687110164628901,0.26616612973454046,1.5521923516684872,0.8264613446097833,0.2860529742072594,0.07572503674616926,0.687110164628901,0.26616612973454046,1.5521923516684872,0.08066142367412785,0.8264613446097833,0.3484201388888889,0.0,17,13.0,0.2,0.375,14.0,1.0119348999578506
2,NSGA3-PrioInit,15,0.6959204929166027,0.2640658402098851,1.3287674498039936,0.7984453991069392,0.3889985439252355,0.07681086841607179,0.6959204929166027,0.2640658402098851,1.3287674498039936,0.10692328254477412,0.7984453991069392,0.521607638888889,0.0,18,10.0,0.075,0.0,14.0,0.9912719000130892
2,NSGA3-PrioInit,16,0.7087569364504993,0.26322156868017504,1.211103777942239,0.8171687612270027,0.3629382073280679,0.08304928334083894,0.7087569364504993,0.26322156868017504,1.211103777942239,0.1259644150527476,0.8171687612270027,0.4672395833333334,0.0,19,9.0,0.1,0.25,15.0,0.9951879000291228
2,NSGA3-PrioInit,17,0.6701925895357916,0.31653120379454536,1.1427391744033624,0.7373763681193429,0.2829021733850356,0.07572048561264061,0.6701925895357916,0.31653120379454536,1.1427391744033624,0.13932427725531174,0.7373763681193429,0.34945833333333337,0.0,21,8.0,0.1,0.25,14.0,1.0401674000313506
2,NSGA3-PrioInit,18,0.6879307737074016,0.32106433670485585,1.2015755719882282,0.7632255170893301,0.2875954717619281,0.08047310089131626,0.6879307737074016,0.32106433670485585,1.2015755719882282,0.1277139208173691,0.7632255170893301,0.35209722222222223,0.0,21,9.0,0.125,0.0,18.0,1.0160567000275478
2,NSGA3-PrioInit,19,0.6792045952228201,0.31306397982517276,1.1017707555238396,0.7174949900051242,0.2767593509130658,0.0824140139769726,0.6792045952228201,0.31306397982517276,1.1017707555238396,0.14831294030404152,0.7174949900051242,0.34197916666666667,0.0,21,8.0,0.1,0.25,14.0,0.9955094000324607
2,NSGA3-PrioInit,20,0.690494189975586,0.3133982976142688,1.2299387677605003,0.776486688543985,0.2948751049742516,0.0809858799557182,0.690494189975586,0.3133982976142688,1.2299387677605003,0.12260536398467432,0.776486688543985,0.36505902777777777,0.0,19,9.0,0.05,0.0,17.0,1.002896000049077
2,NSGA3-PrioInit,21,0.699896653559817,0.262034990555336,1.4527389723778685,0.7931416769955797,0.2834148852845748,0.0766924300893314,0.699896653559817,0.262034990555336,1.4527389723778685,0.09104358711733242,0.7931416769955797,0.34773611111111113,0.0,18,12.0,0.15,0.16666666666666666,15.0,1.0261159000219777
2,NSGA3-PrioInit,22,0.6889947675272106,0.2970963507125358,1.0261477756627881,0.7867875552453582,0.3997146820711389,0.08161892677372001,0.6889947675272106,0.2970963507125358,1.0261477756627881,0.1671891327063741,0.7867875552453582,0.5277708333333333,0.0,24,7.0,0.125,0.2,18.0,1.0107003999873996
2,NSGA3-PrioInit,23,0.6660940142344722,0.2673438016473456,1.2937035644497943,0.8178350956537057,0.2964170822145966,0.08121173605128759,0.6660940142344722,0.2673438016473456,1.2937035644497943,0.112139052425007,0.8178350956537057,0.3629236111111111,0.0,20,10.0,0.15,0.16666666666666666,14.0,0.991446299944073
2,NSGA3-PrioInit,24,0.6856990588845053,0.27279560091247845,1.1326360028574725,0.7662002918732114,0.35942140258920563,0.0808704872384873,0.6856990588845053,0.27279560091247845,1.1326360028574725,0.14146772767462423,0.7662002918732114,0.47101388888888895,0.0,20,8.0,0.125,0.0,15.0,1.0026358000468463
2,NSGA3-PrioInit,25,0.6766322420955335,0.3074641180970324,1.2205576048237503,0.7750291252713242,0.30530837685613477,0.08122011976763537,0.6766322420955335,0.3074641180970324,1.2205576048237503,0.12426219322771047,0.7750291252713242,0.3769965277777778,0.0,19,9.0,0.15,0.3333333333333333,14.0,1.0331945000216365
2,NSGA3-PrioInit,26,0.6543221294342463,0.2824574920085884,1.1626821716231532,0.8977150400221869,0.3607445616193984,0.08180334942921519,0.6543221294342463,0.2824574920085884,1.1626821716231532,0.1352265043948614,0.8977150400221869,0.4676354166666667,0.0,18,8.0,0.15,0.16666666666666666,15.0,1.0054139000130817
2,NSGA3-PrioInit,27,0.7067147656644798,0.2606584167845727,1.266768880036419,0.8235169530257647,0.3569273958513158,0.08098278136069659,0.7067147656644798,0.2606584167845727,1.266768880036419,0.11639749745380475,0.8235169530257647,0.45088194444444446,0.0,21,10.0,0.125,0.2,16.0,1.0073292000452057
2,NSGA3-PrioInit,28,0.6472766604889757,0.27144479203584176,1.2299387677605003,0.7426848930636332,0.2727268565661462,0.07996963711865253,0.6472766604889757,0.27144479203584176,1.2299387677605003,0.12260536398467432,0.7426848930636332,0.3394409722222222,0.0,19,9.0,0.125,0.2,15.0,1.0314097000518814
2,NSGA3-PrioInit,29,0.6532570624124643,0.2637721429532224,1.2299387677605003,0.8564604077094348,0.3183733629272735,0.08209610353140392,0.6532570624124643,0.2637721429532224,1.2299387677605003,0.12260536398467432,0.8564604077094348,0.3978993055555556,0.0,17,8.0,0.2,0.25,14.0,1.0038441000506282
3,Random,0,0.4658427450514778,0.4778321836519396,0.7240467010585573,0.35658781772984793,0.5203886358534564,,0.4658427450514778,0.4778321836519396,0.7240467010585573,0.28735632183908044,0.35658781772984793,0.7916388888888889,0.0,28,2.0,0.075,0.6666666666666666,,
3,RoundRobin,0,0.4567443526828251,0.521200602433521,1.1224418956996507,0.32556937873056696,0.5428285383393654,,0.4567443526828251,0.521200602433521,1.1224418956996507,0.14367816091954022,0.32556937873056696,1.7322361111111113,0.0,20,8.0,0.025,1.0,,
3,FIFO,0,0.43439778495919174,0.6286806357635456,2.5407239338567273,0.4431171987330174,1.4673698482599984,,0.43439778495919174,0.6286806357635456,2.5407239338567273,0.03170828378913991,0.4431171987330174,8.162552083333333,0.0,4,19.0,0.075,0.6666666666666666,,
3,LeastLoaded,0,0.4152807316964239,0.5274830407559531,0.4983789284753747,0.3710877583860994,0.5403893837416375,,0.4152807316964239,0.5274830407559531,0.4983789284753747,0.45977011494252873,0.3710877583860994,1.254513888888889,0.0,40,1.0,0.05,0.5,,
3,GreedyBestOutcome,0,0.6825147185142757,0.2993023212383992,1.7733959739680794,0.7218604097116043,0.3306628345764501,,0.6825147185142757,0.2993023212383992,1.7733959739680794,0.0629822075263738,0.7218604097116043,0.4178437500000001,0.0,9,13.0,0.075,0.6666666666666666,,
3,StandardNSGA2,0,0.6032960412146088,0.36419071854329854,1.0372886595566415,0.6700253109730354,0.41915977656167946,0.07378394812732403,0.6032960412146088,0.36419071854329854,1.0372886595566415,0.16420361247947454,0.6700253109730354,0.5844652777777778,0.0,24,7.0,0.025,0.0,60.0,0.8754702999722213
3,StandardNSGA2,1,0.5751816260690498,0.34672307746646036,1.0807043010154627,0.6356183349367223,0.3215113393769074,0.06463883906001912,0.5751816260690498,0.34672307746646036,1.0807043010154627,0.1532567049808429,0.6356183349367223,0.4025069444444445,0.0,24,8.0,0.05,1.0,60.0,0.8689051000401378
3,StandardNSGA2,2,0.5876425912444573,0.2990267526751068,1.003495015435271,0.6274726370670247,0.4572663273697623,0.06955046248006973,0.5876425912444573,0.2990267526751068,1.003495015435271,0.1734981565820863,0.6274726370670247,1.1018611111111114,0.0,25,7.0,0.025,1.0,60.0,0.8640718000242487
3,StandardNSGA2,3,0.5510002007809752,0.3685533121172572,0.9803189452974894,0.7346411907013355,0.39658965886938596,0.06020042458167266,0.5510002007809752,0.3685533121172572,0.9803189452974894,0.18030200585981518,0.7346411907013355,0.5476597222222223,0.0,23,6.0,0.1,0.25,60.0,0.8803238000255078
3,StandardNSGA2,4,0.6207988629369295,0.3725323125409603,0.9072453912952236,0.7239488521498935,0.3990651571388113,0.0641963132032131,0.6207988629369295,0.3725323125409603,0.9072453912952236,0.20434227330779056,0.7239488521498935,0.5206979166666666,0.0,25,5.0,0.075,0.3333333333333333,60.0,0.8750500000314787
3,StandardNSGA2,5,0.615372688987107,0.3334302233092002,1.1527538013223835,0.6802976312078511,0.318758190575194,0.05862372377950294,0.615372688987107,0.3334302233092002,1.1527538013223835,0.1372448104306056,0.6802976312078511,0.40464930555555556,0.0,19,8.0,0.1,0.75,60.0,0.8867896000156179
3,StandardNSGA2,6,0.6074296778293267,0.35039461988620085,1.1427391744033626,0.8295270653004604,0.40311375235166286,0.06560146213289442,0.6074296778293267,0.35039461988620085,1.1427391744033626,0.13932427725531174,0.8295270653004604,0.53203125,0.0,23,9.0,0.1,0.5,60.0,0.871512999990955
3,StandardNSGA2,7,0.5493918179547409,0.36863409826580085,0.8550673523401053,0.6732000294135819,0.4121330959527011,0.059827273613267576,0.5493918179547409,0.36863409826580085,0.8550673523401053,0.224278104850014,0.6732000294135819,0.5877673611111113,0.0,27,4.0,0.05,0.5,60.0,0.8718565999297425
3,StandardNSGA2,8,0.6232380173519984,0.34511247001674,1.112154352360633,0.7576348983755188,0.4097961939974109,0.06431109502102376,0.6232380173519984,0.34511247001674,1.112154352360633,0.14595876664842183,0.7576348983755188,0.5375104166666667,0.0,22,8.0,0.125,0.2,60.0,0.9024952000472695
3,StandardNSGA2,9,0.61393215026961,0.28928900870267404,1.1725264764419854,0.6589240164702848,0.3286879955401619,0.07090705993325307,0.61393215026961,0.28928900870267404,1.1725264764419854,0.13326669998334167,0.6589240164702848,0.4148715277777778,0.0,20,8.0,0.1,0.5,60.0,0.8737590999808162
3,StandardNSGA2,10,0.6041715226471214,0.3363096988250576,0.9919746671444329,0.7314613799836592,0.3701836157205533,0.07433533231494824,0.6041715226471214,0.3363096988250576,0.9919746671444329,0.1768346595932803,0.7314613799836592,0.47839583333333335,0.0,25,7.0,0.125,0.6,60.0,0.9218744999961928
3,StandardNSGA2,11,0.6395999099077854,0.29932064016003557,1.201575571988228,0.6691483184555956,0.29059878343439866,0.06826083499484344,0.6395999099077854,0.29932064016003557,1.201575571988228,0.1277139208173691,0.6691483184555956,0.3598854166666666,0.0,21,9.0,0.125,0.6,60.0,0.9030764999333769
3,StandardNSGA2,12,0.6082996349517481,0.2997632347371633,1.0372886595566415,0.6493230033092542,0.334085639727992,0.06928207656241721,0.6082996349517481,0.2997632347371633,1.0372886595566415,0.16420361247947454,0.6493230033092542,0.42768750000000005,0.0,25,8.0,0.075,0.6666666666666666,60.0,0.8713919000001624
3,StandardNSGA2,13,0.5800436062547065,0.34267474967949985,1.0148846002135226,0.741623320403493,0.3239642312578479,0.061483733385325284,0.5800436062547065,0.34267474967949985,1.0148846002135226,0.17028522775649213,0.741623320403493,0.4172986111111111,0.0,24,7.0,0.075,0.3333333333333333,60.0,0.8740896999370307
3,StandardNSGA2,14,0.5967301747996349,0.35826375652891007,1.0483111508478486,0.6349853791848701,0.27948306721413557,0.07420589899859524,0.5967301747996349,0.35826375652891007,1.0483111508478486,0.1613228473482557,0.6349853791848701,0.3435416666666667,0.0,22,7.0,0.15,0.6666666666666666,60.0,0.8811349000316113
3,StandardNSGA2,15,0.6118981321319025,0.35464759515869976,0.9072453912952236,0.7729099120701879,0.4214798850971178,0.06937833732714815,0.6118981321319025,0.35464759515869976,0.9072453912952236,0.20434227330779056,0.7729099120701879,0.5794027777777778,0.0,25,5.0,0.1,0.5,60.0,0.8607008000835776
3,StandardNSGA2,16,0.5810836064259404,0.381702715620553,1.1224418956996507,0.7728723373937464,0.40580221620107737,0.06393683984347799,0.5810836064259404,0.381702715620553,1.1224418956996507,0.14367816091954022,0.7728723373937464,0.573857638888889,0.0,22,8.0,0.075,0.0,60.0,0.8627245000097901
3,StandardNSGA2,17,0.6074879836828924,0.3282873876911735,0.8815425052328281,0.7075068628564577,0.4475764858766434,0.07089895486955995,0.6074879836828924,0.3282873876911735,0.8815425052328281,0.21384656508954825,0.7075068628564577,0.6141701388888889,0.0,25,5.0,0.05,0.5,60.0,0.8827814999967813
3,StandardNSGA2,18,0.6006436726873432,0.37225727781664186,0.9444891303068569,0.6105719671393481,0.45952870830768305,0.061321838711389645,0.6006436726873432,0.37225727781664186,0.9444891303068569,0.19157088122605365,0.6105719671393481,0.62075,0.0,26,6.0,0.05,1.0,60.0,0.8824977999320254
3,StandardNSGA2,19,0.6197493259060657,0.34882634832421494,0.9685229624340641,0.5452383622844149,0.3472224735563847,0.061955972634191114,0.6197493259060657,0.34882634832421494,0.9685229624340641,0.1839080459770115,0.5452383622844149,0.43954861111111115,0.0,22,5.0,0.075,1.0,60.0,0.8717359000584111
3,StandardNSGA2,20,0.6006267946281151,0.3470598813809538,1.2205576048237508,0.7972303985910723,0.38633130595029347,0.0724645885230139,0.6006267946281151,0.3470598813809538,1.2205576048237508,0.12426219322771047,0.7972303985910723,0.5429652777777777,0.0,19,9.0,0.125,0.2,60.0,0.8997805999824777
3,StandardNSGA2,21,0.6005860048286072,0.3306745877424997,1.1725264764419856,0.7122776602648111,0.40991727555654467,0.05558492634328869,0.6005860048286072,0.3306745877424997,1.1725264764419856,0.13326669998334167,0.7122776602648111,0.5689305555555555,0.0,19,8.0,0.1,0.25,60.0,0.8656150000169873
3,StandardNSGA2,22,0.5844701161079495,0.3561163714055441,0.9803189452974894,0.8230323554915078,0.4398860912503082,0.07539305544143007,0.5844701161079495,0.3561163714055441,0.9803189452974894,0.18030200585981518,0.8230323554915078,1.0473923611111111,0.0,25,7.0,0.125,0.2,60.0,0.8502188000129536
3,StandardNSGA2,23,0.5609335725966231,0.3727135241562835,0.8684058283919127,0.5963049875767116,0.39805036417887757,0.06777530511119742,0.5609335725966231,0.3727135241562835,0.8684058283919127,0.21893814997263272,0.5963049875767116,0.5655972222222223,0.0,28,6.0,0.075,0.6666666666666666,60.0,0.8681993000209332
3,StandardNSGA2,24,0.5782407942814126,0.3562686810168575,1.0261477756627881,0.6793841607414898,0.29661036931343576,0.07329240656534522,0.5782407942814126,0.3562686810168575,1.0261477756627881,0.1671891327063741,0.6793841607414898,0.3667013888888889,0.0,22,7.0,0.075,0.3333333333333333,60.0,0.8612478000577539
3,StandardNSGA2,25,0.5873497739749088,0.34762412626801875,0.8684058283919128,0.7706421514205342,0.3756882238321392,0.07684725096741359,0.5873497739749088,0.34762412626801875,0.8684058283919128,0.21893814997263272,0.7706421514205342,0.4992361111111111,0.0,23,4.0,0.125,0.4,60.0,0.8640409000217915
3,StandardNSGA2,26,0.5724371229773674,0.34715466760717273,0.9444891303068568,0.643315356613735,0.29803343261139636,0.07111864301887456,0.5724371229773674,0.34715466760717273,0.9444891303068568,0.19157088122605365,0.643315356613735,0.4167291666666667,0.0,24,6.0,0.075,0.6666666666666666,60.0,0.8633076000260189
3,StandardNSGA2,27,0.5870589922682916,0.3471107151781874,1.2758102920010677,0.7795108977846515,0.3577648247825686,0.06802098257993422,0.5870589922682916,0.3471107151781874,1.2758102920010677,0.11494252873563218,0.7795108977846515,0.47745138888888894,0.0,22,10.0,0.075,0.3333333333333333,60.0,0.8708182000555098
3,StandardNSGA2,28,0.5871981875518447,0.3883079511165808,1.0807043010154627,0.7503388479628216,0.3517558906946288,0.06684586983030141,0.5871981875518447,0.3883079511165808,1.0807043010154627,0.1532567049808429,0.7503388479628216,0.46336458333333336,0.0,23,7.0,0.075,0.3333333333333333,60.0,0.8612981999758631
3,StandardNSGA2,29,0.6409913296644516,0.35356044979327883,1.2667688800364192,0.7602031010698228,0.3522730234509808,0.07097454763798378,0.6409913296644516,0.35356044979327883,1.2667688800364192,0.11639749745380475,0.7602031010698228,0.43861458333333336,0.0,20,10.0,0.1,0.5,60.0,0.8692510999972001
3,NSGA3,0,0.6332224977755497,0.3173940915562249,1.112154352360633,0.7882196191122682,0.2912630396653277,0.0771226043918162,0.6332224977755497,0.3173940915562249,1.112154352360633,0.14595876664842183,0.7882196191122682,0.3626631944444444,0.0,23,8.0,0.1,0.75,16.0,0.9762462000362575
3,NSGA3,1,0.6402768786366615,0.2789005019049215,1.0807043010154629,0.7361670662183443,0.3250543780819455,0.08080315313466163,0.6402768786366615,0.2789005019049215,1.0807043010154629,0.1532567049808429,0.7361670662183443,0.4143159722222222,0.0,20,7.0,0.075,0.3333333333333333,18.0,0.9963313000043854
3,NSGA3,2,0.6309792399647793,0.28361531209464674,1.003495015435271,0.6823540062865042,0.3433736135301694,0.07964378248778758,0.6309792399647793,0.28361531209464674,1.003495015435271,0.1734981565820863,0.6823540062865042,0.441375,0.0,21,6.0,0.075,0.6666666666666666,19.0,0.9857421000488102
3,NSGA3,3,0.6376276302849944,0.33388775830724526,1.182288815689544,0.7294573107914459,0.26290997673760436,0.07791500698181801,0.6376276302849944,0.33388775830724526,1.182288815689544,0.13136288998357964,0.7294573107914459,0.32042708333333336,0.0,21,9.0,0.1,0.25,15.0,0.9664282000157982
3,NSGA3,4,0.63314930290941,0.31875931884729225,0.7994911844726069,0.6745214275746055,0.37067544177827316,0.08024100317845578,0.63314930290941,0.31875931884729225,0.7994911844726069,0.24852438645542094,0.6745214275746055,0.4767013888888889,0.0,28,4.0,0.05,0.5,16.0,1.0138275000499561
3,NSGA3,5,0.6227973900645131,0.3333927078855563,0.9072453912952236,0.793459579187208,0.3602453976345942,0.07964695352384929,0.6227973900645131,0.3333927078855563,0.9072453912952236,0.20434227330779056,0.793459579187208,0.4746944444444445,0.0,24,5.0,0.1,0.5,19.0,1.0244869000744075
3,NSGA3,6,0.616569598479155,0.30595028595857066,1.0261477756627881,0.6791078947182179,0.28852533138881037,0.07841765127133067,0.616569598479155,0.30595028595857066,1.0261477756627881,0.1671891327063741,0.6791078947182179,0.34982638888888895,0.0,22,7.0,0.05,0.5,19.0,1.0079779999796301
3,NSGA3,7,0.6468105509278023,0.2807597233222316,1.1427391744033626,0.7321821321925117,0.31809465428237066,0.07591136416947,0.6468105509278023,0.2807597233222316,1.1427391744033626,0.13932427725531174,0.7321821321925117,0.3904895833333334,0.0,21,8.0,0.15,0.5,14.0,0.9962832999881357
3,NSGA3,8,0.6115082746781593,0.3127536335230928,0.9565815297270429,0.7782495460318947,0.292383941367434,0.08293453125025843,0.6115082746781593,0.3127536335230928,0.9565815297270429,0.18766127140511377,0.7782495460318947,0.36544791666666665,0.0,22,5.0,0.1,0.75,15.0,1.0576464999467134
3,NSGA3,9,0.6318629109536342,0.3246990263409925,0.8684058283919128,0.718837360922634,0.36603057690002233,0.07390104912399195,0.6318629109536342,0.3246990263409925,0.8684058283919128,0.21893814997263272,0.718837360922634,0.47162152777777777,0.0,26,5.0,0.05,0.5,20.0,0.9776602000929415
3,NSGA3,10,0.6334217034494609,0.3590958547368527,0.8684058283919127,0.8009187505556487,0.40343859233953105,0.07951551862737384,0.6334217034494609,0.3590958547368527,0.8684058283919127,0.21893814997263272,0.8009187505556487,0.5620347222222224,0.0,28,6.0,0.075,0.3333333333333333,18.0,0.9892227000091225
3,NSGA3,11,0.5715579478102777,0.3121482958839115,0.8944862739468376,0.7464186635110425,0.3075400875046432,0.07297750371515202,0.5715579478102777,0.3121482958839115,0.8944862739468376,0.2089864158829676,0.7464186635110425,0.39667361111111116,0.0,24,5.0,0.125,0.4,16.0,0.9956113999942318
3,NSGA3,12,0.5886728060542412,0.3234260867798035,0.7702007157586646,0.6941293811003372,0.34742635267228417,0.07706653033495756,0.5886728060542412,0.3234260867798035,0.7702007157586646,0.2627257799671593,0.6941293811003372,0.45410763888888894,0.0,28,4.0,0.05,0.5,20.0,0.9798031999962404
3,NSGA3,13,0.6394071988490151,0.31743457606643555,1.1919712032812333,0.8390012594145763,0.35318815544485366,0.07638656445575642,0.6394071988490151,0.31743457606643555,1.1919712032812333,0.12951270843451515,0.8390012594145763,0.46158333333333335,0.0,20,9.0,0.1,0.5,16.0,1.0031503000063822
3,NSGA3,14,0.591042438172376,0.33702961262131914,1.0148846002135226,0.7622537527528498,0.28717248695110326,0.07616464314657913,0.591042438172376,0.33702961262131914,1.0148846002135226,0.17028522775649213,0.7622537527528498,0.35477083333333337,0.0,23,7.0,0.075,0.3333333333333333,14.0,1.003919400041923
3,NSGA3,15,0.6338599066239643,0.31735970564753296,1.0807043010154629,0.7002470158073665,0.25365828007261493,0.08089733566193301,0.6338599066239643,0.31735970564753296,1.0807043010154629,0.1532567049808429,0.7002470158073665,0.30530208333333336,0.0,23,8.0,0.05,0.5,14.0,0.9820359000004828
3,NSGA3,16,0.5968838300243969,0.32896913261995,1.1326360028574725,0.7683367424871189,0.2583114299082412,0.07889545603918804,0.5968838300243969,0.32896913261995,1.1326360028574725,0.14146772767462423,0.7683367424871189,0.3091041666666667,0.0,19,8.0,0.1,0.75,16.0,0.9993126000044867
3,NSGA3,17,0.6340512364715003,0.2920744440477477,1.1224418956996507,0.6985978559892263,0.30863309602616507,0.07726315989871711,0.6340512364715003,0.2920744440477477,1.1224418956996507,0.14367816091954022,0.6985978559892263,0.37745138888888896,0.0,21,8.0,0.075,0.6666666666666666,15.0,1.0221704000141472
3,NSGA3,18,0.653784275621544,0.2891309355074682,1.201575571988228,0.7885972920784294,0.30257104003500623,0.07915807560810145,0.653784275621544,0.2891309355074682,1.201575571988228,0.1277139208173691,0.7885972920784294,0.3837083333333333,0.0,18,8.0,0.075,0.6666666666666666,14.0,0.988598799915053
3,NSGA3,19,0.646552854278063,0.30016547745312655,0.9322398894708789,0.7050809898332675,0.3405618351739389,0.0815522946078385,0.646552854278063,0.30016547745312655,0.9322398894708789,0.19564685742235266,0.7050809898332675,0.42261458333333335,0.0,23,5.0,0.05,0.0,18.0,0.9788170999381691
3,NSGA3,20,0.6438290175506888,0.29164657712863945,1.0148846002135226,0.7086567453528405,0.30437963217530445,0.0792889532635047,0.6438290175506888,0.29164657712863945,1.0148846002135226,0.17028522775649213,0.7086567453528405,0.37787152777777777,0.0,23,7.0,0.1,0.5,17.0,0.9976066000526771
3,NSGA3,21,0.6296639755303024,0.33429203316364275,0.8944862739468377,0.7655031285992716,0.4150652018908686,0.08284931063547243,0.6296639755303024,0.33429203316364275,0.8944862739468377,0.2089864158829676,0.7655031285992716,0.5554722222222223,0.0,27,6.0,0.125,0.4,19.0,0.9856795000378042
3,NSGA3,22,0.6057334087213304,0.3311528885555056,1.1121543523606332,0.7337312896900462,0.25757607738897265,0.07369336985834397,0.6057334087213304,0.3311528885555056,1.1121543523606332,0.14595876664842183,0.7337312896900462,0.3075104166666667,0.0,22,8.0,0.075,0.3333333333333333,14.0,0.9941821000538766
3,NSGA3,23,0.619408216138181,0.29352146052115746,1.0148846002135226,0.7907351887324997,0.33342798433404336,0.08094469644797696,0.619408216138181,0.29352146052115746,1.0148846002135226,0.17028522775649213,0.7907351887324997,0.4253819444444445,0.0,23,6.0,0.125,0.6,15.0,0.9952746999915689
3,NSGA3,24,0.5887934373962402,0.29855492948295226,0.9685229624340641,0.6249718983085069,0.264894960310512,0.07406661718108115,0.5887934373962402,0.29855492948295226,0.9685229624340641,0.1839080459770115,0.6249718983085069,0.32276041666666666,0.0,22,5.0,0.05,0.5,18.0,1.0904395000543445
3,NSGA3,25,0.637832842061281,0.2808240641511311,1.0372886595566415,0.6684636084257647,0.3379867688105908,0.07902278787525222,0.637832842061281,0.2808240641511311,1.0372886595566415,0.16420361247947454,0.6684636084257647,0.4294201388888889,0.0,21,7.0,0.1,0.5,19.0,1.0030621000332758
3,NSGA3,26,0.6270558886585971,0.3039304316769641,0.9444891303068568,0.7302398532719089,0.33622466227828796,0.07611692745442712,0.6270558886585971,0.3039304316769641,0.9444891303068568,0.19157088122605365,0.7302398532719089,0.4353472222222223,0.0,24,6.0,0.075,0.6666666666666666,17.0,0.9839950000168756
3,NSGA3,27,0.5870166057436702,0.3126792810940571,0.8815425052328281,0.7576204757086955,0.3677444622934619,0.07285206292169476,0.5870166057436702,0.3126792810940571,0.8815425052328281,0.21384656508954825,0.7576204757086955,0.5013194444444444,0.0,24,5.0,0.1,0.5,17.0,0.9700357000110671
3,NSGA3,28,0.6209016947851488,0.28759780038325716,1.059218945609956,0.8052107865866267,0.34997316893169145,0.08022032925458303,0.6209016947851488,0.28759780038325716,1.059218945609956,0.15854141894569956,0.8052107865866267,0.43904513888888896,0.0,22,7.0,0.1,0.25,17.0,0.9848209000192583
3,NSGA3,29,0.6475612950377874,0.317600416968925,1.3025580288099372,0.8364463620562679,0.33362610577856894,0.07657366900434348,0.6475612950377874,0.317600416968925,1.3025580288099372,0.1107879795042238,0.8364463620562679,0.42098611111111117,0.0,22,11.0,0.075,0.3333333333333333,14.0,0.9990987000055611
3,PAA-NSGA-II,0,0.6481276464394192,0.3140782924098867,1.3796934333906814,0.772775126698041,0.36561920331655584,0.07487247666478725,0.6481276464394192,0.3140782924098867,1.3796934333906814,0.09995002498750624,0.772775126698041,0.4798819444444445,0.0,16,10.0,0.05,0.5,60.0,0.9428087999112904
3,PAA-NSGA-II,1,0.5858707475206002,0.3586962790213106,1.2576624704910284,0.831943346308502,0.4555908975960449,0.06893134453417855,0.5858707475206002,0.3586962790213106,1.2576624704910284,0.11788977306218686,0.831943346308502,1.072559027777778,0.0,19,9.0,0.1,0.25,60.0,0.9542737000156194
3,PAA-NSGA-II,2,0.577640988894769,0.3241278526142086,1.0912883633487742,0.5298910327990235,0.3165154654229402,0.07233165249910506,0.577640988894769,0.3241278526142086,1.0912883633487742,0.15074429998115696,0.5298910327990235,0.4094409722222222,0.0,22,8.0,0.025,1.0,60.0,0.9444742000196129
3,PAA-NSGA-II,3,0.6418574844301334,0.287150111610165,1.3025580288099372,0.7002435975097556,0.3374118429783616,0.07621387452786602,0.6418574844301334,0.287150111610165,1.3025580288099372,0.1107879795042238,0.7002435975097556,0.43994791666666666,0.0,18,10.0,0.05,1.0,60.0,0.9836387999821454
3,PAA-NSGA-II,4,0.5903565991938542,0.3213715937762443,1.0148846002135226,0.6565632542490294,0.3436295089582942,0.07206773380294787,0.5903565991938542,0.3213715937762443,1.0148846002135226,0.17028522775649213,0.6565632542490294,0.46971180555555553,0.0,22,6.0,0.1,0.25,60.0,0.9688050000695512
3,PAA-NSGA-II,5,0.6291038257589445,0.3281919338926936,1.3287674498039934,0.8435868236518766,0.4375290036127525,0.07139188465023857,0.6291038257589445,0.3281919338926936,1.3287674498039934,0.10692328254477412,0.8435868236518766,0.6180555555555556,0.0,18,10.0,0.125,0.4,60.0,0.9662540999706835
3,PAA-NSGA-II,6,0.5826651466538355,0.3552870512513605,1.191971203281233,0.6469157091498967,0.2778728409602778,0.07438772231405665,0.5826651466538355,0.3552870512513605,1.191971203281233,0.12951270843451515,0.6469157091498967,0.36077430555555556,0.0,18,8.0,0.025,0.0,60.0,0.9780979000497609
3,PAA-NSGA-II,7,0.5909554524362679,0.3401242850423613,1.2484896411001856,0.7811590032792147,0.35126140776031106,0.06975337258096531,0.5909554524362679,0.3401242850423613,1.2484896411001856,0.11942080907598149,0.7811590032792147,0.4884722222222223,0.0,19,9.0,0.1,0.25,60.0,0.9881636999780312
3,PAA-NSGA-II,8,0.6532192390977821,0.2923621423261319,1.3796934333906816,0.7938024603769538,0.34495199247480146,0.07743617113555137,0.6532192390977821,0.2923621423261319,1.3796934333906816,0.09995002498750624,0.7938024603769538,0.44189236111111113,0.0,17,11.0,0.05,0.5,60.0,0.9534660000354052
3,PAA-NSGA-II,9,0.5830943994221887,0.38065719168901585,1.0372886595566415,0.6495090768484891,0.34009830993823875,0.07580364162246536,0.5830943994221887,0.38065719168901585,1.0372886595566415,0.16420361247947454,0.6495090768484891,0.4419791666666667,0.0,22,7.0,0.05,0.5,60.0,0.9310970000224188
3,PAA-NSGA-II,10,0.6203846609093493,0.3372774566407196,1.2484896411001856,0.7833976357725334,0.39321705521530104,0.06959234064857898,0.6203846609093493,0.3372774566407196,1.2484896411001856,0.11942080907598149,0.7833976357725334,0.5274652777777777,0.0,17,7.0,0.1,0.5,60.0,0.9364058000501245
3,PAA-NSGA-II,11,0.5687364913075219,0.3235039777608198,1.1626821716231532,0.5840995269889845,0.2913510644845244,0.07315705403985404,0.5687364913075219,0.3235039777608198,1.1626821716231532,0.1352265043948614,0.5840995269889845,0.3703854166666667,0.0,22,9.0,0.075,0.3333333333333333,60.0,0.9505105999996886
3,PAA-NSGA-II,12,0.6248913643501147,0.2906909134483272,1.2847880786040071,0.7735120977484858,0.3557542255541555,0.07598183056749436,0.6248913643501147,0.2906909134483272,1.2847880786040071,0.11352348517099475,0.7735120977484858,0.4615486111111111,0.0,19,10.0,0.1,0.25,60.0,0.9430194000015035
3,PAA-NSGA-II,13,0.636276339381762,0.28775822204249624,1.3629295501408405,0.7802387184564481,0.32300711586325337,0.07403837911540587,0.636276339381762,0.28775822204249624,1.3629295501408405,0.10217113665389528,0.7802387184564481,0.41288541666666667,0.0,20,11.0,0.075,0.3333333333333333,60.0,0.9572642999701202
3,PAA-NSGA-II,14,0.5928795631327481,0.35996529513686737,1.1427391744033626,0.690560444767496,0.3422225998757332,0.07457453252883714,0.5928795631327481,0.35996529513686737,1.1427391744033626,0.13932427725531174,0.690560444767496,0.45337152777777784,0.0,24,9.0,0.075,0.6666666666666666,60.0,0.9798480999888852
3,PAA-NSGA-II,15,0.6472438311526153,0.2920438379541276,1.3287674498039936,0.6885430857242664,0.3857656623900317,0.07381465814116574,0.6472438311526153,0.2920438379541276,1.3287674498039936,0.10692328254477412,0.6885430857242664,0.5038784722222223,0.0,18,10.0,0.05,0.5,60.0,0.9837903999723494
3,PAA-NSGA-II,16,0.6532948858508171,0.2992992696947419,1.3287674498039936,0.7518199891801232,0.3882870485973929,0.07495253431010587,0.6532948858508171,0.2992992696947419,1.3287674498039936,0.10692328254477412,0.7518199891801232,0.5089722222222223,0.0,17,10.0,0.05,0.5,60.0,0.9768846998922527
3,PAA-NSGA-II,17,0.6327879385596688,0.31520187425664037,1.2847880786040071,0.7934309222637668,0.3787604477415896,0.07023461824036491,0.6327879385596688,0.31520187425664037,1.2847880786040071,0.11352348517099475,0.7934309222637668,0.4963715277777778,0.0,17,9.0,0.075,0.3333333333333333,60.0,0.981514299986884
3,PAA-NSGA-II,18,0.6555504326556715,0.2993081838923767,1.404464128193649,0.7784314050702308,0.3275091788638081,0.07351406055158322,0.6555504326556715,0.2993081838923767,1.404464128193649,0.09679370840895342,0.7784314050702308,0.4206805555555556,0.0,16,11.0,0.05,0.5,60.0,0.9688786999322474
3,PAA-NSGA-II,19,0.6515573924942595,0.2675119609794261,1.4126245053551467,0.731761559345112,0.34470354975550765,0.07389441662291507,0.6515573924942595,0.2675119609794261,1.4126245053551467,0.09578544061302682,0.731761559345112,0.4521527777777778,0.0,17,11.0,0.1,0.5,60.0,1.0360538000240922
3,PAA-NSGA-II,20,0.6282038823230565,0.3509573049274433,1.2205576048237508,0.748449707180302,0.4079976687003676,0.07654232592600853,0.6282038823230565,0.3509573049274433,1.2205576048237508,0.12426219322771047,0.748449707180302,0.5690729166666667,0.0,20,9.0,0.075,0.3333333333333333,60.0,0.9503829999594018
3,PAA-NSGA-II,21,0.6172332570913645,0.3395259972487049,1.2576624704910284,0.8073976064715177,0.41551885222556145,0.07607876678050186,0.6172332570913645,0.3395259972487049,1.2576624704910284,0.11788977306218686,0.8073976064715177,0.5735173611111112,0.0,16,8.0,0.075,0.0,60.0,0.9652521000243723
3,PAA-NSGA-II,22,0.6336080011546112,0.2911523802934723,1.3796934333906814,0.7780529924190047,0.33314981601615995,0.07726589637444056,0.6336080011546112,0.2911523802934723,1.3796934333906814,0.09995002498750624,0.7780529924190047,0.4406909722222222,0.0,18,11.0,0.075,0.3333333333333333,60.0,0.9864006000570953
3,PAA-NSGA-II,23,0.631620246222128,0.2740662429635079,1.3962560587641581,0.7628251102078352,0.3443417266544975,0.07273193555717426,0.631620246222128,0.2740662429635079,1.3962560587641581,0.09782342871117633,0.7628251102078352,0.4594722222222223,0.0,17,11.0,0.05,0.5,60.0,0.9668627999490127
3,PAA-NSGA-II,24,0.6099229280419438,0.3349253069593193,1.1822888156895437,0.7803083299800824,0.36407991215013674,0.07841171663245153,0.6099229280419438,0.3349253069593193,1.1822888156895437,0.13136288998357964,0.7803083299800824,0.4717291666666667,0.0,19,8.0,0.075,0.3333333333333333,60.0,0.9507008999353275
3,PAA-NSGA-II,25,0.5977314727865958,0.3169272553841882,1.3025580288099372,0.7362696700654991,0.34516537820992294,0.07338506700148291,0.5977314727865958,0.3169272553841882,1.3025580288099372,0.1107879795042238,0.7362696700654991,0.44970833333333343,0.0,23,11.0,0.05,0.5,60.0,0.9500544000184163
3,PAA-NSGA-II,26,0.6031469860422074,0.38029345792778235,1.0483111508478486,0.7583045263845164,0.4610743222904932,0.07397450029329736,0.6031469860422074,0.38029345792778235,1.0483111508478486,0.1613228473482557,0.7583045263845164,1.1090833333333334,0.0,23,7.0,0.075,0.3333333333333333,60.0,0.9381914000259712
3,PAA-NSGA-II,27,0.6120752644585796,0.3446943388718699,1.3287674498039936,0.8377110607166678,0.32241031039631113,0.07375859644846904,0.6120752644585796,0.3446943388718699,1.3287674498039936,0.10692328254477412,0.8377110607166678,0.40534374999999995,0.0,21,11.0,0.05,0.5,60.0,1.001750300056301
3,PAA-NSGA-II,28,0.6099696066987713,0.2816186648960277,1.404464128193649,0.7065499995630375,0.3120584383063624,0.07300139370505722,0.6099696066987713,0.2816186648960277,1.404464128193649,0.09679370840895342,0.7065499995630375,0.3984652777777778,0.0,18,11.0,0.05,0.5,60.0,0.9769744999939576
3,PAA-NSGA-II,29,0.6193415971382098,0.35470898395702266,1.1527538013223833,0.799261100486443,0.4302092635874611,0.07240724530361854,0.6193415971382098,0.35470898395702266,1.1527538013223833,0.1372448104306056,0.799261100486443,0.6152118055555555,0.0,21,7.0,0.05,0.5,60.0,0.987980299978517
3,PAA-noPriority,0,0.6079733968476762,0.3150666953847936,1.3113527077656706,0.6193525109549786,0.3719752304318029,0.05577657083223782,0.6079733968476762,0.3150666953847936,1.3113527077656706,0.10946907498631636,0.6193525109549786,0.4799097222222223,0.0,18,10.0,0.075,0.6666666666666666,60.0,0.9516031000530347
3,PAA-noPriority,1,0.6441483374342539,0.2836613773511167,1.2484896411001858,0.7357882989092044,0.3331317488365006,0.06713986639839076,0.6441483374342539,0.2836613773511167,1.2484896411001858,0.11942080907598149,0.7357882989092044,0.4222326388888889,0.0,21,10.0,0.075,0.3333333333333333,60.0,0.9967456000158563
3,PAA-noPriority,2,0.5998453436336558,0.2858918752047773,1.1224418956996507,0.665893558370421,0.32596391799805535,0.06639272979240737,0.5998453436336558,0.2858918752047773,1.1224418956996507,0.14367816091954022,0.665893558370421,0.4217534722222222,0.0,21,8.0,0.1,0.5,60.0,0.9587899999460205
3,PAA-noPriority,3,0.5994421874660864,0.3455535472279362,1.1527538013223835,0.6236651272022036,0.34463453087782486,0.0552718367106894,0.5994421874660864,0.3455535472279362,1.1527538013223835,0.1372448104306056,0.6236651272022036,0.4411493055555556,0.0,22,9.0,0.075,0.6666666666666666,60.0,0.9585254000267014
3,PAA-noPriority,4,0.6185052020926964,0.3353047046332114,1.1326360028574725,0.7345216277636308,0.4119908199728853,0.06846254222783618,0.6185052020926964,0.3353047046332114,1.1326360028574725,0.14146772767462423,0.7345216277636308,0.5579652777777777,0.0,25,9.0,0.075,0.3333333333333333,60.0,0.9424347000895068
3,PAA-noPriority,5,0.5452530774386497,0.35058557649758654,0.8277458339029348,0.5125405540446689,0.3996381326707204,0.056862036101045024,0.5452530774386497,0.35058557649758654,0.8277458339029348,0.2357795461243737,0.5125405540446689,0.5717534722222222,0.0,27,4.0,0.0,,60.0,0.9876091999467462
3,PAA-noPriority,6,0.5799714658945948,0.32397923331502926,1.211103777942239,0.5822752426328217,0.3842494087334398,0.05909525329717834,0.5799714658945948,0.32397923331502926,1.211103777942239,0.1259644150527476,0.5822752426328217,0.50565625,0.0,24,10.0,0.05,0.5,60.0,0.9559760999400169
3,PAA-noPriority,7,0.5968787973063956,0.318041410315284,1.2299387677605,0.6036049476999608,0.3378474351568987,0.05886539843192588,0.5968787973063956,0.318041410315284,1.2299387677605,0.12260536398467432,0.6036049476999608,0.42315625000000007,0.0,20,9.0,0.05,0.5,60.0,0.9628098000539467
3,PAA-noPriority,8,0.6273878244404599,0.3165182572945326,1.0912883633487744,0.5927861045991747,0.37820461025810104,0.06373346247392538,0.6273878244404599,0.3165182572945326,1.0912883633487744,0.15074429998115696,0.5927861045991747,0.48563888888888895,0.0,19,7.0,0.1,0.5,60.0,0.94970779994037
3,PAA-noPriority,9,0.6109256925549437,0.27236650886750524,1.2758102920010677,0.6718050464723289,0.32939892602476245,0.06376905610928854,0.6109256925549437,0.27236650886750524,1.2758102920010677,0.11494252873563218,0.6718050464723289,0.42307638888888893,0.0,19,10.0,0.1,0.5,60.0,0.9578709999332204
3,PAA-noPriority,10,0.6027871716714703,0.3626088820631618,1.0372886595566415,0.6398788149069375,0.38720237374993066,0.06105179116373473,0.6027871716714703,0.3626088820631618,1.0372886595566415,0.16420361247947454,0.6398788149069375,0.5197708333333333,0.0,20,6.0,0.075,0.3333333333333333,60.0,0.9509182000765577
3,PAA-noPriority,11,0.6298383539153278,0.3237037349882227,1.2576624704910284,0.7407112643703295,0.32874176464249266,0.06519717486649074,0.6298383539153278,0.3237037349882227,1.2576624704910284,0.11788977306218686,0.7407112643703295,0.41293749999999996,0.0,20,10.0,0.1,0.5,60.0,0.9606276999693364
3,PAA-noPriority,12,0.6157579399402546,0.32569826327300977,1.1527538013223835,0.7220838182047449,0.35573280002484226,0.06391450238153831,0.6157579399402546,0.32569826327300977,1.1527538013223835,0.1372448104306056,0.7220838182047449,0.45715625,0.0,25,9.0,0.05,0.5,60.0,0.9857620000839233
3,PAA-noPriority,13,0.580729236365425,0.33804110840833956,0.8550673523401052,0.6735015179921071,0.4231140871644213,0.07014148361412155,0.580729236365425,0.33804110840833956,0.8550673523401052,0.224278104850014,0.6735015179921071,0.6012673611111111,0.0,27,5.0,0.1,0.5,60.0,0.9948386000469327
3,PAA-noPriority,14,0.5940194928178786,0.37084762892218326,1.1527538013223835,0.7835557999058875,0.4228237052379974,0.06281141256985066,0.5940194928178786,0.37084762892218326,1.1527538013223835,0.1372448104306056,0.7835557999058875,0.56475,0.0,22,9.0,0.175,0.5714285714285714,60.0,0.9876557999523357
3,PAA-noPriority,15,0.5882203489011516,0.3434634284203279,1.1017707555238399,0.7445983331162085,0.36965557498307683,0.06277242776125569,0.5882203489011516,0.3434634284203279,1.1017707555238399,0.14831294030404152,0.7445983331162085,0.51265625,0.0,22,8.0,0.15,0.5,60.0,0.9771522999508306
3,PAA-noPriority,16,0.5740501197217739,0.31920402622672583,1.2484896411001858,0.6989289576110106,0.3373990185206012,0.06488820371516459,0.5740501197217739,0.31920402622672583,1.2484896411001858,0.11942080907598149,0.6989289576110106,0.4630451388888889,0.0,23,10.0,0.1,0.5,60.0,0.9904335000319406
3,PAA-noPriority,17,0.5803155305265648,0.315589624737241,0.9685229624340642,0.5260234566859932,0.32524154115477594,0.05647247631727803,0.5803155305265648,0.315589624737241,0.9685229624340642,0.1839080459770115,0.5260234566859932,0.42736111111111114,0.0,23,6.0,0.1,0.5,60.0,0.9965018999064341
3,PAA-noPriority,18,0.6055028939930663,0.3343063612296499,1.1626821716231532,0.7544186834224387,0.37409965943121887,0.06993130301140005,0.6055028939930663,0.3343063612296499,1.1626821716231532,0.1352265043948614,0.7544186834224387,0.5066006944444446,0.0,22,9.0,0.15,0.16666666666666666,60.0,0.9883439999539405
3,PAA-noPriority,19,0.5833138424355048,0.40020757869506374,1.0912883633487744,0.7472900276559102,0.3824392432906553,0.06238971445391063,0.5833138424355048,0.40020757869506374,1.0912883633487744,0.15074429998115696,0.7472900276559102,0.5071527777777778,0.0,24,8.0,0.075,0.0,60.0,0.9769641999155283
3,PAA-noPriority,20,0.5982176952656265,0.3789419335172675,1.0700155515160485,0.6767935575276965,0.377884881402225,0.06231505487381618,0.5982176952656265,0.3789419335172675,1.0700155515160485,0.15585427625170464,0.6767935575276965,0.5272465277777778,0.0,22,7.0,0.1,0.0,60.0,0.9773143000202253
3,PAA-noPriority,21,0.5666407893700576,0.3437835466518517,1.059218945609956,0.8286911890242795,0.4688529963433167,0.06592746323598223,0.5666407893700576,0.3437835466518517,1.059218945609956,0.15854141894569956,0.8286911890242795,1.134795138888889,0.0,26,8.0,0.15,0.5,60.0,0.977911900030449
3,PAA-noPriority,22,0.5681728053666748,0.28268911116242174,1.0483111508478486,0.6157372222664217,0.32538882073302733,0.058139342706002704,0.5681728053666748,0.28268911116242174,1.0483111508478486,0.1613228473482557,0.6157372222664217,0.42378125000000005,0.0,22,7.0,0.0,,60.0,0.9910809999564663
3,PAA-noPriority,23,0.5680423868249369,0.3552475991641101,1.0034950154352709,0.6240797486296408,0.40711692074727973,0.06395595158021243,0.5680423868249369,0.3552475991641101,1.0034950154352709,0.1734981565820863,0.6240797486296408,0.6110833333333334,0.0,24,7.0,0.05,0.5,60.0,0.9708881999831647
3,PAA-noPriority,24,0.5869736322142333,0.3400970019925505,1.2392489169603271,0.5778797127470311,0.24834551636492663,0.0643470399031337,0.5869736322142333,0.3400970019925505,1.2392489169603271,0.12099213551119177,0.5778797127470311,0.3045243055555556,0.0,21,9.0,0.125,0.6,60.0,0.9952087999554351
3,PAA-noPriority,25,0.6209423713888962,0.35027491365360064,1.1121543523606332,0.7549140794091063,0.3598642957812527,0.06802497188833571,0.6209423713888962,0.35027491365360064,1.1121543523606332,0.14595876664842183,0.7549140794091063,0.47249652777777784,0.0,21,8.0,0.1,0.25,60.0,0.9923515000846237
3,PAA-noPriority,26,0.6305300493674884,0.29808052622290704,1.0261477756627881,0.5801379631354034,0.33202170138315246,0.06301372474423378,0.6305300493674884,0.29808052622290704,1.0261477756627881,0.1671891327063741,0.5801379631354034,0.4202847222222223,0.0,20,6.0,0.075,0.3333333333333333,60.0,1.0096616999944672
3,PAA-noPriority,27,0.5866881169504471,0.3368442499759219,1.2111037779422387,0.6462051674622245,0.3183329689731683,0.05851079637835971,0.5866881169504471,0.3368442499759219,1.2111037779422387,0.1259644150527476,0.6462051674622245,0.4017118055555556,0.0,24,10.0,0.05,1.0,60.0,1.0135002000024542
3,PAA-noPriority,28,0.5906088009431649,0.34194865329510415,1.0912883633487742,0.7501370042639142,0.4014090891224586,0.06443863726853694,0.5906088009431649,0.34194865329510415,1.0912883633487742,0.15074429998115696,0.7501370042639142,0.5804479166666667,0.0,24,8.0,0.05,0.0,60.0,0.9950117999687791
3,PAA-noPriority,29,0.5620280057322045,0.3698650760982411,0.8550673523401053,0.5538896018627083,0.2721954394324501,0.06832316221539526,0.5620280057322045,0.3698650760982411,0.8550673523401053,0.224278104850014,0.5538896018627083,0.3353090277777778,0.0,23,3.0,0.1,0.25,60.0,0.9896569999400526
3,PAA-noAdaptive,0,0.6014210263813095,0.33232674367711945,1.0483111508478484,0.5940661194868357,0.31286367890667144,0.07367544738859311,0.6014210263813095,0.33232674367711945,1.0483111508478484,0.1613228473482557,0.5940661194868357,0.4013263888888889,0.0,23,6.0,0.025,1.0,60.0,0.9196826000697911
3,PAA-noAdaptive,1,0.6335775025177135,0.2964477562603925,1.396256058764158,0.8223374375084969,0.3351520385377412,0.07229490878022646,0.6335775025177135,0.2964477562603925,1.396256058764158,0.09782342871117633,0.8223374375084969,0.42039583333333336,0.0,18,11.0,0.075,0.3333333333333333,60.0,0.9298566000070423
3,PAA-noAdaptive,2,0.6644322748357501,0.3148315136365641,1.3459568890394897,0.8441614183130867,0.37676643527965953,0.07407874338662526,0.6644322748357501,0.3148315136365641,1.3459568890394897,0.1044932079414838,0.8441614183130867,0.4924201388888889,0.0,17,10.0,0.05,0.5,60.0,0.9184551000362262
3,PAA-noAdaptive,3,0.5656601795529422,0.40713901123323826,1.059218945609956,0.8035600524410093,0.3904684157510566,0.07113347169182016,0.5656601795529422,0.40713901123323826,1.059218945609956,0.15854141894569956,0.8035600524410093,0.5555659722222221,0.0,23,7.0,0.075,0.3333333333333333,60.0,0.9260919000953436
3,PAA-noAdaptive,4,0.5919949150229445,0.37851714817144544,1.1725264764419856,0.7523634075546083,0.28270610108421684,0.0723699641466492,0.5919949150229445,0.37851714817144544,1.1725264764419856,0.13326669998334167,0.7523634075546083,0.35484027777777777,0.0,17,8.0,0.075,0.3333333333333333,60.0,0.9279033999191597
3,PAA-noAdaptive,5,0.5812728705820781,0.33851870493699854,1.0372886595566415,0.7160109516019435,0.3344402638887404,0.07935784266613816,0.5812728705820781,0.33851870493699854,1.0372886595566415,0.16420361247947454,0.7160109516019435,0.46771875000000007,0.0,20,6.0,0.1,0.25,60.0,0.9249671999132261
3,PAA-noAdaptive,6,0.6223320996854264,0.3052832500329231,1.3025580288099372,0.7051406508094116,0.3045614180217787,0.07497275567055167,0.6223320996854264,0.3052832500329231,1.3025580288099372,0.1107879795042238,0.7051406508094116,0.39046875000000003,0.0,21,10.0,0.025,1.0,60.0,0.9048573999898508
3,PAA-noAdaptive,7,0.5713499598278826,0.3516603032015112,1.1326360028574722,0.6452949756786062,0.2914747283474036,0.06870735245867814,0.5713499598278826,0.3516603032015112,1.1326360028574722,0.14146772767462423,0.6452949756786062,0.3615798611111112,0.0,22,7.0,0.075,0.3333333333333333,60.0,0.9090483000036329
3,PAA-noAdaptive,8,0.6368418029803546,0.3262291831194199,1.2484896411001858,0.8184977110647399,0.44573923696684964,0.07899326604065879,0.6368418029803546,0.3262291831194199,1.2484896411001858,0.11942080907598149,0.8184977110647399,1.0570798611111112,0.0,18,9.0,0.05,0.5,60.0,0.9229573999764398
3,PAA-noAdaptive,9,0.5893599401422229,0.3753789332866745,1.1725264764419856,0.7337680016141259,0.3924906775612057,0.06836204027041254,0.5893599401422229,0.3753789332866745,1.1725264764419856,0.13326669998334167,0.7337680016141259,0.9961493055555557,0.0,19,8.0,0.05,0.5,60.0,0.9188455999828875
3,PAA-noAdaptive,10,0.6232956540958895,0.3445829565735531,1.182288815689544,0.6751499066333662,0.3187400960157295,0.07635248152397273,0.6232956540958895,0.3445829565735531,1.182288815689544,0.13136288998357964,0.6751499066333662,0.4064236111111111,0.0,21,9.0,0.05,0.5,60.0,0.9124792999355122
3,PAA-noAdaptive,11,0.6337518908032419,0.33284934460050675,1.1626821716231532,0.6562855658077733,0.3284182092113522,0.07885830875915431,0.6337518908032419,0.33284934460050675,1.1626821716231532,0.1352265043948614,0.6562855658077733,0.4168784722222222,0.0,19,8.0,0.075,0.3333333333333333,60.0,0.9185328999301419
3,PAA-noAdaptive,12,0.6056551132260252,0.31856013429033697,1.3025580288099372,0.7406823987452968,0.3370097874367905,0.07264509829918572,0.6056551132260252,0.31856013429033697,1.3025580288099372,0.1107879795042238,0.7406823987452968,0.42720486111111117,0.0,19,10.0,0.025,0.0,60.0,0.9070105000864714
3,PAA-noAdaptive,13,0.607238341881988,0.3285646687507347,1.059218945609956,0.6678845724355837,0.37465978541141304,0.08045678564040457,0.607238341881988,0.3285646687507347,1.059218945609956,0.15854141894569956,0.6678845724355837,0.9430069444444446,0.0,21,7.0,0.1,0.25,60.0,0.9269900999497622
3,PAA-noAdaptive,14,0.6084115085658575,0.3876989303046666,1.1725264764419854,0.8745779195399483,0.44423961144553026,0.07720791967040173,0.6084115085658575,0.3876989303046666,1.1725264764419854,0.13326669998334167,0.8745779195399483,0.6566666666666666,0.0,17,7.0,0.075,0.3333333333333333,60.0,0.9264273999724537
3,PAA-noAdaptive,15,0.6082220388612802,0.3335750669592722,1.1626821716231532,0.6579690018861296,0.47087217412488924,0.06853551083968405,0.6082220388612802,0.3335750669592722,1.1626821716231532,0.1352265043948614,0.6579690018861296,3.6233750000000007,0.0,23,9.0,0.075,0.3333333333333333,60.0,0.9287216999800876
3,PAA-noAdaptive,16,0.5867194807224833,0.36704515263156,1.1626821716231532,0.7309575973223248,0.3082607603292459,0.07595721269597489,0.5867194807224833,0.36704515263156,1.1626821716231532,0.1352265043948614,0.7309575973223248,0.4006631944444445,0.0,21,8.0,0.05,0.5,60.0,0.9263431000290439
3,PAA-noAdaptive,17,0.6170095982016173,0.31580597895065254,1.2392489169603274,0.7659507141665325,0.33605527429192217,0.07941076114538473,0.6170095982016173,0.31580597895065254,1.2392489169603274,0.12099213551119177,0.7659507141665325,0.43577083333333333,0.0,18,9.0,0.05,0.5,60.0,0.937603099970147
3,PAA-noAdaptive,18,0.6594614187336039,0.29872447077676084,1.468477964887372,0.8522207819221798,0.3810770971735454,0.0708630430832497,0.6594614187336039,0.29872447077676084,1.468477964887372,0.08927575047427742,0.8522207819221798,0.5073055555555557,0.0,16,11.0,0.05,0.5,60.0,0.9214027998968959
3,PAA-noAdaptive,19,0.5712523700551638,0.36848420591752584,1.182288815689544,0.770342291463003,0.361017536884193,0.06982497449868669,0.5712523700551638,0.36848420591752584,1.182288815689544,0.13136288998357964,0.770342291463003,0.5141840277777778,0.0,19,8.0,0.1,0.25,60.0,0.9263838999904692
3,PAA-noAdaptive,20,0.6252261267156876,0.3403155822849455,1.2937035644497943,0.87276106462583,0.4269514136470116,0.07281998976818171,0.6252261267156876,0.3403155822849455,1.2937035644497943,0.112139052425007,0.87276106462583,0.6060763888888889,0.0,16,9.0,0.125,0.4,60.0,0.9028894000221044
3,PAA-noAdaptive,21,0.589829410938295,0.29801996981452017,1.201575571988228,0.6510820788857172,0.27644850700050577,0.08236598130675502,0.589829410938295,0.29801996981452017,1.201575571988228,0.1277139208173691,0.6510820788857172,0.34156250000000005,0.0,20,9.0,0.05,0.5,60.0,0.9285631999373436
3,PAA-noAdaptive,22,0.607265818904746,0.3709981880035614,1.1427391744033626,0.8297502327531696,0.5135378607743217,0.07328132904681815,0.607265818904746,0.3709981880035614,1.1427391744033626,0.13932427725531174,0.8297502327531696,1.2285173611111113,0.0,21,8.0,0.075,0.3333333333333333,60.0,0.8969113999046385
3,PAA-noAdaptive,23,0.5918716943661788,0.34401430929905075,1.1224418956996507,0.718369286359744,0.3103478034002448,0.0799430853440366,0.5918716943661788,0.34401430929905075,1.1224418956996507,0.14367816091954022,0.718369286359744,0.3911388888888888,0.0,19,6.0,0.075,0.3333333333333333,60.0,0.9127462999895215
3,PAA-noAdaptive,24,0.5835428257089348,0.3510513774702029,1.1326360028574722,0.7920208904926419,0.44177887813607175,0.07207313433833079,0.5835428257089348,0.3510513774702029,1.1326360028574722,0.14146772767462423,0.7920208904926419,0.6622361111111111,0.0,19,7.0,0.075,0.6666666666666666,60.0,0.9124492999399081
3,PAA-noAdaptive,25,0.6172806470843653,0.3617768878145484,1.1427391744033624,0.7849514505845471,0.37610078365887,0.08160231575835455,0.6172806470843653,0.3617768878145484,1.1427391744033624,0.13932427725531174,0.7849514505845471,0.49673958333333335,0.0,23,8.0,0.075,0.6666666666666666,60.0,0.905942999990657
3,PAA-noAdaptive,26,0.5996096111749293,0.3678511725150436,0.9565815297270427,0.692702516690763,0.3693082956387288,0.07795267908588192,0.5996096111749293,0.3678511725150436,0.9565815297270427,0.18766127140511377,0.692702516690763,0.5016701388888889,0.0,24,6.0,0.1,0.5,60.0,0.9008460999466479
3,PAA-noAdaptive,27,0.5974351311388689,0.3804906077482545,1.1427391744033624,0.706628299932154,0.3665176243039261,0.07113679802696819,0.5974351311388689,0.3804906077482545,1.1427391744033624,0.13932427725531174,0.706628299932154,0.47415625000000006,0.0,23,8.0,0.025,0.0,60.0,0.9110750999534503
3,PAA-noAdaptive,28,0.6228003607862542,0.30688521576264705,1.2758102920010677,0.7804396248610967,0.3746035758773534,0.07368455417871139,0.6228003607862542,0.30688521576264705,1.2758102920010677,0.11494252873563218,0.7804396248610967,0.49532291666666667,0.0,20,9.0,0.05,0.0,60.0,0.9105483999010175
3,PAA-noAdaptive,29,0.6253014952432776,0.3130336697184222,1.3025580288099372,0.6446539065339669,0.3213163922675718,0.07336779833332038,0.6253014952432776,0.3130336697184222,1.3025580288099372,0.1107879795042238,0.6446539065339669,0.4042118055555556,0.0,17,10.0,0.05,0.5,60.0,0.9097274999367073
3,PAA-noSLAMut,0,0.627337479040785,0.2848870633263112,1.2484896411001858,0.7253540162778787,0.4175783978307351,0.07351952194171492,0.627337479040785,0.2848870633263112,1.2484896411001858,0.11942080907598149,0.7253540162778787,1.011954861111111,0.0,21,10.0,0.075,0.3333333333333333,60.0,1.0014720000326633
3,PAA-noSLAMut,1,0.6366029207667782,0.3503458241761842,1.2392489169603274,0.6923983064729113,0.3461715472596484,0.07675115342464627,0.6366029207667782,0.3503458241761842,1.2392489169603274,0.12099213551119177,0.6923983064729113,0.4539236111111111,0.0,18,8.0,0.05,0.5,60.0,0.9900273000821471
3,PAA-noSLAMut,2,0.6127168881285673,0.3234720856279939,1.3544698050897952,0.7590385236646727,0.35308381204061906,0.07253913275158101,0.6127168881285673,0.3234720856279939,1.3544698050897952,0.10331912695337725,0.7590385236646727,0.4571631944444444,0.0,18,10.0,0.1,0.25,60.0,1.0086296999361366
3,PAA-noSLAMut,3,0.5935906579739795,0.3189066015335079,1.1527538013223835,0.678480111374536,0.2912339195375028,0.07498267840481859,0.5935906579739795,0.3189066015335079,1.1527538013223835,0.1372448104306056,0.678480111374536,0.36402083333333335,0.0,21,8.0,0.025,1.0,60.0,1.0019017000449821
3,PAA-noSLAMut,4,0.6075602845582091,0.339192811946129,1.2299387677605003,0.7608418356844133,0.4011457071957385,0.0731770949221798,0.6075602845582091,0.339192811946129,1.2299387677605003,0.12260536398467432,0.7608418356844133,0.575888888888889,0.0,19,8.0,0.05,0.5,60.0,1.0032208999618888
3,PAA-noSLAMut,5,0.6201322464195925,0.3314520704028195,1.3629295501408405,0.8023894875704805,0.37536537755465915,0.07631127255685335,0.6201322464195925,0.3314520704028195,1.3629295501408405,0.10217113665389528,0.8023894875704805,0.49730902777777786,0.0,20,11.0,0.1,0.5,60.0,1.0088481000857428
3,PAA-noSLAMut,6,0.6219387809962843,0.3377295966929976,1.3459568890394895,0.7163801142537767,0.3496783109091729,0.07184810635056457,0.6219387809962843,0.3377295966929976,1.3459568890394895,0.1044932079414838,0.7163801142537767,0.4575729166666667,0.0,16,9.0,0.075,0.3333333333333333,60.0,1.0154362000757828
3,PAA-noSLAMut,7,0.6134277932964927,0.3289431482130219,1.122441895699651,0.7264332654803857,0.45270891062684165,0.0755896946126017,0.6134277932964927,0.3289431482130219,1.122441895699651,0.14367816091954022,0.7264332654803857,0.6430104166666666,0.0,22,8.0,0.075,0.6666666666666666,60.0,0.9956138000125065
3,PAA-noSLAMut,8,0.6014550438482088,0.319873384115997,1.201575571988228,0.7081232271977564,0.46465963700514984,0.07368854969490235,0.6014550438482088,0.319873384115997,1.201575571988228,0.1277139208173691,0.7081232271977564,1.0977986111111115,0.0,20,9.0,0.125,0.4,60.0,1.003460800042376
3,PAA-noSLAMut,9,0.6551023830628344,0.2783084353257893,1.3544698050897952,0.7804756337649851,0.33199991243026616,0.07957994718949742,0.6551023830628344,0.2783084353257893,1.3544698050897952,0.10331912695337725,0.7804756337649851,0.42679166666666674,0.0,19,11.0,0.1,0.5,60.0,0.9779618999455124
3,PAA-noSLAMut,10,0.6153793881990298,0.341258519133116,1.2484896411001858,0.7341144895310668,0.37778133062436614,0.07537142982830332,0.6153793881990298,0.341258519133116,1.2484896411001858,0.11942080907598149,0.7341144895310668,0.5146215277777778,0.0,21,10.0,0.025,0.0,60.0,0.9801447000354528
3,PAA-noSLAMut,11,0.6153330135699175,0.3799395310166105,1.0372886595566415,0.6229158555010541,0.3631982919251377,0.07430354812905302,0.6153330135699175,0.3799395310166105,1.0372886595566415,0.16420361247947454,0.6229158555010541,0.4719479166666666,0.0,22,7.0,0.05,0.5,60.0,0.9738575000083074
3,PAA-noSLAMut,12,0.6161428567728667,0.32977926339701663,1.2205576048237508,0.6823751925389273,0.42347649542564697,0.07185099920489917,0.6161428567728667,0.32977926339701663,1.2205576048237508,0.12426219322771047,0.6823751925389273,0.5807326388888889,0.0,21,9.0,0.075,0.3333333333333333,60.0,0.9549103999743238
3,PAA-noSLAMut,13,0.6329712594600478,0.3302668768869091,1.1919712032812333,0.820316821624635,0.5182123738039813,0.07747258010451508,0.6329712594600478,0.3302668768869091,1.1919712032812333,0.12951270843451515,0.820316821624635,1.1792083333333334,0.0,18,8.0,0.075,0.3333333333333333,60.0,1.0469658999936655
3,PAA-noSLAMut,14,0.6524571412992506,0.30118027040762313,1.404464128193649,0.7680394042436556,0.3300507659306783,0.07706612782224445,0.6524571412992506,0.30118027040762313,1.404464128193649,0.09679370840895342,0.7680394042436556,0.43253819444444447,0.0,15,10.0,0.05,0.5,60.0,0.9899025000631809
3,PAA-noSLAMut,15,0.6098877848173669,0.2948683758158729,1.266768880036419,0.6621682561333238,0.3040331296017012,0.07529340170990968,0.6098877848173669,0.2948683758158729,1.266768880036419,0.11639749745380475,0.6621682561333238,0.38916319444444447,0.0,20,10.0,0.05,0.5,60.0,1.0777250999817625
3,PAA-noSLAMut,16,0.6019376953609152,0.3350495513711892,1.1626821716231532,0.6874692267286887,0.31181883390963555,0.07556505819614528,0.6019376953609152,0.3350495513711892,1.1626821716231532,0.1352265043948614,0.6874692267286887,0.39793055555555557,0.0,22,9.0,0.075,0.3333333333333333,60.0,0.9571333999047056
3,PAA-noSLAMut,17,0.5782812427447184,0.286736305751152,1.293703564449794,0.6435655828412157,0.27872640021789524,0.07183885297850578,0.5782812427447184,0.286736305751152,1.293703564449794,0.112139052425007,0.6435655828412157,0.35353819444444445,0.0,17,10.0,0.075,0.3333333333333333,60.0,0.9632121999748051
3,PAA-noSLAMut,18,0.6332375923692407,0.29193903129492194,1.3025580288099372,0.7708892262647582,0.3548677106868891,0.07406409020698355,0.6332375923692407,0.29193903129492194,1.3025580288099372,0.1107879795042238,0.7708892262647582,0.46409374999999997,0.0,20,10.0,0.075,0.3333333333333333,60.0,0.9732925000134856
3,PAA-noSLAMut,19,0.6096606842641213,0.33041371566759364,1.1527538013223835,0.6433311168903938,0.3274004903473422,0.07843721470073409,0.6096606842641213,0.33041371566759364,1.1527538013223835,0.1372448104306056,0.6433311168903938,0.4323645833333334,0.0,20,8.0,0.075,0.3333333333333333,60.0,0.9774594999616966
3,PAA-noSLAMut,20,0.6658204632563706,0.30597554034860447,1.4126245053551467,0.7867541928710745,0.36863012571723214,0.0731560827685343,0.6658204632563706,0.30597554034860447,1.4126245053551467,0.09578544061302682,0.7867541928710745,0.47401736111111115,0.0,17,11.0,0.05,0.5,60.0,0.9526447999523953
3,PAA-noSLAMut,21,0.6105379178925239,0.3408998465606874,1.2205576048237508,0.8836038155214183,0.4487582546666028,0.07179114209434878,0.6105379178925239,0.3408998465606874,1.2205576048237508,0.12426219322771047,0.8836038155214183,1.0590486111111113,0.0,17,8.0,0.1,0.25,60.0,0.960387900006026
3,PAA-noSLAMut,22,0.6197720613688713,0.3250054324731302,1.2937035644497943,0.6530693757562706,0.2952970195365097,0.07263332153002813,0.6197720613688713,0.3250054324731302,1.2937035644497943,0.112139052425007,0.6530693757562706,0.36820833333333336,0.0,19,10.0,0.05,0.5,60.0,0.9555344999535009
3,PAA-noSLAMut,23,0.5775436477390894,0.3144775041403516,1.3287674498039936,0.743560129177411,0.3571283413211669,0.0728591558205329,0.5775436477390894,0.3144775041403516,1.3287674498039936,0.10692328254477412,0.743560129177411,0.5032361111111111,0.0,18,10.0,0.1,0.5,60.0,0.9479466000339016
3,PAA-noSLAMut,24,0.6229022841219667,0.3225579739069987,1.1427391744033626,0.6957729148026965,0.382251384583585,0.07819814496048755,0.6229022841219667,0.3225579739069987,1.1427391744033626,0.13932427725531174,0.6957729148026965,0.5030138888888889,0.0,21,8.0,0.05,0.0,60.0,0.9622700000181794
3,PAA-noSLAMut,25,0.6134169072608752,0.27393026806011916,1.3544698050897952,0.6831334305024296,0.31546472794656316,0.07279651627049188,0.6134169072608752,0.27393026806011916,1.3544698050897952,0.10331912695337725,0.6831334305024296,0.404670138888889,0.0,21,11.0,0.075,0.3333333333333333,60.0,0.9525298998923972
3,PAA-noSLAMut,26,0.6097228534198761,0.2693159762951394,1.4288054467365827,0.7187841663814016,0.2726634631887751,0.07162401174182119,0.6097228534198761,0.2693159762951394,1.4288054467365827,0.09383063570255688,0.7187841663814016,0.3322152777777778,0.0,20,12.0,0.075,0.6666666666666666,60.0,0.9591796000022441
3,PAA-noSLAMut,27,0.5992354480498444,0.33966675001352065,1.1822888156895441,0.7627942526179379,0.45731349816252226,0.07010315126782064,0.5992354480498444,0.33966675001352065,1.1822888156895441,0.13136288998357964,0.7627942526179379,1.0815833333333336,0.0,22,9.0,0.075,0.3333333333333333,60.0,0.9535979999927804
3,PAA-noSLAMut,28,0.6401560513028934,0.31594236355652927,1.2299387677605003,0.6916873290755234,0.35835683392214995,0.07438138579450478,0.6401560513028934,0.31594236355652927,1.2299387677605003,0.12260536398467432,0.6916873290755234,0.46762500000000007,0.0,19,9.0,0.075,0.6666666666666666,60.0,0.9622982000000775
3,PAA-noSLAMut,29,0.6205719399463149,0.2899849777705855,1.3544698050897952,0.658065471043882,0.3136466295829957,0.0701033503370961,0.6205719399463149,0.2899849777705855,1.3544698050897952,0.10331912695337725,0.658065471043882,0.3968958333333334,0.0,22,11.0,0.05,0.5,60.0,0.9738670000806451
3,PAA-AdaptMut,0,0.6330258422458208,0.28499730842739746,1.404464128193649,0.7794129602918904,0.30838858998632207,0.07385802065777582,0.6330258422458208,0.28499730842739746,1.404464128193649,0.09679370840895342,0.7794129602918904,0.39227777777777784,0.0,16,11.0,0.075,0.3333333333333333,60.0,0.8725091000087559
3,PAA-AdaptMut,1,0.6307814946389936,0.33764135197642103,1.2576624704910284,0.8139905338532486,0.3725802665321466,0.0742539665992172,0.6307814946389936,0.33764135197642103,1.2576624704910284,0.11788977306218686,0.8139905338532486,0.47892013888888896,0.0,20,9.0,0.075,0.3333333333333333,60.0,0.887293400010094
3,PAA-AdaptMut,2,0.6024449391362559,0.32880598277746176,1.3113527077656704,0.7759469988259704,0.34069842332291556,0.07574108151875793,0.6024449391362559,0.32880598277746176,1.3113527077656704,0.10946907498631636,0.7759469988259704,0.4714166666666667,0.0,19,10.0,0.125,0.6,60.0,0.8903843000298366
3,PAA-AdaptMut,3,0.5924069483930353,0.37427592764965717,1.182288815689544,0.7561322317835344,0.3329369056435022,0.07345222714696402,0.5924069483930353,0.37427592764965717,1.182288815689544,0.13136288998357964,0.7561322317835344,0.4395625000000001,0.0,21,9.0,0.1,0.25,60.0,0.8625640999525785
3,PAA-AdaptMut,4,0.6185286442064132,0.33005182692640345,1.191971203281233,0.776612795260044,0.46380428326086404,0.07432579815950846,0.6185286442064132,0.33005182692640345,1.191971203281233,0.12951270843451515,0.776612795260044,0.6557812500000001,0.0,19,8.0,0.05,0.5,60.0,0.8981831000419334
3,PAA-AdaptMut,5,0.6433707556025985,0.3397417019621529,1.3544698050897952,0.8556180211376094,0.3975441635595465,0.07273822985889387,0.6433707556025985,0.3397417019621529,1.3544698050897952,0.10331912695337725,0.8556180211376094,0.52878125,0.0,16,10.0,0.075,0.3333333333333333,60.0,0.9024712999816984
3,PAA-AdaptMut,6,0.602976196110004,0.34106300763691333,1.1017707555238396,0.752446920929378,0.3678100765726586,0.07287145191396373,0.602976196110004,0.34106300763691333,1.1017707555238396,0.14831294030404152,0.752446920929378,0.5157222222222222,0.0,22,8.0,0.05,0.5,60.0,0.9107423999812454
3,PAA-AdaptMut,7,0.6183268410215923,0.34504396701406026,1.2392489169603271,0.8270291564712535,0.43295543439569356,0.0769424853150124,0.6183268410215923,0.34504396701406026,1.2392489169603271,0.12099213551119177,0.8270291564712535,0.599576388888889,0.0,19,8.0,0.1,0.25,60.0,0.8822469000006095
3,PAA-AdaptMut,8,0.6328105575339638,0.2990999567502344,1.468477964887372,0.7855599570070663,0.30845267007623695,0.07482288037672397,0.6328105575339638,0.2990999567502344,1.468477964887372,0.08927575047427742,0.7855599570070663,0.3880659722222222,0.0,16,12.0,0.075,0.3333333333333333,60.0,0.9396295000333339
3,PAA-AdaptMut,9,0.6400153755417903,0.33217514519708147,1.4126245053551467,0.8646369315326081,0.38310867112404773,0.07153590620515508,0.6400153755417903,0.33217514519708147,1.4126245053551467,0.09578544061302682,0.8646369315326081,0.5072118055555557,0.0,18,11.0,0.075,0.3333333333333333,60.0,0.9203693999443203
3,PAA-AdaptMut,10,0.6073085535974315,0.35533073086884964,1.3025580288099372,0.8869752024779703,0.40298127020171287,0.07269851426076607,0.6073085535974315,0.35533073086884964,1.3025580288099372,0.1107879795042238,0.8869752024779703,0.5489340277777778,0.0,19,10.0,0.075,0.3333333333333333,60.0,0.9157483999151736
3,PAA-AdaptMut,11,0.5979854946221825,0.3311998985574209,1.1725264764419856,0.6936860066310264,0.4200225751727381,0.07349618847043292,0.5979854946221825,0.3311998985574209,1.1725264764419856,0.13326669998334167,0.6936860066310264,1.0165034722222224,0.0,23,9.0,0.05,0.5,60.0,0.8731510000070557
3,PAA-AdaptMut,12,0.5963410440439729,0.31795361733260635,1.2576624704910284,0.7394838385841614,0.33743165224698246,0.07170104602455601,0.5963410440439729,0.31795361733260635,1.2576624704910284,0.11788977306218686,0.7394838385841614,0.4312013888888889,0.0,21,10.0,0.05,0.5,60.0,0.8969633999513462
3,PAA-AdaptMut,13,0.6309282724212416,0.31480099567597836,1.3796934333906814,0.8204649146180383,0.3723316055911211,0.07272810952326646,0.6309282724212416,0.31480099567597836,1.3796934333906814,0.09995002498750624,0.8204649146180383,0.49394444444444446,0.0,15,9.0,0.025,0.0,60.0,0.8822785000083968
3,PAA-AdaptMut,14,0.5881890992176688,0.3720647909829815,1.191971203281233,0.6851437812133929,0.3037328518203424,0.07014233892421122,0.5881890992176688,0.3720647909829815,1.191971203281233,0.12951270843451515,0.6851437812133929,0.38695833333333335,0.0,19,8.0,0.05,0.5,60.0,0.9164903999771923
3,PAA-AdaptMut,15,0.6493737814073581,0.28935466550852834,1.4126245053551467,0.8525954184801622,0.3684993494750176,0.0786966258020751,0.6493737814073581,0.28935466550852834,1.4126245053551467,0.09578544061302682,0.8525954184801622,0.49255208333333333,0.0,17,11.0,0.125,0.4,60.0,0.8685404999414459
3,PAA-AdaptMut,16,0.5979392475536042,0.363426507798491,1.122441895699651,0.7471889174986796,0.29130305666966594,0.0778164938239862,0.5979392475536042,0.363426507798491,1.122441895699651,0.14367816091954022,0.7471889174986796,0.3713194444444444,0.0,21,8.0,0.125,0.2,60.0,0.8825513999909163
3,PAA-AdaptMut,17,0.6108191028513258,0.35034570769093437,1.211103777942239,0.7564471199172283,0.3494529900322342,0.07337334168509045,0.6108191028513258,0.35034570769093437,1.211103777942239,0.1259644150527476,0.7564471199172283,0.4574548611111111,0.0,19,9.0,0.1,0.25,60.0,0.9118621000088751
3,PAA-AdaptMut,18,0.5909259918794649,0.3419322080305533,1.1017707555238396,0.5882730139550487,0.2834186156756669,0.07753972860870699,0.5909259918794649,0.3419322080305533,1.1017707555238396,0.14831294030404152,0.5882730139550487,0.36076736111111113,0.0,23,8.0,0.0,,60.0,0.8876657999353483
3,PAA-AdaptMut,19,0.5932134504482799,0.3610221689335285,1.162682171623153,0.6912598298341045,0.318996695795954,0.07248413309973617,0.5932134504482799,0.3610221689335285,1.162682171623153,0.1352265043948614,0.6912598298341045,0.4050625,0.0,21,8.0,0.1,0.5,60.0,0.898261999944225
3,PAA-AdaptMut,20,0.5854498547674986,0.3655331945510704,1.1326360028574722,0.7119089225573028,0.37277834440278973,0.07264309681300163,0.5854498547674986,0.3655331945510704,1.1326360028574722,0.14146772767462423,0.7119089225573028,0.5267430555555557,0.0,20,7.0,0.05,0.5,60.0,0.8849747000494972
3,PAA-AdaptMut,21,0.5913039578678502,0.3635946358240917,1.1527538013223835,0.8194351348700127,0.48822210697827606,0.07391233436740761,0.5913039578678502,0.3635946358240917,1.1527538013223835,0.1372448104306056,0.8194351348700127,1.1465277777777778,0.0,21,8.0,0.075,0.3333333333333333,60.0,0.8834017000626773
3,PAA-AdaptMut,22,0.6219763747707944,0.3541722848067696,1.10177075552384,0.7146317443252268,0.37164644109030187,0.07890350751247754,0.6219763747707944,0.3541722848067696,1.10177075552384,0.14831294030404152,0.7146317443252268,0.4891111111111111,0.0,22,8.0,0.05,1.0,60.0,0.9024250999791548
3,PAA-AdaptMut,23,0.6224243535683021,0.33317944310402514,1.4207380120476116,0.7656086938399929,0.3279675923611677,0.06976360918860444,0.6224243535683021,0.33317944310402514,1.4207380120476116,0.09479796184382036,0.7656086938399929,0.42190625,0.0,19,12.0,0.075,0.6666666666666666,60.0,0.8837993000634015
3,PAA-AdaptMut,24,0.6163926003305307,0.2747239690140385,1.3713371082247576,0.7137027250079867,0.3175680744462973,0.07230553814271902,0.6163926003305307,0.2747239690140385,1.3713371082247576,0.10104837691044588,0.7137027250079867,0.41240625,0.0,19,11.0,0.025,1.0,60.0,0.8784045999636874
3,PAA-AdaptMut,25,0.6005217451223877,0.31820148938487075,1.3113527077656704,0.7106190970288166,0.26998048333118063,0.07378243281039518,0.6005217451223877,0.31820148938487075,1.3113527077656704,0.10946907498631636,0.7106190970288166,0.3371631944444444,0.0,18,10.0,0.05,0.5,60.0,0.9323528999229893
3,PAA-AdaptMut,26,0.608211311389706,0.341785025515439,1.211103777942239,0.7401624619667821,0.40900472008526123,0.07518507085045527,0.608211311389706,0.341785025515439,1.211103777942239,0.1259644150527476,0.7401624619667821,0.5467291666666666,0.0,19,8.0,0.075,0.3333333333333333,60.0,0.8899244000203907
3,PAA-AdaptMut,27,0.6154177180628398,0.33630017592870515,1.2576624704910284,0.7537779514859854,0.3636142783198328,0.07586183574091304,0.6154177180628398,0.33630017592870515,1.2576624704910284,0.11788977306218686,0.7537779514859854,0.5097604166666667,0.0,18,9.0,0.05,0.0,60.0,0.8943651000736281
3,PAA-AdaptMut,28,0.6438427553026422,0.35209485605438123,1.211103777942239,0.7889141228576065,0.4029938537695411,0.07689001910939441,0.6438427553026422,0.35209485605438123,1.211103777942239,0.1259644150527476,0.7889141228576065,0.5618055555555557,0.0,22,9.0,0.075,0.6666666666666666,60.0,0.8994933000067249
3,PAA-AdaptMut,29,0.6013353640936818,0.3220117338840135,1.0807043010154629,0.6619432655587232,0.32848324346486185,0.07888461247471326,0.6013353640936818,0.3220117338840135,1.0807043010154629,0.1532567049808429,0.6619432655587232,0.44267013888888884,0.0,24,8.0,0.025,1.0,60.0,0.8837133999913931
3,NSGA3-PrioInit,0,0.6177109049784134,0.2927791483469904,1.211103777942239,0.8796508045916441,0.34882961616041225,0.08009807153215279,0.6177109049784134,0.2927791483469904,1.211103777942239,0.1259644150527476,0.8796508045916441,0.4485833333333333,0.0,18,9.0,0.075,0.3333333333333333,15.0,0.990023700054735
3,NSGA3-PrioInit,1,0.634368784155044,0.33519127812072513,1.2847880786040071,0.778614672106901,0.2575315892256825,0.08038456555312404,0.634368784155044,0.33519127812072513,1.2847880786040071,0.11352348517099475,0.778614672106901,0.31218749999999995,0.0,17,9.0,0.075,0.3333333333333333,14.0,1.0032306000357494
3,NSGA3-PrioInit,2,0.5944145190022333,0.30746698589522004,1.211103777942239,0.8896015403468628,0.3386048727681267,0.08143183840268271,0.5944145190022333,0.30746698589522004,1.211103777942239,0.1259644150527476,0.8896015403468628,0.42697916666666663,0.0,18,9.0,0.125,0.2,14.0,1.0060564000159502
3,NSGA3-PrioInit,3,0.625962605334364,0.29676461008297544,1.2847880786040071,0.8803778386603482,0.34777389985212537,0.08241967258878428,0.625962605334364,0.29676461008297544,1.2847880786040071,0.11352348517099475,0.8803778386603482,0.4443645833333333,0.0,18,10.0,0.1,0.25,14.0,1.0378332000691444
3,NSGA3-PrioInit,4,0.6500941166419022,0.3161007177150205,1.2847880786040071,0.8031490383938376,0.2809521365082827,0.08332433817983824,0.6500941166419022,0.3161007177150205,1.2847880786040071,0.11352348517099475,0.8031490383938376,0.33848611111111115,0.0,16,9.0,0.125,0.4,18.0,1.0098466000054032
3,NSGA3-PrioInit,5,0.6403612577250613,0.34290609053334736,1.201575571988228,0.7271246854132299,0.2753651230992536,0.0835901819358506,0.6403612577250613,0.34290609053334736,1.201575571988228,0.1277139208173691,0.7271246854132299,0.3361284722222222,0.0,19,8.0,0.075,0.3333333333333333,14.0,0.9966418000403792
3,NSGA3-PrioInit,6,0.6043404879683185,0.3068210804169425,1.2576624704910284,0.8839560053221518,0.3389678320610662,0.08355902459301189,0.6043404879683185,0.3068210804169425,1.2576624704910284,0.11788977306218686,0.8839560053221518,0.44056944444444446,0.0,17,9.0,0.1,0.25,15.0,1.0188497999915853
3,NSGA3-PrioInit,7,0.6061068363015223,0.2647677497640773,1.239248916960327,0.7505325102929763,0.2894070532755711,0.08294305518310044,0.6061068363015223,0.2647677497640773,1.239248916960327,0.12099213551119177,0.7505325102929763,0.36689930555555555,0.0,17,9.0,0.075,0.6666666666666666,14.0,1.0091403999831527
3,NSGA3-PrioInit,8,0.6263372241392954,0.30148664753166887,1.112154352360633,0.662990170442494,0.2815995076810146,0.07809203071245532,0.6263372241392954,0.30148664753166887,1.112154352360633,0.14595876664842183,0.662990170442494,0.34170138888888896,0.0,21,8.0,0.05,0.5,17.0,0.9990304000675678
3,NSGA3-PrioInit,9,0.6579818857829298,0.29871850234532993,1.122441895699651,0.7751917060984922,0.3448485782229728,0.08190008502169087,0.6579818857829298,0.29871850234532993,1.122441895699651,0.14367816091954022,0.7751917060984922,0.44962847222222224,0.0,20,8.0,0.125,0.2,15.0,1.0019677000818774
3,NSGA3-PrioInit,10,0.612924916906054,0.2947019549445641,1.1326360028574725,0.876097786131288,0.3508428926522189,0.08345713292325721,0.612924916906054,0.2947019549445641,1.1326360028574725,0.14146772767462423,0.876097786131288,0.4502256944444444,0.0,19,8.0,0.15,0.16666666666666666,16.0,1.0084010000573471
3,NSGA3-PrioInit,11,0.6179169884245913,0.3350846003398642,0.8815425052328281,0.7274975264952618,0.40021815152670603,0.07984154002992856,0.6179169884245913,0.3350846003398642,0.8815425052328281,0.21384656508954825,0.7274975264952618,0.5383680555555556,0.0,25,5.0,0.15,0.3333333333333333,19.0,1.0354628999484703
3,NSGA3-PrioInit,12,0.6095590509052764,0.2992257320058837,0.9685229624340642,0.7184128322649157,0.3513390094743028,0.0822132779578609,0.6095590509052764,0.2992257320058837,0.9685229624340642,0.1839080459770115,0.7184128322649157,0.45467361111111104,0.0,23,6.0,0.1,0.25,13.0,1.083615000010468
3,NSGA3-PrioInit,13,0.6353509979380365,0.33192420141730095,1.0483111508478484,0.7301072631083722,0.28824155262185364,0.08187937207763635,0.6353509979380365,0.33192420141730095,1.0483111508478484,0.1613228473482557,0.7301072631083722,0.36396875,0.0,21,7.0,0.075,0.3333333333333333,15.0,1.0665714000351727
3,NSGA3-PrioInit,14,0.6012343098665082,0.3180696120466333,0.9072453912952236,0.7628322338614376,0.36535807420700717,0.08568024702540279,0.6012343098665082,0.3180696120466333,0.9072453912952236,0.20434227330779056,0.7628322338614376,0.5126597222222222,0.0,26,6.0,0.075,0.3333333333333333,19.0,1.0629158000228927
3,NSGA3-PrioInit,15,0.5955450019080765,0.29288609883217137,1.1427391744033626,0.6758343841827881,0.2548782543158997,0.08488912883512399,0.5955450019080765,0.29288609883217137,1.1427391744033626,0.13932427725531174,0.6758343841827881,0.3059131944444445,0.0,19,7.0,0.1,0.75,16.0,1.0018732000607997
3,NSGA3-PrioInit,16,0.6471028554929885,0.3328225051942406,0.9322398894708789,0.7696755023534055,0.3386838714334793,0.08634685386670317,0.6471028554929885,0.3328225051942406,0.9322398894708789,0.19564685742235266,0.7696755023534055,0.4347256944444444,0.0,23,5.0,0.075,0.3333333333333333,14.0,1.0005181999877095
3,NSGA3-PrioInit,17,0.6020306993056479,0.29678380184414843,1.2576624704910284,0.8517834434612954,0.35787526940703984,0.07982194482282796,0.6020306993056479,0.29678380184414843,1.2576624704910284,0.11788977306218686,0.8517834434612954,0.5060138888888889,0.0,20,10.0,0.125,0.2,16.0,1.0134124000323936
3,NSGA3-PrioInit,18,0.6593891073789016,0.31537032392869213,1.2299387677605003,0.7859632069881503,0.2920223494936077,0.08213376441819858,0.6593891073789016,0.31537032392869213,1.2299387677605003,0.12260536398467432,0.7859632069881503,0.35690277777777774,0.0,19,9.0,0.1,0.5,15.0,0.9942212000023574
3,NSGA3-PrioInit,19,0.5930105896395078,0.2977298848108826,1.1626821716231532,0.770363164383078,0.2742270697462734,0.0833668734768214,0.5930105896395078,0.2977298848108826,1.1626821716231532,0.1352265043948614,0.770363164383078,0.3387083333333334,0.0,22,9.0,0.05,0.5,20.0,0.9903861000202596
3,NSGA3-PrioInit,20,0.6451149801548033,0.3164394176685804,1.0912883633487742,0.7450934261230895,0.27916838062358673,0.08645382793543871,0.6451149801548033,0.3164394176685804,1.0912883633487742,0.15074429998115696,0.7450934261230895,0.34686458333333337,0.0,18,7.0,0.125,0.4,15.0,0.9812955000670627
3,NSGA3-PrioInit,21,0.6569098418002669,0.28664519111171416,1.266768880036419,0.7637801802012767,0.32984967663844283,0.07819974157607978,0.6569098418002669,0.28664519111171416,1.266768880036419,0.11639749745380475,0.7637801802012767,0.4223229166666667,0.0,20,10.0,0.05,0.5,14.0,0.9940053999889642
3,NSGA3-PrioInit,22,0.6493195065267171,0.2880862154865255,1.2667688800364192,0.6950463538556481,0.31067088798494674,0.08147320869311345,0.6493195065267171,0.2880862154865255,1.2667688800364192,0.11639749745380475,0.6950463538556481,0.38643055555555555,0.0,20,10.0,0.05,0.5,14.0,0.995863200048916
3,NSGA3-PrioInit,23,0.5928478155663517,0.3501433203583909,1.1017707555238399,0.834154548308021,0.30546836043231557,0.07977060003430718,0.5928478155663517,0.3501433203583909,1.1017707555238399,0.14831294030404152,0.834154548308021,0.38371875,0.0,18,7.0,0.175,0.2857142857142857,14.0,0.9868959999876097
3,NSGA3-PrioInit,24,0.6431643711734962,0.33322131511615927,1.0483111508478484,0.7178825036773115,0.3351225233925873,0.0816981338015133,0.6431643711734962,0.33322131511615927,1.0483111508478484,0.1613228473482557,0.7178825036773115,0.4262326388888889,0.0,23,7.0,0.075,0.3333333333333333,16.0,0.9966165000805631
3,NSGA3-PrioInit,25,0.6031626797238161,0.2995740579604328,1.0807043010154629,0.8353173342613112,0.36574688276202566,0.08568176858882035,0.6031626797238161,0.2995740579604328,1.0807043010154629,0.1532567049808429,0.8353173342613112,0.4708541666666667,0.0,19,7.0,0.1,0.5,18.0,1.0338969000149518
3,NSGA3-PrioInit,26,0.6467825359777908,0.3422732841908889,1.1326360028574725,0.7615103715521165,0.28645792182476226,0.08294818039848595,0.6467825359777908,0.3422732841908889,1.1326360028574725,0.14146772767462423,0.7615103715521165,0.35393402777777777,0.0,20,8.0,0.075,0.3333333333333333,15.0,0.9757753999438137
3,NSGA3-PrioInit,27,0.6536545460772837,0.27147621941114597,1.2392489169603274,0.7158033832619706,0.3296953109941999,0.08255044422926765,0.6536545460772837,0.27147621941114597,1.2392489169603274,0.12099213551119177,0.7158033832619706,0.42531597222222217,0.0,23,10.0,0.075,0.6666666666666666,15.0,1.007155100000091
3,NSGA3-PrioInit,28,0.6560382690925071,0.2889404781006213,1.2847880786040071,0.7968192750881411,0.3658211192811498,0.08096045743184169,0.6560382690925071,0.2889404781006213,1.2847880786040071,0.11352348517099475,0.7968192750881411,0.4790208333333334,0.0,16,9.0,0.075,0.3333333333333333,13.0,1.0877324000466615
3,NSGA3-PrioInit,29,0.6304737262552014,0.3387632006418478,0.8684058283919127,0.759150976571964,0.40421582560184355,0.083561195577685,0.6304737262552014,0.3387632006418478,0.8684058283919127,0.21893814997263272,0.759150976571964,0.5438298611111112,0.0,25,5.0,0.1,0.25,19.0,1.0110865000169724
4,Random,0,0.47498836641714703,0.3758236197060848,0.8277458339029348,0.35980770369620246,0.42985066849385856,,0.47498836641714703,0.3758236197060848,0.8277458339029348,0.2357795461243737,0.35980770369620246,0.5994548611111112,0.0,27,4.0,0.05,0.5,,
4,RoundRobin,0,0.4574437230208829,0.3659438516065321,1.191971203281233,0.3434315240312992,0.5176556046490122,,0.4574437230208829,0.3659438516065321,1.191971203281233,0.12951270843451515,0.3434315240312992,1.284059027777778,0.0,19,8.0,0.0,,,
4,FIFO,0,0.48055837236385834,0.4792230511032365,2.6858702123757907,0.3845837486250915,1.4954635785634394,,0.48055837236385834,0.4792230511032365,2.6858702123757907,0.02846873776733924,0.3845837486250915,8.211565972222223,0.0,3,21.0,0.025,1.0,,
4,LeastLoaded,0,0.4336671589636305,0.36575192687666724,0.4983789284753747,0.3654372005738634,0.5232427257253807,,0.4336671589636305,0.36575192687666724,0.4983789284753747,0.45977011494252873,0.3654372005738634,1.2316354166666668,0.0,40,1.0,0.025,0.0,,
4,GreedyBestOutcome,0,0.6648995440546365,0.2232310984857469,1.7991351543101755,0.7161020682128783,0.4500097734993765,,0.6648995440546365,0.2232310984857469,1.7991351543101755,0.06130268199233716,0.7161020682128783,0.6344479166666668,0.0,8,12.0,0.0,,,
4,StandardNSGA2,0,0.6052314198026734,0.23786570113057923,0.9565815297270427,0.7102531378723527,0.3477274859667933,0.08790694767162811,0.6052314198026734,0.23786570113057923,0.9565815297270427,0.18766127140511377,0.7102531378723527,0.4692395833333333,0.0,23,5.0,0.0,,60.0,0.8677423000335693
4,StandardNSGA2,1,0.6243460658641234,0.2152288210935145,1.3200887962222396,0.8593125494353924,0.3154674387546837,0.09182269681052002,0.6243460658641234,0.2152288210935145,1.3200887962222396,0.10818120351588911,0.8593125494353924,0.39596180555555555,0.0,19,9.0,0.075,0.0,60.0,0.8777726000407711
4,StandardNSGA2,2,0.618812346210581,0.23024365176313397,0.9322398894708789,0.8034316924486833,0.4130458087249423,0.08422522627484832,0.618812346210581,0.23024365176313397,0.9322398894708789,0.19564685742235266,0.8034316924486833,0.5604444444444445,0.0,24,5.0,0.0,,60.0,0.8980539999902248
4,StandardNSGA2,3,0.5872326385802739,0.21638609557871158,0.8277458339029348,0.6975449893339124,0.46682433432215403,0.08232794536067436,0.5872326385802739,0.21638609557871158,0.8277458339029348,0.2357795461243737,0.6975449893339124,3.619149305555556,0.0,26,4.0,0.025,0.0,60.0,0.8815372000681236
4,StandardNSGA2,4,0.5760424662487343,0.23131410968735092,0.8415174812746266,0.6729032068485643,0.36520237416543927,0.09403616768224607,0.5760424662487343,0.23131410968735092,0.8415174812746266,0.22988505747126436,0.6729032068485643,0.47479166666666667,0.0,27,5.0,0.075,0.3333333333333333,60.0,0.8998958999291062
4,StandardNSGA2,5,0.5966257635988581,0.1926001921177501,1.059218945609956,0.8031512181471825,0.3494784782576052,0.08865925906375946,0.5966257635988581,0.1926001921177501,1.059218945609956,0.15854141894569956,0.8031512181471825,0.4697430555555556,0.0,22,6.0,0.075,0.0,60.0,0.8728330999147147
4,StandardNSGA2,6,0.5460935903645704,0.264937125821702,0.8137411503644992,0.6068912316011762,0.380025625136088,0.08026874554481672,0.5460935903645704,0.264937125821702,0.8137411503644992,0.24198427102238354,0.6068912316011762,0.5341597222222223,0.0,26,4.0,0.05,0.5,60.0,0.8915926000336185
4,StandardNSGA2,7,0.5875114618280005,0.2516171726662691,1.0261477756627881,0.830953766216437,0.3826460423590316,0.09286647887235999,0.5875114618280005,0.2516171726662691,1.0261477756627881,0.1671891327063741,0.830953766216437,0.5501006944444444,0.0,23,6.0,0.075,0.3333333333333333,60.0,0.8812096000183374
4,StandardNSGA2,8,0.5666836546055356,0.2757964559780847,0.7849825783431665,0.8270016140341363,0.4022495888500828,0.08481714055923373,0.5666836546055356,0.2757964559780847,0.7849825783431665,0.2554278416347382,0.8270016140341363,0.552045138888889,0.0,29,4.0,0.075,1.0,60.0,0.8891374999657273
4,StandardNSGA2,9,0.5824005659435316,0.25959762722705176,0.8550673523401053,0.6622136142944747,0.37165489578837296,0.07111256055535639,0.5824005659435316,0.25959762722705176,0.8550673523401053,0.224278104850014,0.6622136142944747,0.5291388888888889,0.0,25,3.0,0.05,0.0,60.0,0.8750189000274986
4,StandardNSGA2,10,0.5743271390715943,0.24360885839992638,1.003495015435271,0.6361416576678269,0.28215727694127646,0.0886069550208069,0.5743271390715943,0.24360885839992638,1.003495015435271,0.1734981565820863,0.6361416576678269,0.3542361111111111,0.0,22,6.0,0.075,0.0,60.0,0.8662661000853404
4,StandardNSGA2,11,0.5531686534122195,0.2792915324979317,0.8137411503644992,0.7382318686599334,0.362933093027797,0.09066904654232769,0.5531686534122195,0.2792915324979317,0.8137411503644992,0.24198427102238354,0.7382318686599334,0.49719097222222236,0.0,28,4.0,0.05,0.5,60.0,0.8814193999860436
4,StandardNSGA2,12,0.548795039000892,0.2550502203588862,0.881542505232828,0.693243760540714,0.42876712780728277,0.07536384626885029,0.548795039000892,0.2550502203588862,0.881542505232828,0.21384656508954825,0.693243760540714,1.045826388888889,0.0,26,4.0,0.075,0.3333333333333333,60.0,0.8725723000243306
4,StandardNSGA2,13,0.5785843757294176,0.25316360499321766,0.8815425052328281,0.7941474109147544,0.37052994800515116,0.08601021023381589,0.5785843757294176,0.25316360499321766,0.8815425052328281,0.21384656508954825,0.7941474109147544,0.4735069444444445,0.0,25,5.0,0.025,0.0,60.0,0.9330493999877945
4,StandardNSGA2,14,0.6119453526035876,0.20649744060137745,0.9685229624340641,0.710514423587955,0.3230083996826144,0.09232361248160305,0.6119453526035876,0.20649744060137745,0.9685229624340641,0.1839080459770115,0.710514423587955,0.42026736111111107,0.0,23,6.0,0.1,0.25,60.0,0.9056795000797138
4,StandardNSGA2,15,0.6356485900998579,0.2309352507517617,1.211103777942239,0.8132942795011481,0.3166933734105638,0.0847478097845369,0.6356485900998579,0.2309352507517617,1.211103777942239,0.1259644150527476,0.8132942795011481,0.38906944444444447,0.0,17,8.0,0.025,0.0,60.0,0.8883864999515936
4,StandardNSGA2,16,0.6310826233147937,0.22332652485283466,1.0912883633487742,0.6692666396044177,0.2947622308346479,0.09620582740274687,0.6310826233147937,0.22332652485283466,1.0912883633487742,0.15074429998115696,0.6692666396044177,0.3710729166666667,0.0,23,7.0,0.125,0.2,60.0,0.8691320999059826
4,StandardNSGA2,17,0.5929225216288503,0.22270316475395296,0.8944862739468377,0.7438878398088125,0.337780092906509,0.08855828761188833,0.5929225216288503,0.22270316475395296,0.8944862739468377,0.2089864158829676,0.7438878398088125,0.4381215277777778,0.0,24,4.0,0.1,0.25,60.0,0.8799912999384105
4,StandardNSGA2,18,0.529519410081876,0.2843886562191301,0.8277458339029349,0.7341831282965604,0.4474225921124265,0.08878812706137981,0.529519410081876,0.2843886562191301,0.8277458339029349,0.2357795461243737,0.7341831282965604,1.0931250000000001,0.0,28,4.0,0.025,1.0,60.0,0.8678622000152245
4,StandardNSGA2,19,0.5711825751933554,0.25737108282220456,0.755129549685372,0.6505501768643488,0.470248218496822,0.07967611473994539,0.5711825751933554,0.25737108282220456,0.755129549685372,0.2704530087897228,0.6505501768643488,3.6088506944444445,0.0,29,4.0,0.05,0.0,60.0,0.8816857000347227
4,StandardNSGA2,20,0.597503349701104,0.23107435928742995,1.003495015435271,0.7517621637395557,0.36027280869556094,0.08099194807494009,0.597503349701104,0.23107435928742995,1.003495015435271,0.1734981565820863,0.7517621637395557,0.4769201388888889,0.0,21,5.0,0.0,,60.0,0.898543499992229
4,StandardNSGA2,21,0.5853697065161241,0.20681670173000094,0.9803189452974895,0.5336755503426985,0.3207305927539599,0.07970636753300402,0.5853697065161241,0.20681670173000094,0.9803189452974895,0.18030200585981518,0.5336755503426985,0.4178125,0.0,22,5.0,0.0,,60.0,0.8781425999477506
4,StandardNSGA2,22,0.594032110745353,0.23803902977279368,0.8944862739468377,0.6643615662411101,0.42653680304385394,0.08937866305015552,0.594032110745353,0.23803902977279368,0.8944862739468377,0.2089864158829676,0.6643615662411101,1.027451388888889,0.0,25,5.0,0.05,0.0,60.0,0.8686922000488266
4,StandardNSGA2,23,0.6413761649599545,0.20619109318788825,0.9803189452974893,0.7599051019599979,0.37726906485092027,0.09927748338540895,0.6413761649599545,0.20619109318788825,0.9803189452974893,0.18030200585981518,0.7599051019599979,0.49616666666666676,0.0,25,7.0,0.025,0.0,60.0,0.8724105999572203
4,StandardNSGA2,24,0.6297859541523912,0.21959853330873208,1.0148846002135226,0.8226705352661426,0.35512294294522584,0.10011435557025847,0.6297859541523912,0.21959853330873208,1.0148846002135226,0.17028522775649213,0.8226705352661426,0.46128125000000003,0.0,23,7.0,0.075,0.3333333333333333,60.0,0.8882632000604644
4,StandardNSGA2,25,0.5321533632568417,0.30064532815995065,0.9444891303068568,0.7157921252502131,0.3990944025002747,0.06546381955294334,0.5321533632568417,0.30064532815995065,0.9444891303068568,0.19157088122605365,0.7157921252502131,0.5995798611111111,0.0,25,6.0,0.1,0.25,60.0,0.859736799960956
4,StandardNSGA2,26,0.5992468799485335,0.2005583900596503,1.1427391744033624,0.7351347080656175,0.3271507430031438,0.08544916282555243,0.5992468799485335,0.2005583900596503,1.1427391744033624,0.13932427725531174,0.7351347080656175,0.42013541666666665,0.0,20,7.0,0.075,0.3333333333333333,60.0,0.8605424000415951
4,StandardNSGA2,27,0.6119599629832144,0.23151598296709483,0.9322398894708789,0.682481402681583,0.34908987425780946,0.08769554993756024,0.6119599629832144,0.23151598296709483,0.9322398894708789,0.19564685742235266,0.682481402681583,0.4500486111111111,0.0,26,6.0,0.075,0.6666666666666666,60.0,0.8690444000530988
4,StandardNSGA2,28,0.5548066014142787,0.2444485363494185,0.8550673523401053,0.7492601090968645,0.39469785240701927,0.08037212676683919,0.5548066014142787,0.2444485363494185,0.8550673523401053,0.224278104850014,0.7492601090968645,0.5646215277777779,0.0,26,4.0,0.1,0.5,60.0,0.8769541999790817
4,StandardNSGA2,29,0.5895746743388643,0.28014257578293433,0.7849825783431665,0.6736347550488716,0.4058085972413892,0.07694295432223529,0.5895746743388643,0.28014257578293433,0.7849825783431665,0.2554278416347382,0.6736347550488716,0.5729895833333334,0.0,28,4.0,0.05,0.5,60.0,0.8652936000144109
4,NSGA3,0,0.6350716144261066,0.2193594570496392,0.9803189452974895,0.8829162405668504,0.36669018186075836,0.10783139972912617,0.6350716144261066,0.2193594570496392,0.9803189452974895,0.18030200585981518,0.8829162405668504,0.47809722222222223,0.0,22,6.0,0.05,1.0,21.0,0.987974000046961
4,NSGA3,1,0.5722247487143098,0.24607684357728282,0.9565815297270429,0.8045522833531409,0.2416457702524875,0.10080303474842625,0.5722247487143098,0.24607684357728282,0.9565815297270429,0.18766127140511377,0.8045522833531409,0.29514236111111114,0.0,22,4.0,0.075,0.3333333333333333,15.0,0.9837454999797046
4,NSGA3,2,0.6261236178324999,0.1830126118761278,0.9685229624340642,0.757676646320492,0.323374615634915,0.10351674383840045,0.6261236178324999,0.1830126118761278,0.9685229624340642,0.1839080459770115,0.757676646320492,0.40834722222222225,0.0,23,5.0,0.025,1.0,17.0,0.9757953000953421
4,NSGA3,3,0.6389117032286563,0.19145391505878329,1.1626821716231532,0.9042057019004996,0.3189940838748496,0.10634580550650459,0.6389117032286563,0.19145391505878329,1.1626821716231532,0.1352265043948614,0.9042057019004996,0.4098958333333334,0.0,18,6.0,0.2,0.25,14.0,0.9785144999623299
4,NSGA3,4,0.6280098535842067,0.22249737932849856,0.9685229624340641,0.8794248724276352,0.33503852094815245,0.10435950991396731,0.6280098535842067,0.22249737932849856,0.9685229624340641,0.1839080459770115,0.8794248724276352,0.4328368055555556,0.0,22,5.0,0.075,0.0,19.0,1.0273481000913307
4,NSGA3,5,0.6295687275481257,0.1782947743819932,0.9919746671444329,0.8110288747456899,0.3499745063785726,0.10189133707638365,0.6295687275481257,0.1782947743819932,0.9919746671444329,0.1768346595932803,0.8110288747456899,0.46367361111111116,0.0,20,5.0,0.1,0.25,17.0,1.0030797000508755
4,NSGA3,6,0.5949483070114775,0.191313370151811,0.9919746671444329,0.7278023100994085,0.2247725646130335,0.09845386459030579,0.5949483070114775,0.191313370151811,0.9919746671444329,0.1768346595932803,0.7278023100994085,0.26487847222222227,0.0,22,5.0,0.125,0.6,16.0,0.9845785999204963
4,NSGA3,7,0.5722114593767909,0.19302382247735952,0.9198275413214969,0.7523335520402605,0.2641261756474177,0.10673860934042911,0.5722114593767909,0.19302382247735952,0.9198275413214969,0.19990004997501248,0.7523335520402605,0.3238263888888889,0.0,23,4.0,0.075,0.6666666666666666,21.0,0.9851540999952704
4,NSGA3,8,0.5921520260031301,0.1995650824616232,0.9072453912952236,0.87029784339733,0.31860732804436287,0.10229381417871074,0.5921520260031301,0.1995650824616232,0.9072453912952236,0.20434227330779056,0.87029784339733,0.4085902777777778,0.0,25,5.0,0.075,0.3333333333333333,21.0,0.9788610000396147
4,NSGA3,9,0.6402924984614364,0.20230818913077372,0.9198275413214969,0.7909507798089944,0.3192244855547305,0.10503285307991006,0.6402924984614364,0.20230818913077372,0.9198275413214969,0.19990004997501248,0.7909507798089944,0.4029756944444444,0.0,24,5.0,0.075,0.0,22.0,0.9912464999360964
4,NSGA3,10,0.5847534010117835,0.1990509363454182,0.9072453912952236,0.826931635191334,0.3209876672271616,0.0964735613423588,0.5847534010117835,0.1990509363454182,0.9072453912952236,0.20434227330779056,0.826931635191334,0.40824999999999995,0.0,25,5.0,0.05,0.0,15.0,0.9879672999959439
4,NSGA3,11,0.5969038230827369,0.22791462973967178,0.9803189452974895,0.752110661930222,0.23430792290183752,0.09900160975613566,0.5969038230827369,0.22791462973967178,0.9803189452974895,0.18030200585981518,0.752110661930222,0.2835972222222222,0.0,23,5.0,0.125,0.2,19.0,0.9732895999914035
4,NSGA3,12,0.6278666590526321,0.1855475757973115,0.9444891303068569,0.723740333603444,0.348998448406717,0.10271878241716502,0.6278666590526321,0.1855475757973115,0.9444891303068569,0.19157088122605365,0.723740333603444,0.45483333333333337,0.0,24,5.0,0.0,,23.0,1.0599093000637367
4,NSGA3,13,0.5780556371946363,0.2278410799890902,1.003495015435271,0.8102611377946675,0.23411676995207142,0.1013337773378479,0.5780556371946363,0.2278410799890902,1.003495015435271,0.1734981565820863,0.8102611377946675,0.27827777777777785,0.0,20,5.0,0.05,0.5,18.0,1.0011759999906644
4,NSGA3,14,0.6430761788458419,0.17958140440235928,0.9322398894708789,0.7499233551468969,0.29991987368544437,0.10602078759814917,0.6430761788458419,0.17958140440235928,0.9322398894708789,0.19564685742235266,0.7499233551468969,0.3794479166666667,0.0,23,5.0,0.025,0.0,15.0,1.0340064000338316
4,NSGA3,15,0.6115717008921272,0.22599493401535545,0.7849825783431665,0.75407545015168,0.28707410048838816,0.09796968664953998,0.6115717008921272,0.22599493401535545,0.7849825783431665,0.2554278416347382,0.75407545015168,0.3575243055555556,0.0,28,4.0,0.075,0.6666666666666666,18.0,1.4392590000061318
4,NSGA3,16,0.626013301770217,0.18316000027004958,0.9444891303068569,0.7541071822232249,0.3394587905107199,0.10233074470521758,0.626013301770217,0.18316000027004958,0.9444891303068569,0.19157088122605365,0.7541071822232249,0.43746527777777783,0.0,21,4.0,0.1,0.5,18.0,1.0845457999967039
4,NSGA3,17,0.6126470538370493,0.20432192295689228,0.8815425052328281,0.8333553241234544,0.3726221688121226,0.09893339197096047,0.6126470538370493,0.20432192295689228,0.8815425052328281,0.21384656508954825,0.8333553241234544,0.48318402777777775,0.0,26,5.0,0.05,0.5,23.0,1.0068940999917686
4,NSGA3,18,0.6340774313134264,0.2031011696244452,0.8684058283919127,0.7663478620273722,0.3701707922929875,0.1002607855210388,0.6340774313134264,0.2031011696244452,0.8684058283919127,0.21893814997263272,0.7663478620273722,0.48702083333333335,0.0,26,5.0,0.025,1.0,24.0,1.018798900069669
4,NSGA3,19,0.6178180445701675,0.20251483634959952,1.059218945609956,0.8223912620756268,0.29639548379750436,0.09869653155147477,0.6178180445701675,0.20251483634959952,1.059218945609956,0.15854141894569956,0.8223912620756268,0.3734513888888889,0.0,21,7.0,0.125,0.4,15.0,1.0455988000612706
4,NSGA3,20,0.6297769396791038,0.18162881420739269,0.9198275413214969,0.7470662178591597,0.3024774756241057,0.10192074001230449,0.6297769396791038,0.18162881420739269,0.9198275413214969,0.19990004997501248,0.7470662178591597,0.3816354166666667,0.0,23,5.0,0.075,0.0,14.0,1.1335059999255463
4,NSGA3,21,0.6234304074089668,0.23389251979368839,0.8684058283919128,0.821281639475349,0.34555610173958395,0.10403728712013297,0.6234304074089668,0.23389251979368839,0.8684058283919128,0.21893814997263272,0.821281639475349,0.45847916666666677,0.0,25,4.0,0.075,0.3333333333333333,17.0,1.146045499946922
4,NSGA3,22,0.5911097437479678,0.20159901351704995,0.8815425052328281,0.8464655075914516,0.3318733241846338,0.1019716939132997,0.5911097437479678,0.20159901351704995,0.8815425052328281,0.21384656508954825,0.8464655075914516,0.4259513888888889,0.0,25,4.0,0.025,1.0,16.0,1.0439913000445813
4,NSGA3,23,0.6380169857763505,0.207321361647334,1.003495015435271,0.7275794100874045,0.2737980750346857,0.09919690661451214,0.6380169857763505,0.207321361647334,1.003495015435271,0.1734981565820863,0.7275794100874045,0.3328263888888889,0.0,21,5.0,0.075,0.3333333333333333,17.0,0.9842443000525236
4,NSGA3,24,0.6419476177545766,0.2160386418884098,0.9685229624340642,0.7477788331980512,0.275281488135633,0.10447052413273658,0.6419476177545766,0.2160386418884098,0.9685229624340642,0.1839080459770115,0.7477788331980512,0.3382118055555556,0.0,23,6.0,0.1,0.25,15.0,0.984335699933581
4,NSGA3,25,0.588007389394557,0.20322037794526376,0.7397513981473143,0.7532284018752031,0.3477110311680967,0.0985727855571825,0.588007389394557,0.20322037794526376,0.7397513981473143,0.2786485545106235,0.7532284018752031,0.45105208333333335,0.0,30,4.0,0.05,0.5,25.0,1.077497599995695
4,NSGA3,26,0.5908277557445232,0.21345133601057548,0.8415174812746266,0.8422703850255129,0.3265143601350476,0.09685444282276708,0.5908277557445232,0.21345133601057548,0.8415174812746266,0.22988505747126436,0.8422703850255129,0.41908333333333336,0.0,25,3.0,0.1,0.25,16.0,0.9977132000494748
4,NSGA3,27,0.6027769303519707,0.19396675566014165,0.9444891303068569,0.8289438877517611,0.33573707018180504,0.10718082996241383,0.6027769303519707,0.19396675566014165,0.9444891303068569,0.19157088122605365,0.8289438877517611,0.45940624999999996,0.0,24,5.0,0.1,0.25,21.0,1.0286678998963907
4,NSGA3,28,0.6160171061574533,0.2179137265299289,0.8550673523401053,0.7375852363184674,0.27402574070264246,0.10347675904317907,0.6160171061574533,0.2179137265299289,0.8550673523401053,0.224278104850014,0.7375852363184674,0.33645833333333336,0.0,25,4.0,0.075,0.0,17.0,0.9935056999092922
4,NSGA3,29,0.6155553654485207,0.22102160998327083,0.8137411503644992,0.8133675522110533,0.35828102610480184,0.09478295588865907,0.6155553654485207,0.22102160998327083,0.8137411503644992,0.24198427102238354,0.8133675522110533,0.47068055555555566,0.0,25,3.0,0.075,0.3333333333333333,20.0,0.9953996000112966
4,PAA-NSGA-II,0,0.5912880517232381,0.23358110018010692,1.2392489169603271,0.8499761464665117,0.37040755048814955,0.09499447836173941,0.5912880517232381,0.23358110018010692,1.2392489169603271,0.12099213551119177,0.8499761464665117,0.9449548611111112,0.0,18,7.0,0.025,0.0,60.0,1.018205999978818
4,PAA-NSGA-II,1,0.6050627491646507,0.20131115919446865,1.3796934333906814,0.7883873285585542,0.27469864295103846,0.09567840467480426,0.6050627491646507,0.20131115919446865,1.3796934333906814,0.09995002498750624,0.7883873285585542,0.3349722222222222,0.0,18,9.0,0.05,0.0,60.0,0.9788266000105068
4,PAA-NSGA-II,2,0.5561603052138692,0.2189362107665232,1.191971203281233,0.7288585383235737,0.2706389926984937,0.09494335604967252,0.5561603052138692,0.2189362107665232,1.191971203281233,0.12951270843451515,0.7288585383235737,0.33131944444444444,0.0,19,7.0,0.0,,60.0,0.9612930000294
4,PAA-NSGA-II,3,0.6042202113567037,0.21313733995233924,1.293703564449794,0.8882289545269938,0.371606962937412,0.10123294070679931,0.6042202113567037,0.21313733995233924,1.293703564449794,0.112139052425007,0.8882289545269938,0.49032638888888896,0.0,20,8.0,0.075,0.0,60.0,0.9799129000166431
4,PAA-NSGA-II,4,0.6238093498871156,0.22180812088852334,1.468477964887372,0.8960861864263434,0.3116186790438104,0.09327888015181651,0.6238093498871156,0.22180812088852334,1.468477964887372,0.08927575047427742,0.8960861864263434,0.39436458333333335,0.0,14,10.0,0.05,0.5,60.0,0.956625199993141
4,PAA-NSGA-II,5,0.6073043875973583,0.23007374782179033,1.162682171623153,0.6238876901223805,0.34214905927544853,0.0948777113835918,0.6073043875973583,0.23007374782179033,1.162682171623153,0.1352265043948614,0.6238876901223805,0.4641840277777778,0.0,22,8.0,0.0,,60.0,0.9830964999273419
4,PAA-NSGA-II,6,0.630737359054834,0.17376739232862481,1.3879994509683689,0.7807083611656784,0.2851671505850977,0.10041059074876316,0.630737359054834,0.17376739232862481,1.3879994509683689,0.09887529353602768,0.7807083611656784,0.3630069444444445,0.0,14,8.0,0.025,0.0,60.0,1.0104881000006571
4,PAA-NSGA-II,7,0.6330951338618422,0.2373224736118173,1.0912883633487742,0.7517969572331642,0.38467243494386427,0.10032063858682017,0.6330951338618422,0.2373224736118173,1.0912883633487742,0.15074429998115696,0.7517969572331642,0.5082604166666667,0.0,22,6.0,0.025,0.0,60.0,0.9566874000011012
4,PAA-NSGA-II,8,0.623849883806821,0.22303653014179128,1.266768880036419,0.8502254443217458,0.33432221601267925,0.10100871875692505,0.623849883806821,0.22303653014179128,1.266768880036419,0.11639749745380475,0.8502254443217458,0.44437499999999996,0.0,17,7.0,0.05,0.5,60.0,0.9718799999682233
4,PAA-NSGA-II,9,0.6094123292407364,0.2325734948298291,1.3287674498039934,0.8887516830911062,0.3693066264236117,0.09589333702266453,0.6094123292407364,0.2325734948298291,1.3287674498039934,0.10692328254477412,0.8887516830911062,0.5197951388888888,0.0,17,9.0,0.05,0.5,60.0,0.9656208999222144
4,PAA-NSGA-II,10,0.6633875717949781,0.1981297313562575,1.4448051827559238,0.8294676745260647,0.33758607773657695,0.0980726004479989,0.6633875717949781,0.1981297313562575,1.4448051827559238,0.09195402298850575,0.8294676745260647,0.43086111111111125,0.0,15,10.0,0.025,1.0,60.0,0.95230309991166
4,PAA-NSGA-II,11,0.6270871884466384,0.20078313967451306,1.396256058764158,0.8654511102082916,0.35954572190775247,0.09763875367535309,0.6270871884466384,0.20078313967451306,1.396256058764158,0.09782342871117633,0.8654511102082916,0.4797638888888889,0.0,16,9.0,0.05,0.0,60.0,0.9684497000416741
4,PAA-NSGA-II,12,0.6109604724325468,0.24487936008488206,1.1527538013223835,0.7274069027740911,0.34980329405605326,0.0970674596627289,0.6109604724325468,0.24487936008488206,1.1527538013223835,0.1372448104306056,0.7274069027740911,0.48979166666666674,0.0,22,7.0,0.075,0.3333333333333333,60.0,0.9615912000881508
4,PAA-NSGA-II,13,0.6202711425181027,0.21015903900640379,1.5071065198237945,0.8293181060841368,0.2555256058028515,0.09675465613422053,0.6202711425181027,0.21015903900640379,1.5071065198237945,0.08514261387824607,0.8293181060841368,0.3062708333333334,0.0,16,11.0,0.0,,60.0,0.9873213999671862
4,PAA-NSGA-II,14,0.5723440929781143,0.20995611538878664,1.2111037779422387,0.7049214302879498,0.23672276864751582,0.10479232504173948,0.5723440929781143,0.20995611538878664,1.2111037779422387,0.1259644150527476,0.7049214302879498,0.2933263888888889,0.0,19,7.0,0.125,0.0,60.0,0.9757266000378877
4,PAA-NSGA-II,15,0.6071586258970834,0.17867472422029113,1.468477964887372,0.8177177868759815,0.3111241405711912,0.09883264966264704,0.6071586258970834,0.17867472422029113,1.468477964887372,0.08927575047427742,0.8177177868759815,0.39226041666666667,0.0,17,9.0,0.025,0.0,60.0,0.9618447999237105
4,PAA-NSGA-II,16,0.632879364330611,0.2544947261963917,1.191971203281233,0.876541114347108,0.3794947475209481,0.10084753727598018,0.632879364330611,0.2544947261963917,1.191971203281233,0.12951270843451515,0.876541114347108,0.5042534722222223,0.0,19,6.0,0.1,0.25,60.0,0.9583669999847189
4,PAA-NSGA-II,17,0.6157169653563067,0.19370639045690102,1.2847880786040071,0.7076917471404391,0.3017290139695604,0.09533712700062105,0.6157169653563067,0.19370639045690102,1.2847880786040071,0.11352348517099475,0.7076917471404391,0.38426736111111115,0.0,20,9.0,0.1,0.25,60.0,0.9503188000526279
4,PAA-NSGA-II,18,0.579644587454721,0.2415595856981625,1.293703564449794,0.8425814202272269,0.2628416241808149,0.0984918345792455,0.579644587454721,0.2415595856981625,1.293703564449794,0.112139052425007,0.8425814202272269,0.3198229166666667,0.0,19,9.0,0.05,0.0,60.0,0.9624754999531433
4,PAA-NSGA-II,19,0.6144833876086367,0.24697400051706672,1.3113527077656701,0.7932417367974232,0.391809123247465,0.09547946828109034,0.6144833876086367,0.24697400051706672,1.3113527077656701,0.10946907498631636,0.7932417367974232,0.5139201388888889,0.0,17,8.0,0.1,0.0,60.0,0.9430488999933004
4,PAA-NSGA-II,20,0.6151989203686732,0.23742162053933297,1.3113527077656701,0.7727501477531625,0.3775080561652664,0.09533947826143009,0.6151989203686732,0.23742162053933297,1.3113527077656701,0.10946907498631636,0.7727501477531625,0.5184895833333334,0.0,17,7.0,0.05,0.5,60.0,0.9777917999308556
4,PAA-NSGA-II,21,0.6334066262335997,0.20506376985610536,1.468477964887372,0.8420948281566293,0.31436976762452157,0.10089764991072486,0.6334066262335997,0.20506376985610536,1.468477964887372,0.08927575047427742,0.8420948281566293,0.4049756944444445,0.0,17,10.0,0.075,0.0,60.0,1.0212344999890774
4,PAA-NSGA-II,22,0.6064516344466628,0.22916087878436003,1.337389786638785,0.7681224809018794,0.3971116238634689,0.09239272036580785,0.6064516344466628,0.22916087878436003,1.337389786638785,0.10569427929713304,0.7681224809018794,0.9895381944444447,0.0,16,8.0,0.05,0.5,60.0,0.9892433999339119
4,PAA-NSGA-II,23,0.6034098328988421,0.2068495730660654,1.2758102920010679,0.7324913347095119,0.21421511754969433,0.10056971753936958,0.6034098328988421,0.2068495730660654,1.2758102920010679,0.11494252873563218,0.7324913347095119,0.2508125,0.0,16,9.0,0.025,1.0,60.0,1.001538799959235
4,PAA-NSGA-II,24,0.6194201095006336,0.242984353691238,1.201575571988228,0.7751188627080812,0.373932902495828,0.09853294937448648,0.6194201095006336,0.242984353691238,1.201575571988228,0.1277139208173691,0.7751188627080812,0.5251145833333334,0.0,23,9.0,0.1,0.25,60.0,1.0927341999486089
4,PAA-NSGA-II,25,0.5980700447889912,0.203024922854058,1.2299387677605,0.7628913453869992,0.43085692325366026,0.09700420620985165,0.5980700447889912,0.203024922854058,1.2299387677605,0.12260536398467432,0.7628913453869992,0.6042083333333335,0.0,19,7.0,0.025,0.0,60.0,0.9733983998885378
4,PAA-NSGA-II,26,0.5597748725248766,0.2200929183354155,1.2847880786040071,0.7821466856333718,0.21531991093191022,0.09879932472823906,0.5597748725248766,0.2200929183354155,1.2847880786040071,0.11352348517099475,0.7821466856333718,0.2552256944444445,0.0,20,9.0,0.1,0.0,60.0,0.9700380999129266
4,PAA-NSGA-II,27,0.5996020413276272,0.22329741138294318,1.3879994509683689,0.8012221481649966,0.2908207199329628,0.0960025322366408,0.5996020413276272,0.22329741138294318,1.3879994509683689,0.09887529353602768,0.8012221481649966,0.37936458333333334,0.0,15,9.0,0.025,0.0,60.0,0.9719839999452233
4,PAA-NSGA-II,28,0.5700416575151781,0.24287907435971717,1.0261477756627881,0.6939278431052849,0.34301428422133373,0.0989412371344138,0.5700416575151781,0.24287907435971717,1.0261477756627881,0.1671891327063741,0.6939278431052849,0.4892708333333333,0.0,22,5.0,0.05,0.0,60.0,0.9768420000327751
4,PAA-NSGA-II,29,0.6054505553183396,0.21716380681375208,1.3025580288099372,0.7460407039963239,0.23595436623501134,0.10053190463993929,0.6054505553183396,0.21716380681375208,1.3025580288099372,0.1107879795042238,0.7460407039963239,0.28578472222222223,0.0,18,9.0,0.125,0.4,60.0,0.9694143000524491
4,PAA-noPriority,0,0.6095374373717581,0.2546953914257015,0.9444891303068569,0.6698078342151434,0.38441830460118304,0.08604307035613545,0.6095374373717581,0.2546953914257015,0.9444891303068569,0.19157088122605365,0.6698078342151434,0.5163055555555556,0.0,24,6.0,0.075,0.3333333333333333,60.0,0.9459545999998227
4,PAA-noPriority,1,0.6024973920635764,0.22011566596217982,0.9565815297270429,0.6405287034763874,0.3450489829722455,0.08067740229504339,0.6024973920635764,0.22011566596217982,0.9565815297270429,0.18766127140511377,0.6405287034763874,0.4396006944444445,0.0,23,5.0,0.075,0.3333333333333333,60.0,0.9581368999788538
4,PAA-noPriority,2,0.5630274129761983,0.262239132178153,1.0483111508478486,0.8681446964708182,0.38164041185643055,0.09123488122744317,0.5630274129761983,0.262239132178153,1.0483111508478486,0.1613228473482557,0.8681446964708182,0.5365625,0.0,23,6.0,0.05,0.5,60.0,0.9665198000147939
4,PAA-noPriority,3,0.5775465921685934,0.2407799085746707,0.9444891303068568,0.67508501641606,0.28244864613105863,0.08344876155204822,0.5775465921685934,0.2407799085746707,0.9444891303068568,0.19157088122605365,0.67508501641606,0.35015277777777776,0.0,24,5.0,0.025,1.0,60.0,0.9687742999522015
4,PAA-noPriority,4,0.6038191285047293,0.24600160155266165,0.8684058283919128,0.7138890407053424,0.4547926661436722,0.08119569062914292,0.6038191285047293,0.24600160155266165,0.8684058283919128,0.21893814997263272,0.7138890407053424,1.0680347222222224,0.0,25,4.0,0.1,0.25,60.0,0.9840334999607876
4,PAA-noPriority,5,0.5865068856754221,0.25777130219669514,0.9444891303068569,0.6305217321236981,0.3072650610110118,0.08161258914785086,0.5865068856754221,0.25777130219669514,0.9444891303068569,0.19157088122605365,0.6305217321236981,0.38757986111111115,0.0,23,4.0,0.025,0.0,60.0,1.0294926000060514
4,PAA-noPriority,6,0.6116101092185311,0.23719859348992367,0.8684058283919128,0.5500074758817958,0.4209425649158378,0.07958396546273444,0.6116101092185311,0.23719859348992367,0.8684058283919128,0.21893814997263272,0.5500074758817958,0.5676944444444445,0.0,25,5.0,0.025,0.0,60.0,0.9551166999153793
4,PAA-noPriority,7,0.6030287114158647,0.19163664165444813,1.0148846002135226,0.6282789338101397,0.3517805689751367,0.07469163306745867,0.6030287114158647,0.19163664165444813,1.0148846002135226,0.17028522775649213,0.6282789338101397,0.4445381944444445,0.0,20,5.0,0.05,0.5,60.0,0.9728906999807805
4,PAA-noPriority,8,0.627715751629272,0.2000456478286313,0.9565815297270427,0.6884362526082037,0.3768914596009373,0.08745352676980953,0.627715751629272,0.2000456478286313,0.9565815297270427,0.18766127140511377,0.6884362526082037,0.48821875000000003,0.0,22,5.0,0.075,0.3333333333333333,60.0,0.9596215999918059
4,PAA-noPriority,9,0.5652717189426191,0.2793025755968349,0.8137411503644992,0.8147231442370833,0.4564461774207914,0.08784026852167656,0.5652717189426191,0.2793025755968349,0.8137411503644992,0.24198427102238354,0.8147231442370833,1.0654444444444446,0.0,26,4.0,0.025,1.0,60.0,0.9560745999915525
4,PAA-noPriority,10,0.6252406574832838,0.2056468752363408,0.9919746671444329,0.7082007994738598,0.39552530333039376,0.08621122623221916,0.6252406574832838,0.2056468752363408,0.9919746671444329,0.1768346595932803,0.7082007994738598,0.5408229166666667,0.0,20,4.0,0.05,0.0,60.0,0.9614075999706984
4,PAA-noPriority,11,0.5531877820240955,0.21944854453424853,0.881542505232828,0.6994721309141868,0.47261299481791347,0.07367079206784297,0.5531877820240955,0.21944854453424853,0.881542505232828,0.21384656508954825,0.6994721309141868,3.6212395833333337,0.0,28,6.0,0.075,0.6666666666666666,60.0,1.039348499965854
4,PAA-noPriority,12,0.5996171111553413,0.19807438874760902,0.9072453912952236,0.6409695741486952,0.3487320792629037,0.08239847650921289,0.5996171111553413,0.19807438874760902,0.9072453912952236,0.20434227330779056,0.6409695741486952,0.4867708333333334,0.0,22,4.0,0.025,1.0,60.0,0.9988418000284582
4,PAA-noPriority,13,0.5988307507603506,0.19818436437629758,0.9803189452974894,0.7185874497861882,0.3433713170503333,0.08620085108078157,0.5988307507603506,0.19818436437629758,0.9803189452974894,0.18030200585981518,0.7185874497861882,0.44708333333333333,0.0,22,6.0,0.075,0.3333333333333333,60.0,0.9630158999934793
4,PAA-noPriority,14,0.5696744184249019,0.2732485710570687,0.7240467010585573,0.7651133515460398,0.41488545782262615,0.07786887249481736,0.5696744184249019,0.2732485710570687,0.7240467010585573,0.28735632183908044,0.7651133515460398,0.5683541666666667,0.0,29,3.0,0.075,0.0,60.0,0.9669226000551134
4,PAA-noPriority,15,0.6043870044108278,0.23516148501672615,1.003495015435271,0.7623233581363557,0.3339047341102542,0.09389411290254451,0.6043870044108278,0.23516148501672615,1.003495015435271,0.1734981565820863,0.7623233581363557,0.4393472222222222,0.0,22,6.0,0.1,0.0,60.0,1.0004462000215426
4,PAA-noPriority,16,0.544210648360494,0.2957134105552677,0.7849825783431665,0.7936680404759272,0.43937280452131533,0.07386787839866865,0.544210648360494,0.2957134105552677,0.7849825783431665,0.2554278416347382,0.7936680404759272,0.62840625,0.0,27,3.0,0.05,0.5,60.0,0.9665018999949098
4,PAA-noPriority,17,0.6145962522539972,0.24089196567052315,0.9322398894708788,0.783288730825371,0.394705519919932,0.09515473383827033,0.6145962522539972,0.24089196567052315,0.9322398894708788,0.19564685742235266,0.783288730825371,0.5343645833333334,0.0,25,6.0,0.075,0.6666666666666666,60.0,0.9718754000496119
4,PAA-noPriority,18,0.5310457370839929,0.2640196004950683,0.8277458339029348,0.7830010821607999,0.37915740018273125,0.08577829670338048,0.5310457370839929,0.2640196004950683,0.8277458339029348,0.2357795461243737,0.7830010821607999,0.5467465277777779,0.0,25,3.0,0.075,0.6666666666666666,60.0,0.966741899959743
4,PAA-noPriority,19,0.6248262902491063,0.21005754538270138,1.0261477756627881,0.7913459956084038,0.3378361598209221,0.09189685393021402,0.6248262902491063,0.21005754538270138,1.0261477756627881,0.1671891327063741,0.7913459956084038,0.43462500000000004,0.0,22,5.0,0.075,0.6666666666666666,60.0,0.9513884000480175
4,PAA-noPriority,20,0.5844752290337014,0.22612990503822958,1.112154352360633,0.852398603397212,0.3373090344329859,0.09292099569476578,0.5844752290337014,0.22612990503822958,1.112154352360633,0.14595876664842183,0.852398603397212,0.44718750000000007,0.0,23,7.0,0.075,0.3333333333333333,60.0,0.9788808999583125
4,PAA-noPriority,21,0.5904874929410118,0.22382636030317501,0.9444891303068569,0.6317065598409977,0.35351329011093496,0.07694868022357962,0.5904874929410118,0.22382636030317501,0.9444891303068569,0.19157088122605365,0.6317065598409977,0.4563194444444445,0.0,24,6.0,0.05,0.5,60.0,0.9686672000680119
4,PAA-noPriority,22,0.5649608423515581,0.23958735353357316,0.9198275413214968,0.7507536233128179,0.4182461589336948,0.08629602498938511,0.5649608423515581,0.23958735353357316,0.9198275413214968,0.19990004997501248,0.7507536233128179,0.6049965277777778,0.0,24,5.0,0.075,0.6666666666666666,60.0,0.9621425999794155
4,PAA-noPriority,23,0.6260129841941299,0.20746096849396345,1.059218945609956,0.7470797745527603,0.3319179399510773,0.09441897707002203,0.6260129841941299,0.20746096849396345,1.059218945609956,0.15854141894569956,0.7470797745527603,0.42728125000000006,0.0,22,6.0,0.05,0.0,60.0,0.9446530999848619
4,PAA-noPriority,24,0.6004461499621752,0.2357371842106495,0.9322398894708787,0.5861515101273735,0.38043466736322434,0.06802455942069845,0.6004461499621752,0.2357371842106495,0.9322398894708787,0.19564685742235266,0.5861515101273735,0.49383333333333335,0.0,27,6.0,0.075,0.0,60.0,0.959014100022614
4,PAA-noPriority,25,0.5895798821470806,0.26983491136588905,0.9072453912952236,0.8108542873489812,0.37895075572287673,0.0875565575324977,0.5895798821470806,0.26983491136588905,0.9072453912952236,0.20434227330779056,0.8108542873489812,0.4947430555555556,0.0,23,4.0,0.075,0.3333333333333333,60.0,0.9834412999916822
4,PAA-noPriority,26,0.5997206691159624,0.22416326479031912,0.9565815297270429,0.7033739470278452,0.34825783137204247,0.08803872745463845,0.5997206691159624,0.22416326479031912,0.9565815297270429,0.18766127140511377,0.7033739470278452,0.46307986111111116,0.0,22,5.0,0.05,0.5,60.0,0.9683386000106111
4,PAA-noPriority,27,0.5761669231639571,0.20673239992408585,1.0148846002135226,0.638521129600716,0.28234466574926215,0.07219184017933324,0.5761669231639571,0.20673239992408585,1.0148846002135226,0.17028522775649213,0.638521129600716,0.35653819444444446,0.0,21,5.0,0.125,0.2,60.0,0.9665241999318823
4,PAA-noPriority,28,0.618657788207581,0.2340973467346636,0.9565815297270429,0.6164270043300826,0.3683503137197921,0.07246224685611169,0.618657788207581,0.2340973467346636,0.9565815297270429,0.18766127140511377,0.6164270043300826,0.48882638888888896,0.0,22,5.0,0.075,0.3333333333333333,60.0,0.9580947998911142
4,PAA-noPriority,29,0.6137917101713882,0.22524646705948176,0.9565815297270427,0.8116768493571896,0.3742253687063107,0.0917936538674144,0.6137917101713882,0.22524646705948176,0.9565815297270427,0.18766127140511377,0.8116768493571896,0.49280902777777785,0.0,26,6.0,0.05,0.5,60.0,0.9693675999296829
4,PAA-noAdaptive,0,0.6042336468738319,0.1964287823775019,1.2758102920010677,0.7367648993644812,0.24848615315678116,0.09841782251624256,0.6042336468738319,0.1964287823775019,1.2758102920010677,0.11494252873563218,0.7367648993644812,0.3044548611111111,0.0,20,9.0,0.025,0.0,60.0,0.917076800018549
4,PAA-noAdaptive,1,0.608960698187825,0.21693422831986356,1.3200887962222396,0.8579582702250214,0.34578723917253973,0.09546029856554474,0.608960698187825,0.21693422831986356,1.3200887962222396,0.10818120351588911,0.8579582702250214,0.47010069444444447,0.0,17,9.0,0.025,0.0,60.0,0.8676807000301778
4,PAA-noAdaptive,2,0.5942461784985458,0.2319085432869013,1.3287674498039934,0.7799158373138335,0.33509619494313714,0.09213735550221554,0.5942461784985458,0.2319085432869013,1.3287674498039934,0.10692328254477412,0.7799158373138335,0.4367847222222222,0.0,18,9.0,0.075,0.0,60.0,0.8729712000349537
4,PAA-noAdaptive,3,0.6061387937313756,0.23601946312815647,1.1725264764419854,0.7250099722779717,0.36253308110390814,0.09750112166100149,0.6061387937313756,0.23601946312815647,1.1725264764419854,0.13326669998334167,0.7250099722779717,0.4655138888888889,0.0,22,7.0,0.05,0.0,60.0,0.8798060000408441
4,PAA-noAdaptive,4,0.5890405287796325,0.2515125281566525,1.1527538013223833,0.7464095003970685,0.34631267459408527,0.09482764760673006,0.5890405287796325,0.2515125281566525,1.1527538013223833,0.1372448104306056,0.7464095003970685,0.46310763888888895,0.0,19,6.0,0.025,0.0,60.0,0.8844018999952823
4,PAA-noAdaptive,5,0.601460374888511,0.19235688248364266,1.3287674498039934,0.8008881527695383,0.3040673805779053,0.09906531195386911,0.601460374888511,0.19235688248364266,1.3287674498039934,0.10692328254477412,0.8008881527695383,0.4023020833333334,0.0,16,8.0,0.025,0.0,60.0,0.867106799967587
4,PAA-noAdaptive,6,0.6021693130021079,0.2619796851776911,1.1427391744033626,0.7986848682780201,0.37134707433304104,0.0963650614648596,0.6021693130021079,0.2619796851776911,1.1427391744033626,0.13932427725531174,0.7986848682780201,0.48551388888888897,0.0,20,6.0,0.025,0.0,60.0,0.8841582000022754
4,PAA-noAdaptive,7,0.6325848430680765,0.16632634148406275,1.5147140218016457,0.8141289431701427,0.2875357131750007,0.09598057154581421,0.6325848430680765,0.16632634148406275,1.5147140218016457,0.08436148898028051,0.8141289431701427,0.36041319444444453,0.0,15,10.0,0.05,0.0,60.0,0.8677726000314578
4,PAA-noAdaptive,8,0.5805289093293,0.22931046825316193,1.1822888156895437,0.8407556961598713,0.4440278114010504,0.09538693133063303,0.5805289093293,0.22931046825316193,1.1822888156895437,0.13136288998357964,0.8407556961598713,1.5202881944444446,0.0,19,7.0,0.075,0.3333333333333333,60.0,0.8748100999509916
4,PAA-noAdaptive,9,0.6142514878301576,0.17321779784519972,1.5298155376831448,0.8820154831244797,0.32151585956502976,0.09325210713386814,0.6142514878301576,0.17321779784519972,1.5298155376831448,0.08284146215180697,0.8820154831244797,0.4159270833333334,0.0,16,9.0,0.05,0.5,60.0,0.8763569999719039
4,PAA-noAdaptive,10,0.6390902038293168,0.19161409819553415,1.436827585471288,0.8126997581010531,0.33339388387163355,0.10035099073641483,0.6390902038293168,0.19161409819553415,1.436827585471288,0.09288285150354116,0.8126997581010531,0.4326215277777778,0.0,13,8.0,0.025,0.0,60.0,0.8779418000485748
4,PAA-noAdaptive,11,0.607696317809355,0.21296631758135934,1.2484896411001856,0.7751054365372023,0.29198927457018,0.09983139933560731,0.607696317809355,0.21296631758135934,1.2484896411001856,0.11942080907598149,0.7751054365372023,0.36946527777777777,0.0,20,8.0,0.1,0.25,60.0,0.892907099914737
4,PAA-noAdaptive,12,0.6008231480471853,0.20381532562622012,1.404464128193649,0.8177454518824316,0.23806205658341514,0.09697796280314754,0.6008231480471853,0.20381532562622012,1.404464128193649,0.09679370840895342,0.8177454518824316,0.288875,0.0,16,9.0,0.025,0.0,60.0,0.8785330000100657
4,PAA-noAdaptive,13,0.5870138698504674,0.21450759528101287,1.182288815689544,0.7951560528416424,0.3185446864608039,0.09770354894177943,0.5870138698504674,0.21450759528101287,1.182288815689544,0.13136288998357964,0.7951560528416424,0.40553125,0.0,21,8.0,0.025,0.0,60.0,0.859824699931778
4,PAA-noAdaptive,14,0.6133003079084004,0.22833503018679768,1.3200887962222396,0.8272657178154776,0.3182148026033016,0.0988413691006797,0.6133003079084004,0.22833503018679768,1.3200887962222396,0.10818120351588911,0.8272657178154776,0.41189236111111105,0.0,16,8.0,0.05,0.5,60.0,0.8714545000111684
4,PAA-noAdaptive,15,0.6096113598434565,0.2636593676426078,1.1427391744033624,0.748167165053513,0.3791355168960028,0.09370615426175628,0.6096113598434565,0.2636593676426078,1.1427391744033624,0.13932427725531174,0.748167165053513,0.5153472222222224,0.0,19,6.0,0.1,0.0,60.0,0.8685958000132814
4,PAA-noAdaptive,16,0.6301130234829142,0.2122219643095075,1.3544698050897952,0.8773644642464611,0.33995151432241044,0.09583568175526283,0.6301130234829142,0.2122219643095075,1.3544698050897952,0.10331912695337725,0.8773644642464611,0.43795833333333345,0.0,16,8.0,0.025,0.0,60.0,0.879989100038074
4,PAA-noAdaptive,17,0.6559717344285709,0.1740186843160886,1.5669327069381127,0.9112127079902891,0.337920639369642,0.09538749000310176,0.6559717344285709,0.1740186843160886,1.5669327069381127,0.07927070947284978,0.9112127079902891,0.4367465277777778,0.0,12,9.0,0.025,0.0,60.0,0.9084300000686198
4,PAA-noAdaptive,18,0.5868925525791495,0.24027493732259267,1.2392489169603271,0.7830406029229238,0.3015526866470301,0.0951192971117647,0.5868925525791495,0.24027493732259267,1.2392489169603271,0.12099213551119177,0.7830406029229238,0.384125,0.0,19,7.0,0.05,0.5,60.0,0.9033746999921277
4,PAA-noAdaptive,19,0.5979822759368485,0.21359332763967154,1.3113527077656701,0.8355461458692529,0.2606173048826529,0.1021046091954505,0.5979822759368485,0.21359332763967154,1.3113527077656701,0.10946907498631636,0.8355461458692529,0.32017361111111114,0.0,16,8.0,0.0,,60.0,0.8821783000603318
4,PAA-noAdaptive,20,0.5555495537376085,0.2269225188296275,1.1326360028574722,0.745475781848327,0.27390170321161456,0.09840976674639369,0.5555495537376085,0.2269225188296275,1.1326360028574722,0.14146772767462423,0.745475781848327,0.3462777777777778,0.0,22,7.0,0.1,0.0,60.0,0.8748449999839067
4,PAA-noAdaptive,21,0.6263373909894672,0.2290095544461928,1.3113527077656701,0.7789848146266658,0.3352295303072177,0.09345942329912946,0.6263373909894672,0.2290095544461928,1.3113527077656701,0.10946907498631636,0.7789848146266658,0.41620138888888897,0.0,21,9.0,0.05,0.0,60.0,0.8929255000548437
4,PAA-noAdaptive,22,0.6350186916499485,0.20718634534592545,1.4126245053551467,0.8298143753871627,0.3206126012424405,0.09934852062492588,0.6350186916499485,0.20718634534592545,1.4126245053551467,0.09578544061302682,0.8298143753871627,0.40940972222222227,0.0,15,8.0,0.075,0.0,60.0,0.8659341000020504
4,PAA-noAdaptive,23,0.629433712229402,0.2458858729176308,1.2111037779422387,0.8444109666809417,0.3483891520771298,0.09932139757500433,0.629433712229402,0.2458858729176308,1.2111037779422387,0.1259644150527476,0.8444109666809417,0.4448194444444445,0.0,18,7.0,0.075,0.3333333333333333,60.0,0.8626085000578314
4,PAA-noAdaptive,24,0.6181826847173582,0.21758884635800574,1.396256058764158,0.8094875863456472,0.2500528149429277,0.10395559532075521,0.6181826847173582,0.21758884635800574,1.396256058764158,0.09782342871117633,0.8094875863456472,0.31343750000000004,0.0,16,9.0,0.075,0.0,60.0,0.903476299950853
4,PAA-noAdaptive,25,0.6233550347068425,0.19740303320878588,1.3713371082247576,0.7546972418313364,0.31272331051833413,0.10024865053171086,0.6233550347068425,0.19740303320878588,1.3713371082247576,0.10104837691044588,0.7546972418313364,0.3916875,0.0,18,9.0,0.025,0.0,60.0,0.875205000047572
4,PAA-noAdaptive,26,0.6221809454216107,0.20950694800288322,1.293703564449794,0.8801245457855448,0.33232733848099794,0.09981163174286078,0.6221809454216107,0.20950694800288322,1.293703564449794,0.112139052425007,0.8801245457855448,0.4326041666666668,0.0,19,9.0,0.075,0.3333333333333333,60.0,0.8971216999925673
4,PAA-noAdaptive,27,0.5957513922558537,0.2483740788078456,1.162682171623153,0.786254993097389,0.3485100281283483,0.09981279870322197,0.5957513922558537,0.2483740788078456,1.162682171623153,0.1352265043948614,0.786254993097389,0.4920486111111112,0.0,21,7.0,0.125,0.4,60.0,0.8748913999879733
4,PAA-noAdaptive,28,0.5941157838786533,0.20637085676214656,1.3200887962222396,0.7285755427587035,0.2304245971853378,0.09761955946765621,0.5941157838786533,0.20637085676214656,1.3200887962222396,0.10818120351588911,0.7285755427587035,0.26901736111111113,0.0,18,9.0,0.025,0.0,60.0,0.865754299913533
4,PAA-noAdaptive,29,0.6177936618427734,0.210221962051618,1.4606296681954092,0.8408003096633054,0.24342540783917616,0.09805885071623278,0.6177936618427734,0.210221962051618,1.4606296681954092,0.09015100292990759,0.8408003096633054,0.2870243055555556,0.0,14,10.0,0.0,,60.0,0.8555838000029325
4,PAA-noSLAMut,0,0.576396980653967,0.1996464109675377,1.4606296681954092,0.8118438982274816,0.23134381308946889,0.09520926366106039,0.576396980653967,0.1996464109675377,1.4606296681954092,0.09015100292990759,0.8118438982274816,0.2803854166666667,0.0,15,8.0,0.075,0.0,60.0,0.9575882999924943
4,PAA-noSLAMut,1,0.6491378674339431,0.2110150754986626,1.4288054467365825,0.8887085415477791,0.3273669254160194,0.10423869610399907,0.6491378674339431,0.2110150754986626,1.4288054467365825,0.09383063570255688,0.8887085415477791,0.41984722222222215,0.0,13,9.0,0.0,,60.0,0.9682020000182092
4,PAA-noSLAMut,2,0.6369042523701791,0.21060934741647924,1.4762845386668804,0.8959070403674041,0.3572556634898874,0.09421478098308997,0.6369042523701791,0.21060934741647924,1.4762845386668804,0.08841732979664015,0.8959070403674041,0.4676111111111112,0.0,13,9.0,0.025,0.0,60.0,0.9508352999109775
4,PAA-noSLAMut,3,0.6262644894004026,0.20863142330013953,1.5147140218016457,0.8431873684209258,0.30306705575733234,0.09546259340303655,0.6262644894004026,0.20863142330013953,1.5147140218016457,0.08436148898028051,0.8431873684209258,0.38467013888888896,0.0,15,10.0,0.05,0.0,60.0,0.9518406999995932
4,PAA-noSLAMut,4,0.6241547681092767,0.22821074401069028,1.2576624704910284,0.8169869534886776,0.3653632468630043,0.10243485552761133,0.6241547681092767,0.22821074401069028,1.2576624704910284,0.11788977306218686,0.8169869534886776,0.4753993055555556,0.0,17,7.0,0.075,0.0,60.0,0.9578170001041144
4,PAA-noSLAMut,5,0.6077320852209597,0.21317091139031136,1.337389786638785,0.8497219907235468,0.3077456976771939,0.09763383377813797,0.6077320852209597,0.21317091139031136,1.337389786638785,0.10569427929713304,0.8497219907235468,0.39655208333333347,0.0,19,8.0,0.075,0.3333333333333333,60.0,0.9482760999817401
4,PAA-noSLAMut,6,0.6071129966741529,0.21921417893459028,1.2299387677605003,0.9253442649514632,0.3759087780183251,0.10353547764184728,0.6071129966741529,0.21921417893459028,1.2299387677605003,0.12260536398467432,0.9253442649514632,0.4993159722222222,0.0,18,8.0,0.025,1.0,60.0,0.9596568000270054
4,PAA-noSLAMut,7,0.6214447859514783,0.2217796860326957,1.3025580288099372,0.8442716072400416,0.2600115174509193,0.0979353347678176,0.6214447859514783,0.2217796860326957,1.3025580288099372,0.1107879795042238,0.8442716072400416,0.32757291666666666,0.0,15,7.0,0.05,0.0,60.0,0.9363792000804096
4,PAA-noSLAMut,8,0.5808284815372584,0.19902417894272523,1.2576624704910284,0.7330281015077466,0.2914355413720095,0.09998039734265311,0.5808284815372584,0.19902417894272523,1.2576624704910284,0.11788977306218686,0.7330281015077466,0.3712916666666667,0.0,19,9.0,0.0,,60.0,0.9752507000230253
4,PAA-noSLAMut,9,0.6132034457849188,0.17759050182735153,1.3796934333906814,0.6981023546514546,0.3242461727653655,0.09217024350278659,0.6132034457849188,0.17759050182735153,1.3796934333906814,0.09995002498750624,0.6981023546514546,0.4262986111111111,0.0,16,8.0,0.025,0.0,60.0,0.9929565000347793
4,PAA-noSLAMut,10,0.6479289559576863,0.16680741699440035,1.4207380120476114,0.800195146420954,0.30693755489597924,0.09995022324661439,0.6479289559576863,0.16680741699440035,1.4207380120476114,0.09479796184382036,0.800195146420954,0.3787986111111111,0.0,15,9.0,0.1,0.0,60.0,0.9695508999284357
4,PAA-noSLAMut,11,0.6304379670299857,0.17306102758748101,1.337389786638785,0.8190155721269274,0.3475579561692837,0.10097299457038772,0.6304379670299857,0.17306102758748101,1.337389786638785,0.10569427929713304,0.8190155721269274,0.47157986111111116,0.0,15,7.0,0.05,0.5,60.0,1.0008472999325022
4,PAA-noSLAMut,12,0.6180053203176057,0.1803216675200779,1.3713371082247576,0.7628871296365112,0.3059156672715878,0.09751011866632814,0.6180053203176057,0.1803216675200779,1.3713371082247576,0.10104837691044588,0.7628871296365112,0.3893680555555556,0.0,17,7.0,0.1,0.0,60.0,0.95894230005797
4,PAA-noSLAMut,13,0.657145056783188,0.1782940893640071,1.2937035644497943,0.8309585574392319,0.42844438288253484,0.10442851375433618,0.657145056783188,0.1782940893640071,1.2937035644497943,0.112139052425007,0.8309585574392319,3.558326388888889,0.0,17,9.0,0.075,0.0,60.0,0.9497887999750674
4,PAA-noSLAMut,14,0.5988463432193513,0.23433785133390944,1.1527538013223833,0.7788706500610443,0.36508124094347355,0.10206837717122905,0.5988463432193513,0.23433785133390944,1.1527538013223833,0.1372448104306056,0.7788706500610443,0.5189409722222222,0.0,20,6.0,0.05,0.0,60.0,0.9831686000106856
4,PAA-noSLAMut,15,0.597692912229127,0.17703815705659548,1.3796934333906814,0.7084390902752646,0.2401207039068997,0.09461756454067753,0.597692912229127,0.17703815705659548,1.3796934333906814,0.09995002498750624,0.7084390902752646,0.2931805555555556,0.0,17,8.0,0.075,0.0,60.0,0.9459402000065893
4,PAA-noSLAMut,16,0.5865315110897095,0.2581501124326373,1.1427391744033624,0.8604236662603967,0.3858355960436629,0.09933908910291508,0.5865315110897095,0.2581501124326373,1.1427391744033624,0.13932427725531174,0.8604236662603967,0.5073506944444445,0.0,19,6.0,0.075,0.6666666666666666,60.0,0.9598945999750867
4,PAA-noSLAMut,17,0.6335918388299306,0.21872620453828562,1.2758102920010677,0.7304808619054628,0.38968438005394723,0.10400767567779193,0.6335918388299306,0.21872620453828562,1.2758102920010677,0.11494252873563218,0.7304808619054628,0.5385104166666668,0.0,19,9.0,0.0,,60.0,0.979498100001365
4,PAA-noSLAMut,18,0.6525006298399278,0.2254270105946392,1.3544698050897952,0.7437784770512602,0.36951909383967013,0.0984758770093044,0.6525006298399278,0.2254270105946392,1.3544698050897952,0.10331912695337725,0.7437784770512602,0.49046874999999995,0.0,17,8.0,0.025,0.0,60.0,0.938189800013788
4,PAA-noSLAMut,19,0.5807739135361206,0.2450499854756162,1.2111037779422387,0.9538360056865031,0.3755637566102394,0.10067872774183381,0.5807739135361206,0.2450499854756162,1.2111037779422387,0.1259644150527476,0.9538360056865031,0.5248298611111112,0.0,18,6.0,0.075,0.3333333333333333,60.0,0.9669979000464082
4,PAA-noSLAMut,20,0.6016875590110593,0.18041380684657135,1.468477964887372,0.8475362201847352,0.3179570004973848,0.0959461648819356,0.6016875590110593,0.18041380684657135,1.468477964887372,0.08927575047427742,0.8475362201847352,0.4277465277777778,0.0,16,9.0,0.075,0.0,60.0,0.9562029000371695
4,PAA-noSLAMut,21,0.5912350841661939,0.18949956991915062,1.3796934333906814,0.8035252627564369,0.34034955805658285,0.09815475562038406,0.5912350841661939,0.18949956991915062,1.3796934333906814,0.09995002498750624,0.8035252627564369,0.46893402777777793,0.0,17,9.0,0.025,1.0,60.0,0.9444390001008287
4,PAA-noSLAMut,22,0.5356507920953736,0.283549001043286,1.0034950154352709,0.7544017546986858,0.3272685271045552,0.09401651086126893,0.5356507920953736,0.283549001043286,1.0034950154352709,0.1734981565820863,0.7544017546986858,0.4243402777777778,0.0,22,5.0,0.025,0.0,60.0,0.9520367999793962
4,PAA-noSLAMut,23,0.6256799684114915,0.20280393288750104,1.4207380120476114,0.7736573409299987,0.2828653455102954,0.09646831981153067,0.6256799684114915,0.20280393288750104,1.4207380120476114,0.09479796184382036,0.7736573409299987,0.36100000000000004,0.0,15,8.0,0.1,0.25,60.0,0.9501203000545502
4,PAA-noSLAMut,24,0.5839482968687836,0.18412584788252984,1.1017707555238396,0.7650567603337052,0.3385320607536001,0.1068974633201897,0.5839482968687836,0.18412584788252984,1.1017707555238396,0.14831294030404152,0.7650567603337052,0.4528437500000001,0.0,22,7.0,0.025,1.0,60.0,0.9529604000272229
4,PAA-noSLAMut,25,0.6199521998410794,0.1846842541346429,1.4606296681954092,0.8032278400997412,0.3052028875900906,0.09277320977086342,0.6199521998410794,0.1846842541346429,1.4606296681954092,0.09015100292990759,0.8032278400997412,0.38912847222222224,0.0,15,9.0,0.0,,60.0,0.9746582999359816
4,PAA-noSLAMut,26,0.5872178914071042,0.2075484392633423,1.2299387677605,0.8161196990704329,0.3591408793914888,0.09738345538022755,0.5872178914071042,0.2075484392633423,1.2299387677605,0.12260536398467432,0.8161196990704329,0.5026701388888889,0.0,20,8.0,0.05,0.5,60.0,1.0073643000796437
4,PAA-noSLAMut,27,0.5642043688928674,0.23352074967857214,1.2299387677605,0.8146046116411017,0.3219907385981478,0.09589309307564314,0.5642043688928674,0.23352074967857214,1.2299387677605,0.12260536398467432,0.8146046116411017,0.4182430555555555,0.0,21,7.0,0.05,0.5,60.0,0.9508922999957576
4,PAA-noSLAMut,28,0.6089726880798519,0.23082785266176917,1.3025580288099372,0.7729845525473333,0.3343982025901598,0.09484716012477148,0.6089726880798519,0.23082785266176917,1.3025580288099372,0.1107879795042238,0.7729845525473333,0.4212326388888889,0.0,18,9.0,0.0,,60.0,0.9508201000280678
4,PAA-noSLAMut,29,0.6287675317349483,0.25301559004587054,1.3459568890394897,0.8991754826752774,0.42167903316815575,0.09394215015879585,0.6287675317349483,0.25301559004587054,1.3459568890394897,0.1044932079414838,0.8991754826752774,0.5766597222222222,0.0,17,9.0,0.05,0.5,60.0,0.9605896000284702
4,PAA-AdaptMut,0,0.5849766826856564,0.23493290023257898,1.1326360028574722,0.7550464713735668,0.2561062589415517,0.098357246944269,0.5849766826856564,0.23493290023257898,1.1326360028574722,0.14146772767462423,0.7550464713735668,0.31547569444444445,0.0,21,6.0,0.05,0.5,60.0,0.8886045999825001
4,PAA-AdaptMut,1,0.581416498414101,0.2141424288045941,1.3025580288099372,0.704180337235307,0.25222249206652175,0.09179530789014916,0.581416498414101,0.2141424288045941,1.3025580288099372,0.1107879795042238,0.704180337235307,0.3099236111111111,0.0,19,8.0,0.025,0.0,60.0,0.9160665000090376
4,PAA-AdaptMut,2,0.6371595353213282,0.193038494532395,1.5071065198237945,0.8388437789235205,0.2980667272414794,0.09777763854408025,0.6371595353213282,0.193038494532395,1.5071065198237945,0.08514261387824607,0.8388437789235205,0.3744305555555556,0.0,15,10.0,0.075,0.3333333333333333,60.0,1.387635299935937
4,PAA-AdaptMut,3,0.6292323001338213,0.20753124740324913,1.4994604217345198,0.9116182437138158,0.3536915473568281,0.09566801335198756,0.6292323001338213,0.20753124740324913,1.4994604217345198,0.08593833924159415,0.9116182437138158,0.4731979166666667,0.0,15,9.0,0.075,0.3333333333333333,60.0,1.167834399966523
4,PAA-AdaptMut,4,0.5837858997954493,0.22992374310270733,1.2576624704910284,0.8150965611066585,0.27971406601633625,0.09749625158017226,0.5837858997954493,0.22992374310270733,1.2576624704910284,0.11788977306218686,0.8150965611066585,0.3542881944444445,0.0,20,8.0,0.025,1.0,60.0,1.2221210999414325
4,PAA-AdaptMut,5,0.6238025866291055,0.21468868763970367,1.4288054467365827,0.815019839361279,0.3216412568177591,0.09581519867282384,0.6238025866291055,0.21468868763970367,1.4288054467365827,0.09383063570255688,0.815019839361279,0.41478125000000005,0.0,17,10.0,0.0,,60.0,1.1182005000300705
4,PAA-AdaptMut,6,0.5762583113225658,0.23873041037049786,1.3879994509683689,0.8854896131497345,0.2728403865129063,0.0887188017166139,0.5762583113225658,0.23873041037049786,1.3879994509683689,0.09887529353602768,0.8854896131497345,0.33005208333333336,0.0,19,10.0,0.1,0.25,60.0,1.0406260000308976
4,PAA-AdaptMut,7,0.6089389108082018,0.17550266315768437,1.4448051827559238,0.9060969966972948,0.350230830326811,0.10189710308697125,0.6089389108082018,0.17550266315768437,1.4448051827559238,0.09195402298850575,0.9060969966972948,0.46198958333333345,0.0,16,9.0,0.1,0.5,60.0,0.9175301999785006
4,PAA-AdaptMut,8,0.6533379169617788,0.19223418195728487,1.5447694296661305,0.8662332501218477,0.3021627335165773,0.09459031516315757,0.6533379169617788,0.19223418195728487,1.5447694296661305,0.08137524158274845,0.8662332501218477,0.3792395833333334,0.0,13,10.0,0.0,,60.0,0.8988365000113845
4,PAA-AdaptMut,9,0.5635084730170746,0.24126857232079515,1.2392489169603274,0.7078394922057795,0.2358755900210583,0.09699474308000572,0.5635084730170746,0.24126857232079515,1.2392489169603274,0.12099213551119177,0.7078394922057795,0.2895,0.0,17,7.0,0.05,0.0,60.0,0.9325470000039786
4,PAA-AdaptMut,10,0.5784417388691827,0.2684325646099112,1.0700155515160488,0.7657065727358161,0.2884742236195471,0.09331021207147064,0.5784417388691827,0.2684325646099112,1.0700155515160488,0.15585427625170464,0.7657065727358161,0.36071527777777784,0.0,20,7.0,0.05,0.0,60.0,0.9058974999934435
4,PAA-AdaptMut,11,0.6204333036583967,0.17795928001188221,1.4762845386668806,0.8557363974657314,0.41845589405762995,0.09671033823514556,0.6204333036583967,0.17795928001188221,1.4762845386668806,0.08841732979664015,0.8557363974657314,1.0185659722222222,0.0,16,9.0,0.05,0.0,60.0,0.9152520999778062
4,PAA-AdaptMut,12,0.6143967000236522,0.22797427675662912,1.1725264764419854,0.8164755189999859,0.3574084954337792,0.09981496851172658,0.6143967000236522,0.22797427675662912,1.1725264764419854,0.13326669998334167,0.8164755189999859,0.46496875000000004,0.0,17,6.0,0.05,0.5,60.0,0.9137284000171348
4,PAA-AdaptMut,13,0.6310469563067944,0.2024917892487701,1.4368275854712882,0.8420819812886273,0.26787353043316786,0.10091346743717414,0.6310469563067944,0.2024917892487701,1.4368275854712882,0.09288285150354116,0.8420819812886273,0.32333333333333336,0.0,17,9.0,0.025,0.0,60.0,0.9264415999641642
4,PAA-AdaptMut,14,0.6146401826750215,0.21805030264331765,1.3796934333906814,0.8355690286934605,0.2693278594620229,0.0995783524039602,0.6146401826750215,0.21805030264331765,1.3796934333906814,0.09995002498750624,0.8355690286934605,0.33373958333333337,0.0,17,9.0,0.075,0.6666666666666666,60.0,0.9773805999429896
4,PAA-AdaptMut,15,0.6041282048512007,0.23737531393167233,1.2576624704910284,0.8393556957417022,0.269008175419304,0.10537610227870164,0.6041282048512007,0.23737531393167233,1.2576624704910284,0.11788977306218686,0.8393556957417022,0.33311111111111114,0.0,20,9.0,0.075,0.3333333333333333,60.0,0.9188078000443056
4,PAA-AdaptMut,16,0.609464786394755,0.2566557025438604,1.211103777942239,0.7576772538439462,0.32942726846287484,0.10069170867459175,0.609464786394755,0.2566557025438604,1.211103777942239,0.1259644150527476,0.7576772538439462,0.421826388888889,0.0,19,8.0,0.1,0.25,60.0,0.8801660999888554
4,PAA-AdaptMut,17,0.5983727933135701,0.2495213714564321,1.059218945609956,0.7538617431774034,0.33055731704681046,0.09724962163289017,0.5983727933135701,0.2495213714564321,1.059218945609956,0.15854141894569956,0.7538617431774034,0.45395833333333335,0.0,22,7.0,0.0,,60.0,0.9033991999458522
4,PAA-AdaptMut,18,0.6086243067186674,0.22080756246568733,1.3796934333906814,0.8437507080772402,0.31798638237198534,0.09749261790525673,0.6086243067186674,0.22080756246568733,1.3796934333906814,0.09995002498750624,0.8437507080772402,0.4052916666666667,0.0,16,9.0,0.075,0.0,60.0,0.8876711000921205
4,PAA-AdaptMut,19,0.6016635417005668,0.2461248864164225,1.1326360028574725,0.8347105460343174,0.4350837014184156,0.09693389900207636,0.6016635417005668,0.2461248864164225,1.1326360028574725,0.14146772767462423,0.8347105460343174,1.042246527777778,0.0,20,6.0,0.075,0.3333333333333333,60.0,0.9110166999744251
4,PAA-AdaptMut,20,0.6025451277428276,0.24596774251491116,1.3373897866387847,0.8074215922724779,0.2792267712316212,0.09564379392753747,0.6025451277428276,0.24596774251491116,1.3373897866387847,0.10569427929713304,0.8074215922724779,0.3516979166666667,0.0,18,9.0,0.075,0.0,60.0,0.9147120000561699
4,PAA-AdaptMut,21,0.633530635728616,0.2048299206025778,1.3713371082247576,0.8312224501056799,0.2918893449765167,0.10258201147583401,0.633530635728616,0.2048299206025778,1.3713371082247576,0.10104837691044588,0.8312224501056799,0.3774826388888889,0.0,17,8.0,0.125,0.2,60.0,0.9672250999137759
4,PAA-AdaptMut,22,0.6210725984356857,0.20155019619549552,1.468477964887372,0.8172466161115537,0.2355712724713034,0.10158554563824834,0.6210725984356857,0.20155019619549552,1.468477964887372,0.08927575047427742,0.8172466161115537,0.2836215277777778,0.0,14,9.0,0.05,0.5,60.0,0.8784282999113202
4,PAA-AdaptMut,23,0.5911822117771739,0.21695073101315493,1.3113527077656701,0.7746248075576126,0.25586869896787695,0.09842139828535985,0.5911822117771739,0.21695073101315493,1.3113527077656701,0.10946907498631636,0.7746248075576126,0.3181111111111111,0.0,18,8.0,0.075,0.0,60.0,0.8823416999075562
4,PAA-AdaptMut,24,0.6222374234789532,0.2321704382900916,1.4126245053551467,0.7645117417536523,0.3197588300681704,0.0954173277129575,0.6222374234789532,0.2321704382900916,1.4126245053551467,0.09578544061302682,0.7645117417536523,0.40720833333333334,0.0,20,11.0,0.025,0.0,60.0,0.8667737999930978
4,PAA-AdaptMut,25,0.6583045250381876,0.2001526612531678,1.5298155376831448,0.9126240207544514,0.326301323891631,0.09750944359389234,0.6583045250381876,0.2001526612531678,1.5298155376831448,0.08284146215180697,0.9126240207544514,0.4175173611111111,0.0,12,10.0,0.1,0.25,60.0,0.9064456999767572
4,PAA-AdaptMut,26,0.6080473680651955,0.263925530262671,1.3879994509683689,0.8717001872170922,0.3510962167938584,0.0922314159397642,0.6080473680651955,0.263925530262671,1.3879994509683689,0.09887529353602768,0.8717001872170922,0.43790277777777786,0.0,18,9.0,0.025,0.0,60.0,0.884829799993895
4,PAA-AdaptMut,27,0.5978191148997151,0.27935331246778483,1.112154352360633,0.7868280464845328,0.3770841369313839,0.09111483027790362,0.5978191148997151,0.27935331246778483,1.112154352360633,0.14595876664842183,0.7868280464845328,0.5007708333333334,0.0,20,7.0,0.0,,60.0,0.8945417000213638
4,PAA-AdaptMut,28,0.6078653713022037,0.2126102633005011,1.3629295501408405,0.8447702945575701,0.4172316224678444,0.08951797736077921,0.6078653713022037,0.2126102633005011,1.3629295501408405,0.10217113665389528,0.8447702945575701,1.007013888888889,0.0,18,10.0,0.075,0.3333333333333333,60.0,0.891602799994871
4,PAA-AdaptMut,29,0.6157077876471073,0.19900945770424724,1.3025580288099372,0.7630904112373426,0.2589530915638546,0.0999771853486472,0.6157077876471073,0.19900945770424724,1.3025580288099372,0.1107879795042238,0.7630904112373426,0.31336458333333334,0.0,18,9.0,0.05,0.0,60.0,0.9132844000123441
4,NSGA3-PrioInit,0,0.6338106103057458,0.17552092008802034,1.0912883633487744,0.7539922409235942,0.32288685141614304,0.10641680208868824,0.6338106103057458,0.17552092008802034,1.0912883633487744,0.15074429998115696,0.7539922409235942,0.4171388888888889,0.0,21,7.0,0.0,,22.0,1.0796496999682859
4,NSGA3-PrioInit,1,0.6309015492177024,0.18764433849801337,1.3544698050897952,0.8306650998909995,0.2411245762909442,0.10574945030605937,0.6309015492177024,0.18764433849801337,1.3544698050897952,0.10331912695337725,0.8306650998909995,0.29085416666666675,0.0,17,9.0,0.075,0.3333333333333333,17.0,1.005202499916777
4,NSGA3-PrioInit,2,0.5959001279580072,0.1948723452283973,1.211103777942239,0.916644922748248,0.31603187722484766,0.1071254454596243,0.5959001279580072,0.1948723452283973,1.211103777942239,0.1259644150527476,0.916644922748248,0.40825347222222225,0.0,19,7.0,0.1,0.25,19.0,1.0020545999286696
4,NSGA3-PrioInit,3,0.6520347652416317,0.18550882146160214,1.2205576048237508,0.8339090200637923,0.31948979575422476,0.10434716899010643,0.6520347652416317,0.18550882146160214,1.2205576048237508,0.12426219322771047,0.8339090200637923,0.4098993055555555,0.0,17,7.0,0.025,0.0,14.0,0.9947776000481099
4,NSGA3-PrioInit,4,0.6250128276828643,0.19687295766135118,1.1017707555238399,0.9238777723405732,0.33234049133929516,0.11160376247186665,0.6250128276828643,0.19687295766135118,1.1017707555238399,0.14831294030404152,0.9238777723405732,0.4248368055555556,0.0,21,6.0,0.075,0.6666666666666666,20.0,0.9921498000621796
4,NSGA3-PrioInit,5,0.6136963688868668,0.20001577623182937,1.1527538013223833,0.9092504924486295,0.34207305695550516,0.1085576006990566,0.6136963688868668,0.20001577623182937,1.1527538013223833,0.1372448104306056,0.9092504924486295,0.4597847222222223,0.0,18,6.0,0.075,0.3333333333333333,20.0,1.0081925999838859
4,NSGA3-PrioInit,6,0.6464337925460887,0.18892291633057567,1.1017707555238399,0.6997535292059581,0.2846477033435746,0.10399424327473,0.6464337925460887,0.18892291633057567,1.1017707555238399,0.14831294030404152,0.6997535292059581,0.35046875,0.0,20,6.0,0.05,0.0,18.0,1.1622439000057057
4,NSGA3-PrioInit,7,0.651447981484113,0.1759746921993856,1.0807043010154627,0.8363057396705298,0.32003491275554,0.11017729402883683,0.651447981484113,0.1759746921993856,1.0807043010154627,0.1532567049808429,0.8363057396705298,0.4061736111111111,0.0,20,7.0,0.1,0.5,18.0,1.1338850000174716
4,NSGA3-PrioInit,8,0.6469123254181741,0.20117563323433893,1.182288815689544,0.8071935409682854,0.2593210271973735,0.10513074993577876,0.6469123254181741,0.20117563323433893,1.182288815689544,0.13136288998357964,0.8071935409682854,0.31821180555555556,0.0,19,8.0,0.05,0.0,18.0,1.4304308000719175
4,NSGA3-PrioInit,9,0.635716840628721,0.22779216511657427,1.0700155515160488,0.9129792255839482,0.37613817869514454,0.10776929972967869,0.635716840628721,0.22779216511657427,1.0700155515160488,0.15585427625170464,0.9129792255839482,0.49406944444444445,0.0,20,6.0,0.025,1.0,19.0,1.1457752999849617
4,NSGA3-PrioInit,10,0.5986502774824366,0.17531675898385118,1.2576624704910284,0.7777473918479723,0.24562814424477838,0.10702036139803514,0.5986502774824366,0.17531675898385118,1.2576624704910284,0.11788977306218686,0.7777473918479723,0.2971180555555556,0.0,19,8.0,0.1,0.0,22.0,1.0009745000861585
4,NSGA3-PrioInit,11,0.6274773149141524,0.2141974638931659,1.162682171623153,0.777122169257139,0.2608428059422183,0.10362723193576685,0.6274773149141524,0.2141974638931659,1.162682171623153,0.1352265043948614,0.777122169257139,0.31246527777777783,0.0,20,7.0,0.05,0.5,14.0,0.9935616999864578
4,NSGA3-PrioInit,12,0.6428817948457454,0.18553650093313837,1.0807043010154629,0.8212782060602111,0.3520184175575799,0.10846525538691101,0.6428817948457454,0.18553650093313837,1.0807043010154629,0.1532567049808429,0.8212782060602111,0.4577604166666667,0.0,21,6.0,0.05,0.0,17.0,1.0371322000864893
4,NSGA3-PrioInit,13,0.6407260802808463,0.18135522681891822,1.0261477756627881,0.7819881098272289,0.3589628734147709,0.10762482036806473,0.6407260802808463,0.18135522681891822,1.0261477756627881,0.1671891327063741,0.7819881098272289,0.46740624999999997,0.0,21,5.0,0.1,0.0,19.0,1.015647599939257
4,NSGA3-PrioInit,14,0.6480976794882312,0.17734722619557775,1.2392489169603271,0.8057163044209062,0.31464085690031207,0.10274606074083534,0.6480976794882312,0.17734722619557775,1.2392489169603271,0.12099213551119177,0.8057163044209062,0.4009722222222223,0.0,18,8.0,0.075,0.3333333333333333,17.0,1.0366958000231534
4,NSGA3-PrioInit,15,0.6550059942310055,0.18063563196918542,1.468477964887372,0.9300875657212326,0.30039414643529133,0.10421141396165537,0.6550059942310055,0.18063563196918542,1.468477964887372,0.08927575047427742,0.9300875657212326,0.38035763888888885,0.0,15,10.0,0.075,0.3333333333333333,18.0,1.02231190004386
4,NSGA3-PrioInit,16,0.6395442764508038,0.221553447535452,1.3629295501408405,0.8280862586643284,0.24407985856557274,0.09986401002304082,0.6395442764508038,0.221553447535452,1.3629295501408405,0.10217113665389528,0.8280862586643284,0.2900034722222222,0.0,16,9.0,0.1,0.0,16.0,1.0673482000129297
4,NSGA3-PrioInit,17,0.6473758821364812,0.1727677553191786,1.4994604217345198,0.9107851180699317,0.30439560571116775,0.10157376136101989,0.6473758821364812,0.1727677553191786,1.4994604217345198,0.08593833924159415,0.9107851180699317,0.39559375,0.0,12,10.0,0.075,0.3333333333333333,16.0,1.0138163000810891
4,NSGA3-PrioInit,18,0.649044191400279,0.1819844593195346,1.201575571988228,0.8333699653096464,0.33851992370337913,0.11005926755777141,0.649044191400279,0.1819844593195346,1.201575571988228,0.1277139208173691,0.8333699653096464,0.4403611111111111,0.0,18,6.0,0.1,0.5,22.0,1.0313169999280944
4,NSGA3-PrioInit,19,0.6461301434840994,0.1732457976291631,1.0912883633487742,0.8189796758929682,0.3578752383758882,0.11437911126487142,0.6461301434840994,0.1732457976291631,1.0912883633487742,0.15074429998115696,0.8189796758929682,0.46791319444444446,0.0,20,6.0,0.05,1.0,23.0,1.000696299946867
4,NSGA3-PrioInit,20,0.6408558599588423,0.1923644626774247,1.0372886595566415,0.8306618160174958,0.3316489381137216,0.1131427517571322,0.6408558599588423,0.1923644626774247,1.0372886595566415,0.16420361247947454,0.8306618160174958,0.4301562499999999,0.0,22,6.0,0.05,0.0,21.0,1.020984800066799
4,NSGA3-PrioInit,21,0.6414291673675956,0.18471756553831492,1.0912883633487742,0.8034050914280378,0.37206613797514343,0.10628040868408378,0.6414291673675956,0.18471756553831492,1.0912883633487742,0.15074429998115696,0.8034050914280378,0.5285208333333333,0.0,22,6.0,0.075,0.3333333333333333,17.0,1.0239767000311986
4,NSGA3-PrioInit,22,0.6410893129765511,0.18561295639297037,1.0483111508478486,0.7996981697560281,0.32964751358498956,0.1051954699663489,0.6410893129765511,0.18561295639297037,1.0483111508478486,0.1613228473482557,0.7996981697560281,0.42809027777777775,0.0,21,6.0,0.0,,19.0,0.9991125999949872
4,NSGA3-PrioInit,23,0.641319142865236,0.23330944206679102,1.1919712032812333,0.800810598018898,0.280586540494151,0.10608124100200403,0.641319142865236,0.23330944206679102,1.1919712032812333,0.12951270843451515,0.800810598018898,0.3419027777777778,0.0,19,8.0,0.15,0.3333333333333333,17.0,1.0000352000351995
4,NSGA3-PrioInit,24,0.6353708535740739,0.17484561989088715,1.059218945609956,0.7177610400952749,0.2599267259962292,0.1112471469786765,0.6353708535740739,0.17484561989088715,1.059218945609956,0.15854141894569956,0.7177610400952749,0.32091319444444444,0.0,22,6.0,0.1,0.5,22.0,1.0253524000290781
4,NSGA3-PrioInit,25,0.6131962902953326,0.19276597253953315,1.0261477756627881,0.7604815977380488,0.30018525077410535,0.10974554553007879,0.6131962902953326,0.19276597253953315,1.0261477756627881,0.1671891327063741,0.7604815977380488,0.3704409722222223,0.0,21,6.0,0.1,0.25,16.0,1.0080585998948663
4,NSGA3-PrioInit,26,0.6531963373366952,0.1840557741762315,1.0700155515160485,0.7980142028111755,0.3682008335238554,0.10682082779162404,0.6531963373366952,0.1840557741762315,1.0700155515160485,0.15585427625170464,0.7980142028111755,0.4910937500000001,0.0,19,6.0,0.075,0.3333333333333333,21.0,1.0651568000903353
4,NSGA3-PrioInit,27,0.6474043691644654,0.2122081160288826,1.3287674498039934,0.808349532957671,0.24107895458300826,0.1026253333723817,0.6474043691644654,0.2122081160288826,1.3287674498039934,0.10692328254477412,0.808349532957671,0.2855972222222222,0.0,18,9.0,0.05,0.0,18.0,1.0880341998999938
4,NSGA3-PrioInit,28,0.6417715761962326,0.1692054107593431,1.3459568890394897,0.800216244045474,0.2624175558330366,0.10469217153522759,0.6417715761962326,0.1692054107593431,1.3459568890394897,0.1044932079414838,0.800216244045474,0.32338194444444446,0.0,16,9.0,0.075,0.0,17.0,1.0127585999434814
4,NSGA3-PrioInit,29,0.5933297706103028,0.1935519753759694,1.1725264764419854,0.8718603366379236,0.3223229132922972,0.10495409816019724,0.5933297706103028,0.1935519753759694,1.1725264764419854,0.13326669998334167,0.8718603366379236,0.44587152777777783,0.0,19,7.0,0.075,0.3333333333333333,19.0,1.011901400052011
