batch,policy,run,f1_ftr,f2_breach,f3_workload_sd,f4_expertise,f5_delay_log,hypervolume,first_time_right,sla_breach_rate,workload_sd,workload_jain,expertise_match,delay_hours,capacity_violation,groups_used,max_group_load,matched_fraction,matched_real_breach_rate,front_size
0,Random,0,0.4076354214729845,0.5458748409479002,1.0583005244258363,0.34957074204685173,3.4903367196447936,,0.4076354214729845,0.5458748409479002,1.0583005244258363,0.36363636363636365,0.34957074204685173,477.95152430555555,0.0,23,4.0,0.025,1.0,
0,RoundRobin,0,0.42253336973691996,0.5516057892767392,0.8,0.309088945862966,3.5688470352990533,,0.42253336973691996,0.5516057892767392,0.8,0.5,0.309088945862966,579.8758576388888,0.0,31,3.0,0.0,,
0,FIFO,0,0.223074322979362,0.6693496781610416,3.218695387886216,0.44386906037147505,3.798100852806855,,0.223074322979362,0.6693496781610416,3.218695387886216,0.05818181818181818,0.44386906037147505,843.906309027778,0.0,4,17.0,0.125,0.6,
0,LeastLoaded,0,0.4018053413324352,0.5445722966138844,0.4898979485566356,0.4179824334119653,3.309237858779663,,0.4018053413324352,0.5445722966138844,0.4898979485566356,0.7272727272727273,0.4179824334119653,405.40679166666666,0.0,38,2.0,0.075,0.0,
0,GreedyBestOutcome,0,0.6304905461709291,0.39301952395492057,2.0199009876724157,0.717180891546484,3.466186543224704,,0.6304905461709291,0.39301952395492057,2.0199009876724157,0.13559322033898305,0.717180891546484,282.68756249999996,0.0,11,10.0,0.1,0.5,
0,StandardNSGA2,0,0.5443370015240315,0.4589874116094007,1.019803902718557,0.7480852353265725,3.329299709683262,0.08808493270617404,0.5443370015240315,0.4589874116094007,1.019803902718557,0.38095238095238093,0.7480852353265725,398.2348159722222,0.0,26,4.0,0.05,1.0,60.0
0,StandardNSGA2,1,0.5561861997623285,0.42995440764028636,1.1313708498984762,0.812822677885839,3.485739059036811,0.08588443194150709,0.5561861997623285,0.42995440764028636,1.1313708498984762,0.3333333333333333,0.812822677885839,456.8473784722222,0.0,24,5.0,0.125,0.2,60.0
0,StandardNSGA2,2,0.537062954130783,0.4488746829692866,1.1135528725660044,0.5662183654133756,2.4466516834998115,0.08838573660537671,0.537062954130783,0.4488746829692866,1.1135528725660044,0.3404255319148936,0.5662183654133756,179.58197569444442,0.0,22,5.0,0.05,0.5,60.0
0,StandardNSGA2,3,0.5166501455783974,0.4817404901872845,0.938083151964686,0.7097866859591738,3.2333794135755793,0.07740270578332034,0.5166501455783974,0.4817404901872845,0.938083151964686,0.42105263157894735,0.7097866859591738,439.6145798611111,0.0,27,4.0,0.125,0.4,60.0
0,StandardNSGA2,4,0.47870901206888855,0.47704228076866795,0.8944271909999159,0.6518725631090736,2.7331728013383887,0.07957790480807303,0.47870901206888855,0.47704228076866795,0.8944271909999159,0.4444444444444444,0.6518725631090736,365.9779097222222,0.0,29,4.0,0.075,1.0,60.0
0,StandardNSGA2,5,0.5691654680616933,0.4287713399553009,1.1135528725660044,0.6938685902506088,3.069493089043167,0.10538692854068642,0.5691654680616933,0.4287713399553009,1.1135528725660044,0.3404255319148936,0.6938685902506088,386.27299652777776,0.0,24,5.0,0.075,0.6666666666666666,60.0
0,StandardNSGA2,6,0.5105839167338635,0.48801108580589914,0.9591663046625439,0.720730870251177,2.427575155136292,0.08105869938915454,0.5105839167338635,0.48801108580589914,0.9591663046625439,0.41025641025641024,0.720730870251177,182.27251736111108,0.0,26,4.0,0.1,0.75,60.0
0,StandardNSGA2,7,0.5132981020076489,0.4565826898263287,1.0392304845413265,0.6041275995266394,2.4519901253394196,0.08358290154233529,0.5132981020076489,0.4565826898263287,1.0392304845413265,0.37209302325581395,0.6041275995266394,164.8051145833333,0.0,23,3.0,0.1,0.0,60.0
0,StandardNSGA2,8,0.5478395251047194,0.4299685973077792,1.2000000000000002,0.6250279802939098,2.2423892128587126,0.0888108409323233,0.5478395251047194,0.4299685973077792,1.2000000000000002,0.3076923076923077,0.6250279802939098,166.91650347222222,0.0,20,5.0,0.1,0.75,60.0
0,StandardNSGA2,9,0.5279741384028946,0.4094368449787026,1.32664991614216,0.8013162487012849,2.5587802672287503,0.07555883489408755,0.5279741384028946,0.4094368449787026,1.32664991614216,0.26666666666666666,0.8013162487012849,181.85101041666664,0.0,21,7.0,0.125,0.8,60.0
0,StandardNSGA2,10,0.5471162372183604,0.391639820320948,1.1832159566199234,0.5769185396542379,2.335961516932646,0.07093099453188986,0.5471162372183604,0.391639820320948,1.1832159566199234,0.3137254901960784,0.5769185396542379,242.21989236111102,0.0,20,4.0,0.05,1.0,60.0
0,StandardNSGA2,11,0.4710516914453125,0.4784342677221637,1.019803902718557,0.6319087448670835,2.5652131317550326,0.061679475468078185,0.4710516914453125,0.4784342677221637,1.019803902718557,0.38095238095238093,0.6319087448670835,359.1247812499999,0.0,25,4.0,0.05,0.5,60.0
0,StandardNSGA2,12,0.5618068427408575,0.44204809987029137,1.1313708498984762,0.7270126631088327,3.0519346924351742,0.08082204860747606,0.5618068427408575,0.44204809987029137,1.1313708498984762,0.3333333333333333,0.7270126631088327,253.5449826388889,0.0,24,6.0,0.05,1.0,60.0
0,StandardNSGA2,13,0.5579127657612137,0.42231931973779835,1.3711309200802089,0.7299111703043769,2.70897414356894,0.07637192873914603,0.5579127657612137,0.42231931973779835,1.3711309200802089,0.25396825396825395,0.7299111703043769,180.57984374999995,0.0,20,7.0,0.1,0.75,60.0
0,StandardNSGA2,14,0.5058982277274816,0.4151296061460621,1.2489995996796797,0.7550769939892367,2.8831311573023024,0.08100492280951428,0.5058982277274816,0.4151296061460621,1.2489995996796797,0.2909090909090909,0.7550769939892367,394.57471874999993,0.0,23,6.0,0.05,0.5,60.0
0,StandardNSGA2,15,0.5128369967095634,0.4062363169561326,1.2961481396815722,0.6550729624686239,2.1611070234093837,0.07785297924874363,0.5128369967095634,0.4062363169561326,1.2961481396815722,0.27586206896551724,0.6550729624686239,207.1441944444444,0.0,24,6.0,0.075,0.6666666666666666,60.0
0,StandardNSGA2,16,0.5297651708736262,0.4047879365770924,1.3564659966250538,0.6212575601154133,2.547441721122092,0.07917581498468758,0.5297651708736262,0.4047879365770924,1.3564659966250538,0.25806451612903225,0.6212575601154133,353.7318958333332,0.0,23,7.0,0.075,0.6666666666666666,60.0
0,StandardNSGA2,17,0.5082718213886575,0.48357656463754556,1.077032961426901,0.804961928763495,3.004005300886394,0.07981167577451628,0.5082718213886575,0.48357656463754556,1.077032961426901,0.35555555555555557,0.804961928763495,323.33649652777785,0.0,24,4.0,0.125,0.8,60.0
0,StandardNSGA2,18,0.5030044756789488,0.46195776524251625,1.0583005244258363,0.8026751506093351,2.8390908233353223,0.09166419818919176,0.5030044756789488,0.46195776524251625,1.0583005244258363,0.36363636363636365,0.8026751506093351,257.07705208333334,0.0,25,5.0,0.15,0.8333333333333334,60.0
0,StandardNSGA2,19,0.538635874458729,0.45921118695736973,1.077032961426901,0.8826410372356621,3.2445783489678974,0.09029977882092852,0.538635874458729,0.45921118695736973,1.077032961426901,0.35555555555555557,0.8826410372356621,310.38768055555556,0.0,25,5.0,0.15,0.8333333333333334,60.0
0,StandardNSGA2,20,0.5575473851034445,0.45155936093864735,1.2649110640673518,0.8257820803607737,2.775308345677653,0.09071373214017976,0.5575473851034445,0.45155936093864735,1.2649110640673518,0.2857142857142857,0.8257820803607737,248.64771180555553,0.0,23,6.0,0.15,0.6666666666666666,60.0
0,StandardNSGA2,21,0.49111219341151335,0.45279394033200404,0.9591663046625439,0.6720295784068884,2.6985830484006046,0.0931709782534972,0.49111219341151335,0.45279394033200404,0.9591663046625439,0.41025641025641024,0.6720295784068884,317.65732986111107,0.0,27,4.0,0.125,0.6,60.0
0,StandardNSGA2,22,0.5123669776746839,0.4571855497829338,1.0770329614269007,0.6342311494911199,1.6645691570745569,0.11127983919412039,0.5123669776746839,0.4571855497829338,1.0770329614269007,0.35555555555555557,0.6342311494911199,76.01295833333332,0.0,25,5.0,0.1,0.75,60.0
0,StandardNSGA2,23,0.534569786535247,0.4517370269521244,1.077032961426901,0.6258412599900864,2.4736889760050405,0.09055530354240815,0.534569786535247,0.4517370269521244,1.077032961426901,0.35555555555555557,0.6258412599900864,230.01237499999993,0.0,25,5.0,0.05,0.5,60.0
0,StandardNSGA2,24,0.5541699146858651,0.44720159104741697,0.9591663046625439,0.7133591371465599,3.244907657072796,0.08731695693182835,0.5541699146858651,0.44720159104741697,0.9591663046625439,0.41025641025641024,0.7133591371465599,255.70516666666668,0.0,27,4.0,0.05,1.0,60.0
0,StandardNSGA2,25,0.5304980630375039,0.4403273337535049,1.0954451150103324,0.59018881918108,3.1888483819973334,0.05973299965116195,0.5304980630375039,0.4403273337535049,1.0954451150103324,0.34782608695652173,0.59018881918108,404.84141666666665,0.0,22,4.0,0.075,0.3333333333333333,60.0
0,StandardNSGA2,26,0.5113775566582432,0.4390012008800914,1.0954451150103324,0.6995170429745082,2.6516493041409355,0.08463673172992216,0.5113775566582432,0.4390012008800914,1.0954451150103324,0.34782608695652173,0.6995170429745082,276.8530729166666,0.0,24,5.0,0.1,0.75,60.0
0,StandardNSGA2,27,0.47531404896510204,0.46836562334327336,0.9797958971132714,0.8460678346760808,2.909897752561613,0.08158786497171922,0.47531404896510204,0.46836562334327336,0.9797958971132714,0.4,0.8460678346760808,151.48546874999997,0.0,27,4.0,0.175,0.8571428571428571,60.0
0,StandardNSGA2,28,0.5533288256337785,0.3815481101460795,1.3416407864998738,0.6789883563256318,2.5659883445830696,0.08185273997015968,0.5533288256337785,0.3815481101460795,1.3416407864998738,0.26229508196721313,0.6789883563256318,289.6286145833334,0.0,24,7.0,0.075,0.6666666666666666,60.0
0,StandardNSGA2,29,0.5828865404414755,0.3890983730757058,1.5748015748023623,0.6444352310733882,2.3019978542497106,0.06881966325191806,0.5828865404414755,0.3890983730757058,1.5748015748023623,0.20512820512820512,0.6444352310733882,162.1528715277778,0.0,17,7.0,0.075,0.3333333333333333,60.0
0,NSGA3,0,0.5844483391051664,0.4402049405805781,1.2328828005937953,0.8490877444056257,2.3543512530991313,0.12438401082430259,0.5844483391051664,0.4402049405805781,1.2328828005937953,0.2962962962962963,0.8490877444056257,148.75006597222222,0.0,24,7.0,0.125,0.8,21.0
0,NSGA3,1,0.5308176912625091,0.4033223228839404,1.2,0.8013729258173059,2.1999933977946777,0.11594356798092799,0.5308176912625091,0.4033223228839404,1.2,0.3076923076923077,0.8013729258173059,112.92900694444442,0.0,22,5.0,0.15,0.6666666666666666,18.0
0,NSGA3,2,0.5692985285288694,0.4338695665193654,1.3564659966250538,0.8436498816234288,1.7080374741970086,0.11990066244719799,0.5692985285288694,0.4338695665193654,1.3564659966250538,0.25806451612903225,0.8436498816234288,75.77822222222223,0.0,21,6.0,0.125,0.8,15.0
0,NSGA3,3,0.5592643915466728,0.44588987376094613,0.9165151389911681,0.778205805925202,2.7364819441483723,0.1263202951346537,0.5592643915466728,0.44588987376094613,0.9165151389911681,0.43243243243243246,0.778205805925202,185.16859027777778,0.0,27,4.0,0.125,0.4,21.0
0,NSGA3,4,0.5219284100178596,0.3978413219454858,1.1832159566199232,0.8566981609386797,2.481776603660049,0.11790564954733561,0.5219284100178596,0.3978413219454858,1.1832159566199232,0.3137254901960784,0.8566981609386797,166.5186909722222,0.0,23,5.0,0.125,0.8,19.0
0,NSGA3,5,0.5404599056836754,0.41362357630293206,1.216552506059644,0.8544974204661819,2.5640555888746412,0.11104497993489534,0.5404599056836754,0.41362357630293206,1.216552506059644,0.3018867924528302,0.8544974204661819,166.24190625,0.0,22,5.0,0.125,0.6,17.0
0,NSGA3,6,0.576444726939955,0.38780040511652575,1.1313708498984762,0.7250162126794144,2.450073709516475,0.11859066394951295,0.576444726939955,0.38780040511652575,1.1313708498984762,0.3333333333333333,0.7250162126794144,210.1649479166666,0.0,25,5.0,0.075,0.3333333333333333,17.0
0,NSGA3,7,0.5805776952309138,0.43217813765122753,1.1135528725660044,0.8428418591004739,2.5673305285229153,0.12919288919190908,0.5805776952309138,0.43217813765122753,1.1135528725660044,0.3404255319148936,0.8428418591004739,149.06319791666664,0.0,23,5.0,0.175,0.7142857142857143,18.0
0,NSGA3,8,0.5884589210590732,0.42044069930732386,1.3856406460551018,0.7830966921486145,1.7858613155558576,0.11392224406043391,0.5884589210590732,0.42044069930732386,1.3856406460551018,0.25,0.7830966921486145,59.669711805555536,0.0,21,7.0,0.175,0.7142857142857143,19.0
0,NSGA3,9,0.5865290334604755,0.42814507376995614,1.4422205101855958,0.8048308820980354,1.6962669024910426,0.11142146289054024,0.5865290334604755,0.42814507376995614,1.4422205101855958,0.23529411764705882,0.8048308820980354,75.21446527777778,0.0,18,7.0,0.1,0.5,15.0
0,NSGA3,10,0.5720599665519834,0.42136187117124546,1.385640646055102,0.7490660041231998,1.5690737708234586,0.10931123036930454,0.5720599665519834,0.42136187117124546,1.385640646055102,0.25,0.7490660041231998,40.07640624999999,0.0,22,7.0,0.125,0.8,15.0
0,NSGA3,11,0.5392142987786948,0.43709513024628277,1.1489125293076057,0.8213717335471639,1.8811620676482896,0.11686835020611888,0.5392142987786948,0.43709513024628277,1.1489125293076057,0.32653061224489793,0.8213717335471639,60.626309027777765,0.0,24,5.0,0.1,0.75,17.0
0,NSGA3,12,0.5772115583598851,0.43584847228698437,1.4422205101855958,0.8515254943212731,1.7666408518494279,0.11363326194531864,0.5772115583598851,0.43584847228698437,1.4422205101855958,0.23529411764705882,0.8515254943212731,76.12583333333335,0.0,20,7.0,0.125,0.6,17.0
0,NSGA3,13,0.5738128358959982,0.4407288746536227,1.2328828005937953,0.8284226863332727,2.199994684942171,0.11051531121515579,0.5738128358959982,0.4407288746536227,1.2328828005937953,0.2962962962962963,0.8284226863332727,112.33339583333331,0.0,22,6.0,0.125,0.6,18.0
0,NSGA3,14,0.5687796076821885,0.41292453116800365,1.5748015748023623,0.8493462527783647,1.7202169511397425,0.11695775365238681,0.5687796076821885,0.41292453116800365,1.5748015748023623,0.20512820512820512,0.8493462527783647,59.76846875000001,0.0,19,8.0,0.125,0.6,16.0
0,NSGA3,15,0.5811825055689809,0.38038922120221047,1.2961481396815724,0.7185300014142004,2.576979940155701,0.11225768510847495,0.5811825055689809,0.38038922120221047,1.2961481396815724,0.27586206896551724,0.7185300014142004,200.81677777777776,0.0,21,6.0,0.1,1.0,18.0
0,NSGA3,16,0.5688082889637511,0.4100729730399363,1.019803902718557,0.8049689006225244,3.373777632921798,0.1117841055402406,0.5688082889637511,0.4100729730399363,1.019803902718557,0.38095238095238093,0.8049689006225244,360.9183472222222,0.0,26,4.0,0.15,0.6666666666666666,16.0
0,NSGA3,17,0.5699390137534702,0.4331495276004157,1.148912529307606,0.8335042310267742,2.701756823334437,0.106822593245252,0.5699390137534702,0.4331495276004157,1.148912529307606,0.32653061224489793,0.8335042310267742,290.4185694444444,0.0,24,4.0,0.125,0.6,17.0
0,NSGA3,18,0.5719933881850292,0.4570907361286454,1.2649110640673518,0.8445796704288137,2.0284733147051646,0.11584476099644012,0.5719933881850292,0.4570907361286454,1.2649110640673518,0.2857142857142857,0.8445796704288137,95.10622916666667,0.0,23,7.0,0.175,0.7142857142857143,15.0
0,NSGA3,19,0.5739645449840949,0.43675601865497027,1.4696938456699071,0.8015514234262661,1.4293035154321554,0.10629075860935833,0.5739645449840949,0.43675601865497027,1.4696938456699071,0.22857142857142856,0.8015514234262661,39.365229166666666,0.0,20,7.0,0.075,1.0,14.0
0,NSGA3,20,0.5754383925722493,0.4156342049462111,1.216552506059644,0.8051003093643668,2.301814831172652,0.10796569483241855,0.5754383925722493,0.4156342049462111,1.216552506059644,0.3018867924528302,0.8051003093643668,129.3438923611111,0.0,23,5.0,0.1,0.75,16.0
0,NSGA3,21,0.5705094954891664,0.4433043318508245,1.2328828005937953,0.813502005599472,2.3636347892178207,0.10573496332759162,0.5705094954891664,0.4433043318508245,1.2328828005937953,0.2962962962962963,0.813502005599472,148.39431944444445,0.0,24,6.0,0.2,0.75,17.0
0,NSGA3,22,0.5958624208299859,0.38121929845325664,1.536229149573722,0.8453463515655463,2.137261518546734,0.10508170349967548,0.5958624208299859,0.38121929845325664,1.536229149573722,0.21333333333333335,0.8453463515655463,162.66796180555556,0.0,19,7.0,0.05,1.0,19.0
0,NSGA3,23,0.5961280929097346,0.3946464013759123,1.2961481396815722,0.8249873668401054,2.920859162947603,0.11580853238379217,0.5961280929097346,0.3946464013759123,1.2961481396815722,0.27586206896551724,0.8249873668401054,203.5394201388889,0.0,19,6.0,0.175,0.5714285714285714,17.0
0,NSGA3,24,0.5773638747285658,0.4231270195587521,1.4422205101855958,0.8141356806031386,1.52497791576165,0.12286060905976068,0.5773638747285658,0.4231270195587521,1.4422205101855958,0.23529411764705882,0.8141356806031386,24.917614583333332,0.0,20,7.0,0.125,0.4,15.0
0,NSGA3,25,0.5731460455838464,0.39807061946819056,1.4422205101855958,0.8483201017627906,1.9193098108679556,0.12190176342502605,0.5731460455838464,0.39807061946819056,1.4422205101855958,0.23529411764705882,0.8483201017627906,96.56846875000001,0.0,21,7.0,0.125,0.6,16.0
0,NSGA3,26,0.5874932370239223,0.4430417208604416,1.2489995996796797,0.8076590597016526,2.05201757031175,0.11596209205626093,0.5874932370239223,0.4430417208604416,1.2489995996796797,0.2909090909090909,0.8076590597016526,94.6919861111111,0.0,22,6.0,0.175,0.5714285714285714,17.0
0,NSGA3,27,0.5721074463057706,0.4274735371789882,1.341640786499874,0.8477349082797125,2.3300077469702125,0.10075170150042498,0.5721074463057706,0.4274735371789882,1.341640786499874,0.26229508196721313,0.8477349082797125,148.26688194444444,0.0,21,6.0,0.15,0.5,14.0
0,NSGA3,28,0.5732084492422944,0.4531892976886205,1.1832159566199234,0.863502524503863,2.5328206719336706,0.11076302402629792,0.5732084492422944,0.4531892976886205,1.1832159566199234,0.3137254901960784,0.863502524503863,148.40758680555555,0.0,22,5.0,0.125,0.8,16.0
0,NSGA3,29,0.5802137260046604,0.4348014095279494,1.2961481396815722,0.8118428492360795,1.88076730719212,0.11599468360580403,0.5802137260046604,0.4348014095279494,1.2961481396815722,0.27586206896551724,0.8118428492360795,61.96446527777779,0.0,23,7.0,0.125,0.8,15.0
0,PAA-NSGA-II,0,0.5393509562293503,0.43027210940979865,1.3564659966250538,0.9245845419469478,2.7419034913341696,0.07750631697382054,0.5393509562293503,0.43027210940979865,1.3564659966250538,0.25806451612903225,0.9245845419469478,216.26542708333335,0.0,19,6.0,0.15,0.6666666666666666,60.0
0,PAA-NSGA-II,1,0.5068387451865799,0.40371469424095263,1.4142135623730951,0.6825397543114596,2.0711925554657635,0.05916187525868614,0.5068387451865799,0.40371469424095263,1.4142135623730951,0.24242424242424243,0.6825397543114596,129.5570451388889,0.0,20,8.0,0.075,0.6666666666666666,60.0
0,PAA-NSGA-II,2,0.5259653996221667,0.44923862986483803,1.2649110640673518,0.85231845519223,2.653998918955242,0.07207296140473893,0.5259653996221667,0.44923862986483803,1.2649110640673518,0.2857142857142857,0.85231845519223,182.71212847222222,0.0,22,6.0,0.15,0.6666666666666666,60.0
0,PAA-NSGA-II,3,0.5352736817852332,0.43620252273855353,1.2328828005937953,0.8350707216592813,2.725752134420624,0.08217830638833976,0.5352736817852332,0.43620252273855353,1.2328828005937953,0.2962962962962963,0.8350707216592813,200.8137361111111,0.0,20,6.0,0.125,0.8,60.0
0,PAA-NSGA-II,4,0.5280275659291606,0.3995325437822423,1.5231546211727818,0.909688228255142,2.670807641043392,0.06901325624307587,0.5280275659291606,0.3995325437822423,1.5231546211727818,0.21621621621621623,0.909688228255142,199.86956597222223,0.0,17,7.0,0.15,0.6666666666666666,60.0
0,PAA-NSGA-II,5,0.5553590963816749,0.42108276733974004,1.42828568570857,0.8646451639608934,2.803079255578865,0.07058002976773056,0.5553590963816749,0.42108276733974004,1.42828568570857,0.23880597014925373,0.8646451639608934,217.6595625,0.0,20,6.0,0.15,0.6666666666666666,60.0
0,PAA-NSGA-II,6,0.5465365587348006,0.3779533256749348,1.562049935181331,0.8592909689359146,2.7786076859094826,0.08012685271048683,0.5465365587348006,0.3779533256749348,1.562049935181331,0.2077922077922078,0.8592909689359146,297.1514340277777,0.0,17,8.0,0.15,0.6666666666666666,60.0
0,PAA-NSGA-II,7,0.5339670565832056,0.4135974140111457,1.4,0.9059382569773293,2.8875097516560535,0.076133836610983,0.5339670565832056,0.4135974140111457,1.4,0.24615384615384617,0.9059382569773293,217.7465659722222,0.0,18,6.0,0.125,0.6,60.0
0,PAA-NSGA-II,8,0.5221351025650366,0.3945300727580688,1.32664991614216,0.7191362183250656,2.822250282629607,0.07673320058849264,0.5221351025650366,0.3945300727580688,1.32664991614216,0.26666666666666666,0.7191362183250656,358.2123749999999,0.0,22,7.0,0.15,0.5,60.0
0,PAA-NSGA-II,9,0.5563943697899532,0.416014005323016,1.4000000000000001,0.8424102865391376,3.0282336018273486,0.07373597807802133,0.5563943697899532,0.416014005323016,1.4000000000000001,0.24615384615384617,0.8424102865391376,250.62474999999995,0.0,19,5.0,0.075,1.0,60.0
0,PAA-NSGA-II,10,0.5034609038192185,0.42167107749442323,1.371130920080209,0.8473979543463102,2.3619502442093627,0.08579400738952853,0.5034609038192185,0.42167107749442323,1.371130920080209,0.25396825396825395,0.8473979543463102,164.11180555555555,0.0,20,7.0,0.1,0.5,60.0
0,PAA-NSGA-II,11,0.5593781939478537,0.4193228973152168,1.4282856857085702,0.8808729506814028,2.89368784069089,0.07965674714732383,0.5593781939478537,0.4193228973152168,1.4282856857085702,0.23880597014925373,0.8808729506814028,253.10328819444445,0.0,18,6.0,0.125,0.6,60.0
0,PAA-NSGA-II,12,0.5552191474529792,0.428661624506366,1.4000000000000001,0.8443066350978196,2.8716820966932532,0.07764750738250065,0.5552191474529792,0.428661624506366,1.4000000000000001,0.24615384615384617,0.8443066350978196,254.55106597222226,0.0,20,7.0,0.125,0.8,60.0
0,PAA-NSGA-II,13,0.5492038671682309,0.43797114654281194,1.2961481396815722,0.8445822625019644,3.0798579517389912,0.07092151683107853,0.5492038671682309,0.43797114654281194,1.2961481396815722,0.27586206896551724,0.8445822625019644,218.58853125000002,0.0,20,5.0,0.175,0.7142857142857143,60.0
0,PAA-NSGA-II,14,0.5216475962454291,0.4467750829746743,1.3114877048604001,0.88656639013491,2.5501048177553454,0.07927432088054487,0.5216475962454291,0.4467750829746743,1.3114877048604001,0.2711864406779661,0.88656639013491,166.04304513888889,0.0,21,7.0,0.15,0.8333333333333334,60.0
0,PAA-NSGA-II,15,0.524555564365552,0.4356576958818639,1.2806248474865698,0.7569223106922929,2.2309063889166914,0.08294852916177531,0.524555564365552,0.4356576958818639,1.2806248474865698,0.2807017543859649,0.7569223106922929,147.10006597222224,0.0,24,7.0,0.125,0.8,60.0
0,PAA-NSGA-II,16,0.5231128190044496,0.41769124715818917,1.5491933384829668,0.9310399950497562,2.641761666708401,0.06409085048971981,0.5231128190044496,0.41769124715818917,1.5491933384829668,0.21052631578947367,0.9310399950497562,183.03590277777775,0.0,16,7.0,0.125,0.6,60.0
0,PAA-NSGA-II,17,0.553062456397436,0.4011655045620296,1.50996688705415,0.9201819526009551,2.8622781895798335,0.06017184015058591,0.553062456397436,0.4011655045620296,1.50996688705415,0.2191780821917808,0.9201819526009551,235.08582291666661,0.0,18,7.0,0.15,0.6666666666666666,60.0
0,PAA-NSGA-II,18,0.5554418110197007,0.42159903369389945,1.3564659966250538,0.8599761408679771,2.529092502818019,0.08059045298895445,0.5554418110197007,0.42159903369389945,1.3564659966250538,0.25806451612903225,0.8599761408679771,165.30450347222222,0.0,21,7.0,0.175,0.8571428571428571,60.0
0,PAA-NSGA-II,19,0.5490097212605557,0.3902239062611489,1.4560219778561039,0.8890070916122351,2.7115688544683056,0.09110688905686867,0.5490097212605557,0.3902239062611489,1.4560219778561039,0.2318840579710145,0.8890070916122351,233.93966319444445,0.0,20,7.0,0.15,0.8333333333333334,60.0
0,PAA-NSGA-II,20,0.5702567019963396,0.41932464605662717,1.4832396974191326,0.8623005254813532,2.9764027434640647,0.06735404422791581,0.5702567019963396,0.41932464605662717,1.4832396974191326,0.22535211267605634,0.8623005254813532,235.61211805555553,0.0,20,7.0,0.2,0.625,60.0
0,PAA-NSGA-II,21,0.5558246499917378,0.41572178732938314,1.4966629547095767,0.6656266731297549,2.0482958128249202,0.07042948301949369,0.5558246499917378,0.41572178732938314,1.4966629547095767,0.2222222222222222,0.6656266731297549,253.6621319444444,0.0,17,7.0,0.025,1.0,60.0
0,PAA-NSGA-II,22,0.5597764096342779,0.4060601781332335,1.4832396974191326,0.8918291200127623,3.1065187503227802,0.07080345304030905,0.5597764096342779,0.4060601781332335,1.4832396974191326,0.22535211267605634,0.8918291200127623,298.1076979166666,0.0,18,6.0,0.175,0.7142857142857143,60.0
0,PAA-NSGA-II,23,0.544275923446761,0.41790909533960374,1.4560219778561037,0.8387525796369036,2.793906162691371,0.07028730147626702,0.544275923446761,0.41790909533960374,1.4560219778561037,0.2318840579710145,0.8387525796369036,214.78270138888888,0.0,18,6.0,0.125,1.0,60.0
0,PAA-NSGA-II,24,0.5533362691630754,0.4151299392089462,1.4282856857085702,0.8665021263365122,3.1344589687783904,0.06985648905628353,0.5533362691630754,0.4151299392089462,1.4282856857085702,0.23880597014925373,0.8665021263365122,253.8202534722222,0.0,19,6.0,0.175,0.7142857142857143,60.0
0,PAA-NSGA-II,25,0.5143728197030345,0.4392562330478807,1.148912529307606,0.7240289417044082,2.477160878577447,0.0757573227304004,0.5143728197030345,0.4392562330478807,1.148912529307606,0.32653061224489793,0.7240289417044082,197.36003472222222,0.0,23,5.0,0.125,0.8,60.0
0,PAA-NSGA-II,26,0.548927318610217,0.4191565015132747,1.4,0.7350846587897345,1.9350939453692768,0.08689196410630769,0.548927318610217,0.4191565015132747,1.4,0.24615384615384617,0.7350846587897345,143.77632291666663,0.0,20,7.0,0.05,1.0,60.0
0,PAA-NSGA-II,27,0.5352882588989083,0.39904834825676627,1.2806248474865698,0.6813070251137885,2.1633889295763025,0.09229225090892566,0.5352882588989083,0.39904834825676627,1.2806248474865698,0.2807017543859649,0.6813070251137885,129.2156423611111,0.0,23,7.0,0.1,0.75,60.0
0,PAA-NSGA-II,28,0.5632748154264988,0.3987147621596141,1.4696938456699071,0.8588452200219254,3.1192629777329,0.07177642335008873,0.5632748154264988,0.3987147621596141,1.4696938456699071,0.22857142857142856,0.8588452200219254,271.69578472222224,0.0,19,7.0,0.15,0.6666666666666666,60.0
0,PAA-NSGA-II,29,0.5817420158808455,0.39480821701987623,1.5099668870541503,0.8142850104417185,2.685871606660904,0.07841315368881739,0.5817420158808455,0.39480821701987623,1.5099668870541503,0.2191780821917808,0.8142850104417185,261.60417013888883,0.0,18,7.0,0.125,0.6,60.0
0,PAA-noPriority,0,0.5515745451100262,0.45542578922962706,1.0954451150103321,0.6772717399613939,3.2168652325874327,0.07312792532203925,0.5515745451100262,0.45542578922962706,1.0954451150103321,0.34782608695652173,0.6772717399613939,440.0088333333333,0.0,24,5.0,0.1,0.5,60.0
0,PAA-noPriority,1,0.5370433356025277,0.46670542899930345,1.077032961426901,0.8601446461432264,2.532106085975787,0.08666416898613002,0.5370433356025277,0.46670542899930345,1.077032961426901,0.35555555555555557,0.8601446461432264,182.83711458333332,0.0,23,4.0,0.15,0.5,60.0
0,PAA-noPriority,2,0.5337365769790811,0.4276168400259016,1.0954451150103321,0.6627897348832301,2.7480204456383506,0.08557535380468825,0.5337365769790811,0.4276168400259016,1.0954451150103321,0.34782608695652173,0.6627897348832301,327.0286493055554,0.0,27,5.0,0.1,0.5,60.0
0,PAA-noPriority,3,0.5065918620413331,0.4719908664892065,1.2328828005937953,0.8379170826021729,2.2631329213400186,0.09187406198398387,0.5065918620413331,0.4719908664892065,1.2328828005937953,0.2962962962962963,0.8379170826021729,147.83606944444446,0.0,24,7.0,0.175,0.7142857142857143,60.0
0,PAA-noPriority,4,0.5424804023866212,0.459004139116084,1.0,0.7407787052192448,3.072588870656648,0.08849554229913309,0.5424804023866212,0.459004139116084,1.0,0.3902439024390244,0.7407787052192448,316.4497986111111,0.0,26,4.0,0.15,0.6666666666666666,60.0
0,PAA-noPriority,5,0.5190988013166887,0.4530962913740092,1.148912529307606,0.6143414211349999,2.4028864745918113,0.08025072131586343,0.5190988013166887,0.4530962913740092,1.148912529307606,0.32653061224489793,0.6143414211349999,225.3850138888888,0.0,23,5.0,0.125,1.0,60.0
0,PAA-noPriority,6,0.5575842648448359,0.376154441076836,1.077032961426901,0.6128004108772882,3.249308057643815,0.07087527728436449,0.5575842648448359,0.376154441076836,1.077032961426901,0.35555555555555557,0.6128004108772882,456.28817013888874,0.0,23,4.0,0.1,0.5,60.0
0,PAA-noPriority,7,0.567585867639537,0.43075629562619683,1.216552506059644,0.6247025295543663,2.423602450683163,0.08058917896290117,0.567585867639537,0.43075629562619683,1.216552506059644,0.3018867924528302,0.6247025295543663,208.52434374999993,0.0,21,5.0,0.05,1.0,60.0
0,PAA-noPriority,8,0.5879922344318042,0.3877755872086728,1.2961481396815724,0.5586030373678212,2.7265516124506393,0.07531633056793628,0.5879922344318042,0.3877755872086728,1.2961481396815724,0.27586206896551724,0.5586030373678212,200.49938194444445,0.0,19,5.0,0.05,0.5,60.0
0,PAA-noPriority,9,0.4979130022032452,0.4861413500916128,1.077032961426901,0.8520849987700998,2.573666948066414,0.08644052642324775,0.4979130022032452,0.4861413500916128,1.077032961426901,0.35555555555555557,0.8520849987700998,165.9966770833333,0.0,24,5.0,0.1,0.75,60.0
0,PAA-noPriority,10,0.5598506372109193,0.41455217772290237,1.0954451150103324,0.8037171378835206,2.9705948955780777,0.10301120913317664,0.5598506372109193,0.41455217772290237,1.0954451150103324,0.34782608695652173,0.8037171378835206,218.8825138888889,0.0,25,5.0,0.175,0.5714285714285714,60.0
0,PAA-noPriority,11,0.5086212660043247,0.44289494108498423,0.938083151964686,0.5243039944140518,2.389697473573419,0.07402059698830106,0.5086212660043247,0.44289494108498423,0.938083151964686,0.42105263157894735,0.5243039944140518,278.26055902777773,0.0,24,3.0,0.025,1.0,60.0
0,PAA-noPriority,12,0.50811100738162,0.44929220850390755,1.2,0.7019083546559802,3.567970397619,0.06022588710187473,0.50811100738162,0.44929220850390755,1.2,0.3076923076923077,0.7019083546559802,369.79656944444434,0.0,23,5.0,0.1,0.75,60.0
0,PAA-noPriority,13,0.5916526558315685,0.44317446935773075,1.2649110640673518,0.6280436027316447,3.1135432762265367,0.0676843918328626,0.5916526558315685,0.44317446935773075,1.2649110640673518,0.2857142857142857,0.6280436027316447,304.9338819444444,0.0,20,6.0,0.075,0.6666666666666666,60.0
0,PAA-noPriority,14,0.5489546095370696,0.41936778886779064,1.3564659966250538,0.6875695504808454,1.937710867515122,0.08055846034530967,0.5489546095370696,0.41936778886779064,1.3564659966250538,0.25806451612903225,0.6875695504808454,199.9680243055556,0.0,24,7.0,0.075,1.0,60.0
0,PAA-noPriority,15,0.5617234962634289,0.4178347136526053,1.0954451150103324,0.6556285242224973,3.82894022623884,0.06543978513892733,0.5617234962634289,0.4178347136526053,1.0954451150103324,0.34782608695652173,0.6556285242224973,607.586267361111,0.0,23,5.0,0.025,1.0,60.0
0,PAA-noPriority,16,0.5320905255702545,0.46755402928456496,1.077032961426901,0.6742207817989089,3.0429522881596087,0.08220650258584447,0.5320905255702545,0.46755402928456496,1.077032961426901,0.35555555555555557,0.6742207817989089,357.9312986111112,0.0,26,5.0,0.15,0.3333333333333333,60.0
0,PAA-noPriority,17,0.5361267044874053,0.435952520795572,1.1313708498984762,0.7807784274551349,3.069379485729736,0.07058532786473593,0.5361267044874053,0.435952520795572,1.1313708498984762,0.3333333333333333,0.7807784274551349,218.42666666666665,0.0,21,4.0,0.125,0.6,60.0
0,PAA-noPriority,18,0.535529552974965,0.4682023905182177,1.019803902718557,0.6361853233309887,2.474814388360432,0.08174637584783112,0.535529552974965,0.4682023905182177,1.019803902718557,0.38095238095238093,0.6361853233309887,144.4648020833333,0.0,23,4.0,0.15,0.6666666666666666,60.0
0,PAA-noPriority,19,0.5491800472448751,0.44245781194887907,1.1661903789690602,0.7715311378595705,3.104935955112415,0.08578728711531676,0.5491800472448751,0.44245781194887907,1.1661903789690602,0.32,0.7715311378595705,282.86881597222225,0.0,23,5.0,0.1,0.5,60.0
0,PAA-noPriority,20,0.5263548403281865,0.43297983200521484,1.2000000000000002,0.7540701656962302,2.85213755028067,0.0801197806906328,0.5263548403281865,0.43297983200521484,1.2000000000000002,0.3076923076923077,0.7540701656962302,213.98304166666657,0.0,22,5.0,0.15,0.5,60.0
0,PAA-noPriority,21,0.46672438103816355,0.46340307362548927,1.131370849898476,0.640577129941644,2.3958112609429514,0.06055574112017711,0.46672438103816355,0.46340307362548927,1.131370849898476,0.3333333333333333,0.640577129941644,210.38272222222218,0.0,23,5.0,0.075,1.0,60.0
0,PAA-noPriority,22,0.5285036033086833,0.4663955907348319,1.1135528725660044,0.7583133905597481,3.2430698460881233,0.06989046521210114,0.5285036033086833,0.4663955907348319,1.1135528725660044,0.3404255319148936,0.7583133905597481,345.25459375,0.0,24,5.0,0.1,0.75,60.0
0,PAA-noPriority,23,0.5482242118928836,0.4404142163080153,1.3711309200802089,0.5928747250381611,2.021025256721866,0.0754874676838114,0.5482242118928836,0.4404142163080153,1.3711309200802089,0.25396825396825395,0.5928747250381611,190.71469097222217,0.0,22,7.0,0.025,1.0,60.0
0,PAA-noPriority,24,0.5325005250153725,0.4137242046628142,1.3114877048604001,0.7341175366197146,3.0210966469118103,0.06906878401444395,0.5325005250153725,0.4137242046628142,1.3114877048604001,0.2711864406779661,0.7341175366197146,285.7274513888889,0.0,21,6.0,0.05,0.5,60.0
0,PAA-noPriority,25,0.5002200249694528,0.4169951952468587,1.385640646055102,0.799687210676485,2.5210939384930784,0.0715815926805848,0.5002200249694528,0.4169951952468587,1.385640646055102,0.25,0.799687210676485,183.73401736111114,0.0,22,7.0,0.15,0.6666666666666666,60.0
0,PAA-noPriority,26,0.5010249556523758,0.42012027926123363,1.4000000000000001,0.8015394851156763,2.5654285515776944,0.07826150570113546,0.5010249556523758,0.42012027926123363,1.4000000000000001,0.24615384615384617,0.8015394851156763,199.9944409722222,0.0,21,7.0,0.075,0.6666666666666666,60.0
0,PAA-noPriority,27,0.5226936713209436,0.4400756085570417,1.2000000000000002,0.7517195640050958,3.265190083576255,0.0716185994130135,0.5226936713209436,0.4400756085570417,1.2000000000000002,0.3076923076923077,0.7517195640050958,328.4431319444444,0.0,23,6.0,0.175,0.7142857142857143,60.0
0,PAA-noPriority,28,0.476011984095375,0.49593721742213,1.077032961426901,0.7859254115258737,2.2774913061244755,0.07028366706412179,0.476011984095375,0.49593721742213,1.077032961426901,0.35555555555555557,0.7859254115258737,163.26595138888888,0.0,26,5.0,0.1,0.75,60.0
0,PAA-noPriority,29,0.5293418209634871,0.47484460882079504,1.148912529307606,0.8187644843819812,2.188289960242916,0.10190572448334675,0.5293418209634871,0.47484460882079504,1.148912529307606,0.32653061224489793,0.8187644843819812,78.93733333333333,0.0,24,4.0,0.15,0.6666666666666666,60.0
0,PAA-noAdaptive,0,0.5332424195306247,0.4244684146330787,1.1135528725660044,0.721744817581046,2.6738674286634496,0.07407840274023787,0.5332424195306247,0.4244684146330787,1.1135528725660044,0.3404255319148936,0.721744817581046,196.62649305555556,0.0,24,5.0,0.15,0.6666666666666666,60.0
0,PAA-noAdaptive,1,0.5635123215400155,0.40270260123260837,1.4560219778561037,0.7298571932427962,2.4416279860236143,0.07237631498754282,0.5635123215400155,0.40270260123260837,1.4560219778561037,0.2318840579710145,0.7298571932427962,148.15356944444443,0.0,18,7.0,0.075,0.6666666666666666,60.0
0,PAA-noAdaptive,2,0.5879339463885668,0.37831149208622067,1.5099668870541503,0.8954020339318541,3.007639999020545,0.08874241049955431,0.5879339463885668,0.37831149208622067,1.5099668870541503,0.2191780821917808,0.8954020339318541,234.55181249999995,0.0,17,6.0,0.15,0.6666666666666666,60.0
0,PAA-noAdaptive,3,0.5730982637564072,0.39314790948827166,1.4000000000000001,0.6875905330850217,2.3924651648456114,0.08003447781353953,0.5730982637564072,0.39314790948827166,1.4000000000000001,0.24615384615384617,0.6875905330850217,161.03293055555554,0.0,19,6.0,0.075,0.6666666666666666,60.0
0,PAA-noAdaptive,4,0.5649802614921993,0.4008411921032244,1.3856406460551018,0.7341356816936956,3.2167134595256153,0.0711236847576996,0.5649802614921993,0.4008411921032244,1.3856406460551018,0.25,0.7341356816936956,251.34472916666664,0.0,22,6.0,0.1,0.5,60.0
0,PAA-noAdaptive,5,0.5415787962930204,0.456978456911356,1.2000000000000002,0.7325544483485886,2.372916991203204,0.07869634658141625,0.5415787962930204,0.456978456911356,1.2000000000000002,0.3076923076923077,0.7325544483485886,178.98788888888888,0.0,21,5.0,0.15,0.8333333333333334,60.0
0,PAA-noAdaptive,6,0.5494084289664896,0.3821616689699819,1.3711309200802089,0.6646529291589695,2.360035023114451,0.07276678937251606,0.5494084289664896,0.3821616689699819,1.3711309200802089,0.25396825396825395,0.6646529291589695,259.81160763888886,0.0,20,7.0,0.05,0.5,60.0
0,PAA-noAdaptive,7,0.583238908935271,0.38511512109255397,1.6,0.8719965664795144,2.6781790661705487,0.08474127888151925,0.583238908935271,0.38511512109255397,1.6,0.2,0.8719965664795144,215.45616666666666,0.0,16,7.0,0.125,0.6,60.0
0,PAA-noAdaptive,8,0.5646143605709255,0.405594586737433,1.2806248474865698,0.8082499539664572,2.6227088688446694,0.0815970987110823,0.5646143605709255,0.405594586737433,1.2806248474865698,0.2807017543859649,0.8082499539664572,182.51851041666666,0.0,19,5.0,0.125,0.8,60.0
0,PAA-noAdaptive,9,0.5675211488564392,0.42126690275246875,1.4966629547095767,0.6966315244362271,1.9581322911294428,0.08629726650917464,0.5675211488564392,0.42126690275246875,1.4966629547095767,0.2222222222222222,0.6966315244362271,124.98838888888886,0.0,16,7.0,0.1,1.0,60.0
0,PAA-noAdaptive,10,0.5665071157876878,0.41683707736567416,1.4142135623730951,0.8396610165627502,2.8502215948391756,0.0722980672513118,0.5665071157876878,0.41683707736567416,1.4142135623730951,0.24242424242424243,0.8396610165627502,216.45652430555555,0.0,18,5.0,0.175,0.8571428571428571,60.0
0,PAA-noAdaptive,11,0.5394814221452663,0.4395526439214743,1.2961481396815722,0.7394995938811955,2.2574893136904643,0.07599137234732563,0.5394814221452663,0.4395526439214743,1.2961481396815722,0.27586206896551724,0.7394995938811955,162.3535069444444,0.0,19,5.0,0.175,0.7142857142857143,60.0
0,PAA-noAdaptive,12,0.5608458852644267,0.4244364552548527,1.4282856857085702,0.7409836997969879,2.5846863780156717,0.07987841962240581,0.5608458852644267,0.4244364552548527,1.4282856857085702,0.23880597014925373,0.7409836997969879,212.29136111111106,0.0,19,6.0,0.1,1.0,60.0
0,PAA-noAdaptive,13,0.5343424719649376,0.4758478016139547,1.2489995996796797,0.6721046254882815,1.8619405229363761,0.07869317700458754,0.5343424719649376,0.4758478016139547,1.2489995996796797,0.2909090909090909,0.6721046254882815,93.0123472222222,0.0,22,6.0,0.1,0.75,60.0
0,PAA-noAdaptive,14,0.5060129412953174,0.4622038846542479,1.0,0.723466321177468,2.4046351963451222,0.08387463735623941,0.5060129412953174,0.4622038846542479,1.0,0.3902439024390244,0.723466321177468,146.72521527777775,0.0,27,4.0,0.075,1.0,60.0
0,PAA-noAdaptive,15,0.5521525590639291,0.43152057136863764,1.2806248474865698,0.7223727209440727,2.305474729702084,0.08072976784137192,0.5521525590639291,0.43152057136863764,1.2806248474865698,0.2807017543859649,0.7223727209440727,143.77654166666667,0.0,21,6.0,0.075,1.0,60.0
0,PAA-noAdaptive,16,0.5606604039131298,0.4140156653633239,1.385640646055102,0.8164889339247916,2.9685729858048253,0.07185969302365361,0.5606604039131298,0.4140156653633239,1.385640646055102,0.25,0.8164889339247916,219.13281249999994,0.0,20,6.0,0.15,0.5,60.0
0,PAA-noAdaptive,17,0.6040683725458932,0.3682660414475622,1.61245154965971,0.8880197093070892,2.9825049584316146,0.07443977507979675,0.6040683725458932,0.3682660414475622,1.61245154965971,0.19753086419753085,0.8880197093070892,234.1582847222222,0.0,15,7.0,0.15,0.6666666666666666,60.0
0,PAA-noAdaptive,18,0.5305481539766299,0.45553703622870534,1.0392304845413265,0.6107903840685209,2.16136228010876,0.07405936521231275,0.5305481539766299,0.45553703622870534,1.0392304845413265,0.37209302325581395,0.6107903840685209,112.56373958333333,0.0,25,4.0,0.1,0.75,60.0
0,PAA-noAdaptive,19,0.5239872381578068,0.4677087720381725,1.019803902718557,0.6459217588650459,2.43703257737693,0.07154185143346245,0.5239872381578068,0.4677087720381725,1.019803902718557,0.38095238095238093,0.6459217588650459,147.8391423611111,0.0,24,4.0,0.05,1.0,60.0
0,PAA-noAdaptive,20,0.5847159248625309,0.4157570792598205,1.28062484748657,0.8379542258865633,3.146326133756001,0.07857713548971519,0.5847159248625309,0.4157570792598205,1.28062484748657,0.2807017543859649,0.8379542258865633,252.61182638888886,0.0,21,5.0,0.175,0.7142857142857143,60.0
0,PAA-noAdaptive,21,0.5487776968037746,0.4301609885903753,1.341640786499874,0.6583222162642708,2.522511397290047,0.06376232586455764,0.5487776968037746,0.4301609885903753,1.341640786499874,0.26229508196721313,0.6583222162642708,162.76693402777778,0.0,19,5.0,0.075,0.6666666666666666,60.0
0,PAA-noAdaptive,22,0.5634082733330432,0.4343097103196426,1.385640646055102,0.8203171932278186,2.1327500188658925,0.08716209028343067,0.5634082733330432,0.4343097103196426,1.385640646055102,0.25,0.8203171932278186,128.56755208333334,0.0,22,7.0,0.125,0.8,60.0
0,PAA-noAdaptive,23,0.5324512225715136,0.3948536563071726,1.4560219778561039,0.7345641246535685,2.2143692926906895,0.0673043967102969,0.5324512225715136,0.3948536563071726,1.4560219778561039,0.2318840579710145,0.7345641246535685,162.2225520833333,0.0,20,7.0,0.15,0.6666666666666666,60.0
0,PAA-noAdaptive,24,0.5594866346509376,0.4441699006528257,1.2806248474865698,0.7445259347713056,2.823123547872928,0.08244506909767987,0.5594866346509376,0.4441699006528257,1.2806248474865698,0.2807017543859649,0.7445259347713056,218.22024652777773,0.0,23,6.0,0.15,0.5,60.0
0,PAA-noAdaptive,25,0.5097022487195664,0.414761358853183,1.2649110640673518,0.6591039880071451,2.247393310956923,0.07716222942754532,0.5097022487195664,0.414761358853183,1.2649110640673518,0.2857142857142857,0.6591039880071451,179.86147916666664,0.0,20,6.0,0.05,1.0,60.0
0,PAA-noAdaptive,26,0.5311046243553179,0.4208657811649533,1.4422205101855958,0.7230244982462264,2.310943102984871,0.07663296485709305,0.5311046243553179,0.4208657811649533,1.4422205101855958,0.23529411764705882,0.7230244982462264,162.05368749999997,0.0,19,7.0,0.05,1.0,60.0
0,PAA-noAdaptive,27,0.5306823206117934,0.4220412908589891,1.3711309200802089,0.7041056433242115,1.8439058983116983,0.08995166203875254,0.5306823206117934,0.4220412908589891,1.3711309200802089,0.25396825396825395,0.7041056433242115,111.00664583333332,0.0,20,7.0,0.1,0.75,60.0
0,PAA-noAdaptive,28,0.5541720907705349,0.41424522921416385,1.4282856857085702,0.7114572365816633,2.006946681254939,0.0720430872511219,0.5541720907705349,0.41424522921416385,1.4282856857085702,0.23880597014925373,0.7114572365816633,127.43581597222223,0.0,21,7.0,0.075,0.6666666666666666,60.0
0,PAA-noAdaptive,29,0.5510206244394229,0.41880360619752216,1.32664991614216,0.7488903916527786,2.766644592082515,0.06910786522575915,0.5510206244394229,0.41880360619752216,1.32664991614216,0.26666666666666666,0.7488903916527786,199.94349652777777,0.0,21,6.0,0.1,0.75,60.0
0,PAA-noSLAMut,0,0.49385427770107854,0.4489475501577602,1.2165525060596438,0.87474922285346,2.612193797442746,0.07505133121538711,0.49385427770107854,0.4489475501577602,1.2165525060596438,0.3018867924528302,0.87474922285346,167.60805902777776,0.0,21,5.0,0.15,0.8333333333333334,60.0
0,PAA-noSLAMut,1,0.578532290262739,0.3961392125265933,1.371130920080209,0.895490532855715,2.9487124411525967,0.09337331149877358,0.578532290262739,0.3961392125265933,1.371130920080209,0.25396825396825395,0.895490532855715,217.69720138888889,0.0,19,6.0,0.175,0.8571428571428571,60.0
0,PAA-noSLAMut,2,0.591732157780044,0.37692387387920956,1.523154621172782,0.8317283720565125,2.957437798508349,0.07677065258774958,0.591732157780044,0.37692387387920956,1.523154621172782,0.21621621621621623,0.8317283720565125,234.33836805555558,0.0,18,6.0,0.175,0.8571428571428571,60.0
0,PAA-noSLAMut,3,0.5475564559635411,0.45171299559805167,1.2649110640673518,0.8056307678201022,2.4011276163959026,0.08179544751200468,0.5475564559635411,0.45171299559805167,1.2649110640673518,0.2857142857142857,0.8056307678201022,130.13905208333333,0.0,23,7.0,0.175,0.7142857142857143,60.0
0,PAA-noSLAMut,4,0.548683789233398,0.4509706844767603,1.2961481396815722,0.8442465828951583,3.1337602666124793,0.07574560583049957,0.548683789233398,0.4509706844767603,1.2961481396815722,0.27586206896551724,0.8442465828951583,332.01480902777774,0.0,19,5.0,0.15,0.6666666666666666,60.0
0,PAA-noSLAMut,5,0.5491461564815449,0.42822723003791224,1.50996688705415,0.9103283390035475,2.4072881603489913,0.07505868320432953,0.5491461564815449,0.42822723003791224,1.50996688705415,0.2191780821917808,0.9103283390035475,164.8454097222222,0.0,19,7.0,0.125,0.8,60.0
0,PAA-noSLAMut,6,0.5207221703311629,0.4698706449611031,1.2961481396815722,0.6731123567097281,1.6891834479869612,0.07415592903262716,0.5207221703311629,0.4698706449611031,1.2961481396815722,0.27586206896551724,0.6731123567097281,73.9478923611111,0.0,20,6.0,0.075,1.0,60.0
0,PAA-noSLAMut,7,0.550776539842458,0.36130986312129715,1.7663521732655691,0.8693191499559418,2.8368172571443244,0.05885265113001001,0.550776539842458,0.36130986312129715,1.7663521732655691,0.1702127659574468,0.8693191499559418,249.81798263888885,0.0,17,9.0,0.175,0.5714285714285714,60.0
0,PAA-noSLAMut,8,0.549350888540041,0.4084927130247264,1.5099668870541498,0.8535211481490139,2.867004031775756,0.07906151785891635,0.549350888540041,0.4084927130247264,1.5099668870541498,0.2191780821917808,0.8535211481490139,386.75497222222214,0.0,21,7.0,0.125,0.6,60.0
0,PAA-noSLAMut,9,0.5179633739724394,0.4654590993516779,1.1661903789690602,0.8879851469980913,2.754318711106014,0.08106986101446265,0.5179633739724394,0.4654590993516779,1.1661903789690602,0.32,0.8879851469980913,245.8026145833333,0.0,21,5.0,0.125,0.8,60.0
0,PAA-noSLAMut,10,0.5741931468230719,0.40434345040234304,1.3416407864998738,0.918168174086645,3.0766180326080312,0.07771302758030274,0.5741931468230719,0.40434345040234304,1.3416407864998738,0.26229508196721313,0.918168174086645,236.5620972222222,0.0,19,5.0,0.15,0.6666666666666666,60.0
0,PAA-noSLAMut,11,0.5338550864625836,0.4411786975851518,1.148912529307606,0.7736711220716173,2.862647625514396,0.08159624937302373,0.5338550864625836,0.4411786975851518,1.148912529307606,0.32653061224489793,0.7736711220716173,203.3231076388889,0.0,22,5.0,0.175,0.7142857142857143,60.0
0,PAA-noSLAMut,12,0.5629967611576916,0.427718267079527,1.42828568570857,0.9073867999968531,2.6915162117050553,0.0872250768843014,0.5629967611576916,0.427718267079527,1.42828568570857,0.23880597014925373,0.9073867999968531,199.62477083333334,0.0,19,7.0,0.175,0.7142857142857143,60.0
0,PAA-noSLAMut,13,0.5516420229269652,0.4195766961111536,1.296148139681572,0.8049551072342233,2.6516429944027764,0.08645597441347755,0.5516420229269652,0.4195766961111536,1.296148139681572,0.27586206896551724,0.8049551072342233,182.35359027777776,0.0,22,5.0,0.175,0.42857142857142855,60.0
0,PAA-noSLAMut,14,0.5377024243886757,0.41363398690988856,1.4560219778561039,0.9219033051008761,2.8645897252115535,0.06861157649613275,0.5377024243886757,0.41363398690988856,1.4560219778561039,0.2318840579710145,0.9219033051008761,217.67153125,0.0,17,6.0,0.125,0.8,60.0
0,PAA-noSLAMut,15,0.5554115995799809,0.41543132520903414,1.2961481396815722,0.6968662781868616,2.817283077076881,0.082025209070735,0.5554115995799809,0.41543132520903414,1.2961481396815722,0.27586206896551724,0.6968662781868616,245.56142708333329,0.0,22,6.0,0.1,0.75,60.0
0,PAA-noSLAMut,16,0.5732073962448334,0.4277997963783662,1.385640646055102,0.8789136544000524,3.0164134973430805,0.08638677304198769,0.5732073962448334,0.4277997963783662,1.385640646055102,0.25,0.8789136544000524,233.95913888888882,0.0,19,5.0,0.175,0.7142857142857143,60.0
0,PAA-noSLAMut,17,0.5062626345084796,0.4864209283932988,1.4832396974191326,0.8597511194408259,2.1822444499703395,0.06921471901226944,0.5062626345084796,0.4864209283932988,1.4832396974191326,0.22535211267605634,0.8597511194408259,146.9278611111111,0.0,18,8.0,0.175,0.5714285714285714,60.0
0,PAA-noSLAMut,18,0.5310619804894887,0.43832747714053877,0.9165151389911681,0.7151042928331209,2.8345977225716723,0.09654944393267828,0.5310619804894887,0.43832747714053877,0.9165151389911681,0.43243243243243246,0.7151042928331209,312.7705972222222,0.0,29,4.0,0.05,1.0,60.0
0,PAA-noSLAMut,19,0.5642901661342334,0.39905434067972134,1.6852299546352716,0.8860688486980054,2.5703698675144624,0.07151384422720243,0.5642901661342334,0.39905434067972134,1.6852299546352716,0.1839080459770115,0.8860688486980054,182.67104166666664,0.0,16,8.0,0.1,0.75,60.0
0,PAA-noSLAMut,20,0.5559514901346345,0.42709353096300956,1.5231546211727816,0.9253470562274483,2.2355841046433382,0.082342447095285,0.5559514901346345,0.42709353096300956,1.5231546211727816,0.21621621621621623,0.9253470562274483,147.14838541666666,0.0,18,7.0,0.1,0.75,60.0
0,PAA-noSLAMut,21,0.5596977963625485,0.44131458270089696,1.3266499161421599,0.8811496967708781,2.7725561530142353,0.0903965994025529,0.5596977963625485,0.44131458270089696,1.3266499161421599,0.26666666666666666,0.8811496967708781,244.76954861111102,0.0,20,5.0,0.15,0.6666666666666666,60.0
0,PAA-noSLAMut,22,0.5329408297668771,0.4339773814856073,1.4000000000000001,0.6397341307549086,2.2364846317051255,0.07328846661312126,0.5329408297668771,0.4339773814856073,1.4000000000000001,0.24615384615384617,0.6397341307549086,272.62278472222215,0.0,21,7.0,0.05,0.5,60.0
0,PAA-noSLAMut,23,0.5168142223395469,0.42441071174533185,1.2000000000000002,0.6899383883246115,2.3197369450171834,0.07633226461430154,0.5168142223395469,0.42441071174533185,1.2000000000000002,0.3076923076923077,0.6899383883246115,129.62882291666665,0.0,21,5.0,0.05,0.5,60.0
0,PAA-noSLAMut,24,0.5078653882240322,0.4652158939180898,1.019803902718557,0.6261042966075256,2.447270697226072,0.0722864884668243,0.5078653882240322,0.4652158939180898,1.019803902718557,0.38095238095238093,0.6261042966075256,182.51883680555554,0.0,26,5.0,0.1,0.5,60.0
0,PAA-noSLAMut,25,0.5182257233545549,0.45415479822329263,1.385640646055102,0.8212373353578389,2.4788581636696914,0.06813733040696725,0.5182257233545549,0.45415479822329263,1.385640646055102,0.25,0.8212373353578389,182.05936458333332,0.0,18,6.0,0.125,0.6,60.0
0,PAA-noSLAMut,26,0.5547664500515773,0.41961982457160296,1.2000000000000002,0.709939712156204,2.612389526245733,0.08169431765285082,0.5547664500515773,0.41961982457160296,1.2000000000000002,0.3076923076923077,0.709939712156204,179.95292013888889,0.0,22,5.0,0.1,0.75,60.0
0,PAA-noSLAMut,27,0.5318657012882595,0.4278102952371565,1.3711309200802089,0.9325182062909896,2.7569621819640817,0.07590310956291996,0.5318657012882595,0.4278102952371565,1.3711309200802089,0.25396825396825395,0.9325182062909896,200.2211111111111,0.0,19,7.0,0.175,0.8571428571428571,60.0
0,PAA-noSLAMut,28,0.488268675362135,0.42418965610673676,1.2649110640673518,0.7370993718010691,2.1155574920292373,0.07979237673292706,0.488268675362135,0.42418965610673676,1.2649110640673518,0.2857142857142857,0.7370993718010691,113.58711458333332,0.0,25,7.0,0.1,0.75,60.0
0,PAA-noSLAMut,29,0.5819822360292659,0.40988483555995553,1.50996688705415,0.8459374858579597,3.0776234995324705,0.08144951092198939,0.5819822360292659,0.40988483555995553,1.50996688705415,0.2191780821917808,0.8459374858579597,233.4618923611111,0.0,17,7.0,0.175,0.8571428571428571,60.0
0,PAA-AdaptMut,0,0.5499207371649174,0.4411092271272077,1.3564659966250538,0.7595222305613085,2.980770042205635,0.06798982805281567,0.5499207371649174,0.4411092271272077,1.3564659966250538,0.25806451612903225,0.7595222305613085,217.26054861111112,0.0,20,6.0,0.125,0.8,60.0
0,PAA-AdaptMut,1,0.5539168192949475,0.4308661353617332,1.32664991614216,0.6859701884904688,2.234042687182259,0.08242855443146782,0.5539168192949475,0.4308661353617332,1.32664991614216,0.26666666666666666,0.6859701884904688,176.84378125,0.0,21,7.0,0.1,0.75,60.0
0,PAA-AdaptMut,2,0.5430408824791069,0.4220131617408402,1.264911064067352,0.7193267426340798,2.9390031675476607,0.07373702500030636,0.5430408824791069,0.4220131617408402,1.264911064067352,0.2857142857142857,0.7193267426340798,217.79811111111107,0.0,20,5.0,0.2,0.625,60.0
0,PAA-AdaptMut,3,0.5697620369427241,0.4003553420221363,1.6,0.9171554871169958,3.011841126795295,0.07015779485766932,0.5697620369427241,0.4003553420221363,1.6,0.2,0.9171554871169958,235.1335798611111,0.0,16,7.0,0.175,0.8571428571428571,60.0
0,PAA-AdaptMut,4,0.5382802498257291,0.3951011478643118,1.4696938456699071,0.8848527268806577,2.7278750946211963,0.06677260069197513,0.5382802498257291,0.3951011478643118,1.4696938456699071,0.22857142857142856,0.8848527268806577,216.12565624999996,0.0,17,6.0,0.125,0.6,60.0
0,PAA-AdaptMut,5,0.5692510918138378,0.41530187037299837,1.5491933384829668,0.8785990591462852,3.090225275895909,0.06815359547945327,0.5692510918138378,0.41530187037299837,1.5491933384829668,0.21052631578947367,0.8785990591462852,253.76754166666666,0.0,17,7.0,0.125,0.8,60.0
0,PAA-AdaptMut,6,0.5542344875395806,0.38449772853118536,1.562049935181331,0.7052802742634812,2.308330860434639,0.07336692423978403,0.5542344875395806,0.38449772853118536,1.562049935181331,0.2077922077922078,0.7052802742634812,258.72656249999994,0.0,18,7.0,0.0,,60.0
0,PAA-AdaptMut,7,0.5528469970291207,0.41732304665852854,1.1832159566199234,0.6896899769813056,2.9340962082558044,0.08484442763271863,0.5528469970291207,0.41732304665852854,1.1832159566199234,0.3137254901960784,0.6896899769813056,340.9125486111111,0.0,23,5.0,0.125,0.6,60.0
0,PAA-AdaptMut,8,0.6042657736585081,0.37392522931082783,1.6370705543744901,0.8896590839245009,3.0142728690629617,0.07574063851990434,0.6042657736585081,0.37392522931082783,1.6370705543744901,0.1927710843373494,0.8896590839245009,250.68843402777776,0.0,15,7.0,0.175,0.7142857142857143,60.0
0,PAA-AdaptMut,9,0.5210106171880639,0.41941233972982445,1.1832159566199234,0.6934294292407086,3.110496681724588,0.07501502692145903,0.5210106171880639,0.41941233972982445,1.1832159566199234,0.3137254901960784,0.6934294292407086,297.67679861111105,0.0,26,6.0,0.075,0.3333333333333333,60.0
0,PAA-AdaptMut,10,0.5092096906776433,0.462161560753954,1.1313708498984762,0.7661007965381306,2.6454283634732585,0.07785524088034376,0.5092096906776433,0.462161560753954,1.1313708498984762,0.3333333333333333,0.7661007965381306,215.41973958333338,0.0,23,5.0,0.175,0.8571428571428571,60.0
0,PAA-AdaptMut,11,0.5759385477042069,0.41417110456764095,1.562049935181331,0.8892762947694957,2.816336551588713,0.07693977279144049,0.5759385477042069,0.41417110456764095,1.562049935181331,0.2077922077922078,0.8892762947694957,216.88254166666667,0.0,17,8.0,0.1,0.5,60.0
0,PAA-AdaptMut,12,0.5512106771709155,0.43548818962831853,1.2806248474865698,0.6700986559244069,2.4892425295199203,0.08302244496922646,0.5512106771709155,0.43548818962831853,1.2806248474865698,0.2807017543859649,0.6700986559244069,196.01704861111108,0.0,20,5.0,0.1,0.5,60.0
0,PAA-AdaptMut,13,0.5602910003998134,0.4041847577799024,1.4142135623730951,0.7582230611333939,2.742971783587236,0.07852845585468035,0.5602910003998134,0.4041847577799024,1.4142135623730951,0.24242424242424243,0.7582230611333939,217.95458680555552,0.0,19,7.0,0.075,0.3333333333333333,60.0
0,PAA-AdaptMut,14,0.5889659467281781,0.3893100721851568,1.5748015748023623,0.8472307062488136,2.683844483147351,0.09074889171241476,0.5889659467281781,0.3893100721851568,1.5748015748023623,0.20512820512820512,0.8472307062488136,182.32300347222218,0.0,18,7.0,0.1,0.75,60.0
0,PAA-AdaptMut,15,0.5494215402928434,0.4045371668515857,1.385640646055102,0.8426658235188735,3.07306544162475,0.0767773604622271,0.5494215402928434,0.4045371668515857,1.385640646055102,0.25,0.8426658235188735,252.57702777777777,0.0,18,6.0,0.175,0.8571428571428571,60.0
0,PAA-AdaptMut,16,0.5645767844793756,0.3876305091201,1.5099668870541503,0.6796562285336736,2.9709826846186926,0.06166613063324564,0.5645767844793756,0.3876305091201,1.5099668870541503,0.2191780821917808,0.6796562285336736,249.90194791666664,0.0,20,7.0,0.075,0.6666666666666666,60.0
0,PAA-AdaptMut,17,0.5207610449114,0.4445382020773251,1.1135528725660044,0.7682587975386717,2.635723438798157,0.07439675052099493,0.5207610449114,0.4445382020773251,1.1135528725660044,0.3404255319148936,0.7682587975386717,181.88352430555554,0.0,23,4.0,0.15,0.8333333333333334,60.0
0,PAA-AdaptMut,18,0.5520856139700002,0.4253060472621407,1.371130920080209,0.7753774624893621,2.3844759812958167,0.08151831131949461,0.5520856139700002,0.4253060472621407,1.371130920080209,0.25396825396825395,0.7753774624893621,146.1641423611111,0.0,21,6.0,0.125,0.8,60.0
0,PAA-AdaptMut,19,0.5862319192110121,0.4053328522955069,1.4422205101855958,0.8920653607314113,3.0198731820039684,0.08303506560757737,0.5862319192110121,0.4053328522955069,1.4422205101855958,0.23529411764705882,0.8920653607314113,234.79653472222222,0.0,18,6.0,0.175,0.7142857142857143,60.0
0,PAA-AdaptMut,20,0.5041617495748163,0.4827070298832636,0.9591663046625439,0.6951226827767841,2.64584464834268,0.07021825921886707,0.5041617495748163,0.4827070298832636,0.9591663046625439,0.41025641025641024,0.6951226827767841,213.2267013888889,0.0,27,4.0,0.1,0.75,60.0
0,PAA-AdaptMut,21,0.5662470393090071,0.3717922921331653,1.6248076809271919,0.7646982233866815,2.558083350417523,0.07591156716353067,0.5662470393090071,0.3717922921331653,1.6248076809271919,0.1951219512195122,0.7646982233866815,304.0829479166667,0.0,20,9.0,0.15,0.5,60.0
0,PAA-AdaptMut,22,0.5307807298922551,0.4545298052274589,1.2,0.7038927251098775,2.6092471245436166,0.0709257616947898,0.5307807298922551,0.4545298052274589,1.2,0.3076923076923077,0.7038927251098775,215.76734375,0.0,22,5.0,0.125,0.6,60.0
0,PAA-AdaptMut,23,0.5488147504481808,0.4308365359659477,1.3416407864998738,0.6989857567281993,2.5814670759092957,0.07916062077886385,0.5488147504481808,0.4308365359659477,1.3416407864998738,0.26229508196721313,0.6989857567281993,162.30790972222218,0.0,20,5.0,0.15,0.8333333333333334,60.0
0,PAA-AdaptMut,24,0.6025968428844547,0.40299167173302414,1.50996688705415,0.8458035899113867,2.7252426929321407,0.090835030023939,0.6025968428844547,0.40299167173302414,1.50996688705415,0.2191780821917808,0.8458035899113867,181.73745486111108,0.0,16,7.0,0.125,0.6,60.0
0,PAA-AdaptMut,25,0.5485956084592927,0.3858797391044117,1.42828568570857,0.7815139907894608,3.0638114649360983,0.05876567611331484,0.5485956084592927,0.3858797391044117,1.42828568570857,0.23880597014925373,0.7815139907894608,296.8606041666666,0.0,20,7.0,0.125,0.6,60.0
0,PAA-AdaptMut,26,0.5492453839800493,0.41964834040872534,1.4142135623730951,0.7801642234035803,2.259029261471454,0.08098397300176982,0.5492453839800493,0.41964834040872534,1.4142135623730951,0.24242424242424243,0.7801642234035803,162.91311111111108,0.0,21,7.0,0.1,0.75,60.0
0,PAA-AdaptMut,27,0.5686129129194916,0.41187426478024564,1.385640646055102,0.819572884599097,2.8536449744977306,0.0839622248100358,0.5686129129194916,0.41187426478024564,1.385640646055102,0.25,0.819572884599097,282.87079513888887,0.0,22,6.0,0.225,0.6666666666666666,60.0
0,PAA-AdaptMut,28,0.5315800896047161,0.4281541876475661,1.4282856857085702,0.9074548680050135,2.5226407439334886,0.0885912463720428,0.5315800896047161,0.4281541876475661,1.4282856857085702,0.23880597014925373,0.9074548680050135,244.86031249999996,0.0,20,7.0,0.1,0.75,60.0
0,PAA-AdaptMut,29,0.5324196266939125,0.4264909549246889,1.216552506059644,0.7248345860935315,2.657851808878307,0.06202068035854197,0.5324196266939125,0.4264909549246889,1.216552506059644,0.3018867924528302,0.7248345860935315,164.20007638888887,0.0,22,5.0,0.15,0.6666666666666666,60.0
0,NSGA3-PrioInit,0,0.551868254617162,0.42975071504568607,1.019803902718557,0.8688029605085916,2.8814343277396937,0.09486484063118183,0.551868254617162,0.42975071504568607,1.019803902718557,0.38095238095238093,0.8688029605085916,185.86509027777777,0.0,26,5.0,0.125,0.8,15.0
0,NSGA3-PrioInit,1,0.5512568855374224,0.3751779852536955,1.3856406460551018,0.8477148070855126,2.3374020704363963,0.11177181747403589,0.5512568855374224,0.3751779852536955,1.3856406460551018,0.25,0.8477148070855126,148.0191875,0.0,22,7.0,0.1,0.75,17.0
0,NSGA3-PrioInit,2,0.5804463598577904,0.4467034301401151,1.3711309200802089,0.7249889875845211,1.7983556569854073,0.09920579622461032,0.5804463598577904,0.4467034301401151,1.3711309200802089,0.25396825396825395,0.7249889875845211,90.90055555555554,0.0,22,7.0,0.075,1.0,17.0
0,NSGA3-PrioInit,3,0.5884639846253266,0.3934662804257433,1.61245154965971,0.8080378660580332,1.754539648919113,0.11109458881339809,0.5884639846253266,0.3934662804257433,1.61245154965971,0.19753086419753085,0.8080378660580332,59.63499999999999,0.0,17,8.0,0.1,0.75,15.0
0,NSGA3-PrioInit,4,0.5970744586718586,0.4101491157043535,1.562049935181331,0.8759212208230236,2.689993441187416,0.09468493850423826,0.5970744586718586,0.4101491157043535,1.562049935181331,0.2077922077922078,0.8759212208230236,199.79639930555555,0.0,18,7.0,0.175,0.5714285714285714,15.0
0,NSGA3-PrioInit,5,0.545847097342329,0.36169591640312004,1.469693845669907,0.8534886964103295,2.8663133163132515,0.0998544881054788,0.545847097342329,0.36169591640312004,1.469693845669907,0.22857142857142856,0.8534886964103295,217.3999270833333,0.0,18,7.0,0.175,0.7142857142857143,15.0
0,NSGA3-PrioInit,6,0.5976062589120289,0.4097669220377294,1.3266499161421599,0.7928178123740488,2.0768918644511905,0.10537209244297444,0.5976062589120289,0.4097669220377294,1.3266499161421599,0.26666666666666666,0.7928178123740488,94.79231597222221,0.0,22,7.0,0.125,0.8,16.0
0,NSGA3-PrioInit,7,0.578686913688064,0.39759608720313033,1.4966629547095767,0.8392746521075622,1.9287490092269504,0.114865950632591,0.578686913688064,0.39759608720313033,1.4966629547095767,0.2222222222222222,0.8392746521075622,94.6088298611111,0.0,20,7.0,0.1,0.75,18.0
0,NSGA3-PrioInit,8,0.5894634973683044,0.39589941998730416,1.562049935181331,0.856159247356316,1.7918187292112564,0.12066351133585348,0.5894634973683044,0.39589941998730416,1.562049935181331,0.2077922077922078,0.856159247356316,76.44538888888889,0.0,17,7.0,0.125,0.6,16.0
0,NSGA3-PrioInit,9,0.5415417645226275,0.4493214215107198,1.32664991614216,0.8537044613684044,1.7712031639658796,0.10595373725340256,0.5415417645226275,0.4493214215107198,1.32664991614216,0.26666666666666666,0.8537044613684044,61.87805555555557,0.0,22,6.0,0.15,0.6666666666666666,15.0
0,NSGA3-PrioInit,10,0.5888232058854296,0.4260110305893171,1.3416407864998738,0.8793037220800297,2.8588295626396047,0.09844665379219426,0.5888232058854296,0.4260110305893171,1.3416407864998738,0.26229508196721313,0.8793037220800297,216.70744444444443,0.0,20,6.0,0.175,0.7142857142857143,16.0
0,NSGA3-PrioInit,11,0.5939309625204607,0.4104925209504494,1.3711309200802089,0.7427818943583995,2.017764722936932,0.10710123278341886,0.5939309625204607,0.4104925209504494,1.3711309200802089,0.25396825396825395,0.7427818943583995,108.96535416666666,0.0,20,6.0,0.075,0.3333333333333333,18.0
0,NSGA3-PrioInit,12,0.5584199038856926,0.36939252253323607,1.4560219778561037,0.7505227697150164,1.931146309500538,0.09828784313631735,0.5584199038856926,0.36939252253323607,1.4560219778561037,0.2318840579710145,0.7505227697150164,93.63921874999998,0.0,20,8.0,0.125,0.8,14.0
0,NSGA3-PrioInit,13,0.5813683265851948,0.3986318825485429,1.2328828005937953,0.809556759128631,2.4070919197644756,0.11021520529736567,0.5813683265851948,0.3986318825485429,1.2328828005937953,0.2962962962962963,0.809556759128631,147.33890277777775,0.0,22,5.0,0.15,0.8333333333333334,16.0
0,NSGA3-PrioInit,14,0.5933729756100514,0.42159393245500193,1.32664991614216,0.7161933338639823,1.942514372128245,0.1132668945250703,0.5933729756100514,0.42159393245500193,1.32664991614216,0.26666666666666666,0.7161933338639823,91.75055902777777,0.0,19,6.0,0.15,0.6666666666666666,17.0
0,NSGA3-PrioInit,15,0.5898857676559938,0.3656428451792027,1.6613247725836149,0.7994219826533142,1.8193016257339962,0.11355979364063007,0.5898857676559938,0.3656428451792027,1.6613247725836149,0.18823529411764706,0.7994219826533142,110.56127430555554,0.0,16,8.0,0.1,0.25,14.0
0,NSGA3-PrioInit,16,0.5841809889554229,0.4136724848944701,1.385640646055102,0.7568594560754962,1.7546025515290065,0.10627599197167528,0.5841809889554229,0.4136724848944701,1.385640646055102,0.25,0.7568594560754962,74.83652083333331,0.0,21,7.0,0.1,0.5,18.0
0,NSGA3-PrioInit,17,0.5795643997891472,0.4430403514716457,1.4966629547095767,0.8361300578076214,1.8137520136248888,0.11017733540461713,0.5795643997891472,0.4430403514716457,1.4966629547095767,0.2222222222222222,0.8361300578076214,108.73077777777776,0.0,18,7.0,0.125,0.8,18.0
0,NSGA3-PrioInit,18,0.5977450322110262,0.4352150602538831,1.371130920080209,0.8516585765080222,2.688102116627308,0.09750828488290152,0.5977450322110262,0.4352150602538831,1.371130920080209,0.25396825396825395,0.8516585765080222,269.3243993055556,0.0,20,7.0,0.1,0.75,15.0
0,NSGA3-PrioInit,19,0.5917371998116518,0.40556813173464484,1.6613247725836149,0.8851527285991054,1.7899812579643708,0.10070673619701284,0.5917371998116518,0.40556813173464484,1.6613247725836149,0.18823529411764706,0.8851527285991054,76.36455208333334,0.0,17,7.0,0.1,0.75,13.0
0,NSGA3-PrioInit,20,0.5922031971139774,0.39352586601569306,1.4000000000000001,0.8935738883539465,2.7524456438104905,0.10597444307841494,0.5922031971139774,0.39352586601569306,1.4000000000000001,0.24615384615384617,0.8935738883539465,199.82198263888887,0.0,18,6.0,0.175,0.7142857142857143,16.0
0,NSGA3-PrioInit,21,0.6018387278540903,0.36601226745955384,1.3564659966250538,0.7214636661968441,2.408480165466692,0.10238293040774646,0.6018387278540903,0.36601226745955384,1.3564659966250538,0.25806451612903225,0.7214636661968441,164.04569097222225,0.0,21,7.0,0.125,0.6,15.0
0,NSGA3-PrioInit,22,0.5465595625142885,0.37103830241631874,1.3711309200802089,0.8426717887357158,2.4217032590874963,0.11136350053437509,0.5465595625142885,0.37103830241631874,1.3711309200802089,0.25396825396825395,0.8426717887357158,148.21803125,0.0,21,7.0,0.075,0.6666666666666666,15.0
0,NSGA3-PrioInit,23,0.5774965421075728,0.38110321132738656,1.6492422502470643,0.7635721169537484,1.5138411523243458,0.10094498782702814,0.5774965421075728,0.38110321132738656,1.6492422502470643,0.19047619047619047,0.7635721169537484,56.56096527777777,0.0,17,8.0,0.05,1.0,16.0
0,NSGA3-PrioInit,24,0.547633872865422,0.3739562759066807,1.4282856857085702,0.8652784751104285,2.433775241623652,0.11173332847479694,0.547633872865422,0.3739562759066807,1.4282856857085702,0.23880597014925373,0.8652784751104285,148.53796527777777,0.0,20,8.0,0.1,0.75,19.0
0,NSGA3-PrioInit,25,0.5734418737499013,0.3602585456589922,1.5099668870541503,0.8453006939595633,2.7629012577526675,0.09702968109483917,0.5734418737499013,0.3602585456589922,1.5099668870541503,0.2191780821917808,0.8453006939595633,280.1979618055555,0.0,17,7.0,0.15,0.6666666666666666,16.0
0,NSGA3-PrioInit,26,0.587445937348142,0.4155645459695581,1.32664991614216,0.7263759450505632,1.9482251102162302,0.10472078720420575,0.587445937348142,0.4155645459695581,1.32664991614216,0.26666666666666666,0.7263759450505632,77.03695486111108,0.0,20,7.0,0.15,0.5,18.0
0,NSGA3-PrioInit,27,0.590864995534057,0.4170618561339582,1.3711309200802089,0.7776766350046935,2.2008922986951207,0.09792459279771935,0.590864995534057,0.4170618561339582,1.3711309200802089,0.25396825396825395,0.7776766350046935,112.92862152777778,0.0,22,7.0,0.1,0.75,17.0
0,NSGA3-PrioInit,28,0.6006641928900207,0.399199776300605,1.4966629547095767,0.8494824143231009,2.2306680494040156,0.102296106845019,0.6006641928900207,0.399199776300605,1.4966629547095767,0.2222222222222222,0.8494824143231009,129.04214583333334,0.0,18,7.0,0.125,0.6,18.0
0,NSGA3-PrioInit,29,0.5939282119696663,0.40773278962908144,1.3564659966250538,0.8568454896963592,2.60998488358459,0.11063156502006626,0.5939282119696663,0.40773278962908144,1.3564659966250538,0.25806451612903225,0.8568454896963592,228.51821874999996,0.0,20,6.0,0.175,0.42857142857142855,16.0
1,Random,0,0.5348679662907252,0.37268377146703,0.938083151964686,0.3247751892564912,3.6185519110378666,,0.5348679662907252,0.37268377146703,0.938083151964686,0.42105263157894735,0.3247751892564912,619.5665590277778,0.0,26,3.0,0.025,0.0,
1,RoundRobin,0,0.5219684745918771,0.38081699654950685,1.0392304845413265,0.32205236004607707,3.4604346523979985,,0.5219684745918771,0.38081699654950685,1.0392304845413265,0.37209302325581395,0.32205236004607707,463.91979861111105,0.0,25,4.0,0.05,0.5,
1,FIFO,0,0.3559736594045822,0.42215562193301237,3.168595903550971,0.2224047272297709,3.549783097637241,,0.3559736594045822,0.42215562193301237,3.168595903550971,0.0599250936329588,0.2224047272297709,792.1952083333334,0.0,4,16.0,0.025,0.0,
1,LeastLoaded,0,0.4649064087145792,0.40909711377894864,0.4898979485566356,0.36124028526842505,3.1824741650196415,,0.4649064087145792,0.40909711377894864,0.4898979485566356,0.7272727272727273,0.36124028526842505,387.548625,0.0,38,2.0,0.0,,
1,GreedyBestOutcome,0,0.6575930880608851,0.3489717719601605,2.366431913239846,0.513819665601574,2.9885169196035912,,0.6575930880608851,0.3489717719601605,2.366431913239846,0.10256410256410256,0.513819665601574,178.5052881944444,0.0,10,11.0,0.075,0.0,
1,StandardNSGA2,0,0.5780593540902315,0.3004341319329639,1.3564659966250538,0.6150561319817591,1.5154197739559225,0.05623970520778059,0.5780593540902315,0.3004341319329639,1.3564659966250538,0.25806451612903225,0.6150561319817591,39.39114583333332,0.0,19,7.0,0.1,0.25,60.0
1,StandardNSGA2,1,0.6349301035738423,0.32860366512637623,1.1832159566199232,0.6138444861428507,2.37753460406868,0.04684052440241432,0.6349301035738423,0.32860366512637623,1.1832159566199232,0.3137254901960784,0.6138444861428507,130.17135069444444,0.0,23,5.0,0.125,0.4,60.0
1,StandardNSGA2,2,0.6100840228142012,0.2919623874504884,1.1661903789690602,0.650543982132513,2.70338182608158,0.057138398629847334,0.6100840228142012,0.2919623874504884,1.1661903789690602,0.32,0.650543982132513,307.39502083333326,0.0,22,5.0,0.075,0.0,60.0
1,StandardNSGA2,3,0.6077296311463944,0.2968685814338018,1.4282856857085702,0.6076795683108469,1.7237852007496983,0.042951025848334136,0.6077296311463944,0.2968685814338018,1.4282856857085702,0.23880597014925373,0.6076795683108469,75.40309027777778,0.0,19,7.0,0.075,0.0,60.0
1,StandardNSGA2,4,0.5286101418683458,0.3527858430288237,1.2,0.6741704145672907,1.5782725665151551,0.04982470661140289,0.5286101418683458,0.3527858430288237,1.2,0.3076923076923077,0.6741704145672907,154.9403611111111,0.0,22,5.0,0.1,0.0,60.0
1,StandardNSGA2,5,0.5485705859956754,0.3711975325832868,0.692820323027551,0.6730861144064244,2.7161170572658646,0.044641552021156536,0.5485705859956754,0.3711975325832868,0.692820323027551,0.5714285714285714,0.6730861144064244,263.79529513888883,0.0,33,3.0,0.1,0.0,60.0
1,StandardNSGA2,6,0.5822963074112072,0.3206292255714146,1.4282856857085702,0.49592453147166804,1.3602807615242996,0.046776729524045255,0.5822963074112072,0.3206292255714146,1.4282856857085702,0.23880597014925373,0.49592453147166804,21.87716319444444,0.0,18,7.0,0.1,0.25,60.0
1,StandardNSGA2,7,0.5792059997511225,0.35180777036949756,1.148912529307606,0.7050274652600569,2.551837966868935,0.04700042567533316,0.5792059997511225,0.35180777036949756,1.148912529307606,0.32653061224489793,0.7050274652600569,151.49906944444447,0.0,23,5.0,0.125,0.0,60.0
1,StandardNSGA2,8,0.579204450948135,0.2812718795569076,1.2000000000000002,0.6059602458775665,3.457890160428127,0.03148595203291251,0.579204450948135,0.2812718795569076,1.2000000000000002,0.3076923076923077,0.6059602458775665,336.1465486111111,0.0,23,5.0,0.125,0.0,60.0
1,StandardNSGA2,9,0.6326293600823393,0.3159374113001625,1.2649110640673518,0.6408007539192054,2.25582792484797,0.055872273062821026,0.6326293600823393,0.3159374113001625,1.2649110640673518,0.2857142857142857,0.6408007539192054,191.44544791666664,0.0,22,6.0,0.125,0.0,60.0
1,StandardNSGA2,10,0.6216712796896054,0.3214574968947725,1.32664991614216,0.6401574418602223,2.0752159943652075,0.04965755268001082,0.6216712796896054,0.3214574968947725,1.32664991614216,0.26666666666666666,0.6401574418602223,129.64004166666666,0.0,23,8.0,0.1,0.25,60.0
1,StandardNSGA2,11,0.5836141851531043,0.31172961437407515,1.2489995996796797,0.4867958971315572,1.7003892589950111,0.04182325430670397,0.5836141851531043,0.31172961437407515,1.2489995996796797,0.2909090909090909,0.4867958971315572,93.40418750000002,0.0,21,5.0,0.1,0.5,60.0
1,StandardNSGA2,12,0.6294053529677278,0.30597666709587046,1.5362291495737217,0.5922839036993075,1.9943785773728409,0.048331015795858925,0.6294053529677278,0.30597666709587046,1.5362291495737217,0.21333333333333335,0.5922839036993075,109.96682986111111,0.0,17,8.0,0.125,0.2,60.0
1,StandardNSGA2,13,0.5589989810165976,0.30390345244029593,1.1135528725660044,0.6674606295663269,2.416816455264904,0.04743127379818128,0.5589989810165976,0.30390345244029593,1.1135528725660044,0.3404255319148936,0.6674606295663269,227.16332638888883,0.0,23,5.0,0.05,0.0,60.0
1,StandardNSGA2,14,0.5655309475230634,0.29410621425702865,1.1832159566199234,0.5886738366586091,2.2068551990708145,0.047516686663823644,0.5655309475230634,0.29410621425702865,1.1832159566199234,0.3137254901960784,0.5886738366586091,225.40883680555552,0.0,20,4.0,0.125,0.2,60.0
1,StandardNSGA2,15,0.5896550683321674,0.33063762012450676,1.32664991614216,0.7432118567982126,2.1489352965050132,0.0515795487084192,0.5896550683321674,0.33063762012450676,1.32664991614216,0.26666666666666666,0.7432118567982126,145.59062152777776,0.0,19,5.0,0.1,0.0,60.0
1,StandardNSGA2,16,0.530046151839821,0.34315384194183574,1.2649110640673518,0.7282908301881245,2.013476932200286,0.046786757503215745,0.530046151839821,0.34315384194183574,1.2649110640673518,0.2857142857142857,0.7282908301881245,191.4241944444444,0.0,19,5.0,0.1,0.0,60.0
1,StandardNSGA2,17,0.5980291891348768,0.30925226905367464,1.1661903789690602,0.6867119346227483,2.4548704016322547,0.046909903292641546,0.5980291891348768,0.30925226905367464,1.1661903789690602,0.32,0.6867119346227483,199.5082708333333,0.0,23,6.0,0.075,0.0,60.0
1,StandardNSGA2,18,0.618724580766802,0.3132409491834219,1.2328828005937953,0.5837786569382661,1.998188197509208,0.04805424927894611,0.618724580766802,0.3132409491834219,1.2328828005937953,0.2962962962962963,0.5837786569382661,226.0940347222222,0.0,21,6.0,0.125,0.0,60.0
1,StandardNSGA2,19,0.6359441636441601,0.31273727198847756,1.3564659966250538,0.6403656611745997,2.196917512222098,0.05343072361047642,0.6359441636441601,0.31273727198847756,1.3564659966250538,0.25806451612903225,0.6403656611745997,131.2777986111111,0.0,19,6.0,0.1,0.0,60.0
1,StandardNSGA2,20,0.6055032743016513,0.33338499930413984,0.9165151389911682,0.5633632273041677,2.3595928212502435,0.04810510414640346,0.6055032743016513,0.33338499930413984,0.9165151389911682,0.43243243243243246,0.5633632273041677,164.73449652777782,0.0,27,4.0,0.075,0.0,60.0
1,StandardNSGA2,21,0.5835543797175756,0.3146426477603409,1.1832159566199234,0.6266758120573531,1.5520416906114054,0.055429266957919075,0.5835543797175756,0.3146426477603409,1.1832159566199234,0.3137254901960784,0.6266758120573531,23.118444444444442,0.0,22,5.0,0.1,0.25,60.0
1,StandardNSGA2,22,0.618607976429294,0.33008362810803465,1.0,0.6291940019749133,2.719907000148585,0.0542883466387402,0.618607976429294,0.33008362810803465,1.0,0.3902439024390244,0.6291940019749133,327.0178194444444,0.0,23,3.0,0.1,0.0,60.0
1,StandardNSGA2,23,0.6001855319968034,0.3039650622469182,1.3711309200802089,0.6168527858459145,2.558213138409392,0.038516876389952104,0.6001855319968034,0.3039650622469182,1.3711309200802089,0.25396825396825395,0.6168527858459145,263.0062291666667,0.0,22,6.0,0.075,0.0,60.0
1,StandardNSGA2,24,0.5628696458031432,0.3329882601407819,1.019803902718557,0.5025525300969677,2.677136993531502,0.035550415645846434,0.5628696458031432,0.3329882601407819,1.019803902718557,0.38095238095238093,0.5025525300969677,183.08030555555555,0.0,26,4.0,0.15,0.16666666666666666,60.0
1,StandardNSGA2,25,0.5257675719707847,0.36353900478452206,1.3114877048604001,0.7088277575103618,2.1819399207405934,0.034357095749049826,0.5257675719707847,0.36353900478452206,1.3114877048604001,0.2711864406779661,0.7088277575103618,161.42202083333336,0.0,23,6.0,0.1,0.0,60.0
1,StandardNSGA2,26,0.611898049354496,0.3175790458035026,1.3416407864998738,0.5623369766432507,2.004482518356139,0.04283583498055062,0.611898049354496,0.3175790458035026,1.3416407864998738,0.26229508196721313,0.5623369766432507,112.55324305555555,0.0,21,7.0,0.125,0.0,60.0
1,StandardNSGA2,27,0.6261816206408428,0.3099090037218559,1.2489995996796799,0.6476152757673986,2.175539105195075,0.054802903000151705,0.6261816206408428,0.3099090037218559,1.2489995996796799,0.2909090909090909,0.6476152757673986,146.67145486111113,0.0,18,4.0,0.075,0.0,60.0
1,StandardNSGA2,28,0.5896434102837718,0.3164118760475828,1.3711309200802089,0.5739356268599838,1.6328167056583467,0.05112885699850403,0.5896434102837718,0.3164118760475828,1.3711309200802089,0.25396825396825395,0.5739356268599838,75.05035416666666,0.0,23,7.0,0.075,0.0,60.0
1,StandardNSGA2,29,0.565848971473496,0.35188937343195753,0.9797958971132713,0.602863917926735,2.8391523173560773,0.03774003799407457,0.565848971473496,0.35188937343195753,0.9797958971132713,0.4,0.602863917926735,343.4598368055555,0.0,25,4.0,0.1,0.5,60.0
1,NSGA3,0,0.6232333949239159,0.30372184385892886,1.3114877048604001,0.7639309642000758,1.448001064450213,0.07924503733199242,0.6232333949239159,0.30372184385892886,1.3114877048604001,0.2711864406779661,0.7639309642000758,74.88084722222223,0.0,22,7.0,0.125,0.0,20.0
1,NSGA3,1,0.6311105138315175,0.308354546243948,1.2649110640673518,0.8002797502598462,2.0009469639156316,0.08216728997554298,0.6311105138315175,0.308354546243948,1.2649110640673518,0.2857142857142857,0.8002797502598462,146.8881215277778,0.0,20,5.0,0.125,0.4,21.0
1,NSGA3,2,0.6262427150226151,0.3379152333395717,1.1661903789690602,0.6845559233887538,1.2254753808243959,0.08003346457930408,0.6262427150226151,0.3379152333395717,1.1661903789690602,0.32,0.6845559233887538,4.760579861111111,0.0,22,5.0,0.15,0.0,26.0
1,NSGA3,3,0.6273117799188684,0.30850419294851744,1.216552506059644,0.6850562114016836,1.3770879376144867,0.07774696773226242,0.6273117799188684,0.30850419294851744,1.216552506059644,0.3018867924528302,0.6850562114016836,23.94828819444445,0.0,22,6.0,0.1,0.0,16.0
1,NSGA3,4,0.634605022187313,0.3391130420349134,1.2328828005937953,0.775615034827401,2.208419067228209,0.07291285196742639,0.634605022187313,0.3391130420349134,1.2328828005937953,0.2962962962962963,0.775615034827401,147.1084652777778,0.0,22,6.0,0.125,0.2,25.0
1,NSGA3,5,0.6038860054449126,0.3203380549262226,1.2328828005937955,0.7735938262581656,1.5194659405822286,0.07856452064750573,0.6038860054449126,0.3203380549262226,1.2328828005937955,0.2962962962962963,0.7735938262581656,57.32738888888889,0.0,22,5.0,0.1,0.0,17.0
1,NSGA3,6,0.6309806966520759,0.31626936572477626,1.2000000000000002,0.6972859077142584,1.4221222547945738,0.08555890802444738,0.6309806966520759,0.31626936572477626,1.2000000000000002,0.3076923076923077,0.6972859077142584,22.425062499999992,0.0,21,5.0,0.075,0.0,23.0
1,NSGA3,7,0.6276134954843094,0.3190147312722337,0.9797958971132713,0.7312738956640554,2.0638705895299063,0.07823160089542427,0.6276134954843094,0.3190147312722337,0.9797958971132713,0.4,0.7312738956640554,112.97610069444445,0.0,26,4.0,0.075,0.0,22.0
1,NSGA3,8,0.6134105311790938,0.3163924612666884,1.0583005244258363,0.8204553543323387,1.999681742194473,0.07998830488308645,0.6134105311790938,0.3163924612666884,1.0583005244258363,0.36363636363636365,0.8204553543323387,111.10086111111112,0.0,23,4.0,0.1,0.0,22.0
1,NSGA3,9,0.6227169261433124,0.2941781738679058,1.2489995996796797,0.8131440500908969,2.2240604736598075,0.08049804657323555,0.6227169261433124,0.2941781738679058,1.2489995996796797,0.2909090909090909,0.8131440500908969,164.34446180555557,0.0,22,7.0,0.125,0.0,19.0
1,NSGA3,10,0.612523029048206,0.2914637547516842,1.0392304845413265,0.5818079956480926,1.5857307808016503,0.0757677257854832,0.612523029048206,0.2914637547516842,1.0392304845413265,0.37209302325581395,0.5818079956480926,40.02224305555555,0.0,24,4.0,0.075,0.3333333333333333,23.0
1,NSGA3,11,0.618945813848564,0.32689276499986086,1.1832159566199234,0.7140306957815268,1.2018910497549236,0.0787723237445345,0.618945813848564,0.32689276499986086,1.1832159566199234,0.3137254901960784,0.7140306957815268,4.496277777777778,0.0,20,5.0,0.1,0.0,15.0
1,NSGA3,12,0.6257784574305665,0.2995738944237112,1.3266499161421599,0.7846074501886611,1.9971107385478892,0.07475731947015618,0.6257784574305665,0.2995738944237112,1.3266499161421599,0.26666666666666666,0.7846074501886611,128.39343402777777,0.0,22,8.0,0.075,0.0,17.0
1,NSGA3,13,0.6027805532762589,0.31888976443993944,0.938083151964686,0.671708444468538,1.837259513551555,0.07275514569351804,0.6027805532762589,0.31888976443993944,0.938083151964686,0.42105263157894735,0.671708444468538,58.22863194444445,0.0,27,4.0,0.075,0.0,25.0
1,NSGA3,14,0.6279072104046635,0.2965781520880075,1.2328828005937953,0.8221593875082442,2.3162952031233344,0.08201079307946599,0.6279072104046635,0.2965781520880075,1.2328828005937953,0.2962962962962963,0.8221593875082442,181.10249652777776,0.0,21,6.0,0.1,0.25,24.0
1,NSGA3,15,0.6386194162612508,0.27711708104008126,1.1832159566199234,0.6731162168234768,2.068775303560723,0.08114243176700789,0.6386194162612508,0.27711708104008126,1.1832159566199234,0.3137254901960784,0.6731162168234768,208.38739930555553,0.0,23,6.0,0.075,0.0,24.0
1,NSGA3,16,0.629067612019503,0.3023828606606907,1.2000000000000002,0.6469238198941074,1.6046612229201949,0.07557725970333984,0.629067612019503,0.3023828606606907,1.2000000000000002,0.3076923076923077,0.6469238198941074,41.18488541666666,0.0,22,6.0,0.1,0.0,21.0
1,NSGA3,17,0.6233091231598167,0.32103015094685106,1.2165525060596438,0.6525660093101169,1.2813023490401378,0.0770655839270566,0.6233091231598167,0.32103015094685106,1.2165525060596438,0.3018867924528302,0.6525660093101169,5.214006944444444,0.0,22,5.0,0.1,0.25,20.0
1,NSGA3,18,0.6144485679109591,0.31034633280433205,1.2,0.711676791717818,1.224159340800267,0.08208132346437291,0.6144485679109591,0.31034633280433205,1.2,0.3076923076923077,0.711676791717818,38.76876388888889,0.0,22,5.0,0.125,0.2,14.0
1,NSGA3,19,0.6275160992503892,0.3095432418347472,1.216552506059644,0.8208680952226043,2.2298058847163107,0.07982511651756914,0.6275160992503892,0.3095432418347472,1.216552506059644,0.3018867924528302,0.8208680952226043,181.89977430555558,0.0,23,6.0,0.1,0.25,20.0
1,NSGA3,20,0.6314737058939155,0.305716097877215,1.2489995996796797,0.7198114064675568,1.724495251839746,0.07395347252069313,0.6314737058939155,0.305716097877215,1.2489995996796797,0.2909090909090909,0.7198114064675568,75.00762152777779,0.0,21,6.0,0.075,0.0,19.0
1,NSGA3,21,0.6239408839443156,0.278146612738542,1.131370849898476,0.6947490748412095,1.9516714819145515,0.07846587373998638,0.6239408839443156,0.278146612738542,1.131370849898476,0.3333333333333333,0.6947490748412095,109.50578472222222,0.0,22,5.0,0.1,0.0,20.0
1,NSGA3,22,0.621758623000561,0.28358145528983647,1.32664991614216,0.758733263405249,1.9871167944696744,0.0787886315599498,0.621758623000561,0.28358145528983647,1.32664991614216,0.26666666666666666,0.758733263405249,128.5277986111111,0.0,19,6.0,0.1,0.25,23.0
1,NSGA3,23,0.6324445380513171,0.3210475958944015,1.148912529307606,0.7832967914193902,2.1373632279394634,0.07966516863960754,0.6324445380513171,0.3210475958944015,1.148912529307606,0.32653061224489793,0.7832967914193902,144.55329513888887,0.0,22,5.0,0.1,0.0,23.0
1,NSGA3,24,0.6276705593646392,0.3152395241103496,1.0770329614269007,0.7797487298817106,2.426316433355225,0.0771108950466478,0.6276705593646392,0.3152395241103496,1.0770329614269007,0.35555555555555557,0.7797487298817106,200.58464930555556,0.0,23,5.0,0.1,0.0,20.0
1,NSGA3,25,0.577334342485123,0.3154152654552299,1.0,0.7896645413330136,1.8461674473922511,0.07775495635233484,0.577334342485123,0.3154152654552299,1.0,0.3902439024390244,0.7896645413330136,75.77112152777778,0.0,25,4.0,0.125,0.2,15.0
1,NSGA3,26,0.5919648360165267,0.3001115139366951,1.1661903789690602,0.7777775311664201,2.0835533564254827,0.07715881092634996,0.5919648360165267,0.3001115139366951,1.1661903789690602,0.32,0.7777775311664201,129.07099305555556,0.0,21,5.0,0.075,0.0,25.0
1,NSGA3,27,0.6288896381088864,0.3220766979386754,1.1489125293076057,0.6984250088706314,1.5566829285450456,0.07362956686235256,0.6288896381088864,0.3220766979386754,1.1489125293076057,0.32653061224489793,0.6984250088706314,128.14428472222224,0.0,25,6.0,0.1,0.25,27.0
1,NSGA3,28,0.6265092886986409,0.31400105706027936,1.1661903789690604,0.7978639020498075,2.2631227244640906,0.08284080512251787,0.6265092886986409,0.31400105706027936,1.1661903789690604,0.32,0.7978639020498075,208.9584409722222,0.0,22,6.0,0.1,0.25,20.0
1,NSGA3,29,0.6271504621995028,0.28821514866797054,1.1489125293076057,0.7112612291679883,2.2660849733569997,0.07805864403230117,0.6271504621995028,0.28821514866797054,1.1489125293076057,0.32653061224489793,0.7112612291679883,146.17227777777777,0.0,22,5.0,0.075,0.0,23.0
1,PAA-NSGA-II,0,0.6199691719669083,0.27109076260212983,1.5491933384829668,0.6924428865210489,2.2836384860248793,0.05103633243747892,0.6199691719669083,0.27109076260212983,1.5491933384829668,0.21052631578947367,0.6924428865210489,227.08584375,0.0,18,9.0,0.15,0.0,60.0
1,PAA-NSGA-II,1,0.6180385128418118,0.2702233760376568,1.3564659966250536,0.6199969071714528,2.5133834858427724,0.052809446833220815,0.6180385128418118,0.2702233760376568,1.3564659966250536,0.25806451612903225,0.6199969071714528,322.5342465277777,0.0,20,7.0,0.125,0.0,60.0
1,PAA-NSGA-II,2,0.6167777080773373,0.2840110291766913,1.5362291495737217,0.7024775033631511,2.1661335036636977,0.04919053315279354,0.6167777080773373,0.2840110291766913,1.5362291495737217,0.21333333333333335,0.7024775033631511,127.64323263888889,0.0,16,8.0,0.075,0.0,60.0
1,PAA-NSGA-II,3,0.5708564780507512,0.31915489430303035,1.3564659966250538,0.6338509779329493,1.6602911838102865,0.045530200772382595,0.5708564780507512,0.31915489430303035,1.3564659966250538,0.25806451612903225,0.6338509779329493,182.6347326388888,0.0,20,8.0,0.075,0.0,60.0
1,PAA-NSGA-II,4,0.6294276741375348,0.2695569169745999,1.5874507866387546,0.6941274567006547,2.3946810820737965,0.049785252842587634,0.6294276741375348,0.2695569169745999,1.5874507866387546,0.20253164556962025,0.6941274567006547,262.00646180555555,0.0,17,9.0,0.125,0.0,60.0
1,PAA-NSGA-II,5,0.6487757952793599,0.3112466093250435,1.2489995996796797,0.6656817103178956,2.6093728540687353,0.052520067295334545,0.6487757952793599,0.3112466093250435,1.2489995996796797,0.2909090909090909,0.6656817103178956,226.06923611111105,0.0,20,5.0,0.075,0.0,60.0
1,PAA-NSGA-II,6,0.6512384635869355,0.2996451529209979,1.4000000000000001,0.6773915464254054,2.8565291196587035,0.043183913027864416,0.6512384635869355,0.2996451529209979,1.4000000000000001,0.24615384615384617,0.6773915464254054,429.7488888888887,0.0,19,7.0,0.1,0.0,60.0
1,PAA-NSGA-II,7,0.6366595025357414,0.3097966058731556,1.385640646055102,0.8024327432012758,2.893777459411832,0.04436591420867805,0.6366595025357414,0.3097966058731556,1.385640646055102,0.25,0.8024327432012758,251.6057777777778,0.0,18,6.0,0.1,0.0,60.0
1,PAA-NSGA-II,8,0.6433598228564813,0.30277240520308835,1.61245154965971,0.7492254691153143,2.20674651023401,0.051108038304448614,0.6433598228564813,0.30277240520308835,1.61245154965971,0.19753086419753085,0.7492254691153143,164.1948541666667,0.0,16,9.0,0.1,0.0,60.0
1,PAA-NSGA-II,9,0.6380653888813925,0.3146680387734154,1.28062484748657,0.7009325197544374,2.6566342000684715,0.04735983025123004,0.6380653888813925,0.3146680387734154,1.28062484748657,0.2807017543859649,0.7009325197544374,263.4673923611111,0.0,22,7.0,0.1,0.0,60.0
1,PAA-NSGA-II,10,0.6375212662645282,0.30341742314623865,1.2000000000000002,0.718231843079064,3.35707963393894,0.05154707661430319,0.6375212662645282,0.30341742314623865,1.2000000000000002,0.3076923076923077,0.718231843079064,509.296392361111,0.0,21,6.0,0.075,0.3333333333333333,60.0
1,PAA-NSGA-II,11,0.6188680808314017,0.26875854694128365,1.4832396974191329,0.6528328235470238,2.3727695846029375,0.05066901542694164,0.6188680808314017,0.26875854694128365,1.4832396974191329,0.22535211267605634,0.6528328235470238,225.41029861111105,0.0,16,7.0,0.15,0.16666666666666666,60.0
1,PAA-NSGA-II,12,0.5816597224757805,0.2933831931789326,1.6613247725836147,0.7872399076440292,2.1317203387680506,0.04673866614178412,0.5816597224757805,0.2933831931789326,1.6613247725836147,0.18823529411764706,0.7872399076440292,146.647375,0.0,16,8.0,0.15,0.16666666666666666,60.0
1,PAA-NSGA-II,13,0.6267280154838881,0.29250067596681656,1.624807680927192,0.7565860291374986,1.9921827149586817,0.051338990312666644,0.6267280154838881,0.29250067596681656,1.624807680927192,0.1951219512195122,0.7565860291374986,127.59894097222222,0.0,15,9.0,0.1,0.0,60.0
1,PAA-NSGA-II,14,0.5702015728350225,0.2948748816580428,1.4142135623730951,0.6120092987764998,2.603974017399262,0.04188053590214167,0.5702015728350225,0.2948748816580428,1.4142135623730951,0.24242424242424243,0.6120092987764998,280.3763819444444,0.0,21,8.0,0.15,0.0,60.0
1,PAA-NSGA-II,15,0.6327619702253682,0.2829825274342067,1.5362291495737217,0.7019753356716101,2.776348559069806,0.04065083382383445,0.6327619702253682,0.2829825274342067,1.5362291495737217,0.21333333333333335,0.7019753356716101,341.2618402777777,0.0,19,8.0,0.1,0.25,60.0
1,PAA-NSGA-II,16,0.6436973785533333,0.3411539259445972,1.3564659966250538,0.6977159643251897,2.664603585333525,0.050902663803707865,0.6436973785533333,0.3411539259445972,1.3564659966250538,0.25806451612903225,0.6977159643251897,245.19179166666663,0.0,17,6.0,0.075,0.0,60.0
1,PAA-NSGA-II,17,0.6455585880120344,0.2988317509740896,1.5362291495737217,0.7095475012236885,2.627345477472262,0.04510310832441964,0.6455585880120344,0.2988317509740896,1.5362291495737217,0.21333333333333335,0.7095475012236885,244.13216666666662,0.0,18,9.0,0.075,0.0,60.0
1,PAA-NSGA-II,18,0.6438446794022528,0.3007710687897792,1.216552506059644,0.7137755097059838,2.541070132536528,0.052822681751966374,0.6438446794022528,0.3007710687897792,1.216552506059644,0.3018867924528302,0.7137755097059838,198.91049305555558,0.0,22,6.0,0.1,0.0,60.0
1,PAA-NSGA-II,19,0.5621376583069706,0.357260189789519,1.1832159566199234,0.6857402841313878,2.287752179697071,0.04617173363585888,0.5621376583069706,0.357260189789519,1.1832159566199234,0.3137254901960784,0.6857402841313878,163.35718055555557,0.0,21,4.0,0.1,0.0,60.0
1,PAA-NSGA-II,20,0.6488171803714323,0.32292570331698534,1.4832396974191326,0.669266616987201,2.075065381081049,0.05061733466382172,0.6488171803714323,0.32292570331698534,1.4832396974191326,0.22535211267605634,0.669266616987201,127.25399305555554,0.0,17,6.0,0.075,0.0,60.0
1,PAA-NSGA-II,21,0.6321289568369078,0.2696370038413004,1.3711309200802089,0.598869533771458,2.8344046191701393,0.044438859223208026,0.6321289568369078,0.2696370038413004,1.3711309200802089,0.25396825396825395,0.598869533771458,324.87061111111103,0.0,19,7.0,0.1,0.0,60.0
1,PAA-NSGA-II,22,0.6306115153838189,0.312902870163177,1.4832396974191329,0.6849304348522465,2.2460986348549263,0.051032995537305975,0.6306115153838189,0.312902870163177,1.4832396974191329,0.22535211267605634,0.6849304348522465,182.9393888888889,0.0,19,8.0,0.075,0.0,60.0
1,PAA-NSGA-II,23,0.605362844123008,0.3187568552147985,1.3416407864998738,0.718215018246493,2.780483092888494,0.049304961223306076,0.605362844123008,0.3187568552147985,1.3416407864998738,0.26229508196721313,0.718215018246493,412.32456249999996,0.0,19,6.0,0.05,0.0,60.0
1,PAA-NSGA-II,24,0.6294250950558922,0.27322178837222194,1.50996688705415,0.6272478134215708,2.3965593137409558,0.04812401535883116,0.6294250950558922,0.27322178837222194,1.50996688705415,0.2191780821917808,0.6272478134215708,304.91053819444437,0.0,17,8.0,0.1,0.0,60.0
1,PAA-NSGA-II,25,0.5965888357018392,0.3351923125027961,1.4832396974191326,0.7951916592797612,2.836906247903805,0.038366653918284296,0.5965888357018392,0.3351923125027961,1.4832396974191326,0.22535211267605634,0.7951916592797612,254.18929861111116,0.0,19,8.0,0.05,0.0,60.0
1,PAA-NSGA-II,26,0.6343446876381894,0.3436441063622526,1.4560219778561037,0.7675572226619692,2.43513183784907,0.04576572467692881,0.6343446876381894,0.3436441063622526,1.4560219778561037,0.2318840579710145,0.7675572226619692,165.36415277777778,0.0,18,7.0,0.1,0.25,60.0
1,PAA-NSGA-II,27,0.5534185585910795,0.30041454385698463,1.3564659966250538,0.6331116116200175,1.5740297530123044,0.05637567988475329,0.5534185585910795,0.30041454385698463,1.3564659966250538,0.25806451612903225,0.6331116116200175,41.73313888888888,0.0,23,7.0,0.225,0.2222222222222222,60.0
1,PAA-NSGA-II,28,0.5848922790227586,0.31443127627613243,1.3416407864998738,0.7014304369325612,1.764662934070003,0.06338495784596426,0.5848922790227586,0.31443127627613243,1.3416407864998738,0.26229508196721313,0.7014304369325612,92.2689826388889,0.0,21,7.0,0.125,0.2,60.0
1,PAA-NSGA-II,29,0.5997763758252985,0.31741577272595173,1.4282856857085702,0.7526138918236482,2.629820212027351,0.04900081861222235,0.5997763758252985,0.31741577272595173,1.4282856857085702,0.23880597014925373,0.7526138918236482,233.91012847222223,0.0,22,8.0,0.1,0.25,60.0
1,PAA-noPriority,0,0.6364310374213599,0.3057133725790645,1.0,0.6319831884519795,3.238458237363269,0.04933237561635701,0.6364310374213599,0.3057133725790645,1.0,0.3902439024390244,0.6319831884519795,349.8218506944444,0.0,25,4.0,0.125,0.0,60.0
1,PAA-noPriority,1,0.5871692362727525,0.31220394876940255,1.2649110640673518,0.5446477689939859,2.064210706394733,0.042757888233449344,0.5871692362727525,0.31220394876940255,1.2649110640673518,0.2857142857142857,0.5446477689939859,132.36523958333336,0.0,19,5.0,0.125,0.2,60.0
1,PAA-noPriority,2,0.5524173436735641,0.3043280934989223,1.4696938456699071,0.5833998127449924,1.1745714632212185,0.03873474407179586,0.5524173436735641,0.3043280934989223,1.4696938456699071,0.22857142857142856,0.5833998127449924,38.76388541666667,0.0,17,7.0,0.05,0.0,60.0
1,PAA-noPriority,3,0.6005469486734514,0.29577755845450193,1.1661903789690602,0.5831739802251105,2.959439719657638,0.03942999008807609,0.6005469486734514,0.29577755845450193,1.1661903789690602,0.32,0.5831739802251105,299.2553263888889,0.0,21,4.0,0.125,0.0,60.0
1,PAA-noPriority,4,0.5610189954057423,0.33547796386569734,1.1135528725660044,0.6408137398294189,2.600448624140715,0.040468867536345085,0.5610189954057423,0.33547796386569734,1.1135528725660044,0.3404255319148936,0.6408137398294189,395.5663888888888,0.0,23,5.0,0.05,0.0,60.0
1,PAA-noPriority,5,0.5961181329157167,0.29755241322915704,1.216552506059644,0.5493534803272379,2.609520013046351,0.038259688143130306,0.5961181329157167,0.29755241322915704,1.216552506059644,0.3018867924528302,0.5493534803272379,260.93412847222214,0.0,23,6.0,0.125,0.2,60.0
1,PAA-noPriority,6,0.5871710538008177,0.3185105570677111,0.9591663046625439,0.5121553741105016,2.1417495889010842,0.043297298589097914,0.5871710538008177,0.3185105570677111,0.9591663046625439,0.41025641025641024,0.5121553741105016,156.4531215277777,0.0,25,3.0,0.1,0.0,60.0
1,PAA-noPriority,7,0.5530125838723794,0.3490982115167929,1.1832159566199234,0.6961216524443922,2.1869983072593144,0.04991775576944149,0.5530125838723794,0.3490982115167929,1.1832159566199234,0.3137254901960784,0.6961216524443922,281.61868749999996,0.0,23,6.0,0.125,0.4,60.0
1,PAA-noPriority,8,0.6224800304107305,0.33230429990013033,1.0954451150103324,0.5538420150974248,2.0756242369532942,0.04840355290459698,0.6224800304107305,0.33230429990013033,1.0954451150103324,0.34782608695652173,0.5538420150974248,227.7417881944444,0.0,24,5.0,0.1,0.0,60.0
1,PAA-noPriority,9,0.5287132895875948,0.39129745211334027,0.9380831519646861,0.6569095025894307,1.9093960364829727,0.03909963499070091,0.5287132895875948,0.39129745211334027,0.9380831519646861,0.42105263157894735,0.6569095025894307,61.01185416666666,0.0,25,3.0,0.075,0.3333333333333333,60.0
1,PAA-noPriority,10,0.5828690632294313,0.320103341506777,1.2489995996796797,0.5401393826568898,2.049681376284751,0.04768527362087233,0.5828690632294313,0.320103341506777,1.2489995996796797,0.2909090909090909,0.5401393826568898,145.22122222222225,0.0,21,6.0,0.025,0.0,60.0
1,PAA-noPriority,11,0.5480612293139077,0.3240630030238671,1.1313708498984762,0.7140724283892828,2.3184818124742277,0.0454364152423994,0.5480612293139077,0.3240630030238671,1.1313708498984762,0.3333333333333333,0.7140724283892828,180.93890277777777,0.0,24,6.0,0.15,0.5,60.0
1,PAA-noPriority,12,0.5815262652470519,0.3619486304457478,1.019803902718557,0.6603485558214094,2.9852367006662823,0.032193325613121125,0.5815262652470519,0.3619486304457478,1.019803902718557,0.38095238095238093,0.6603485558214094,187.44152083333336,0.0,24,3.0,0.1,0.25,60.0
1,PAA-noPriority,13,0.5589471138819766,0.32275958505966434,1.3266499161421599,0.4991636943956738,1.8207599184932852,0.0355643466807775,0.5589471138819766,0.32275958505966434,1.3266499161421599,0.26666666666666666,0.4991636943956738,93.45119097222222,0.0,22,7.0,0.1,0.0,60.0
1,PAA-noPriority,14,0.5778062455067625,0.31327896555159584,1.0954451150103324,0.49359687557031917,2.9921927477959143,0.03248792566604067,0.5778062455067625,0.31327896555159584,1.0954451150103324,0.34782608695652173,0.49359687557031917,390.0472638888888,0.0,22,4.0,0.1,0.25,60.0
1,PAA-noPriority,15,0.6302924053349408,0.33248351371469803,1.0954451150103324,0.592399033084714,3.244137641868511,0.03110732357957958,0.6302924053349408,0.33248351371469803,1.0954451150103324,0.34782608695652173,0.592399033084714,398.7103923611111,0.0,23,5.0,0.1,0.25,60.0
1,PAA-noPriority,16,0.5904553494146061,0.32380607791955207,1.1661903789690602,0.7365952240877369,3.423565508224196,0.043539910637668065,0.5904553494146061,0.32380607791955207,1.1661903789690602,0.32,0.7365952240877369,499.40598263888876,0.0,22,4.0,0.075,0.0,60.0
1,PAA-noPriority,17,0.5667498835031031,0.3292986493167107,1.1489125293076057,0.553117511554169,1.950698625070777,0.04532494184355717,0.5667498835031031,0.3292986493167107,1.1489125293076057,0.32653061224489793,0.553117511554169,112.56055208333335,0.0,20,4.0,0.1,0.0,60.0
1,PAA-noPriority,18,0.592495612849764,0.33009055209202176,1.0392304845413265,0.6650855564491229,2.457695596173347,0.046420949240801423,0.592495612849764,0.33009055209202176,1.0392304845413265,0.37209302325581395,0.6650855564491229,163.60700000000003,0.0,24,4.0,0.1,0.25,60.0
1,PAA-noPriority,19,0.6217306810049112,0.34316102879527993,1.019803902718557,0.6225931369928116,2.60993992639441,0.043777188760164114,0.6217306810049112,0.34316102879527993,1.019803902718557,0.38095238095238093,0.6225931369928116,229.80920486111108,0.0,25,4.0,0.1,0.0,60.0
1,PAA-noPriority,20,0.6384380975495703,0.30434853690835645,1.3564659966250538,0.5763320883362784,2.2301151802216723,0.048728077919978574,0.6384380975495703,0.30434853690835645,1.3564659966250538,0.25806451612903225,0.5763320883362784,174.77181944444442,0.0,22,7.0,0.075,0.0,60.0
1,PAA-noPriority,21,0.5867858559541659,0.26944647278188355,1.2000000000000002,0.591524692502597,3.2627252668186353,0.03759933547098977,0.5867858559541659,0.26944647278188355,1.2000000000000002,0.3076923076923077,0.591524692502597,414.41017013888876,0.0,21,4.0,0.1,0.25,60.0
1,PAA-noPriority,22,0.5453232173453524,0.3739939393300775,0.9380831519646861,0.6965017228026585,1.981568025395586,0.041826347568265435,0.5453232173453524,0.3739939393300775,0.9380831519646861,0.42105263157894735,0.6965017228026585,111.43071527777776,0.0,26,4.0,0.125,0.4,60.0
1,PAA-noPriority,23,0.5928034682969137,0.28132443833752824,1.0954451150103324,0.6285601096050627,3.1687139580746395,0.04087489387553907,0.5928034682969137,0.28132443833752824,1.0954451150103324,0.34782608695652173,0.6285601096050627,290.51455208333334,0.0,23,4.0,0.125,0.0,60.0
1,PAA-noPriority,24,0.607650611325979,0.28732389244096257,1.5491933384829668,0.5892430480608839,1.81090094270001,0.04750364843970737,0.607650611325979,0.28732389244096257,1.5491933384829668,0.21052631578947367,0.5892430480608839,93.41575347222222,0.0,17,8.0,0.15,0.0,60.0
1,PAA-noPriority,25,0.6100393282905774,0.30120269545158596,1.2165525060596438,0.7071902903855195,2.441977132450223,0.05774405271870753,0.6100393282905774,0.30120269545158596,1.2165525060596438,0.3018867924528302,0.7071902903855195,163.62075,0.0,21,5.0,0.1,0.25,60.0
1,PAA-noPriority,26,0.6334524420661383,0.31039503957055814,1.264911064067352,0.6028924722823061,3.0363505787892846,0.042902903100126545,0.6334524420661383,0.31039503957055814,1.264911064067352,0.2857142857142857,0.6028924722823061,448.2419791666666,0.0,21,6.0,0.075,0.0,60.0
1,PAA-noPriority,27,0.6029572841820339,0.32193123366201587,1.0583005244258363,0.6589051033747642,2.5100163885533737,0.05084435262664468,0.6029572841820339,0.32193123366201587,1.0583005244258363,0.36363636363636365,0.6589051033747642,289.85618055555545,0.0,23,4.0,0.075,0.0,60.0
1,PAA-noPriority,28,0.5595066945794391,0.3169664447243386,1.077032961426901,0.6549073955419769,2.688328954255065,0.042937178487414754,0.5595066945794391,0.3169664447243386,1.077032961426901,0.35555555555555557,0.6549073955419769,278.57411458333326,0.0,22,4.0,0.175,0.2857142857142857,60.0
1,PAA-noPriority,29,0.5864734352998446,0.2767466630004599,1.216552506059644,0.5795213014964591,2.4170265775975714,0.04511428240390646,0.5864734352998446,0.2767466630004599,1.216552506059644,0.3018867924528302,0.5795213014964591,261.0414930555555,0.0,21,5.0,0.1,0.0,60.0
1,PAA-noAdaptive,0,0.5703339681431026,0.32569857434088406,1.216552506059644,0.6324884338528884,1.8508780716244728,0.051971088261157324,0.5703339681431026,0.32569857434088406,1.216552506059644,0.3018867924528302,0.6324884338528884,109.71437847222224,0.0,21,5.0,0.15,0.3333333333333333,60.0
1,PAA-noAdaptive,1,0.633179374802501,0.3107397254814283,1.6852299546352716,0.7903917553460947,2.5121379970283106,0.04633959240720231,0.633179374802501,0.3107397254814283,1.6852299546352716,0.1839080459770115,0.7903917553460947,323.53030208333325,0.0,19,11.0,0.1,0.0,60.0
1,PAA-noAdaptive,2,0.6346634806509804,0.2800875547260782,1.6124515496597098,0.7132649258628925,2.636214232581755,0.03814024013573919,0.6346634806509804,0.2800875547260782,1.6124515496597098,0.19753086419753085,0.7132649258628925,233.91763541666668,0.0,20,10.0,0.1,0.0,60.0
1,PAA-noAdaptive,3,0.6254744939877858,0.28644730529379353,1.5874507866387544,0.7389462102160872,2.703026259146417,0.045098795464284046,0.6254744939877858,0.28644730529379353,1.5874507866387544,0.20253164556962025,0.7389462102160872,322.89376388888877,0.0,17,9.0,0.075,0.0,60.0
1,PAA-noAdaptive,4,0.5761980666435018,0.2840740868477436,1.4282856857085702,0.6118481663696465,2.1680027669039,0.05226593194371469,0.5761980666435018,0.2840740868477436,1.4282856857085702,0.23880597014925373,0.6118481663696465,146.21479166666668,0.0,20,8.0,0.1,0.0,60.0
1,PAA-noAdaptive,5,0.6221712744904092,0.3222240326456661,1.6970562748477138,0.8579137981620957,2.438230957958006,0.04188963862553823,0.6221712744904092,0.3222240326456661,1.6970562748477138,0.18181818181818182,0.8579137981620957,199.79411111111114,0.0,17,10.0,0.125,0.4,60.0
1,PAA-noAdaptive,6,0.5677534969951423,0.3721673909310932,1.077032961426901,0.7649116580070362,2.6912594130749494,0.04049597665319033,0.5677534969951423,0.3721673909310932,1.077032961426901,0.35555555555555557,0.7649116580070362,265.4714236111111,0.0,25,5.0,0.125,0.0,60.0
1,PAA-noAdaptive,7,0.6305688497052065,0.3121759762098509,1.4000000000000001,0.7510926888385079,2.3857369208915196,0.04256252327756345,0.6305688497052065,0.3121759762098509,1.4000000000000001,0.24615384615384617,0.7510926888385079,287.85234374999993,0.0,19,8.0,0.1,0.0,60.0
1,PAA-noAdaptive,8,0.6175077222797966,0.2884176839113409,1.6613247725836147,0.7039956650697821,2.3934712673204688,0.04875921407875155,0.6175077222797966,0.2884176839113409,1.6613247725836147,0.18823529411764706,0.7039956650697821,198.85425694444447,0.0,17,10.0,0.05,0.5,60.0
1,PAA-noAdaptive,9,0.6371140040694048,0.3079666063702695,1.3711309200802089,0.756057086983656,2.296181604746031,0.04663428743464206,0.6371140040694048,0.3079666063702695,1.3711309200802089,0.25396825396825395,0.756057086983656,145.98045833333333,0.0,21,8.0,0.075,0.0,60.0
1,PAA-noAdaptive,10,0.6328087554085654,0.3167243920623154,1.6,0.850558016945152,2.768785878755831,0.04512110756616683,0.6328087554085654,0.3167243920623154,1.6,0.2,0.850558016945152,263.57822916666663,0.0,17,8.0,0.075,0.0,60.0
1,PAA-noAdaptive,11,0.6304802279609427,0.29804493559625056,1.6613247725836147,0.6725897662646394,1.8096218865425022,0.04803075997857878,0.6304802279609427,0.29804493559625056,1.6613247725836147,0.18823529411764706,0.6725897662646394,110.09400694444443,0.0,19,10.0,0.125,0.0,60.0
1,PAA-noAdaptive,12,0.6341796886159609,0.2862755710169548,1.4142135623730951,0.6989950029636239,2.0670495015163572,0.06203342774022606,0.6341796886159609,0.2862755710169548,1.4142135623730951,0.24242424242424243,0.6989950029636239,127.77336111111113,0.0,20,8.0,0.075,0.3333333333333333,60.0
1,PAA-noAdaptive,13,0.6289429489165629,0.28468097251214325,1.4282856857085702,0.7977407915332823,2.6591286693475444,0.05011768799603986,0.6289429489165629,0.28468097251214325,1.4282856857085702,0.23880597014925373,0.7977407915332823,200.4258576388889,0.0,17,7.0,0.125,0.4,60.0
1,PAA-noAdaptive,14,0.5951206907639062,0.2791380679769959,1.3564659966250538,0.64053857584991,2.1790452945869374,0.053477436096529024,0.5951206907639062,0.2791380679769959,1.3564659966250538,0.25806451612903225,0.64053857584991,296.2177361111111,0.0,20,7.0,0.075,0.0,60.0
1,PAA-noAdaptive,15,0.6290412274145726,0.29518246176513596,1.4000000000000001,0.7718219738805159,2.8808103532533975,0.04368817616289963,0.6290412274145726,0.29518246176513596,1.4000000000000001,0.24615384615384617,0.7718219738805159,420.8184374999999,0.0,17,7.0,0.1,0.0,60.0
1,PAA-noAdaptive,16,0.6406681661618373,0.28963045889540256,1.4560219778561037,0.678012500432056,2.3841357487149457,0.050339454390161395,0.6406681661618373,0.28963045889540256,1.4560219778561037,0.2318840579710145,0.678012500432056,224.68859374999994,0.0,19,8.0,0.1,0.0,60.0
1,PAA-noAdaptive,17,0.6067034642021957,0.31146914323398567,1.7435595774162693,0.8107351938304028,1.9472102385685042,0.056856129306636055,0.6067034642021957,0.31146914323398567,1.7435595774162693,0.17391304347826086,0.8107351938304028,110.91453472222221,0.0,15,10.0,0.1,0.25,60.0
1,PAA-noAdaptive,18,0.6178174560394178,0.3024111635406397,1.5099668870541498,0.7319320368320144,2.7258139200018476,0.04618635035072263,0.6178174560394178,0.3024111635406397,1.5099668870541498,0.2191780821917808,0.7319320368320144,280.0639861111111,0.0,19,8.0,0.125,0.2,60.0
1,PAA-noAdaptive,19,0.5828969312009081,0.3586178018826991,1.2000000000000002,0.6771242755778312,1.7002075299001547,0.05441724885837153,0.5828969312009081,0.3586178018826991,1.2000000000000002,0.3076923076923077,0.6771242755778312,59.01360416666667,0.0,22,6.0,0.15,0.5,60.0
1,PAA-noAdaptive,20,0.6194044041488624,0.2752181110720585,1.562049935181331,0.6848876722612729,2.870432305337572,0.044240838898488795,0.6194044041488624,0.2752181110720585,1.562049935181331,0.2077922077922078,0.6848876722612729,475.35621875,0.0,17,9.0,0.125,0.2,60.0
1,PAA-noAdaptive,21,0.6310899439203818,0.29285163297400263,1.3114877048604003,0.7166710161566472,3.3614143232432823,0.044027909113944524,0.6310899439203818,0.29285163297400263,1.3114877048604003,0.2711864406779661,0.7166710161566472,492.5971770833332,0.0,20,7.0,0.125,0.2,60.0
1,PAA-noAdaptive,22,0.6366646086577525,0.32196975840011555,1.2165525060596438,0.7745226523445983,2.8190666208060877,0.05447259201217681,0.6366646086577525,0.32196975840011555,1.2165525060596438,0.3018867924528302,0.7745226523445983,217.5060173611111,0.0,20,5.0,0.075,0.0,60.0
1,PAA-noAdaptive,23,0.6319537141504115,0.29566690098196136,1.7204650534085253,0.8196083307760779,2.479169992933433,0.05840314830843749,0.6319537141504115,0.29566690098196136,1.7204650534085253,0.17777777777777778,0.8196083307760779,182.43770486111114,0.0,15,10.0,0.125,0.2,60.0
1,PAA-noAdaptive,24,0.6331730222267303,0.3015525376081062,1.6248076809271919,0.7913030642484806,2.583173559428995,0.04264188929768823,0.6331730222267303,0.3015525376081062,1.6248076809271919,0.1951219512195122,0.7913030642484806,200.90871180555555,0.0,18,10.0,0.075,0.0,60.0
1,PAA-noAdaptive,25,0.6236628562676388,0.2822641419873935,1.7204650534085253,0.7143154006517595,2.5142424270347523,0.04250079314408448,0.6236628562676388,0.2822641419873935,1.7204650534085253,0.17777777777777778,0.7143154006517595,332.3836631944444,0.0,20,11.0,0.125,0.2,60.0
1,PAA-noAdaptive,26,0.6377601406797626,0.29530527545258894,1.3711309200802089,0.7056586031696354,2.3404010736406584,0.0525703231204162,0.6377601406797626,0.29530527545258894,1.3711309200802089,0.25396825396825395,0.7056586031696354,165.73330555555557,0.0,19,6.0,0.125,0.2,60.0
1,PAA-noAdaptive,27,0.636141259775311,0.3005908050161789,1.2806248474865698,0.7028586814296226,2.941002022680422,0.05034356415464207,0.636141259775311,0.3005908050161789,1.2806248474865698,0.2807017543859649,0.7028586814296226,361.55049999999994,0.0,21,7.0,0.05,0.0,60.0
1,PAA-noAdaptive,28,0.6256810257169926,0.30932798392226096,1.673320053068151,0.8280466920470058,2.1388184758129887,0.05328434008961621,0.6256810257169926,0.30932798392226096,1.673320053068151,0.18604651162790697,0.8280466920470058,128.36263194444444,0.0,17,10.0,0.175,0.2857142857142857,60.0
1,PAA-noAdaptive,29,0.6091457162018588,0.2747338399477396,1.523154621172782,0.6667449729963446,1.6721905461771562,0.05050534227588951,0.6091457162018588,0.2747338399477396,1.523154621172782,0.21621621621621623,0.6667449729963446,90.76436805555554,0.0,16,8.0,0.075,0.3333333333333333,60.0
1,PAA-noSLAMut,0,0.6093234408129897,0.2850668978990355,1.9078784028338909,0.7309430341814519,1.8516631266131647,0.04431928878676002,0.6093234408129897,0.2850668978990355,1.9078784028338909,0.14953271028037382,0.7309430341814519,76.34478125,0.0,16,12.0,0.125,0.2,60.0
1,PAA-noSLAMut,1,0.5708713289875501,0.3552998907769213,1.3711309200802089,0.8117441610308372,2.028195617292284,0.045515234236288046,0.5708713289875501,0.3552998907769213,1.3711309200802089,0.25396825396825395,0.8117441610308372,111.67219097222224,0.0,20,6.0,0.125,0.2,60.0
1,PAA-noSLAMut,2,0.6457173829865287,0.3215108995207789,1.2649110640673518,0.6707907840860381,2.9374247491032675,0.041789668023440696,0.6457173829865287,0.3215108995207789,1.2649110640673518,0.2857142857142857,0.6707907840860381,413.4078402777777,0.0,20,6.0,0.075,0.0,60.0
1,PAA-noSLAMut,3,0.646241756184674,0.32443805002003395,1.4560219778561037,0.7363331977584092,2.3120407412293025,0.051487391508748336,0.646241756184674,0.32443805002003395,1.4560219778561037,0.2318840579710145,0.7363331977584092,146.7491215277778,0.0,19,7.0,0.075,0.0,60.0
1,PAA-noSLAMut,4,0.6219128741045801,0.2871863269173574,1.5748015748023623,0.6980648706158139,3.0595282513534725,0.040851597273690005,0.6219128741045801,0.2871863269173574,1.5748015748023623,0.20512820512820512,0.6980648706158139,402.9710763888889,0.0,19,9.0,0.1,0.0,60.0
1,PAA-noSLAMut,5,0.5851117543061127,0.2984517379613589,0.9797958971132714,0.5409748882245891,2.6467020285755525,0.05398298730483021,0.5851117543061127,0.2984517379613589,0.9797958971132714,0.4,0.5409748882245891,281.5720451388889,0.0,27,4.0,0.1,0.0,60.0
1,PAA-noSLAMut,6,0.6505701150614683,0.3076703818448633,1.4422205101855958,0.6926564781418695,2.501641961980611,0.052499371339393475,0.6505701150614683,0.3076703818448633,1.4422205101855958,0.23529411764705882,0.6926564781418695,225.80395833333327,0.0,20,8.0,0.125,0.2,60.0
1,PAA-noSLAMut,7,0.6468388008424157,0.3329402632012613,1.2,0.7177803052160833,2.3508982468825317,0.053792717456512505,0.6468388008424157,0.3329402632012613,1.2,0.3076923076923077,0.7177803052160833,146.67628819444445,0.0,21,5.0,0.075,0.0,60.0
1,PAA-noSLAMut,8,0.6248149106737894,0.34412934913107074,1.4000000000000001,0.8429497041960365,2.1710686251909186,0.05087234414031248,0.6248149106737894,0.34412934913107074,1.4000000000000001,0.24615384615384617,0.8429497041960365,162.82128472222223,0.0,18,7.0,0.075,0.0,60.0
1,PAA-noSLAMut,9,0.6307599043839914,0.32195042178872374,1.4282856857085702,0.696266559261475,2.3427702054218784,0.050539322075711116,0.6307599043839914,0.32195042178872374,1.4282856857085702,0.23880597014925373,0.696266559261475,148.06836111111113,0.0,19,8.0,0.1,0.0,60.0
1,PAA-noSLAMut,10,0.6516028845389693,0.2908658617503956,1.3564659966250536,0.6306844043829962,3.0707198562210425,0.045725593232139386,0.6516028845389693,0.2908658617503956,1.3564659966250536,0.25806451612903225,0.6306844043829962,279.53044444444436,0.0,18,6.0,0.1,0.0,60.0
1,PAA-noSLAMut,11,0.6443154507587601,0.313170405756602,1.32664991614216,0.7005998888747833,2.6302143229793655,0.05394851874818182,0.6443154507587601,0.313170405756602,1.32664991614216,0.26666666666666666,0.7005998888747833,287.5799999999999,0.0,20,7.0,0.075,0.0,60.0
1,PAA-noSLAMut,12,0.6345414609129387,0.30234724709265176,1.1661903789690602,0.6836501181981762,2.417604045013795,0.058658388837656374,0.6345414609129387,0.30234724709265176,1.1661903789690602,0.32,0.6836501181981762,129.31443055555556,0.0,21,5.0,0.125,0.2,60.0
1,PAA-noSLAMut,13,0.6219302672527617,0.3295567072641264,1.4,0.830514726686815,2.9557252267983345,0.04518450732634707,0.6219302672527617,0.3295567072641264,1.4,0.24615384615384617,0.830514726686815,281.9205173611111,0.0,18,5.0,0.15,0.3333333333333333,60.0
1,PAA-noSLAMut,14,0.6410697931418856,0.3222829084626702,1.3114877048604003,0.7108113861177453,2.064966051839489,0.05173566678283551,0.6410697931418856,0.3222829084626702,1.3114877048604003,0.2711864406779661,0.7108113861177453,93.20099652777778,0.0,20,6.0,0.075,0.0,60.0
1,PAA-noSLAMut,15,0.6490791012916229,0.29492050306869994,1.4422205101855958,0.7307732514666057,2.7510097676302916,0.04811870923248803,0.6490791012916229,0.29492050306869994,1.4422205101855958,0.23529411764705882,0.7307732514666057,251.73550694444444,0.0,20,8.0,0.075,0.0,60.0
1,PAA-noSLAMut,16,0.646566143676154,0.29350960127043785,1.4,0.5929257967792512,2.5244661799037553,0.04726000553458342,0.646566143676154,0.29350960127043785,1.4,0.24615384615384617,0.5929257967792512,191.16106597222216,0.0,19,6.0,0.1,0.0,60.0
1,PAA-noSLAMut,17,0.6156741920493223,0.30256380788282594,1.469693845669907,0.645736136343729,2.3439155824778197,0.05149672415456997,0.6156741920493223,0.30256380788282594,1.469693845669907,0.22857142857142856,0.645736136343729,192.65982638888883,0.0,20,8.0,0.125,0.2,60.0
1,PAA-noSLAMut,18,0.6314806396102639,0.3123815983293379,1.5620499351813308,0.8342747739472245,2.3446331741901556,0.05319740933005367,0.6314806396102639,0.3123815983293379,1.5620499351813308,0.2077922077922078,0.8342747739472245,164.51367708333333,0.0,18,9.0,0.125,0.2,60.0
1,PAA-noSLAMut,19,0.5923603498522093,0.31176369541367877,1.2806248474865698,0.6027923027469059,1.5467766542431771,0.06258356075283952,0.5923603498522093,0.31176369541367877,1.2806248474865698,0.2807017543859649,0.6027923027469059,162.1915451388889,0.0,21,6.0,0.075,0.0,60.0
1,PAA-noSLAMut,20,0.5763634009608486,0.2824102642168758,1.5491933384829668,0.7509139126464746,1.8886307857928113,0.05683136049326276,0.5763634009608486,0.2824102642168758,1.5491933384829668,0.21052631578947367,0.7509139126464746,128.032125,0.0,19,9.0,0.15,0.3333333333333333,60.0
1,PAA-noSLAMut,21,0.5673918292976933,0.3362939333117741,1.5491933384829668,0.7004212881334234,1.5376254213853293,0.04663771118451479,0.5673918292976933,0.3362939333117741,1.5491933384829668,0.21052631578947367,0.7004212881334234,92.70819791666668,0.0,18,9.0,0.05,0.5,60.0
1,PAA-noSLAMut,22,0.6326285341476873,0.3047361420661703,1.6,0.7291580747529202,2.1847812792719856,0.05382904118745614,0.6326285341476873,0.3047361420661703,1.6,0.2,0.7291580747529202,182.83561458333335,0.0,15,8.0,0.125,0.4,60.0
1,PAA-noSLAMut,23,0.6001702861678666,0.301941767267902,1.4142135623730951,0.6952906141590331,2.1181083328664423,0.049879154879799235,0.6001702861678666,0.301941767267902,1.4142135623730951,0.24242424242424243,0.6952906141590331,129.11353125,0.0,17,7.0,0.1,0.25,60.0
1,PAA-noSLAMut,24,0.6299858303393593,0.30026342949039264,1.6248076809271919,0.7282293499176984,2.3109712890364555,0.04308387673344521,0.6299858303393593,0.30026342949039264,1.6248076809271919,0.1951219512195122,0.7282293499176984,209.24648958333327,0.0,19,10.0,0.15,0.16666666666666666,60.0
1,PAA-noSLAMut,25,0.6013775235897632,0.32677195696427125,1.6124515496597098,0.7965939244046948,3.1405557287527044,0.03506239708503993,0.6013775235897632,0.32677195696427125,1.6124515496597098,0.19753086419753085,0.7965939244046948,322.79684375,0.0,18,9.0,0.175,0.42857142857142855,60.0
1,PAA-noSLAMut,26,0.6442091603693842,0.33341865647889246,1.5099668870541503,0.7822119836186797,2.4473334979345545,0.04674461923275867,0.6442091603693842,0.33341865647889246,1.5099668870541503,0.2191780821917808,0.7822119836186797,162.98624999999998,0.0,18,8.0,0.15,0.16666666666666666,60.0
1,PAA-noSLAMut,27,0.6098019569510221,0.28909901912215835,1.5099668870541503,0.6869179981904173,2.2849730189936954,0.05555029612169751,0.6098019569510221,0.28909901912215835,1.5099668870541503,0.2191780821917808,0.6869179981904173,225.3484618055555,0.0,17,8.0,0.175,0.14285714285714285,60.0
1,PAA-noSLAMut,28,0.6292787061015892,0.324135680915863,1.371130920080209,0.7810012426340627,2.2750091650127,0.057335212966897385,0.6292787061015892,0.324135680915863,1.371130920080209,0.25396825396825395,0.7810012426340627,163.56799305555555,0.0,20,7.0,0.075,0.6666666666666666,60.0
1,PAA-noSLAMut,29,0.6244334802688586,0.32239794181628134,1.5362291495737217,0.7712853217134727,2.3997479091863587,0.0492122662238407,0.6244334802688586,0.32239794181628134,1.5362291495737217,0.21333333333333335,0.7712853217134727,254.11844097222212,0.0,17,8.0,0.1,0.0,60.0
1,PAA-AdaptMut,0,0.6280151177903083,0.31050072854695304,1.469693845669907,0.8045474970071431,3.002497230511673,0.049992944085432936,0.6280151177903083,0.31050072854695304,1.469693845669907,0.22857142857142856,0.8045474970071431,385.7922013888889,0.0,18,8.0,0.15,0.16666666666666666,60.0
1,PAA-AdaptMut,1,0.643733492419737,0.30233765359280385,1.4832396974191326,0.7610303367068253,2.971705079339284,0.046690399337960264,0.643733492419737,0.30233765359280385,1.4832396974191326,0.22535211267605634,0.7610303367068253,349.91223263888884,0.0,20,9.0,0.075,0.0,60.0
1,PAA-AdaptMut,2,0.5589250912713614,0.28162166702144853,1.4142135623730951,0.6465447919953557,1.9289178066533599,0.05431980870705312,0.5589250912713614,0.28162166702144853,1.4142135623730951,0.24242424242424243,0.6465447919953557,190.37338888888885,0.0,20,8.0,0.125,0.0,60.0
1,PAA-AdaptMut,3,0.6195765745114482,0.3174064026368585,1.42828568570857,0.7586483156996311,2.519904914198572,0.04773831218105672,0.6195765745114482,0.3174064026368585,1.42828568570857,0.23880597014925373,0.7586483156996311,279.34275347222217,0.0,19,8.0,0.125,0.0,60.0
1,PAA-AdaptMut,4,0.578809058304986,0.32870355285604713,1.7204650534085253,0.7941816049183986,2.11358036812115,0.03891798908402581,0.578809058304986,0.32870355285604713,1.7204650534085253,0.17777777777777778,0.7941816049183986,146.85781249999997,0.0,16,10.0,0.075,0.0,60.0
1,PAA-AdaptMut,5,0.6398943863422797,0.3188578215659847,1.5362291495737217,0.7720565258849096,2.5860627686506534,0.04345314051194632,0.6398943863422797,0.3188578215659847,1.5362291495737217,0.21333333333333335,0.7720565258849096,227.50124999999994,0.0,18,9.0,0.1,0.0,60.0
1,PAA-AdaptMut,6,0.6069916596142017,0.2548144802353737,1.4142135623730951,0.6020113615725698,2.822633181476445,0.04014909094723513,0.6069916596142017,0.2548144802353737,1.4142135623730951,0.24242424242424243,0.6020113615725698,376.2304652777777,0.0,19,8.0,0.125,0.0,60.0
1,PAA-AdaptMut,7,0.6405479528420329,0.3135810621457342,1.4282856857085702,0.7044181208486627,2.547288888312928,0.05045760279284398,0.6405479528420329,0.3135810621457342,1.4282856857085702,0.23880597014925373,0.7044181208486627,305.67097222222213,0.0,17,7.0,0.1,0.0,60.0
1,PAA-AdaptMut,8,0.6102295221952968,0.30464628557190576,1.5231546211727818,0.8106038859757205,3.0391842839042242,0.042646553287713204,0.6102295221952968,0.30464628557190576,1.5231546211727818,0.21621621621621623,0.8106038859757205,352.29198958333336,0.0,16,7.0,0.1,0.25,60.0
1,PAA-AdaptMut,9,0.6071319173572712,0.3520029572822573,1.624807680927192,0.8277983780846198,2.1107139924342215,0.04721271322528676,0.6071319173572712,0.3520029572822573,1.624807680927192,0.1951219512195122,0.8277983780846198,163.07822569444446,0.0,18,9.0,0.1,0.25,60.0
1,PAA-AdaptMut,10,0.5702773979408574,0.38819803518855284,1.1313708498984762,0.7573728924010202,2.1503448790680864,0.04854984180211172,0.5702773979408574,0.38819803518855284,1.1313708498984762,0.3333333333333333,0.7573728924010202,147.33248958333337,0.0,21,4.0,0.05,0.0,60.0
1,PAA-AdaptMut,11,0.6063948998411378,0.32640436322180333,1.4142135623730951,0.7364731337838422,1.5484243951980323,0.06027313017047757,0.6063948998411378,0.32640436322180333,1.4142135623730951,0.24242424242424243,0.7364731337838422,75.08371527777778,0.0,20,8.0,0.1,0.25,60.0
1,PAA-AdaptMut,12,0.626941459037729,0.3098228989258174,1.385640646055102,0.761213119134182,2.0698570393674216,0.052552484598645,0.626941459037729,0.3098228989258174,1.385640646055102,0.25,0.761213119134182,128.35428125,0.0,20,7.0,0.1,0.25,60.0
1,PAA-AdaptMut,13,0.627289361199629,0.2638272483240134,1.4832396974191329,0.6368356976014198,1.9023002725598743,0.05788609649310057,0.627289361199629,0.2638272483240134,1.4832396974191329,0.22535211267605634,0.6368356976014198,94.4558263888889,0.0,17,7.0,0.125,0.0,60.0
1,PAA-AdaptMut,14,0.5737989465540299,0.30022489727029095,1.4422205101855958,0.7217448578338781,2.0477174266149554,0.05476686531805715,0.5737989465540299,0.30022489727029095,1.4422205101855958,0.23529411764705882,0.7217448578338781,177.77078125000003,0.0,20,9.0,0.1,0.0,60.0
1,PAA-AdaptMut,15,0.622734247956546,0.28262499274713554,1.6370705543744901,0.7819709081925453,2.223234856203933,0.05451924061878901,0.622734247956546,0.28262499274713554,1.6370705543744901,0.1927710843373494,0.7819709081925453,180.03620833333335,0.0,17,10.0,0.15,0.3333333333333333,60.0
1,PAA-AdaptMut,16,0.6450758836402857,0.31174840848457624,1.4142135623730951,0.7156481634326459,2.4938814932452,0.053661849715545565,0.6450758836402857,0.31174840848457624,1.4142135623730951,0.24242424242424243,0.7156481634326459,244.60607638888888,0.0,19,7.0,0.075,0.0,60.0
1,PAA-AdaptMut,17,0.6399724886134059,0.28575431973152093,1.4282856857085702,0.660148867046843,2.388992995258385,0.05036203659052473,0.6399724886134059,0.28575431973152093,1.4282856857085702,0.23880597014925373,0.660148867046843,163.73634375,0.0,15,6.0,0.075,0.0,60.0
1,PAA-AdaptMut,18,0.6381221160841226,0.32131193688694515,1.2489995996796799,0.7130279630371172,2.515173039612928,0.04801503664420828,0.6381221160841226,0.32131193688694515,1.2489995996796799,0.2909090909090909,0.7130279630371172,226.73130208333333,0.0,21,6.0,0.075,0.0,60.0
1,PAA-AdaptMut,19,0.6333337519779606,0.33170950171824687,1.2961481396815722,0.7543214316474317,3.0911938834832364,0.05163904260929615,0.6333337519779606,0.33170950171824687,1.2961481396815722,0.27586206896551724,0.7543214316474317,457.0897881944444,0.0,19,5.0,0.1,0.25,60.0
1,PAA-AdaptMut,20,0.5901140527263363,0.31649244607944144,1.4142135623730951,0.6336702008438018,2.1185812432718407,0.04049930606073925,0.5901140527263363,0.31649244607944144,1.4142135623730951,0.24242424242424243,0.6336702008438018,156.6818472222222,0.0,20,8.0,0.075,0.3333333333333333,60.0
1,PAA-AdaptMut,21,0.6236073069183492,0.2990910958218925,1.6613247725836149,0.7581205078486646,2.3112927179422487,0.046840511719563424,0.6236073069183492,0.2990910958218925,1.6613247725836149,0.18823529411764706,0.7581205078486646,192.02049652777774,0.0,15,9.0,0.1,0.25,60.0
1,PAA-AdaptMut,22,0.6395184419700625,0.28075491835563027,1.3416407864998738,0.7518533329511013,2.525985739526985,0.060094559610838844,0.6395184419700625,0.28075491835563027,1.3416407864998738,0.26229508196721313,0.7518533329511013,322.390767361111,0.0,20,7.0,0.1,0.0,60.0
1,PAA-AdaptMut,23,0.6244749416848603,0.3176559842581734,1.4832396974191326,0.8056511450643091,2.205566751495752,0.05738246170502476,0.6244749416848603,0.3176559842581734,1.4832396974191326,0.22535211267605634,0.8056511450643091,112.55446527777777,0.0,20,8.0,0.1,0.0,60.0
1,PAA-AdaptMut,24,0.6436411155452836,0.2928948284252879,1.6370705543744897,0.7759851959796646,2.797314898437214,0.05167454363675451,0.6436411155452836,0.2928948284252879,1.6370705543744897,0.1927710843373494,0.7759851959796646,236.2992951388889,0.0,19,10.0,0.1,0.0,60.0
1,PAA-AdaptMut,25,0.6442206393189871,0.3095883107429349,1.4696938456699071,0.7420303547004241,2.337982639393958,0.04954884635804929,0.6442206393189871,0.3095883107429349,1.4696938456699071,0.22857142857142856,0.7420303547004241,127.9845625,0.0,17,7.0,0.125,0.2,60.0
1,PAA-AdaptMut,26,0.6327595019111654,0.2771584415376146,1.624807680927192,0.7243472789720565,2.8480603142588556,0.04396487779418233,0.6327595019111654,0.2771584415376146,1.624807680927192,0.1951219512195122,0.7243472789720565,252.48323611111113,0.0,17,9.0,0.1,0.0,60.0
1,PAA-AdaptMut,27,0.6103813199467112,0.29627457904244375,1.2489995996796797,0.602986968933471,2.859608252241227,0.04634498367844675,0.6103813199467112,0.29627457904244375,1.2489995996796797,0.2909090909090909,0.602986968933471,265.08902777777774,0.0,22,6.0,0.1,0.0,60.0
1,PAA-AdaptMut,28,0.6139634234072202,0.26763487527655483,1.4560219778561037,0.6168193987483598,2.2437191275766137,0.05452977302829527,0.6139634234072202,0.26763487527655483,1.4560219778561037,0.2318840579710145,0.6168193987483598,225.3491944444444,0.0,20,8.0,0.1,0.5,60.0
1,PAA-AdaptMut,29,0.6387581921932316,0.2910265785871197,1.5491933384829668,0.7374278313983593,2.5992134532913767,0.050120460351353265,0.6387581921932316,0.2910265785871197,1.5491933384829668,0.21052631578947367,0.7374278313983593,260.74454513888884,0.0,18,9.0,0.1,0.0,60.0
1,NSGA3-PrioInit,0,0.590616084446084,0.3086253805904079,1.0954451150103324,0.7196126640369348,1.6296046411775862,0.07098503214410926,0.590616084446084,0.3086253805904079,1.0954451150103324,0.34782608695652173,0.7196126640369348,40.84312152777778,0.0,24,5.0,0.075,0.0,19.0
1,NSGA3-PrioInit,1,0.6164662626842685,0.2850174982507716,1.2961481396815722,0.6623050606782793,1.56943442854003,0.06837686473680141,0.6164662626842685,0.2850174982507716,1.2961481396815722,0.27586206896551724,0.6623050606782793,101.97029861111106,0.0,20,6.0,0.125,0.0,16.0
1,NSGA3-PrioInit,2,0.6317582709054615,0.2766677746346439,1.3564659966250538,0.7503744074495191,2.3676895376277978,0.07424366688660353,0.6317582709054615,0.2766677746346439,1.3564659966250538,0.25806451612903225,0.7503744074495191,163.87041319444447,0.0,19,7.0,0.125,0.0,17.0
1,NSGA3-PrioInit,3,0.6239079489081346,0.3244385703039107,1.3711309200802089,0.670379384487869,1.2738762813663884,0.0732553861348065,0.6239079489081346,0.3244385703039107,1.3711309200802089,0.25396825396825395,0.670379384487869,21.63399652777777,0.0,21,8.0,0.125,0.0,19.0
1,NSGA3-PrioInit,4,0.6364837855750256,0.2804018945367262,1.4832396974191326,0.7110143082160577,2.0167727416344037,0.06878870981521946,0.6364837855750256,0.2804018945367262,1.4832396974191326,0.22535211267605634,0.7110143082160577,146.50859722222225,0.0,18,8.0,0.125,0.0,15.0
1,NSGA3-PrioInit,5,0.625526764250037,0.2828112607279136,1.5099668870541498,0.6884213593407372,2.0707911954831277,0.06314692787588203,0.625526764250037,0.2828112607279136,1.5099668870541498,0.2191780821917808,0.6884213593407372,182.03450000000004,0.0,19,9.0,0.05,0.0,17.0
1,NSGA3-PrioInit,6,0.6343658771989389,0.27791387583848587,1.3711309200802089,0.6995899203387216,1.8033058431464375,0.07177866929941372,0.6343658771989389,0.27791387583848587,1.3711309200802089,0.25396825396825395,0.6995899203387216,110.55959722222221,0.0,21,7.0,0.075,0.0,14.0
1,NSGA3-PrioInit,7,0.5788406352921566,0.2898580048159951,1.4422205101855958,0.8157300786853371,2.024503052485991,0.07034718132082614,0.5788406352921566,0.2898580048159951,1.4422205101855958,0.23529411764705882,0.8157300786853371,128.89324652777776,0.0,19,8.0,0.05,0.0,14.0
1,NSGA3-PrioInit,8,0.6277534068111252,0.3077379372942783,1.0954451150103324,0.6424332619311764,1.5129423837001539,0.07728582481975174,0.6277534068111252,0.3077379372942783,1.0954451150103324,0.34782608695652173,0.6424332619311764,40.46890972222222,0.0,23,4.0,0.075,0.0,19.0
1,NSGA3-PrioInit,9,0.628028376215131,0.27488134805349523,1.2961481396815722,0.7200609981298667,2.146031873337439,0.07886737874542765,0.628028376215131,0.27488134805349523,1.2961481396815722,0.27586206896551724,0.7200609981298667,224.6073958333333,0.0,22,7.0,0.1,0.0,19.0
1,NSGA3-PrioInit,10,0.6175389196429577,0.2861313546143577,1.4142135623730951,0.6975139358063742,1.4907414858294676,0.07362629061776407,0.6175389196429577,0.2861313546143577,1.4142135623730951,0.24242424242424243,0.6975139358063742,74.04986111111111,0.0,19,6.0,0.1,0.0,15.0
1,NSGA3-PrioInit,11,0.6325369530484479,0.3394483138105568,1.3114877048604001,0.7384145587089372,1.3756570252152995,0.0823567180566141,0.6325369530484479,0.3394483138105568,1.3114877048604001,0.2711864406779661,0.7384145587089372,22.141038194444437,0.0,20,7.0,0.1,0.0,24.0
1,NSGA3-PrioInit,12,0.638788386686112,0.30392592647611594,1.469693845669907,0.7247916341643321,1.289250638546229,0.07650309203453075,0.638788386686112,0.30392592647611594,1.469693845669907,0.22857142857142856,0.7247916341643321,38.21653472222222,0.0,18,8.0,0.1,0.25,16.0
1,NSGA3-PrioInit,13,0.6308468072744484,0.3207467375044056,1.2489995996796797,0.718013022538266,1.5449423928776493,0.07880594469638666,0.6308468072744484,0.3207467375044056,1.2489995996796797,0.2909090909090909,0.718013022538266,56.01362847222221,0.0,21,6.0,0.125,0.0,15.0
1,NSGA3-PrioInit,14,0.6337732211630943,0.31537144627561836,1.3416407864998738,0.7083413780854828,1.2810525275646025,0.08255114108456338,0.6337732211630943,0.31537144627561836,1.3416407864998738,0.26229508196721313,0.7083413780854828,21.698805555555552,0.0,20,7.0,0.05,0.0,17.0
1,NSGA3-PrioInit,15,0.6235118520931004,0.2862052271877219,1.4560219778561037,0.6607754104452607,1.413925804133715,0.06742896138710604,0.6235118520931004,0.2862052271877219,1.4560219778561037,0.2318840579710145,0.6607754104452607,22.36801041666666,0.0,17,7.0,0.075,0.3333333333333333,18.0
1,NSGA3-PrioInit,16,0.6395321853239382,0.27415649405145237,1.385640646055102,0.7117851821493859,2.026586259890084,0.0721772382012294,0.6395321853239382,0.27415649405145237,1.385640646055102,0.25,0.7117851821493859,144.80297569444446,0.0,21,8.0,0.1,0.0,17.0
1,NSGA3-PrioInit,17,0.6292890880973265,0.3435176438255782,1.42828568570857,0.7521430246522216,1.5828682956512066,0.06480161471966475,0.6292890880973265,0.3435176438255782,1.42828568570857,0.23880597014925373,0.7521430246522216,75.06681944444445,0.0,20,8.0,0.15,0.3333333333333333,19.0
1,NSGA3-PrioInit,18,0.6226579852140415,0.26772061071266684,1.5874507866387546,0.7110240950411125,1.5711032344485996,0.07306732551336392,0.6226579852140415,0.26772061071266684,1.5874507866387546,0.20253164556962025,0.7110240950411125,74.29372916666667,0.0,17,8.0,0.1,0.0,18.0
1,NSGA3-PrioInit,19,0.6271796420741523,0.32421048421466214,1.4422205101855958,0.7357960814956085,1.2956362273715003,0.07341000604534997,0.6271796420741523,0.32421048421466214,1.4422205101855958,0.23529411764705882,0.7357960814956085,21.91409027777777,0.0,22,9.0,0.125,0.2,12.0
1,NSGA3-PrioInit,20,0.6262120850711316,0.27489178227220024,1.3711309200802089,0.6237520286137936,1.3548670146795296,0.07800523251076923,0.6262120850711316,0.27489178227220024,1.3711309200802089,0.25396825396825395,0.6237520286137936,38.64484722222221,0.0,18,7.0,0.1,0.0,18.0
1,NSGA3-PrioInit,21,0.6256262745766087,0.28677638187471804,1.833030277982336,0.7623341072521128,1.2283416123616866,0.06557763351466275,0.6256262745766087,0.28677638187471804,1.833030277982336,0.16,0.7623341072521128,21.664756944444438,0.0,14,11.0,0.125,0.0,16.0
1,NSGA3-PrioInit,22,0.6289720741867647,0.32486177456673265,1.3564659966250538,0.6981115777010201,1.2059529042046557,0.07846578375259437,0.6289720741867647,0.32486177456673265,1.3564659966250538,0.25806451612903225,0.6981115777010201,21.200131944444443,0.0,20,7.0,0.075,0.0,17.0
1,NSGA3-PrioInit,23,0.620442825716551,0.299269910582247,1.371130920080209,0.758915750543598,1.474723782528423,0.07805853975675496,0.620442825716551,0.299269910582247,1.371130920080209,0.25396825396825395,0.758915750543598,74.46495833333334,0.0,18,6.0,0.075,0.0,17.0
1,NSGA3-PrioInit,24,0.630715116681379,0.30043361573337424,1.7320508075688772,0.8429445020583893,1.8435235667242567,0.07081007245877641,0.630715116681379,0.30043361573337424,1.7320508075688772,0.17582417582417584,0.8429445020583893,144.76361458333332,0.0,17,11.0,0.075,0.0,17.0
1,NSGA3-PrioInit,25,0.6292939086426792,0.28298806926387254,1.4560219778561037,0.7700843637696582,2.0394950765537363,0.07144905739086431,0.6292939086426792,0.28298806926387254,1.4560219778561037,0.2318840579710145,0.7700843637696582,144.6472083333333,0.0,19,8.0,0.125,0.2,15.0
1,NSGA3-PrioInit,26,0.6293538445487019,0.323225764756807,1.4,0.7590083756894668,1.3430014779468529,0.07024672070034121,0.6293538445487019,0.323225764756807,1.4,0.24615384615384617,0.7590083756894668,56.86450694444445,0.0,19,7.0,0.1,0.25,12.0
1,NSGA3-PrioInit,27,0.6282725737182915,0.2718938372816817,1.4966629547095767,0.7418947205238677,1.956392052343351,0.07543227378577122,0.6282725737182915,0.2718938372816817,1.4966629547095767,0.2222222222222222,0.7418947205238677,207.33055902777778,0.0,20,9.0,0.1,0.0,17.0
1,NSGA3-PrioInit,28,0.6244733431775031,0.33037009473798895,1.3711309200802089,0.7306181207523788,1.0945736777999326,0.07268248119666473,0.6244733431775031,0.33037009473798895,1.3711309200802089,0.25396825396825395,0.7306181207523788,4.165243055555555,0.0,20,7.0,0.075,0.0,15.0
1,NSGA3-PrioInit,29,0.6242730549834329,0.31867587181093676,1.4142135623730951,0.7547319152842926,1.5882112734235485,0.0711252851858486,0.6242730549834329,0.31867587181093676,1.4142135623730951,0.24242424242424243,0.7547319152842926,58.27683680555556,0.0,19,8.0,0.1,0.0,12.0
2,Random,0,0.592600164011564,0.31096382827193314,0.938083151964686,0.3493325640748348,3.443757839330536,,0.592600164011564,0.31096382827193314,0.938083151964686,0.42105263157894735,0.3493325640748348,389.97636805555555,0.0,26,4.0,0.025,1.0,
2,RoundRobin,0,0.5541165127913954,0.3626757479693185,0.8717797887081348,0.31446147344823916,3.6706026092740407,,0.5541165127913954,0.3626757479693185,0.8717797887081348,0.45714285714285713,0.31446147344823916,578.0171597222221,0.0,29,4.0,0.025,0.0,
2,FIFO,0,0.35446887269818494,0.44692643151867806,3.2619012860600174,0.4020384087664093,3.7799429109829434,,0.35446887269818494,0.44692643151867806,3.2619012860600174,0.05673758865248227,0.4020384087664093,830.0967986111115,0.0,6,17.0,0.05,0.0,
2,LeastLoaded,0,0.5431061528869103,0.37080310768178604,0.4472135954999579,0.4267350609078999,3.334906848449209,,0.5431061528869103,0.37080310768178604,0.4472135954999579,0.7619047619047619,0.4267350609078999,422.8641284722222,0.0,39,2.0,0.0,,
2,GreedyBestOutcome,0,0.7645337928584254,0.2761932500968132,2.2715633383201093,0.6557535600259676,3.000098079218989,,0.7645337928584254,0.2761932500968132,2.2715633383201093,0.1103448275862069,0.6557535600259676,276.1803506944444,0.0,12,14.0,0.1,0.5,
2,StandardNSGA2,0,0.6079263289809165,0.29977216305868737,0.8246211251235323,0.7512687970009974,2.8089162023868433,0.061965277324765144,0.6079263289809165,0.29977216305868737,0.8246211251235323,0.48484848484848486,0.7512687970009974,246.80615624999996,0.0,29,3.0,0.125,0.6,60.0
2,StandardNSGA2,1,0.6617226385072886,0.25289840685844256,1.0583005244258363,0.8102933020178554,2.8085914467530757,0.06941313215047187,0.6617226385072886,0.25289840685844256,1.0583005244258363,0.36363636363636365,0.8102933020178554,346.63512499999996,0.0,26,5.0,0.125,0.4,60.0
2,StandardNSGA2,2,0.629086037524347,0.28737536575865313,0.7745966692414834,0.6792697545239814,2.7002288905385923,0.05092600417994842,0.629086037524347,0.28737536575865313,0.7745966692414834,0.5161290322580645,0.6792697545239814,246.81970138888883,0.0,30,3.0,0.075,0.3333333333333333,60.0
2,StandardNSGA2,3,0.6325404910147746,0.2855622555871565,1.0,0.6019873883767156,2.498561033399623,0.049858708381258325,0.6325404910147746,0.2855622555871565,1.0,0.3902439024390244,0.6019873883767156,243.37912152777773,0.0,27,5.0,0.05,1.0,60.0
2,StandardNSGA2,4,0.7379594672349565,0.25330160610459274,1.1832159566199232,0.6351873454751185,2.1594330653853904,0.07079656217975684,0.7379594672349565,0.25330160610459274,1.1832159566199232,0.3137254901960784,0.6351873454751185,113.31131250000001,0.0,23,5.0,0.025,0.0,60.0
2,StandardNSGA2,5,0.6614937656341265,0.2912121892297975,1.019803902718557,0.5931084431920917,2.71362724242489,0.04273450012394667,0.6614937656341265,0.2912121892297975,1.019803902718557,0.38095238095238093,0.5931084431920917,278.5771874999999,0.0,25,4.0,0.075,0.6666666666666666,60.0
2,StandardNSGA2,6,0.7152139972339796,0.2275219045086808,1.5491933384829668,0.6613153127795905,2.434301117362878,0.04281659580754193,0.7152139972339796,0.2275219045086808,1.5491933384829668,0.21052631578947367,0.6613153127795905,273.93710069444444,0.0,22,10.0,0.05,0.0,60.0
2,StandardNSGA2,7,0.6588415752719211,0.2646574563516955,1.216552506059644,0.6287261102883479,2.4497601328056593,0.05003896416371737,0.6588415752719211,0.2646574563516955,1.216552506059644,0.3018867924528302,0.6287261102883479,148.14516666666665,0.0,21,5.0,0.1,0.5,60.0
2,StandardNSGA2,8,0.688356701582699,0.2597413668482277,1.2489995996796797,0.6831055566326624,2.7249744111076146,0.0517823029775919,0.688356701582699,0.2597413668482277,1.2489995996796797,0.2909090909090909,0.6831055566326624,293.206173611111,0.0,23,6.0,0.125,0.4,60.0
2,StandardNSGA2,9,0.692856865765855,0.2283445584612664,1.1489125293076057,0.648279436508376,2.7157008766557995,0.0520119484076057,0.692856865765855,0.2283445584612664,1.1489125293076057,0.32653061224489793,0.648279436508376,333.3059652777777,0.0,22,5.0,0.075,0.6666666666666666,60.0
2,StandardNSGA2,10,0.6114101350048229,0.2569665295064011,1.264911064067352,0.6252528562181656,1.7060742027392728,0.059343912561529016,0.6114101350048229,0.2569665295064011,1.264911064067352,0.2857142857142857,0.6252528562181656,126.69980208333334,0.0,23,6.0,0.05,0.5,60.0
2,StandardNSGA2,11,0.6214127575102394,0.33616413454086125,0.8717797887081347,0.653146649908585,2.2407057241906756,0.0418573179304085,0.6214127575102394,0.33616413454086125,0.8717797887081347,0.45714285714285713,0.653146649908585,221.37420138888893,0.0,28,4.0,0.05,0.0,60.0
2,StandardNSGA2,12,0.71607492831271,0.23409545374929533,1.019803902718557,0.59098165383074,3.1298651816102927,0.04887018267070331,0.71607492831271,0.23409545374929533,1.019803902718557,0.38095238095238093,0.59098165383074,334.6913506944444,0.0,26,5.0,0.075,0.3333333333333333,60.0
2,StandardNSGA2,13,0.6852720010909404,0.2807574906235071,0.7483314773547883,0.6204842232951187,3.183189181948017,0.04869875345322857,0.6852720010909404,0.2807574906235071,0.7483314773547883,0.5333333333333333,0.6204842232951187,274.14468055555557,0.0,30,2.0,0.075,0.3333333333333333,60.0
2,StandardNSGA2,14,0.7274162102850995,0.2547050264841798,1.0583005244258363,0.7217126727871539,2.4921260794198026,0.06787745124296429,0.7274162102850995,0.2547050264841798,1.0583005244258363,0.36363636363636365,0.7217126727871539,151.28320486111113,0.0,26,4.0,0.025,0.0,60.0
2,StandardNSGA2,15,0.6853920024882456,0.29056064652168395,1.077032961426901,0.7113565270018544,2.978396588873069,0.04983929412685241,0.6853920024882456,0.29056064652168395,1.077032961426901,0.35555555555555557,0.7113565270018544,314.7017326388888,0.0,21,3.0,0.1,0.75,60.0
2,StandardNSGA2,16,0.6349023683745513,0.2718938738834259,1.0,0.8299146574582936,2.6291823948105257,0.06687251513713752,0.6349023683745513,0.2718938738834259,1.0,0.3902439024390244,0.8299146574582936,326.06027777777774,0.0,26,4.0,0.075,0.3333333333333333,60.0
2,StandardNSGA2,17,0.6715491036430267,0.2810838096537134,0.8944271909999159,0.7068078453100901,3.6574089725395504,0.052326382989860455,0.6715491036430267,0.2810838096537134,0.8944271909999159,0.4444444444444444,0.7068078453100901,389.64290625,0.0,28,4.0,0.175,0.5714285714285714,60.0
2,StandardNSGA2,18,0.6908320134392538,0.24984691437500609,1.1135528725660044,0.7185390801488347,2.52682143107486,0.06064808177582967,0.6908320134392538,0.24984691437500609,1.1135528725660044,0.3404255319148936,0.7185390801488347,212.94040624999997,0.0,25,5.0,0.05,0.5,60.0
2,StandardNSGA2,19,0.7056976509750632,0.2325278678357944,1.32664991614216,0.6693647202119103,2.593547746101496,0.05938591234556245,0.7056976509750632,0.2325278678357944,1.32664991614216,0.26666666666666666,0.6693647202119103,262.4174236111111,0.0,20,7.0,0.125,0.2,60.0
2,StandardNSGA2,20,0.696972809201301,0.22296082976408194,1.2328828005937953,0.7135682126612699,2.717888775909927,0.06244231035567941,0.696972809201301,0.22296082976408194,1.2328828005937953,0.2962962962962963,0.7135682126612699,325.43582986111113,0.0,25,7.0,0.075,0.3333333333333333,60.0
2,StandardNSGA2,21,0.7036674750337446,0.24405533205744745,1.1832159566199234,0.7529558482905081,2.7482306057619232,0.06391495261707478,0.7036674750337446,0.24405533205744745,1.1832159566199234,0.3137254901960784,0.7529558482905081,198.29127083333333,0.0,22,5.0,0.1,0.0,60.0
2,StandardNSGA2,22,0.6458417469906987,0.30292303980427593,0.9591663046625439,0.6015819369351674,2.395075819720813,0.05076062413350432,0.6458417469906987,0.30292303980427593,0.9591663046625439,0.41025641025641024,0.6015819369351674,150.01064583333334,0.0,28,5.0,0.05,0.5,60.0
2,StandardNSGA2,23,0.6852238142796319,0.21243013984368883,1.6124515496597098,0.6252718131762599,2.223905655464305,0.037134951513831824,0.6852238142796319,0.21243013984368883,1.6124515496597098,0.19753086419753085,0.6252718131762599,217.64044791666674,0.0,20,10.0,0.025,0.0,60.0
2,StandardNSGA2,24,0.6311237389627092,0.3051596397564215,0.938083151964686,0.6684376271557297,2.7190063933594013,0.04465981946294146,0.6311237389627092,0.3051596397564215,0.938083151964686,0.42105263157894735,0.6684376271557297,186.29625694444445,0.0,27,4.0,0.2,0.125,60.0
2,StandardNSGA2,25,0.6851279263384128,0.28398832435529264,0.7745966692414834,0.7425555004078583,3.481391264490523,0.04688877448052245,0.6851279263384128,0.28398832435529264,0.7745966692414834,0.5161290322580645,0.7425555004078583,435.4958333333333,0.0,30,3.0,0.1,0.25,60.0
2,StandardNSGA2,26,0.6470519539973181,0.26520564227740373,1.019803902718557,0.7352670061669999,3.354685358675918,0.046005242969259647,0.6470519539973181,0.26520564227740373,1.019803902718557,0.38095238095238093,0.7352670061669999,372.67041666666665,0.0,23,4.0,0.075,0.3333333333333333,60.0
2,StandardNSGA2,27,0.6548787175530573,0.30665329910559797,0.8717797887081348,0.7394889023987268,2.858189438222316,0.05576973343605211,0.6548787175530573,0.30665329910559797,0.8717797887081348,0.45714285714285713,0.7394889023987268,319.5706041666666,0.0,28,3.0,0.125,0.4,60.0
2,StandardNSGA2,28,0.704500974164018,0.27259256138679533,0.9797958971132713,0.8156651854463384,3.228748536516208,0.06180738266770113,0.704500974164018,0.27259256138679533,0.9797958971132713,0.4,0.8156651854463384,300.81412152777773,0.0,27,4.0,0.2,0.5,60.0
2,StandardNSGA2,29,0.7135628121528251,0.23897956273113258,1.2000000000000002,0.6385268251100064,2.65654676987112,0.048547406663841386,0.7135628121528251,0.23897956273113258,1.2000000000000002,0.3076923076923077,0.6385268251100064,151.47970486111112,0.0,21,5.0,0.1,0.5,60.0
2,NSGA3,0,0.7371431611261946,0.22820012547853138,1.2000000000000002,0.7581108057376911,2.520932955684631,0.08891652269003082,0.7371431611261946,0.22820012547853138,1.2000000000000002,0.3076923076923077,0.7581108057376911,219.26909027777782,0.0,23,5.0,0.075,0.3333333333333333,23.0
2,NSGA3,1,0.6946636489498073,0.2301302048363037,1.216552506059644,0.8299288968028614,2.5096499167448685,0.08759403443894791,0.6946636489498073,0.2301302048363037,1.216552506059644,0.3018867924528302,0.8299288968028614,264.0634027777777,0.0,24,7.0,0.075,0.3333333333333333,20.0
2,NSGA3,2,0.7173962622129936,0.25350074860840033,1.1661903789690602,0.7555115200413284,1.840458576425793,0.08474515381656356,0.7173962622129936,0.25350074860840033,1.1661903789690602,0.32,0.7555115200413284,78.24535069444445,0.0,23,5.0,0.075,0.3333333333333333,23.0
2,NSGA3,3,0.7204443301188542,0.23760053671285458,1.2328828005937953,0.7927387653684745,1.740223155423277,0.09068496822124744,0.7204443301188542,0.23760053671285458,1.2328828005937953,0.2962962962962963,0.7927387653684745,77.73708333333335,0.0,23,6.0,0.075,0.3333333333333333,18.0
2,NSGA3,4,0.7411938597279752,0.21709910303134466,1.2649110640673518,0.797666168438913,2.3036064559733536,0.08737533258262548,0.7411938597279752,0.21709910303134466,1.2649110640673518,0.2857142857142857,0.797666168438913,166.30778472222224,0.0,23,6.0,0.05,0.0,17.0
2,NSGA3,5,0.6762934592369498,0.23626094245025722,0.9797958971132713,0.8207584336434728,2.358983629553792,0.09110075107866739,0.6762934592369498,0.23626094245025722,0.9797958971132713,0.4,0.8207584336434728,195.22112152777774,0.0,30,6.0,0.075,0.3333333333333333,17.0
2,NSGA3,6,0.7309881910267558,0.22507101383280198,1.148912529307606,0.7250984733232833,2.3207002925987275,0.08816316829677667,0.7309881910267558,0.22507101383280198,1.148912529307606,0.32653061224489793,0.7250984733232833,148.0985347222222,0.0,23,6.0,0.1,0.0,18.0
2,NSGA3,7,0.7275282496679993,0.23769377876324355,1.4560219778561039,0.8004740523395621,1.710644439960864,0.09237676777155218,0.7275282496679993,0.23769377876324355,1.4560219778561039,0.2318840579710145,0.8004740523395621,76.70536805555555,0.0,19,7.0,0.1,0.5,22.0
2,NSGA3,8,0.6794087195205204,0.23390390164415886,1.0583005244258363,0.7808718991294149,2.3268905180088786,0.08435793313155489,0.6794087195205204,0.23390390164415886,1.0583005244258363,0.36363636363636365,0.7808718991294149,131.55865972222222,0.0,27,6.0,0.075,0.0,28.0
2,NSGA3,9,0.701380452078863,0.2357209471536616,1.1135528725660044,0.8201378945411342,2.452829175350871,0.08707013129807648,0.701380452078863,0.2357209471536616,1.1135528725660044,0.3404255319148936,0.8201378945411342,149.6148263888889,0.0,24,5.0,0.1,0.25,18.0
2,NSGA3,10,0.7317297700784998,0.2554189425794983,0.9165151389911681,0.7448190174622902,2.28663806283055,0.08969163050286283,0.7317297700784998,0.2554189425794983,0.9165151389911681,0.43243243243243246,0.7448190174622902,209.45710763888883,0.0,27,4.0,0.05,0.5,16.0
2,NSGA3,11,0.7305043198331914,0.2475264566659078,1.1313708498984762,0.8346827197655463,2.566004679920448,0.09138151544338055,0.7305043198331914,0.2475264566659078,1.1313708498984762,0.3333333333333333,0.8346827197655463,231.2388506944444,0.0,24,5.0,0.075,0.3333333333333333,17.0
2,NSGA3,12,0.7252639863694446,0.22190866550690394,1.4282856857085702,0.859150445279553,2.3288017359880238,0.08184791910928187,0.7252639863694446,0.22190866550690394,1.4282856857085702,0.23880597014925373,0.859150445279553,210.3018784722222,0.0,24,8.0,0.1,0.5,16.0
2,NSGA3,13,0.6877146701949106,0.22521560685178507,1.2489995996796797,0.8203929132110961,1.8339553255199939,0.08168052577364526,0.6877146701949106,0.22521560685178507,1.2489995996796797,0.2909090909090909,0.8203929132110961,78.00875347222222,0.0,22,6.0,0.075,0.3333333333333333,17.0
2,NSGA3,14,0.7023976581604355,0.23721309342064423,1.1489125293076057,0.7475444006736784,1.9227354759963844,0.08660515061297469,0.7023976581604355,0.23721309342064423,1.1489125293076057,0.32653061224489793,0.7475444006736784,96.60022222222224,0.0,26,5.0,0.075,0.0,25.0
2,NSGA3,15,0.7321755188124318,0.22513227535646124,1.0583005244258363,0.732680774303268,2.5187424857112406,0.09109528289958305,0.7321755188124318,0.22513227535646124,1.0583005244258363,0.36363636363636365,0.732680774303268,196.72725347222223,0.0,24,5.0,0.025,0.0,23.0
2,NSGA3,16,0.726457000574117,0.242420720283519,1.1832159566199234,0.7027263522045193,1.4218535327915791,0.09300808364386917,0.726457000574117,0.242420720283519,1.1832159566199234,0.3137254901960784,0.7027263522045193,40.01496180555556,0.0,21,5.0,0.025,0.0,20.0
2,NSGA3,17,0.7241588066109597,0.2692631192294654,1.1135528725660044,0.8482993416428606,2.364235644544956,0.08821973650414291,0.7241588066109597,0.2692631192294654,1.1135528725660044,0.3404255319148936,0.8482993416428606,193.54802777777778,0.0,25,5.0,0.15,0.6666666666666666,19.0
2,NSGA3,18,0.7334621542550819,0.25260599636725045,0.8717797887081348,0.7439489831030431,2.261203802853295,0.09404653058420413,0.7334621542550819,0.25260599636725045,0.8717797887081348,0.45714285714285713,0.7439489831030431,192.6246909722222,0.0,29,4.0,0.1,0.25,19.0
2,NSGA3,19,0.7109340916120102,0.29011872337023253,1.1661903789690602,0.8353256148770345,1.962173698646754,0.09003117390762008,0.7109340916120102,0.29011872337023253,1.1661903789690602,0.32,0.8353256148770345,157.62813888888886,0.0,25,6.0,0.175,0.42857142857142855,22.0
2,NSGA3,20,0.7283131137709822,0.22176072789341789,1.1832159566199234,0.7880415727640463,2.173259017273379,0.09407907258384787,0.7283131137709822,0.22176072789341789,1.1832159566199234,0.3137254901960784,0.7880415727640463,130.60561805555557,0.0,24,6.0,0.05,0.0,24.0
2,NSGA3,21,0.7166364033572588,0.22352239219935238,1.0,0.818047773365592,2.7298258929275896,0.08961500366814387,0.7166364033572588,0.22352239219935238,1.0,0.3902439024390244,0.818047773365592,246.86060069444437,0.0,24,4.0,0.075,0.3333333333333333,20.0
2,NSGA3,22,0.7228636156644439,0.2657382360737479,0.848528137423857,0.7632204458406054,2.4469758971495006,0.09086581462920104,0.7228636156644439,0.2657382360737479,0.848528137423857,0.47058823529411764,0.7632204458406054,182.38427430555558,0.0,28,3.0,0.05,0.5,20.0
2,NSGA3,23,0.7449631337122813,0.2578767194158758,1.2000000000000002,0.8531898778274618,2.506129372064176,0.08625148252614581,0.7449631337122813,0.2578767194158758,1.2000000000000002,0.3076923076923077,0.8531898778274618,229.6190208333333,0.0,25,6.0,0.125,0.6,19.0
2,NSGA3,24,0.734876827943962,0.21325694691037053,1.4832396974191326,0.7890907366039802,2.2293197921128742,0.08183797267412751,0.734876827943962,0.21325694691037053,1.4832396974191326,0.22535211267605634,0.7890907366039802,148.2169236111111,0.0,23,9.0,0.075,0.3333333333333333,16.0
2,NSGA3,25,0.7073213559529525,0.23621335538162072,0.9165151389911681,0.8149899837855739,2.7210338572050907,0.08512343977350276,0.7073213559529525,0.23621335538162072,0.9165151389911681,0.43243243243243246,0.8149899837855739,247.24935763888885,0.0,27,4.0,0.075,0.3333333333333333,18.0
2,NSGA3,26,0.724776190317822,0.24027157110158584,1.1489125293076057,0.8495465662217981,2.9247199965328288,0.0883307838060514,0.724776190317822,0.24027157110158584,1.1489125293076057,0.32653061224489793,0.8495465662217981,266.3161458333333,0.0,22,5.0,0.1,0.5,22.0
2,NSGA3,27,0.737384795420793,0.2215285688590914,1.2806248474865698,0.7616265738586532,2.524269308920369,0.08232155656192387,0.737384795420793,0.2215285688590914,1.2806248474865698,0.2807017543859649,0.7616265738586532,198.73594444444444,0.0,22,6.0,0.1,0.5,18.0
2,NSGA3,28,0.7409919014517669,0.22247876449722587,1.2,0.777288169142993,2.331080317104039,0.0930492973237537,0.7409919014517669,0.22247876449722587,1.2,0.3076923076923077,0.777288169142993,210.30458680555552,0.0,25,6.0,0.075,0.3333333333333333,19.0
2,NSGA3,29,0.6807300049166773,0.24663945667275264,1.0,0.7947082934437335,2.480458626345385,0.08593818038839375,0.6807300049166773,0.24663945667275264,1.0,0.3902439024390244,0.7947082934437335,149.3067777777778,0.0,27,5.0,0.075,0.3333333333333333,19.0
2,PAA-NSGA-II,0,0.7265355915461826,0.23605341518280998,1.6370705543744901,0.7481123876531385,2.4587966973293063,0.04425967531512608,0.7265355915461826,0.23605341518280998,1.6370705543744901,0.1927710843373494,0.7481123876531385,245.05894097222216,0.0,17,8.0,0.075,0.3333333333333333,60.0
2,PAA-NSGA-II,1,0.6896478097856162,0.24940358813934158,1.7320508075688772,0.8850324840518627,2.3256029469030457,0.04708920016636151,0.6896478097856162,0.24940358813934158,1.7320508075688772,0.17582417582417584,0.8850324840518627,195.82740624999997,0.0,17,10.0,0.1,0.5,60.0
2,PAA-NSGA-II,2,0.718765791084439,0.26932217415200566,1.1135528725660044,0.7940740819077481,2.9752772138237553,0.055251184824035474,0.718765791084439,0.26932217415200566,1.1135528725660044,0.3404255319148936,0.7940740819077481,300.80023958333334,0.0,24,4.0,0.125,0.6,60.0
2,PAA-NSGA-II,3,0.7088207948661627,0.23340198292552072,1.6613247725836149,0.8178517297123798,2.723426208575907,0.04358684059855874,0.7088207948661627,0.23340198292552072,1.6613247725836149,0.18823529411764706,0.8178517297123798,279.73919444444437,0.0,16,8.0,0.15,0.6666666666666666,60.0
2,PAA-NSGA-II,4,0.7523178895449325,0.27121287408532396,1.4282856857085702,0.7804899680045685,2.5893930919899404,0.05275557945963962,0.7523178895449325,0.27121287408532396,1.4282856857085702,0.23880597014925373,0.7804899680045685,305.8645833333332,0.0,18,7.0,0.075,0.3333333333333333,60.0
2,PAA-NSGA-II,5,0.7098703994618795,0.2509296856208787,1.6370705543744901,0.9271914653743163,2.6477251102669714,0.04490016657419284,0.7098703994618795,0.2509296856208787,1.6370705543744901,0.1927710843373494,0.9271914653743163,246.89599652777775,0.0,16,8.0,0.125,0.6,60.0
2,PAA-NSGA-II,6,0.668751460480935,0.30999701894947684,1.2649110640673518,0.849995607898866,2.587629201055549,0.047352685554853266,0.668751460480935,0.30999701894947684,1.2649110640673518,0.2857142857142857,0.849995607898866,229.7278194444444,0.0,23,6.0,0.1,0.5,60.0
2,PAA-NSGA-II,7,0.637754923651643,0.2591106016062678,0.9797958971132713,0.5621478360698656,2.7651665588665755,0.04142699180633951,0.637754923651643,0.2591106016062678,0.9797958971132713,0.4,0.5621478360698656,413.00487499999997,0.0,27,5.0,0.025,1.0,60.0
2,PAA-NSGA-II,8,0.7354204695455924,0.21897561035888194,1.469693845669907,0.8150045170469105,2.6847442326542623,0.05212244780055423,0.7354204695455924,0.21897561035888194,1.469693845669907,0.22857142857142856,0.8150045170469105,261.25059374999995,0.0,17,7.0,0.15,0.3333333333333333,60.0
2,PAA-NSGA-II,9,0.6557638861035573,0.23151247683329695,1.469693845669907,0.8068536288784376,2.34330407625026,0.04611832507007253,0.6557638861035573,0.23151247683329695,1.469693845669907,0.22857142857142856,0.8068536288784376,165.81869791666668,0.0,19,7.0,0.05,1.0,60.0
2,PAA-NSGA-II,10,0.7302530814020824,0.24668169143807908,1.4560219778561039,0.8740978917930817,3.0187946830492756,0.05178108727910374,0.7302530814020824,0.24668169143807908,1.4560219778561039,0.2318840579710145,0.8740978917930817,296.7153645833333,0.0,17,6.0,0.1,0.75,60.0
2,PAA-NSGA-II,11,0.7043117291929675,0.23528554497274995,1.4422205101855958,0.8462278562512202,2.6449992670827127,0.05594858163574771,0.7043117291929675,0.23528554497274995,1.4422205101855958,0.23529411764705882,0.8462278562512202,264.3939618055555,0.0,20,7.0,0.1,0.5,60.0
2,PAA-NSGA-II,12,0.74623080163361,0.2226529564926394,1.523154621172782,0.837389936641302,3.0152446708603504,0.04530005482555196,0.74623080163361,0.2226529564926394,1.523154621172782,0.21621621621621623,0.837389936641302,330.64084374999993,0.0,18,7.0,0.075,0.3333333333333333,60.0
2,PAA-NSGA-II,13,0.6894678556932357,0.2381871898875259,1.5491933384829668,0.8156977706162152,2.4181145362346825,0.05552140904881045,0.6894678556932357,0.2381871898875259,1.5491933384829668,0.21052631578947367,0.8156977706162152,165.90980208333335,0.0,20,9.0,0.125,0.6,60.0
2,PAA-NSGA-II,14,0.6961171507974033,0.2703915878244819,1.4696938456699071,0.8868094086584201,2.593141691737721,0.04995121896021425,0.6961171507974033,0.2703915878244819,1.4696938456699071,0.22857142857142856,0.8868094086584201,232.01459027777773,0.0,21,8.0,0.125,0.4,60.0
2,PAA-NSGA-II,15,0.6998064827784785,0.25984956281484134,1.385640646055102,0.7041082711848108,1.8543900549829324,0.05465530953485097,0.6998064827784785,0.25984956281484134,1.385640646055102,0.25,0.7041082711848108,130.14847569444444,0.0,23,8.0,0.1,0.25,60.0
2,PAA-NSGA-II,16,0.7224674152738861,0.2270213508168737,1.6852299546352716,0.7323842255378722,1.9905911042538977,0.05599657156277087,0.7224674152738861,0.2270213508168737,1.6852299546352716,0.1839080459770115,0.7323842255378722,144.10773611111114,0.0,17,9.0,0.025,0.0,60.0
2,PAA-NSGA-II,17,0.7018145763202863,0.22807313418282385,1.5748015748023623,0.8010317723269573,1.859223517282754,0.04244116165347707,0.7018145763202863,0.22807313418282385,1.5748015748023623,0.20512820512820512,0.8010317723269573,95.91236111111111,0.0,19,8.0,0.075,0.3333333333333333,60.0
2,PAA-NSGA-II,18,0.7291201291312903,0.22978887425140435,1.6733200530681511,0.8697154591719375,2.200088114378338,0.053089486013004825,0.7291201291312903,0.22978887425140435,1.6733200530681511,0.18604651162790697,0.8697154591719375,210.6205520833333,0.0,16,8.0,0.15,0.5,60.0
2,PAA-NSGA-II,19,0.7250409126592344,0.2617102174744706,1.3711309200802089,0.8567115663652529,2.6255175043766372,0.050896821812915105,0.7250409126592344,0.2617102174744706,1.3711309200802089,0.25396825396825395,0.8567115663652529,245.66721527777773,0.0,21,6.0,0.125,0.4,60.0
2,PAA-NSGA-II,20,0.7458649334303329,0.2377115331532167,1.5231546211727818,0.7894041288210213,2.4535615881954778,0.053464453251068356,0.7458649334303329,0.2377115331532167,1.5231546211727818,0.21621621621621623,0.7894041288210213,278.07811111111107,0.0,19,7.0,0.05,0.5,60.0
2,PAA-NSGA-II,21,0.6155369750340498,0.24990631738293506,1.2489995996796797,0.6697893373395809,2.065756593227635,0.04538256933597205,0.6155369750340498,0.24990631738293506,1.2489995996796797,0.2909090909090909,0.6697893373395809,147.2183888888889,0.0,24,7.0,0.025,0.0,60.0
2,PAA-NSGA-II,22,0.7436010437319232,0.2088253629086742,1.5748015748023623,0.7809998436108974,2.7967988122478404,0.04152465596203184,0.7436010437319232,0.2088253629086742,1.5748015748023623,0.20512820512820512,0.7809998436108974,420.02088541666654,0.0,16,7.0,0.05,0.5,60.0
2,PAA-NSGA-II,23,0.719131627951289,0.22781873558179505,1.5231546211727818,0.864962387719031,2.7341654366608674,0.04581922500895904,0.719131627951289,0.22781873558179505,1.5231546211727818,0.21621621621621623,0.864962387719031,247.4953819444444,0.0,20,7.0,0.075,0.3333333333333333,60.0
2,PAA-NSGA-II,24,0.6757532033902685,0.27546251301345814,1.1832159566199232,0.668918579498062,1.7625871541093474,0.053654550923186044,0.6757532033902685,0.27546251301345814,1.1832159566199232,0.3137254901960784,0.668918579498062,76.21953819444445,0.0,25,6.0,0.025,0.0,60.0
2,PAA-NSGA-II,25,0.71350911205251,0.2194678519815279,1.5748015748023623,0.7700238033638338,2.363866705197301,0.04757184721116839,0.71350911205251,0.2194678519815279,1.5748015748023623,0.20512820512820512,0.7700238033638338,183.55813541666672,0.0,20,9.0,0.075,0.3333333333333333,60.0
2,PAA-NSGA-II,26,0.6397128497107376,0.26724338643850026,1.5620499351813308,0.928272615787448,2.5328636154384725,0.04073716550536101,0.6397128497107376,0.26724338643850026,1.5620499351813308,0.2077922077922078,0.928272615787448,213.49904861111108,0.0,17,9.0,0.125,0.6,60.0
2,PAA-NSGA-II,27,0.7345869208700857,0.2617953908307594,1.4832396974191329,0.8720355064310716,3.095325899860018,0.04346517328522921,0.7345869208700857,0.2617953908307594,1.4832396974191329,0.22535211267605634,0.8720355064310716,414.6771284722222,0.0,18,7.0,0.1,0.5,60.0
2,PAA-NSGA-II,28,0.7439275017075403,0.2383736028190837,1.42828568570857,0.8191000987855398,2.88247353213322,0.05896390803962547,0.7439275017075403,0.2383736028190837,1.42828568570857,0.23880597014925373,0.8191000987855398,281.86899652777777,0.0,20,7.0,0.125,0.4,60.0
2,PAA-NSGA-II,29,0.7393067238140727,0.260449111052148,1.32664991614216,0.8527407781597691,3.14146917567341,0.051317525782111933,0.7393067238140727,0.260449111052148,1.32664991614216,0.26666666666666666,0.8527407781597691,336.2757083333333,0.0,19,5.0,0.125,0.6,60.0
2,PAA-noPriority,0,0.7354399085016002,0.2556425360979681,1.3711309200802089,0.6976069516093543,3.0222924133365097,0.03643959202044053,0.7354399085016002,0.2556425360979681,1.3711309200802089,0.25396825396825395,0.6976069516093543,315.88224652777774,0.0,22,8.0,0.075,0.3333333333333333,60.0
2,PAA-noPriority,1,0.7112816166726492,0.20295780840407493,1.2489995996796797,0.6708725741731721,3.0528332084844454,0.05209503079894191,0.7112816166726492,0.20295780840407493,1.2489995996796797,0.2909090909090909,0.6708725741731721,237.15853819444447,0.0,22,6.0,0.1,0.0,60.0
2,PAA-noPriority,2,0.5730711372819941,0.26274457332672646,1.296148139681572,0.6651956952231315,1.8583250841143844,0.04454531271345036,0.5730711372819941,0.26274457332672646,1.296148139681572,0.27586206896551724,0.6651956952231315,192.0301111111111,0.0,22,7.0,0.05,0.5,60.0
2,PAA-noPriority,3,0.7050204169128154,0.23152448660862718,1.3564659966250536,0.6281934534539795,2.291099775463883,0.05461867424574763,0.7050204169128154,0.23152448660862718,1.3564659966250536,0.25806451612903225,0.6281934534539795,288.4347256944443,0.0,19,5.0,0.075,0.6666666666666666,60.0
2,PAA-noPriority,4,0.7059734584803928,0.2562545569992356,1.1135528725660044,0.6724361278268657,3.2417552280064528,0.04530833142623211,0.7059734584803928,0.2562545569992356,1.1135528725660044,0.3404255319148936,0.6724361278268657,434.4263715277777,0.0,23,5.0,0.125,0.4,60.0
2,PAA-noPriority,5,0.6876859388671053,0.22634058716747557,1.1832159566199234,0.6063927225128779,2.3938682447840867,0.05255431539366006,0.6876859388671053,0.22634058716747557,1.1832159566199234,0.3137254901960784,0.6063927225128779,332.81390277777774,0.0,25,6.0,0.025,1.0,60.0
2,PAA-noPriority,6,0.6788548903058874,0.291467254960046,0.9797958971132712,0.6023305556012133,2.861749557151348,0.03649760799328713,0.6788548903058874,0.291467254960046,0.9797958971132712,0.4,0.6023305556012133,273.17134375000006,0.0,24,4.0,0.1,0.25,60.0
2,PAA-noPriority,7,0.6795485264396491,0.24693928478686678,1.1135528725660044,0.6963082312546757,3.139248969235703,0.04543164360948603,0.6795485264396491,0.24693928478686678,1.1135528725660044,0.3404255319148936,0.6963082312546757,303.23323611111107,0.0,26,5.0,0.1,0.25,60.0
2,PAA-noPriority,8,0.7022555047831056,0.23918841383445302,1.1489125293076057,0.6287670160818067,2.7488990335153813,0.05718565948620826,0.7022555047831056,0.23918841383445302,1.1489125293076057,0.32653061224489793,0.6287670160818067,280.35159374999995,0.0,20,4.0,0.05,0.5,60.0
2,PAA-noPriority,9,0.6845389439153144,0.24622213707126156,1.0,0.6832302581971256,2.8186812071961658,0.055963876311330846,0.6845389439153144,0.24622213707126156,1.0,0.3902439024390244,0.6832302581971256,219.5353090277778,0.0,24,3.0,0.1,0.25,60.0
2,PAA-noPriority,10,0.6418892817989179,0.29495213013422716,0.8485281374238571,0.7250238908990572,3.1162162131181717,0.059176951718251054,0.6418892817989179,0.29495213013422716,0.8485281374238571,0.47058823529411764,0.7250238908990572,273.06167013888887,0.0,29,3.0,0.1,0.5,60.0
2,PAA-noPriority,11,0.6136322626115736,0.25728409739295494,1.2649110640673518,0.798881059166326,2.689099444924666,0.04522291536540933,0.6136322626115736,0.25728409739295494,1.2649110640673518,0.2857142857142857,0.798881059166326,248.13111805555553,0.0,24,7.0,0.1,0.5,60.0
2,PAA-noPriority,12,0.6420021028723147,0.2630707773601517,1.148912529307606,0.5970262556485592,2.2480850159205277,0.048347455270660616,0.6420021028723147,0.2630707773601517,1.148912529307606,0.32653061224489793,0.5970262556485592,225.36442361111114,0.0,22,4.0,0.05,0.5,60.0
2,PAA-noPriority,13,0.7113287150942614,0.2839190058091454,1.264911064067352,0.5461914136114664,2.117329756584771,0.03793800126245433,0.7113287150942614,0.2839190058091454,1.264911064067352,0.2857142857142857,0.5461914136114664,174.40336458333326,0.0,21,6.0,0.125,0.6,60.0
2,PAA-noPriority,14,0.6869456589625328,0.27824521948244774,1.1489125293076057,0.8252195012660275,3.4371369849114446,0.04167080834719338,0.6869456589625328,0.27824521948244774,1.1489125293076057,0.32653061224489793,0.8252195012660275,371.0357604166667,0.0,23,5.0,0.1,0.5,60.0
2,PAA-noPriority,15,0.7112360176692116,0.24516419783421192,1.4142135623730951,0.7374811963704678,2.6400449006726583,0.05340385202872126,0.7112360176692116,0.24516419783421192,1.4142135623730951,0.24242424242424243,0.7374811963704678,327.3896666666666,0.0,23,9.0,0.1,0.5,60.0
2,PAA-noPriority,16,0.6884113903704839,0.28525759540041945,1.0392304845413265,0.8404002399462666,3.812983725873869,0.041475505595847395,0.6884113903704839,0.28525759540041945,1.0392304845413265,0.37209302325581395,0.8404002399462666,538.9382708333333,0.0,23,4.0,0.125,0.4,60.0
2,PAA-noPriority,17,0.6589802909600914,0.2577207922060015,1.0583005244258363,0.6087163789902703,3.0262109869782416,0.04561681382687046,0.6589802909600914,0.2577207922060015,1.0583005244258363,0.36363636363636365,0.6087163789902703,332.3211736111111,0.0,24,4.0,0.1,0.25,60.0
2,PAA-noPriority,18,0.6611062016319958,0.25702184484088286,0.9165151389911681,0.7905834721889171,3.7087638599920196,0.0459128287890376,0.6611062016319958,0.25702184484088286,0.9165151389911681,0.43243243243243246,0.7905834721889171,372.4322118055555,0.0,26,3.0,0.125,0.6,60.0
2,PAA-noPriority,19,0.7267952154931184,0.24325179262804592,1.0954451150103324,0.6384985035872576,3.1160189976970356,0.043080787432312265,0.7267952154931184,0.24325179262804592,1.0954451150103324,0.34782608695652173,0.6384985035872576,221.94112847222223,0.0,22,4.0,0.15,0.16666666666666666,60.0
2,PAA-noPriority,20,0.6624870538289331,0.23828720110881224,0.8944271909999159,0.53209905476735,3.0278482183207593,0.04399060902406984,0.6624870538289331,0.23828720110881224,0.8944271909999159,0.4444444444444444,0.53209905476735,392.25789236111103,0.0,26,3.0,0.075,0.3333333333333333,60.0
2,PAA-noPriority,21,0.6959334872135953,0.224045400632638,1.3114877048604001,0.6339845418195648,3.04128778610382,0.04980686656973255,0.6959334872135953,0.224045400632638,1.3114877048604001,0.2711864406779661,0.6339845418195648,394.65603472222216,0.0,21,7.0,0.05,0.5,60.0
2,PAA-noPriority,22,0.6500452551805457,0.252601277946515,1.077032961426901,0.7193283804884447,2.8980999981277997,0.05438214907796869,0.6500452551805457,0.252601277946515,1.077032961426901,0.35555555555555557,0.7193283804884447,325.28267013888893,0.0,24,4.0,0.125,0.2,60.0
2,PAA-noPriority,23,0.6965979202729875,0.24257507386664826,1.131370849898476,0.6060664896564834,2.9797425159202593,0.050622314345486606,0.6965979202729875,0.24257507386664826,1.131370849898476,0.3333333333333333,0.6060664896564834,350.5113611111111,0.0,22,5.0,0.025,1.0,60.0
2,PAA-noPriority,24,0.6630580887972422,0.2798512356605948,1.0392304845413265,0.6336311035450178,2.505110837039237,0.04526463908523903,0.6630580887972422,0.2798512356605948,1.0392304845413265,0.37209302325581395,0.6336311035450178,243.23880555555553,0.0,24,4.0,0.1,0.25,60.0
2,PAA-noPriority,25,0.6318079593283874,0.2722430700485653,1.2000000000000002,0.7546442326586307,2.5034469126206957,0.04878373733738547,0.6318079593283874,0.2722430700485653,1.2000000000000002,0.3076923076923077,0.7546442326586307,243.91133680555555,0.0,22,6.0,0.1,0.5,60.0
2,PAA-noPriority,26,0.672951774107001,0.2199302841963378,1.264911064067352,0.6065565616677739,2.8114543096516758,0.04783215173659419,0.672951774107001,0.2199302841963378,1.264911064067352,0.2857142857142857,0.6065565616677739,221.01281250000002,0.0,23,7.0,0.05,0.0,60.0
2,PAA-noPriority,27,0.6702247401889592,0.224970460642092,1.4560219778561034,0.6397896718356992,2.0432210042420396,0.05432351431119122,0.6702247401889592,0.224970460642092,1.4560219778561034,0.2318840579710145,0.6397896718356992,113.17311111111113,0.0,23,9.0,0.05,0.0,60.0
2,PAA-noPriority,28,0.717017876630915,0.2498091326302309,1.148912529307606,0.7216733629015274,3.0452340254060566,0.05639618220559968,0.717017876630915,0.2498091326302309,1.148912529307606,0.32653061224489793,0.7216733629015274,283.70025,0.0,23,5.0,0.075,0.6666666666666666,60.0
2,PAA-noPriority,29,0.668727483776323,0.27457253495869927,0.8485281374238571,0.6645509237183604,3.3567580942668456,0.045252044315192155,0.668727483776323,0.27457253495869927,0.8485281374238571,0.47058823529411764,0.6645509237183604,352.0086840277777,0.0,27,3.0,0.05,0.5,60.0
2,PAA-noAdaptive,0,0.6789233948909714,0.242756770476461,1.61245154965971,0.7197149557429804,1.9505567812495457,0.04594751134503679,0.6789233948909714,0.242756770476461,1.61245154965971,0.19753086419753085,0.7197149557429804,111.97691319444444,0.0,19,9.0,0.125,0.6,60.0
2,PAA-noAdaptive,1,0.752349517372157,0.22539336477183064,1.5748015748023623,0.7853351426942955,2.9553923087189204,0.05119508081832413,0.752349517372157,0.22539336477183064,1.5748015748023623,0.20512820512820512,0.7853351426942955,345.89806250000004,0.0,18,7.0,0.05,0.5,60.0
2,PAA-noAdaptive,2,0.6802510898958387,0.24196545887067922,1.469693845669907,0.7203023229204968,1.853516437908383,0.046517310976851044,0.6802510898958387,0.24196545887067922,1.469693845669907,0.22857142857142856,0.7203023229204968,129.12735763888887,0.0,21,8.0,0.025,0.0,60.0
2,PAA-noAdaptive,3,0.6962701233467471,0.2734512772440766,1.2000000000000002,0.604527276683793,2.03623328527408,0.04905174880022831,0.6962701233467471,0.2734512772440766,1.2000000000000002,0.3076923076923077,0.604527276683793,128.93685763888888,0.0,22,6.0,0.075,0.0,60.0
2,PAA-noAdaptive,4,0.7084286377236065,0.25277727988381676,1.5874507866387546,0.872813712925422,2.586490322909434,0.04715488459504196,0.7084286377236065,0.25277727988381676,1.5874507866387546,0.20253164556962025,0.872813712925422,229.87929861111107,0.0,19,8.0,0.1,0.5,60.0
2,PAA-noAdaptive,5,0.7009131969937732,0.2363758734668872,1.2328828005937955,0.7429835044676139,2.539799241414248,0.05563135456678945,0.7009131969937732,0.2363758734668872,1.2328828005937955,0.2962962962962963,0.7429835044676139,228.61145138888887,0.0,25,7.0,0.05,0.5,60.0
2,PAA-noAdaptive,6,0.7380856983769941,0.2239664371096361,1.6492422502470643,0.850949735535362,2.903049749440485,0.04979020327881591,0.7380856983769941,0.2239664371096361,1.6492422502470643,0.19047619047619047,0.850949735535362,295.25781597222215,0.0,15,8.0,0.175,0.5714285714285714,60.0
2,PAA-noAdaptive,7,0.6490074329494797,0.2436504135071174,1.1832159566199234,0.6245031293520636,2.4305474937438234,0.05030882247870325,0.6490074329494797,0.2436504135071174,1.1832159566199234,0.3137254901960784,0.6245031293520636,182.8278923611111,0.0,23,6.0,0.05,0.0,60.0
2,PAA-noAdaptive,8,0.705053675230493,0.2543058791742433,1.6,0.889357758381475,2.5454838643784194,0.050549291363188274,0.705053675230493,0.2543058791742433,1.6,0.2,0.889357758381475,228.67574305555553,0.0,19,9.0,0.125,0.4,60.0
2,PAA-noAdaptive,9,0.6918778516570017,0.2829803025652642,1.2806248474865698,0.6223215521641388,1.9825976915074173,0.04979302348270109,0.6918778516570017,0.2829803025652642,1.2806248474865698,0.2807017543859649,0.6223215521641388,190.83017361111106,0.0,24,6.0,0.1,0.0,60.0
2,PAA-noAdaptive,10,0.7391061154319563,0.22096707477686034,1.697056274847714,0.8605112354673243,2.5919256594204128,0.05242676738826272,0.7391061154319563,0.22096707477686034,1.697056274847714,0.18181818181818182,0.8605112354673243,264.35584027777776,0.0,16,8.0,0.075,0.3333333333333333,60.0
2,PAA-noAdaptive,11,0.7339447882020942,0.21049190231180775,1.624807680927192,0.7985074433728261,2.6547933868467446,0.04416789041340659,0.7339447882020942,0.21049190231180775,1.624807680927192,0.1951219512195122,0.7985074433728261,295.8325972222222,0.0,17,8.0,0.075,1.0,60.0
2,PAA-noAdaptive,12,0.6666902926663973,0.2556102371883259,1.4966629547095767,0.8259648150511474,2.4315458420591023,0.05286672629680726,0.6666902926663973,0.2556102371883259,1.4966629547095767,0.2222222222222222,0.8259648150511474,210.717875,0.0,21,9.0,0.1,0.75,60.0
2,PAA-noAdaptive,13,0.6734452005964618,0.22655101711234876,1.673320053068151,0.7857584882197386,2.3843602660894314,0.050829012433511025,0.6734452005964618,0.22655101711234876,1.673320053068151,0.18604651162790697,0.7857584882197386,201.4255868055556,0.0,19,9.0,0.1,0.5,60.0
2,PAA-noAdaptive,14,0.687713735536679,0.2519261075417204,1.4966629547095767,0.8151287043564299,2.5352356643991,0.05080372594580673,0.687713735536679,0.2519261075417204,1.4966629547095767,0.2222222222222222,0.8151287043564299,165.63876041666668,0.0,20,8.0,0.1,0.5,60.0
2,PAA-noAdaptive,15,0.7490704516611704,0.2250132957095456,1.562049935181331,0.8372796873798645,2.7319902132436753,0.05207784188870232,0.7490704516611704,0.2250132957095456,1.562049935181331,0.2077922077922078,0.8372796873798645,277.81815624999996,0.0,17,7.0,0.075,0.6666666666666666,60.0
2,PAA-noAdaptive,16,0.7404049138213266,0.2445517511777814,1.5231546211727818,0.7940962268367645,2.912103799387129,0.05421712097078863,0.7404049138213266,0.2445517511777814,1.5231546211727818,0.21621621621621623,0.7940962268367645,300.3209097222222,0.0,17,7.0,0.075,0.3333333333333333,60.0
2,PAA-noAdaptive,17,0.6624332071743693,0.2470759613477303,1.4832396974191326,0.7083338521455944,1.9905159438577982,0.04966650860776917,0.6624332071743693,0.2470759613477303,1.4832396974191326,0.22535211267605634,0.7083338521455944,131.12913194444445,0.0,20,9.0,0.1,0.5,60.0
2,PAA-noAdaptive,18,0.6883026861042978,0.25149980267705657,1.2961481396815722,0.7326191867018181,2.326465458249035,0.05655289149520466,0.6883026861042978,0.25149980267705657,1.2961481396815722,0.27586206896551724,0.7326191867018181,165.79930902777778,0.0,22,7.0,0.075,0.0,60.0
2,PAA-noAdaptive,19,0.7519797843590567,0.24723094140949048,1.4142135623730951,0.7802076738176996,2.9054233946528347,0.04618260890493288,0.7519797843590567,0.24723094140949048,1.4142135623730951,0.24242424242424243,0.7802076738176996,295.32333333333327,0.0,20,6.0,0.1,0.25,60.0
2,PAA-noAdaptive,20,0.7195139349008796,0.2298161612203052,1.7088007490635062,0.858327698603518,2.1740350216503073,0.055218223210967546,0.7195139349008796,0.2298161612203052,1.7088007490635062,0.1797752808988764,0.858327698603518,193.60228124999998,0.0,19,10.0,0.1,0.5,60.0
2,PAA-noAdaptive,21,0.6847196189942876,0.2206126442220128,1.8973665961010275,0.7577500410582138,1.5263193772109371,0.0492536059953525,0.6847196189942876,0.2206126442220128,1.8973665961010275,0.1509433962264151,0.7577500410582138,94.01436458333335,0.0,19,12.0,0.075,0.0,60.0
2,PAA-noAdaptive,22,0.6785868995974312,0.2612563723000817,1.4000000000000001,0.7175378201698903,1.9900189839493272,0.0531277395376953,0.6785868995974312,0.2612563723000817,1.4000000000000001,0.24615384615384617,0.7175378201698903,129.53960069444443,0.0,21,8.0,0.075,0.0,60.0
2,PAA-noAdaptive,23,0.653225884627837,0.23859725738254448,1.5099668870541498,0.7323543122232743,2.111909069466614,0.05098510579053444,0.653225884627837,0.23859725738254448,1.5099668870541498,0.2191780821917808,0.7323543122232743,175.69923958333328,0.0,21,9.0,0.1,0.25,60.0
2,PAA-noAdaptive,24,0.7005836288506211,0.23178168564347312,1.5620499351813306,0.8142083724676151,2.70868178503315,0.043524339090988635,0.7005836288506211,0.23178168564347312,1.5620499351813306,0.2077922077922078,0.8142083724676151,203.65843750000005,0.0,21,10.0,0.075,0.3333333333333333,60.0
2,PAA-noAdaptive,25,0.7561539229622566,0.23092196196204356,1.5491933384829668,0.7772488440814882,2.957843170139566,0.044488053136517526,0.7561539229622566,0.23092196196204356,1.5491933384829668,0.21052631578947367,0.7772488440814882,313.84177430555553,0.0,17,7.0,0.075,0.6666666666666666,60.0
2,PAA-noAdaptive,26,0.6928517673053143,0.2641855036608488,1.2649110640673518,0.6861036298131954,2.450703193788862,0.04262204755396152,0.6928517673053143,0.2641855036608488,1.2649110640673518,0.2857142857142857,0.6861036298131954,211.9288368055555,0.0,25,6.0,0.15,0.5,60.0
2,PAA-noAdaptive,27,0.6750595090000739,0.2559487376845749,1.4696938456699071,0.7170736357082534,2.3723272163607976,0.047394325077332676,0.6750595090000739,0.2559487376845749,1.4696938456699071,0.22857142857142856,0.7170736357082534,218.8236840277778,0.0,22,8.0,0.05,0.5,60.0
2,PAA-noAdaptive,28,0.7371943718769851,0.22799161668728446,1.6492422502470643,0.7886084481015007,2.66227914461819,0.0505648829153867,0.7371943718769851,0.22799161668728446,1.6492422502470643,0.19047619047619047,0.7886084481015007,296.246375,0.0,19,9.0,0.075,0.3333333333333333,60.0
2,PAA-noAdaptive,29,0.7208989911921041,0.25486018995938153,1.697056274847714,0.9233633381534883,2.434312543896641,0.048907457497444407,0.7208989911921041,0.25486018995938153,1.697056274847714,0.18181818181818182,0.9233633381534883,212.55105555555556,0.0,16,8.0,0.125,0.6,60.0
2,PAA-noSLAMut,0,0.7460201517022803,0.2197956798255647,1.4000000000000001,0.8033297113745285,3.1403437984370792,0.05409137653430846,0.7460201517022803,0.2197956798255647,1.4000000000000001,0.24615384615384617,0.8033297113745285,299.8889722222222,0.0,19,7.0,0.075,0.0,60.0
2,PAA-noSLAMut,1,0.737125661269504,0.23779017644975298,1.4832396974191329,0.7289715623009163,2.942389844906162,0.04184613585929753,0.737125661269504,0.23779017644975298,1.4832396974191329,0.22535211267605634,0.7289715623009163,330.44178124999996,0.0,18,7.0,0.125,0.8,60.0
2,PAA-noSLAMut,2,0.7121177461846894,0.2625758983476621,1.4832396974191326,0.7955208365865103,2.454455823866676,0.04786157566458932,0.7121177461846894,0.2625758983476621,1.4832396974191326,0.22535211267605634,0.7955208365865103,166.16896527777777,0.0,18,7.0,0.075,0.3333333333333333,60.0
2,PAA-noSLAMut,3,0.7458518839633803,0.23826905407538526,1.4142135623730951,0.7765428285929289,3.174141911027006,0.05000394317439219,0.7458518839633803,0.23826905407538526,1.4142135623730951,0.24242424242424243,0.7765428285929289,410.5855590277777,0.0,20,6.0,0.075,0.3333333333333333,60.0
2,PAA-noSLAMut,4,0.6753585661037702,0.24060849921654923,1.708800749063506,0.722683786735969,1.8814061063373189,0.036815396068735066,0.6753585661037702,0.24060849921654923,1.708800749063506,0.1797752808988764,0.722683786735969,144.96655555555554,0.0,19,10.0,0.05,0.5,60.0
2,PAA-noSLAMut,5,0.710238450940467,0.2339047484241677,1.562049935181331,0.748726374835995,2.363343200155719,0.05123703228523772,0.710238450940467,0.2339047484241677,1.562049935181331,0.2077922077922078,0.748726374835995,182.25037847222222,0.0,17,7.0,0.05,0.0,60.0
2,PAA-noSLAMut,6,0.7201731304158715,0.24434715061138582,1.4832396974191326,0.8654522365360847,2.841872478992685,0.0492323050835439,0.7201731304158715,0.24434715061138582,1.4832396974191326,0.22535211267605634,0.8654522365360847,299.9382256944444,0.0,20,8.0,0.075,0.3333333333333333,60.0
2,PAA-noSLAMut,7,0.7567388251210205,0.239768133808467,1.4422205101855958,0.8198938987688805,3.179568101819956,0.048886226505840985,0.7567388251210205,0.239768133808467,1.4422205101855958,0.23529411764705882,0.8198938987688805,349.2520034722222,0.0,17,6.0,0.1,0.5,60.0
2,PAA-noSLAMut,8,0.7241752219414219,0.20716312500497552,1.6,0.7374907572626168,2.619210015517729,0.05086169896280932,0.7241752219414219,0.20716312500497552,1.6,0.2,0.7374907572626168,248.8106736111111,0.0,15,8.0,0.05,0.0,60.0
2,PAA-noSLAMut,9,0.6680030085112831,0.22455923913356995,1.8867962264113207,0.8861528941216047,2.127122072675777,0.04788383305258191,0.6680030085112831,0.22455923913356995,1.8867962264113207,0.1523809523809524,0.8861528941216047,210.54046527777774,0.0,18,12.0,0.1,0.5,60.0
2,PAA-noSLAMut,10,0.6773226046581837,0.23815793870370952,1.6370705543744897,0.7535188845262386,1.672481436314338,0.04095844946376738,0.6773226046581837,0.23815793870370952,1.6370705543744897,0.1927710843373494,0.7535188845262386,171.84620138888886,0.0,19,10.0,0.075,0.3333333333333333,60.0
2,PAA-noSLAMut,11,0.7213126481862652,0.21525029807958362,1.2961481396815722,0.6989297028106201,2.9277069245202436,0.055540916043804456,0.7213126481862652,0.21525029807958362,1.2961481396815722,0.27586206896551724,0.6989297028106201,266.0583888888889,0.0,20,6.0,0.025,0.0,60.0
2,PAA-noSLAMut,12,0.7318872318155114,0.22066984150871222,1.6852299546352716,0.7615112983652029,2.2029750610765575,0.047596130828581495,0.7318872318155114,0.22066984150871222,1.6852299546352716,0.1839080459770115,0.7615112983652029,164.07329861111114,0.0,18,9.0,0.025,0.0,60.0
2,PAA-noSLAMut,13,0.6861929634995445,0.2701970562063133,1.4000000000000001,0.654485689691986,2.0048432823890416,0.049007742351798174,0.6861929634995445,0.2701970562063133,1.4000000000000001,0.24615384615384617,0.654485689691986,311.1680625,0.0,19,7.0,0.075,0.6666666666666666,60.0
2,PAA-noSLAMut,14,0.7166807734881093,0.21316400131748722,1.6613247725836147,0.7693152003576376,2.53928486345466,0.051734237571584095,0.7166807734881093,0.21316400131748722,1.6613247725836147,0.18823529411764706,0.7693152003576376,186.1059826388889,0.0,19,10.0,0.125,0.4,60.0
2,PAA-noSLAMut,15,0.746792154915701,0.2178486163462603,1.6370705543744901,0.8537735697255453,2.601335712397634,0.05275034364069965,0.746792154915701,0.2178486163462603,1.6370705543744901,0.1927710843373494,0.8537735697255453,260.0244895833333,0.0,15,8.0,0.1,0.5,60.0
2,PAA-noSLAMut,16,0.6888631165427281,0.2664861664828976,1.50996688705415,0.8681869440820407,2.69311364133005,0.04434690911155349,0.6888631165427281,0.2664861664828976,1.50996688705415,0.2191780821917808,0.8681869440820407,248.22570138888887,0.0,19,8.0,0.175,0.7142857142857143,60.0
2,PAA-noSLAMut,17,0.7286591325471393,0.25276947788172655,1.385640646055102,0.7546696105190493,2.628187289698569,0.048745497300014956,0.7286591325471393,0.25276947788172655,1.385640646055102,0.25,0.7546696105190493,263.3166666666666,0.0,22,7.0,0.125,0.2,60.0
2,PAA-noSLAMut,18,0.7289810000475445,0.22755933230247466,1.4000000000000001,0.8683316855572084,3.0959323228358153,0.04559202652483722,0.7289810000475445,0.22755933230247466,1.4000000000000001,0.24615384615384617,0.8683316855572084,301.2131770833333,0.0,19,6.0,0.125,0.4,60.0
2,PAA-noSLAMut,19,0.6800931858278498,0.27544381777297916,1.2328828005937955,0.6450212385841756,2.368418688833016,0.04523317283107313,0.6800931858278498,0.27544381777297916,1.2328828005937955,0.2962962962962963,0.6450212385841756,192.63938541666664,0.0,22,6.0,0.1,0.5,60.0
2,PAA-noSLAMut,20,0.6281193564641627,0.29505865026511513,1.2489995996796797,0.7363564424056357,2.0519116260116603,0.05229870023619646,0.6281193564641627,0.29505865026511513,1.2489995996796797,0.2909090909090909,0.7363564424056357,113.20610069444444,0.0,26,8.0,0.05,0.5,60.0
2,PAA-noSLAMut,21,0.7498741703826419,0.2195534549981065,1.4560219778561039,0.746973155505584,3.074665877356348,0.047438052349595215,0.7498741703826419,0.2195534549981065,1.4560219778561039,0.2318840579710145,0.746973155505584,281.5951944444444,0.0,18,6.0,0.075,0.6666666666666666,60.0
2,PAA-noSLAMut,22,0.6584156961792028,0.2683677792202512,1.5099668870541498,0.8518677125679501,2.4854695879091047,0.048411550266787236,0.6584156961792028,0.2683677792202512,1.5099668870541498,0.2191780821917808,0.8518677125679501,212.12856597222222,0.0,22,9.0,0.1,0.5,60.0
2,PAA-noSLAMut,23,0.7370540020527091,0.23251556874706983,1.7088007490635062,0.7928529674688443,2.791970050320272,0.053857425643561274,0.7370540020527091,0.23251556874706983,1.7088007490635062,0.1797752808988764,0.7928529674688443,281.11981249999997,0.0,14,8.0,0.05,0.5,60.0
2,PAA-noSLAMut,24,0.7427409375380638,0.23559471266529597,1.3564659966250538,0.7749826891625587,2.751373095484605,0.05153520523656551,0.7427409375380638,0.23559471266529597,1.3564659966250538,0.25806451612903225,0.7749826891625587,262.95800694444443,0.0,20,6.0,0.05,0.0,60.0
2,PAA-noSLAMut,25,0.6937485628794052,0.2624370138599661,1.4422205101855958,0.8548662793145478,2.7696563514752777,0.04608206962304327,0.6937485628794052,0.2624370138599661,1.4422205101855958,0.23529411764705882,0.8548662793145478,309.43162499999994,0.0,18,7.0,0.175,0.2857142857142857,60.0
2,PAA-noSLAMut,26,0.7590832075984586,0.2257311963010157,1.4966629547095767,0.7783643573559363,3.073620424358835,0.05339404975205003,0.7590832075984586,0.2257311963010157,1.4966629547095767,0.2222222222222222,0.7783643573559363,376.23644791666663,0.0,18,7.0,0.05,0.5,60.0
2,PAA-noSLAMut,27,0.7192133870045114,0.24005013015664467,1.61245154965971,0.7875173353778008,2.691785993525685,0.04913119806912774,0.7192133870045114,0.24005013015664467,1.61245154965971,0.19753086419753085,0.7875173353778008,299.4744548611111,0.0,18,8.0,0.075,0.3333333333333333,60.0
2,PAA-noSLAMut,28,0.7295838548336502,0.25011706582940874,1.371130920080209,0.78616326748777,3.145125012670171,0.04397980698205462,0.7295838548336502,0.25011706582940874,1.371130920080209,0.25396825396825395,0.78616326748777,375.7710729166666,0.0,21,6.0,0.075,0.6666666666666666,60.0
2,PAA-noSLAMut,29,0.7488689245003921,0.20642579250556628,1.4832396974191329,0.7500813113404057,2.7527444782842645,0.05629090330622217,0.7488689245003921,0.20642579250556628,1.4832396974191329,0.22535211267605634,0.7500813113404057,260.579454861111,0.0,18,7.0,0.05,0.5,60.0
2,PAA-AdaptMut,0,0.72125888390711,0.22676286071907673,1.5874507866387546,0.8785164775079112,2.9314865850644507,0.05065378322032164,0.72125888390711,0.22676286071907673,1.5874507866387546,0.20253164556962025,0.8785164775079112,282.2294270833333,0.0,17,7.0,0.1,0.5,60.0
2,PAA-AdaptMut,1,0.708161623304922,0.2331114227794437,1.5231546211727816,0.7885685320410114,2.12787583123369,0.045086512500308276,0.708161623304922,0.2331114227794437,1.5231546211727816,0.21621621621621623,0.7885685320410114,191.90896180555555,0.0,20,9.0,0.075,0.6666666666666666,60.0
2,PAA-AdaptMut,2,0.7371278874040916,0.2250728462917194,1.7776388834631176,0.7990499746899762,1.9508565518504448,0.04290149389769878,0.7371278874040916,0.2250728462917194,1.7776388834631176,0.16842105263157894,0.7990499746899762,129.63676388888888,0.0,17,10.0,0.05,0.5,60.0
2,PAA-AdaptMut,3,0.6463656336241304,0.2886722286510867,1.216552506059644,0.7612708101935628,2.1570238687243313,0.054104439289147044,0.6463656336241304,0.2886722286510867,1.216552506059644,0.3018867924528302,0.7612708101935628,130.419375,0.0,24,6.0,0.05,0.0,60.0
2,PAA-AdaptMut,4,0.7140012138683771,0.2406283396033017,1.2649110640673518,0.8011002450153132,3.170760660645281,0.049865305690233626,0.7140012138683771,0.2406283396033017,1.2649110640673518,0.2857142857142857,0.8011002450153132,305.6172951388889,0.0,20,5.0,0.075,0.3333333333333333,60.0
2,PAA-AdaptMut,5,0.697506977997743,0.2420672650783573,1.4966629547095767,0.7615944650627793,2.594661248769962,0.048084039311782054,0.697506977997743,0.2420672650783573,1.4966629547095767,0.2222222222222222,0.7615944650627793,201.80409722222223,0.0,22,9.0,0.125,0.2,60.0
2,PAA-AdaptMut,6,0.7552253858788075,0.24191904689717694,1.371130920080209,0.7915610658145473,3.329467597335251,0.05691302517547834,0.7552253858788075,0.24191904689717694,1.371130920080209,0.25396825396825395,0.7915610658145473,384.96845833333333,0.0,18,6.0,0.05,0.5,60.0
2,PAA-AdaptMut,7,0.7210887604868444,0.23386932362343474,1.385640646055102,0.852175319157565,3.2974466015656296,0.04444772227335892,0.7210887604868444,0.23386932362343474,1.385640646055102,0.25,0.852175319157565,332.1208854166666,0.0,20,6.0,0.125,0.6,60.0
2,PAA-AdaptMut,8,0.7361880128529528,0.23764396096931714,1.4966629547095767,0.8312868911353857,3.143047163140708,0.04212136497499084,0.7361880128529528,0.23764396096931714,1.4966629547095767,0.2222222222222222,0.8312868911353857,318.2286944444444,0.0,18,7.0,0.15,0.3333333333333333,60.0
2,PAA-AdaptMut,9,0.6926418634617568,0.23512422910290204,1.6852299546352716,0.8950760501991113,2.636310077059334,0.048571230907974536,0.6926418634617568,0.23512422910290204,1.6852299546352716,0.1839080459770115,0.8950760501991113,262.4130173611111,0.0,15,7.0,0.1,0.5,60.0
2,PAA-AdaptMut,10,0.7411817598607755,0.2461869066508474,1.697056274847714,0.8473254630052747,2.340217058466571,0.042233220398650954,0.7411817598607755,0.2461869066508474,1.697056274847714,0.18181818181818182,0.8473254630052747,226.66068055555553,0.0,16,8.0,0.075,0.6666666666666666,60.0
2,PAA-AdaptMut,11,0.7260370961477658,0.22693898743269408,1.708800749063506,0.917113373934589,2.638140854934047,0.04536226532353739,0.7260370961477658,0.22693898743269408,1.708800749063506,0.1797752808988764,0.917113373934589,246.4878576388888,0.0,17,10.0,0.125,0.6,60.0
2,PAA-AdaptMut,12,0.7104882069503107,0.19845568961024118,1.6370705543744901,0.757948279561079,2.2695186257478475,0.05044158967641942,0.7104882069503107,0.19845568961024118,1.6370705543744901,0.1927710843373494,0.757948279561079,181.07536805555557,0.0,18,9.0,0.05,0.0,60.0
2,PAA-AdaptMut,13,0.6706914876333491,0.2474502867606744,1.5491933384829668,0.7053844253427906,1.7230331840845068,0.05146788831729137,0.6706914876333491,0.2474502867606744,1.5491933384829668,0.21052631578947367,0.7053844253427906,92.9560798611111,0.0,18,9.0,0.075,0.6666666666666666,60.0
2,PAA-AdaptMut,14,0.7244644877101724,0.2386188254048242,1.649242250247064,0.7379695482546867,2.6131092349041074,0.043037674518999904,0.7244644877101724,0.2386188254048242,1.649242250247064,0.19047619047619047,0.7379695482546867,262.33057291666665,0.0,19,9.0,0.075,0.3333333333333333,60.0
2,PAA-AdaptMut,15,0.697853302430542,0.24236318990705322,1.4696938456699071,0.8841672614258289,3.080639960563184,0.04489884202705557,0.697853302430542,0.24236318990705322,1.4696938456699071,0.22857142857142856,0.8841672614258289,316.5367881944444,0.0,18,8.0,0.15,0.5,60.0
2,PAA-AdaptMut,16,0.7243325625919548,0.2535719196317493,1.4832396974191326,0.8448077945841735,2.704851745241505,0.05170870941075865,0.7243325625919548,0.2535719196317493,1.4832396974191326,0.22535211267605634,0.8448077945841735,247.12835416666667,0.0,20,7.0,0.1,0.5,60.0
2,PAA-AdaptMut,17,0.7416511801124223,0.20909884220745942,1.562049935181331,0.74416664947389,2.7405209250129907,0.03993908851524651,0.7416511801124223,0.20909884220745942,1.562049935181331,0.2077922077922078,0.74416664947389,234.19070833333336,0.0,18,8.0,0.05,0.5,60.0
2,PAA-AdaptMut,18,0.7441374486874167,0.20993883709601963,1.8110770276274832,0.8526473342250573,2.673403073851577,0.04030166019633998,0.7441374486874167,0.20993883709601963,1.8110770276274832,0.16326530612244897,0.8526473342250573,296.3451180555555,0.0,14,10.0,0.075,0.6666666666666666,60.0
2,PAA-AdaptMut,19,0.6796160691681005,0.2856752888886612,1.4282856857085702,0.7393734451088368,1.9415180313388951,0.05123706756225925,0.6796160691681005,0.2856752888886612,1.4282856857085702,0.23880597014925373,0.7393734451088368,189.7548159722222,0.0,23,9.0,0.1,0.75,60.0
2,PAA-AdaptMut,20,0.6558831396542338,0.2821886297614404,1.469693845669907,0.7678280002858481,2.0780563203718385,0.051456344481110625,0.6558831396542338,0.2821886297614404,1.469693845669907,0.22857142857142856,0.7678280002858481,176.44349999999994,0.0,22,9.0,0.15,0.5,60.0
2,PAA-AdaptMut,21,0.7349880506369976,0.2386836441401839,1.3564659966250538,0.7793946215445156,2.9622575439451326,0.04710863871942077,0.7349880506369976,0.2386836441401839,1.3564659966250538,0.25806451612903225,0.7793946215445156,299.8666458333333,0.0,21,6.0,0.1,0.5,60.0
2,PAA-AdaptMut,22,0.6777850989391374,0.2494886016033445,1.6,0.7798018785112308,2.0194463842809904,0.03874770902812627,0.6777850989391374,0.2494886016033445,1.6,0.2,0.7798018785112308,192.3390972222222,0.0,18,9.0,0.075,0.3333333333333333,60.0
2,PAA-AdaptMut,23,0.7395605399233979,0.22616843365723877,1.4422205101855958,0.8194589083578341,2.7897980631300965,0.04768793277080022,0.7395605399233979,0.22616843365723877,1.4422205101855958,0.23529411764705882,0.8194589083578341,280.4655347222222,0.0,19,6.0,0.1,0.5,60.0
2,PAA-AdaptMut,24,0.643553804345152,0.26197316337183923,1.385640646055102,0.619810293348176,1.5761112256933192,0.04711496853475521,0.643553804345152,0.26197316337183923,1.385640646055102,0.25,0.619810293348176,153.87374652777774,0.0,20,6.0,0.05,0.5,60.0
2,PAA-AdaptMut,25,0.6942532919501256,0.23985387860821145,1.6370705543744897,0.791380233582373,2.4560278289491686,0.041318568471272875,0.6942532919501256,0.23985387860821145,1.6370705543744897,0.1927710843373494,0.791380233582373,291.8488263888888,0.0,20,9.0,0.15,0.5,60.0
2,PAA-AdaptMut,26,0.7358277725280086,0.2363864505848024,1.697056274847714,0.8550645734883886,2.522090426769101,0.039952395221523364,0.7358277725280086,0.2363864505848024,1.697056274847714,0.18181818181818182,0.8550645734883886,199.31006597222225,0.0,15,8.0,0.1,0.5,60.0
2,PAA-AdaptMut,27,0.6718618756184369,0.2575721416243109,1.385640646055102,0.687439107664253,1.5268487029528586,0.060519715380024236,0.6718618756184369,0.2575721416243109,1.385640646055102,0.25,0.687439107664253,76.19748611111113,0.0,19,7.0,0.075,0.3333333333333333,60.0
2,PAA-AdaptMut,28,0.6627735214890009,0.27279264999881503,1.50996688705415,0.7809861347007215,1.8795882105042332,0.040332931460532156,0.6627735214890009,0.27279264999881503,1.50996688705415,0.2191780821917808,0.7809861347007215,94.47958333333334,0.0,22,9.0,0.075,0.6666666666666666,60.0
2,PAA-AdaptMut,29,0.7126924139697339,0.2446584130629088,1.3416407864998738,0.8257075466412054,3.226696749873155,0.04887880866644406,0.7126924139697339,0.2446584130629088,1.3416407864998738,0.26229508196721313,0.8257075466412054,333.1642222222222,0.0,21,6.0,0.15,0.5,60.0
2,NSGA3-PrioInit,0,0.7370963638924263,0.21254303561868815,1.7320508075688772,0.8858899506680716,2.491097423300276,0.06497325516536388,0.7370963638924263,0.21254303561868815,1.7320508075688772,0.17582417582417584,0.8858899506680716,244.5896770833333,0.0,16,10.0,0.1,0.5,18.0
2,NSGA3-PrioInit,1,0.7375388070810545,0.24221228956919877,1.371130920080209,0.8646192904567703,2.50524441906533,0.07109036546842248,0.7375388070810545,0.24221228956919877,1.371130920080209,0.25396825396825395,0.8646192904567703,245.7360833333333,0.0,20,6.0,0.125,0.6,20.0
2,NSGA3-PrioInit,2,0.7245734687291401,0.260798818210623,1.4422205101855958,0.7219226343064693,1.7234657176555974,0.07250388167558167,0.7245734687291401,0.260798818210623,1.4422205101855958,0.23529411764705882,0.7219226343064693,61.65247222222223,0.0,22,7.0,0.075,0.3333333333333333,20.0
2,NSGA3-PrioInit,3,0.7316730786849639,0.21030819657995173,1.4282856857085702,0.8034942958055126,2.625220701330335,0.06364290515110073,0.7316730786849639,0.21030819657995173,1.4282856857085702,0.23880597014925373,0.8034942958055126,201.8780798611111,0.0,20,8.0,0.05,0.0,19.0
2,NSGA3-PrioInit,4,0.7239156199322536,0.24114162095895414,1.7999999999999998,0.8882578186285199,1.936205717609185,0.07201421320586349,0.7239156199322536,0.24114162095895414,1.7999999999999998,0.16494845360824742,0.8882578186285199,113.55570486111114,0.0,17,10.0,0.125,0.6,23.0
2,NSGA3-PrioInit,5,0.7270359348350202,0.2460863098542089,1.3711309200802089,0.7769323277279245,1.8186950156266668,0.06938067297407002,0.7270359348350202,0.2460863098542089,1.3711309200802089,0.25396825396825395,0.7769323277279245,138.9775555555555,0.0,21,6.0,0.05,0.5,15.0
2,NSGA3-PrioInit,6,0.731761862996179,0.2184230046600244,1.32664991614216,0.7589947556321499,2.2884745042214134,0.08052434565403324,0.731761862996179,0.2184230046600244,1.32664991614216,0.26666666666666666,0.7589947556321499,164.63488541666666,0.0,22,6.0,0.05,0.5,25.0
2,NSGA3-PrioInit,7,0.7346162246085933,0.20565253608422873,1.4832396974191329,0.724941105645471,2.5010644091015912,0.06667596039695795,0.7346162246085933,0.20565253608422873,1.4832396974191329,0.22535211267605634,0.724941105645471,227.65343402777776,0.0,21,8.0,0.05,0.0,23.0
2,NSGA3-PrioInit,8,0.6926459833210185,0.2158008285884488,1.5491933384829668,0.8780962261864733,2.529757431014064,0.0641399076603663,0.6926459833210185,0.2158008285884488,1.5491933384829668,0.21052631578947367,0.8780962261864733,245.2965625,0.0,19,9.0,0.075,0.3333333333333333,17.0
2,NSGA3-PrioInit,9,0.7050104280867057,0.2141678822518862,1.385640646055102,0.8568891283823049,2.6061424890145948,0.07063804091852376,0.7050104280867057,0.2141678822518862,1.385640646055102,0.25,0.8568891283823049,245.80552083333328,0.0,21,7.0,0.1,0.5,20.0
2,NSGA3-PrioInit,10,0.672199414079496,0.23072392637728772,1.3416407864998738,0.8594903439999408,2.38723126337186,0.07865398612301129,0.672199414079496,0.23072392637728772,1.3416407864998738,0.26229508196721313,0.8594903439999408,149.50109375000002,0.0,22,7.0,0.1,0.5,19.0
2,NSGA3-PrioInit,11,0.7172244167143074,0.2518520620454514,1.0954451150103324,0.7411658712544054,2.1673320554671505,0.08175328831343881,0.7172244167143074,0.2518520620454514,1.0954451150103324,0.34782608695652173,0.7411658712544054,113.37740624999999,0.0,24,5.0,0.125,0.2,19.0
2,NSGA3-PrioInit,12,0.7329818951688598,0.2421068197830559,1.5874507866387544,0.8120439945778928,1.692575942454954,0.08218938649863133,0.7329818951688598,0.2421068197830559,1.5874507866387544,0.20253164556962025,0.8120439945778928,76.3007152777778,0.0,21,9.0,0.075,0.3333333333333333,20.0
2,NSGA3-PrioInit,13,0.7422824692197091,0.21276180358472585,1.4966629547095767,0.8033443760851403,2.124440784233254,0.06798732992193565,0.7422824692197091,0.21276180358472585,1.4966629547095767,0.2222222222222222,0.8033443760851403,130.392125,0.0,18,7.0,0.075,0.3333333333333333,20.0
2,NSGA3-PrioInit,14,0.7305705261421325,0.23689796330857787,1.4560219778561037,0.7816124455721997,2.0487936281644723,0.06857850784240874,0.7305705261421325,0.23689796330857787,1.4560219778561037,0.2318840579710145,0.7816124455721997,174.21663541666663,0.0,18,6.0,0.05,0.5,18.0
2,NSGA3-PrioInit,15,0.7427450232151728,0.20695799814197238,1.3114877048604001,0.7712518157395134,2.4331691033586793,0.08537011004713319,0.7427450232151728,0.20695799814197238,1.3114877048604001,0.2711864406779661,0.7712518157395134,164.87507291666665,0.0,21,6.0,0.05,0.0,21.0
2,NSGA3-PrioInit,16,0.6987574899898783,0.23268901018616067,1.385640646055102,0.8782090482026483,2.370902007691618,0.07415906148427204,0.6987574899898783,0.23268901018616067,1.385640646055102,0.25,0.8782090482026483,229.16109722222217,0.0,22,8.0,0.125,0.6,18.0
2,NSGA3-PrioInit,17,0.7003433713263562,0.21500824409231717,1.469693845669907,0.8579534153458575,2.77765220017344,0.06465655753152673,0.7003433713263562,0.21500824409231717,1.469693845669907,0.22857142857142856,0.8579534153458575,247.2758958333333,0.0,21,9.0,0.1,0.25,21.0
2,NSGA3-PrioInit,18,0.7034823390517746,0.22116829083380907,1.1832159566199234,0.7746109470015321,2.602959378116288,0.07598717400841631,0.7034823390517746,0.22116829083380907,1.1832159566199234,0.3137254901960784,0.7746109470015321,229.30267708333332,0.0,23,6.0,0.1,0.25,18.0
2,NSGA3-PrioInit,19,0.739400570171972,0.21695563316423067,1.2806248474865698,0.7661730358624391,2.671568575856269,0.07484080925484612,0.739400570171972,0.21695563316423067,1.2806248474865698,0.2807017543859649,0.7661730358624391,264.66333680555556,0.0,24,7.0,0.05,0.5,18.0
2,NSGA3-PrioInit,20,0.7402566946749893,0.21796849478595687,1.371130920080209,0.7596433961367426,2.4411122646534906,0.07282666418941278,0.7402566946749893,0.21796849478595687,1.371130920080209,0.25396825396825395,0.7596433961367426,165.1500902777778,0.0,21,7.0,0.075,0.0,24.0
2,NSGA3-PrioInit,21,0.736366107398662,0.20891856764308075,1.3711309200802089,0.776975567929823,2.7216941482635235,0.07404647955048306,0.736366107398662,0.20891856764308075,1.3711309200802089,0.25396825396825395,0.776975567929823,217.17735069444444,0.0,20,7.0,0.075,0.3333333333333333,18.0
2,NSGA3-PrioInit,22,0.7405943856052288,0.23789384142603315,1.4832396974191326,0.899777404222494,2.6138496725633438,0.06205084772095537,0.7405943856052288,0.23789384142603315,1.4832396974191326,0.22535211267605634,0.899777404222494,264.86530208333335,0.0,18,8.0,0.125,0.6,15.0
2,NSGA3-PrioInit,23,0.7324165355132982,0.264536827476625,1.28062484748657,0.8564361978195001,2.6832620742054694,0.06747697641750146,0.7324165355132982,0.264536827476625,1.28062484748657,0.2807017543859649,0.8564361978195001,244.9484305555555,0.0,23,7.0,0.15,0.3333333333333333,18.0
2,NSGA3-PrioInit,24,0.7327558099991032,0.2573946327588634,1.4422205101855958,0.907083512628766,2.4138175309376946,0.06400407488158893,0.7327558099991032,0.2573946327588634,1.4422205101855958,0.23529411764705882,0.907083512628766,211.64972222222218,0.0,19,7.0,0.125,0.6,18.0
2,NSGA3-PrioInit,25,0.7357711012877047,0.2394304531092475,1.6370705543744901,0.8413413884712198,1.9397530942527836,0.07332274048637083,0.7357711012877047,0.2394304531092475,1.6370705543744901,0.1927710843373494,0.8413413884712198,96.71420833333335,0.0,18,9.0,0.1,0.5,18.0
2,NSGA3-PrioInit,26,0.7412244476510464,0.21319259913514896,1.469693845669907,0.793145565824551,2.454142898645796,0.06805188023841513,0.7412244476510464,0.21319259913514896,1.469693845669907,0.22857142857142856,0.793145565824551,228.2630381944444,0.0,20,7.0,0.075,0.0,16.0
2,NSGA3-PrioInit,27,0.6689517227140607,0.21383295223698223,1.385640646055102,0.7277121576174893,1.8962095291591061,0.06757788724265754,0.6689517227140607,0.21383295223698223,1.385640646055102,0.25,0.7277121576174893,110.84475347222224,0.0,21,7.0,0.025,0.0,19.0
2,NSGA3-PrioInit,28,0.729719684585012,0.2508349638174797,1.341640786499874,0.7701102603455549,1.8427366985659794,0.07458570654090851,0.729719684585012,0.2508349638174797,1.341640786499874,0.26229508196721313,0.7701102603455549,78.48837152777779,0.0,22,6.0,0.075,0.0,16.0
2,NSGA3-PrioInit,29,0.7197699072351151,0.23656588616517443,1.7320508075688772,0.8674464689907128,2.1078723758282614,0.07580462716781496,0.7197699072351151,0.23656588616517443,1.7320508075688772,0.17582417582417584,0.8674464689907128,192.97489236111105,0.0,20,10.0,0.15,0.6666666666666666,21.0
3,Random,0,0.46736343978095085,0.3896614910548426,0.8944271909999159,0.39870972235897206,3.014243025574637,,0.46736343978095085,0.3896614910548426,0.8944271909999159,0.4444444444444444,0.39870972235897206,275.13254513888893,0.0,28,4.0,0.075,0.3333333333333333,
3,RoundRobin,0,0.46525726390346794,0.420721792646683,0.6,0.39702021143394617,3.054745658019379,,0.46525726390346794,0.420721792646683,0.6,0.64,0.39702021143394617,317.67171874999997,0.0,35,2.0,0.075,0.3333333333333333,
3,FIFO,0,0.27566547036136435,0.5416019762428336,3.4467375879228164,0.4307345230364595,3.6394023505970323,,0.27566547036136435,0.5416019762428336,3.4467375879228164,0.051118210862619806,0.4307345230364595,796.5975173611114,0.0,5,19.0,0.075,0.3333333333333333,
3,LeastLoaded,0,0.4571643582225898,0.4057810426103618,0.4,0.44910882887135095,3.345183965080409,,0.4571643582225898,0.4057810426103618,0.4,0.8,0.44910882887135095,440.8764861111111,0.0,40,1.0,0.025,0.0,
3,GreedyBestOutcome,0,0.6761534536059384,0.26947394251368895,2.1071307505705477,0.6864005610446208,3.6177051577481913,,0.6761534536059384,0.26947394251368895,2.1071307505705477,0.12598425196850394,0.6864005610446208,362.7487256944443,0.0,12,11.0,0.1,0.75,
3,StandardNSGA2,0,0.5307855092867151,0.3523860588319196,0.959166304662544,0.7484495143695357,2.651020094563626,0.09616867698430479,0.5307855092867151,0.3523860588319196,0.959166304662544,0.41025641025641024,0.7484495143695357,333.3340833333333,0.0,27,4.0,0.025,1.0,60.0
3,StandardNSGA2,1,0.5078114449661351,0.31785292835938755,1.1313708498984762,0.6419884294666277,2.963256735991995,0.06553368975853424,0.5078114449661351,0.31785292835938755,1.1313708498984762,0.3333333333333333,0.6419884294666277,234.48794444444442,0.0,22,4.0,0.075,0.3333333333333333,60.0
3,StandardNSGA2,2,0.6088073828977919,0.2753813887792238,1.469693845669907,0.7057510905538222,2.655306975073212,0.09173178935059177,0.6088073828977919,0.2753813887792238,1.469693845669907,0.22857142857142856,0.7057510905538222,327.2218680555555,0.0,20,7.0,0.05,1.0,60.0
3,StandardNSGA2,3,0.5296048561613184,0.31524926594698277,1.32664991614216,0.6643890246466526,2.0990502980794687,0.10315257472815784,0.5296048561613184,0.31524926594698277,1.32664991614216,0.26666666666666666,0.6643890246466526,183.40315625,0.0,22,7.0,0.025,1.0,60.0
3,StandardNSGA2,4,0.5617107709788851,0.30588164314203947,1.1832159566199234,0.7291085661562924,3.0676685119769593,0.08419562078970352,0.5617107709788851,0.30588164314203947,1.1832159566199234,0.3137254901960784,0.7291085661562924,256.4196944444445,0.0,23,6.0,0.075,0.3333333333333333,60.0
3,StandardNSGA2,5,0.6039217421736369,0.30062949893399515,1.1832159566199232,0.8635875785235815,3.52439976262769,0.09965843937816662,0.6039217421736369,0.30062949893399515,1.1832159566199232,0.3137254901960784,0.8635875785235815,475.10541319444445,0.0,21,5.0,0.075,0.6666666666666666,60.0
3,StandardNSGA2,6,0.6133644300883534,0.282705501597594,1.3114877048604003,0.6967218707953344,2.458862839228257,0.12081444525214327,0.6133644300883534,0.282705501597594,1.3114877048604003,0.2711864406779661,0.6967218707953344,279.34349305555554,0.0,21,7.0,0.025,1.0,60.0
3,StandardNSGA2,7,0.5744093939873602,0.32537423451999004,1.2649110640673518,0.8562580707289913,3.423031228858578,0.08886167772643759,0.5744093939873602,0.32537423451999004,1.2649110640673518,0.2857142857142857,0.8562580707289913,350.05214236111107,0.0,22,6.0,0.125,0.6,60.0
3,StandardNSGA2,8,0.6159491868082908,0.31375087507720584,1.2165525060596443,0.8373606940744172,3.457344951263716,0.09468572390436904,0.6159491868082908,0.31375087507720584,1.2165525060596443,0.3018867924528302,0.8373606940744172,386.4748333333333,0.0,24,6.0,0.125,0.4,60.0
3,StandardNSGA2,9,0.5703081123793637,0.331421235177912,1.0,0.5876333355891283,2.759635714274787,0.07122364043833966,0.5703081123793637,0.331421235177912,1.0,0.3902439024390244,0.5876333355891283,186.5542326388889,0.0,25,4.0,0.075,0.3333333333333333,60.0
3,StandardNSGA2,10,0.5980621606164869,0.3424754887717838,1.2000000000000002,0.7041618211164158,2.9164450545830896,0.07644816635894619,0.5980621606164869,0.3424754887717838,1.2000000000000002,0.3076923076923077,0.7041618211164158,282.5423715277777,0.0,25,6.0,0.1,0.5,60.0
3,StandardNSGA2,11,0.5315353692477789,0.32921442198993633,0.9591663046625439,0.6507733759238802,3.021084254135087,0.07143658049049974,0.5315353692477789,0.32921442198993633,0.9591663046625439,0.41025641025641024,0.6507733759238802,341.3723888888888,0.0,28,5.0,0.025,0.0,60.0
3,StandardNSGA2,12,0.5828320051467213,0.3250565031441873,1.4142135623730951,0.6328121705721698,2.0028097803693816,0.09242409330421597,0.5828320051467213,0.3250565031441873,1.4142135623730951,0.24242424242424243,0.6328121705721698,161.03117361111111,0.0,21,6.0,0.025,0.0,60.0
3,StandardNSGA2,13,0.5889552980989861,0.34362418174005793,1.0,0.7718263431227164,3.4374496829430314,0.08373764080335917,0.5889552980989861,0.34362418174005793,1.0,0.3902439024390244,0.7718263431227164,337.5274374999999,0.0,26,4.0,0.125,0.6,60.0
3,StandardNSGA2,14,0.5283765228526522,0.3217274096270565,1.2328828005937953,0.7912060552172141,3.0319228574271953,0.08339297658356759,0.5283765228526522,0.3217274096270565,1.2328828005937953,0.2962962962962963,0.7912060552172141,316.36299999999994,0.0,25,6.0,0.1,0.5,60.0
3,StandardNSGA2,15,0.5774151360488191,0.29194561585109746,1.1661903789690602,0.7274271247288687,3.337782677533741,0.08530613202466109,0.5774151360488191,0.29194561585109746,1.1661903789690602,0.32,0.7274271247288687,271.7054201388889,0.0,23,5.0,0.05,0.5,60.0
3,StandardNSGA2,16,0.5568316831306144,0.33626091801564517,1.131370849898476,0.5481996798700808,1.7113083338009651,0.10825408595246959,0.5568316831306144,0.33626091801564517,1.131370849898476,0.3333333333333333,0.5481996798700808,140.66882291666664,0.0,25,5.0,0.05,0.5,60.0
3,StandardNSGA2,17,0.5493549171187236,0.33010342544787985,1.019803902718557,0.757154696038902,2.759298533763874,0.0809120538275037,0.5493549171187236,0.33010342544787985,1.019803902718557,0.38095238095238093,0.757154696038902,284.4658402777778,0.0,24,5.0,0.15,0.5,60.0
3,StandardNSGA2,18,0.543884286020219,0.3692371802650459,0.9591663046625439,0.5580172157590955,1.7900279731755788,0.09345804430260893,0.543884286020219,0.3692371802650459,0.9591663046625439,0.41025641025641024,0.5580172157590955,94.04735763888888,0.0,25,4.0,0.0,,60.0
3,StandardNSGA2,19,0.5650880211965512,0.300648353482216,1.4,0.8581897539478396,3.1711063665430017,0.0892284292735985,0.5650880211965512,0.300648353482216,1.4,0.24615384615384617,0.8581897539478396,333.2151006944444,0.0,22,7.0,0.075,0.3333333333333333,60.0
3,StandardNSGA2,20,0.5576033999037546,0.3423480335982169,0.938083151964686,0.7741133780203625,3.6161293197480875,0.0743271820667731,0.5576033999037546,0.3423480335982169,0.938083151964686,0.42105263157894735,0.7741133780203625,418.76942013888885,0.0,25,3.0,0.1,0.75,60.0
3,StandardNSGA2,21,0.5802012057216384,0.3072054993192819,1.1489125293076057,0.7846842970594962,3.132363798975299,0.1026902961885194,0.5802012057216384,0.3072054993192819,1.1489125293076057,0.32653061224489793,0.7846842970594962,335.31794791666664,0.0,22,5.0,0.075,0.3333333333333333,60.0
3,StandardNSGA2,22,0.6136185356911202,0.33462025127276784,1.0770329614269007,0.6959238830580384,3.089233862080536,0.08463249144510746,0.6136185356911202,0.33462025127276784,1.0770329614269007,0.35555555555555557,0.6959238830580384,311.10203819444445,0.0,25,5.0,0.1,0.5,60.0
3,StandardNSGA2,23,0.5548641267434296,0.32457103846527735,1.0583005244258363,0.7373487801766057,3.384535315019422,0.07223322807102311,0.5548641267434296,0.32457103846527735,1.0583005244258363,0.36363636363636365,0.7373487801766057,336.93182638888885,0.0,23,5.0,0.05,0.5,60.0
3,StandardNSGA2,24,0.5803724806559216,0.30632329150761983,1.4282856857085702,0.7877948864562324,2.912386016716713,0.0870386628761165,0.5803724806559216,0.30632329150761983,1.4282856857085702,0.23880597014925373,0.7877948864562324,281.62271527777773,0.0,19,7.0,0.2,0.375,60.0
3,StandardNSGA2,25,0.5308170836971755,0.2995160006612507,1.1135528725660044,0.6856337485241862,2.7482617210458287,0.09036840435009957,0.5308170836971755,0.2995160006612507,1.1135528725660044,0.3404255319148936,0.6856337485241862,202.62157291666665,0.0,26,5.0,0.05,0.5,60.0
3,StandardNSGA2,26,0.5209542003161538,0.3185065849499592,1.1135528725660044,0.6345068629833969,2.3275336792526895,0.07634765449721527,0.5209542003161538,0.3185065849499592,1.1135528725660044,0.3404255319148936,0.6345068629833969,164.12677777777776,0.0,25,6.0,0.05,0.0,60.0
3,StandardNSGA2,27,0.5199534676248332,0.3007216737516579,1.131370849898476,0.8543479860397994,3.3652543501821683,0.07666090088701845,0.5199534676248332,0.3007216737516579,1.131370849898476,0.3333333333333333,0.8543479860397994,301.9277430555555,0.0,23,5.0,0.1,0.5,60.0
3,StandardNSGA2,28,0.6025159332058602,0.2824585518663033,1.3564659966250536,0.6488953539739575,1.8681443187804856,0.09864085323772248,0.6025159332058602,0.2824585518663033,1.3564659966250536,0.25806451612903225,0.6488953539739575,110.45156944444443,0.0,19,5.0,0.025,0.0,60.0
3,StandardNSGA2,29,0.5086066167127598,0.3339812002715622,0.8944271909999159,0.7255098978545014,3.016308984193515,0.10012405072133118,0.5086066167127598,0.3339812002715622,0.8944271909999159,0.4444444444444444,0.7255098978545014,403.3498368055555,0.0,27,4.0,0.05,0.5,60.0
3,NSGA3,0,0.6107131409385784,0.3046101687569446,1.1832159566199234,0.7481417215450075,1.7367160975587068,0.13842157693540585,0.6107131409385784,0.3046101687569446,1.1832159566199234,0.3137254901960784,0.7481417215450075,43.11094444444444,0.0,24,6.0,0.025,1.0,22.0
3,NSGA3,1,0.5965769750956539,0.2773707948896916,1.5231546211727816,0.8582530903756485,1.9286331404121768,0.1394871733001734,0.5965769750956539,0.2773707948896916,1.5231546211727816,0.21621621621621623,0.8582530903756485,81.06607638888889,0.0,20,8.0,0.1,0.25,16.0
3,NSGA3,2,0.6184022896942747,0.2905699030688673,1.3711309200802089,0.8156709677489417,2.2883298812160193,0.13891741247365658,0.6184022896942747,0.2905699030688673,1.3711309200802089,0.25396825396825395,0.8156709677489417,209.2665798611111,0.0,21,6.0,0.05,1.0,24.0
3,NSGA3,3,0.6131567087655947,0.31242793472088914,1.1832159566199232,0.8479303668095828,2.334731597560759,0.14236405227502008,0.6131567087655947,0.31242793472088914,1.1832159566199232,0.3137254901960784,0.8479303668095828,226.85855555555548,0.0,25,6.0,0.1,0.5,20.0
3,NSGA3,4,0.6257565201769208,0.27130010451859377,1.2000000000000002,0.7501074309936502,2.158172794737834,0.14405862955416876,0.6257565201769208,0.27130010451859377,1.2000000000000002,0.3076923076923077,0.7501074309936502,128.53670138888887,0.0,22,5.0,0.025,0.0,19.0
3,NSGA3,5,0.5980994813484433,0.3235004440970048,1.1661903789690602,0.7447086893600233,1.5695370953986711,0.1424272714395613,0.5980994813484433,0.3235004440970048,1.1661903789690602,0.32,0.7447086893600233,27.359343750000004,0.0,22,5.0,0.05,0.5,19.0
3,NSGA3,6,0.6087612235322709,0.31555268428021943,1.2489995996796797,0.702879073321285,1.633653611620111,0.13053072026185936,0.6087612235322709,0.31555268428021943,1.2489995996796797,0.2909090909090909,0.702879073321285,61.514076388888896,0.0,22,6.0,0.05,1.0,19.0
3,NSGA3,7,0.5789299744684379,0.32794011410302143,1.216552506059644,0.8333171835639149,1.7756480298836856,0.13595524895468172,0.5789299744684379,0.32794011410302143,1.216552506059644,0.3018867924528302,0.8333171835639149,61.799114583333335,0.0,22,5.0,0.1,0.5,19.0
3,NSGA3,8,0.5792957734920231,0.29688544815291334,1.1489125293076057,0.7579940134344333,1.61798045250537,0.14315473579773647,0.5792957734920231,0.29688544815291334,1.1489125293076057,0.32653061224489793,0.7579940134344333,42.21206249999999,0.0,24,5.0,0.025,0.0,17.0
3,NSGA3,9,0.6177957177390697,0.3174508830902292,1.2806248474865698,0.8520598847636501,2.178598945929676,0.13278318941760975,0.6177957177390697,0.3174508830902292,1.2806248474865698,0.2807017543859649,0.8520598847636501,191.5714131944444,0.0,22,5.0,0.15,0.3333333333333333,15.0
3,NSGA3,10,0.6217145319729178,0.3236739355465267,1.2489995996796797,0.8820978428732756,2.4813820013342514,0.13899645514339237,0.6217145319729178,0.3236739355465267,1.2489995996796797,0.2909090909090909,0.8820978428732756,230.05653124999995,0.0,23,6.0,0.1,0.5,20.0
3,NSGA3,11,0.5945271629090148,0.29032967949602245,1.1661903789690604,0.8681174063788484,2.482293427168817,0.14585480244201576,0.5945271629090148,0.29032967949602245,1.1661903789690604,0.32,0.8681174063788484,115.86595486111112,0.0,22,5.0,0.05,0.5,22.0
3,NSGA3,12,0.6087831884711482,0.2936235612976598,1.0,0.8465567846823683,2.9600811931105317,0.14787233447102105,0.6087831884711482,0.2936235612976598,1.0,0.3902439024390244,0.8465567846823683,266.83422222222214,0.0,24,4.0,0.075,0.6666666666666666,16.0
3,NSGA3,13,0.6372746403164655,0.281966649289649,1.2489995996796799,0.7266853774895358,2.414905902771963,0.13869402126546893,0.6372746403164655,0.281966649289649,1.2489995996796799,0.2909090909090909,0.7266853774895358,131.11495138888887,0.0,22,6.0,0.075,0.3333333333333333,19.0
3,NSGA3,14,0.6157615837024426,0.27673607893537017,1.1489125293076057,0.710734073406166,2.2898103611729343,0.13391851434891436,0.6157615837024426,0.27673607893537017,1.1489125293076057,0.32653061224489793,0.710734073406166,193.71654166666661,0.0,24,5.0,0.05,0.5,18.0
3,NSGA3,15,0.5668457222499607,0.33253582096133777,1.0392304845413265,0.8010625912895687,1.7881835899646508,0.15015288535887183,0.5668457222499607,0.33253582096133777,1.0392304845413265,0.37209302325581395,0.8010625912895687,78.40040277777777,0.0,26,4.0,0.025,0.0,19.0
3,NSGA3,16,0.6210274160644099,0.30698222258122365,1.2328828005937953,0.8325598926710501,2.562097792899663,0.12378142859149789,0.6210274160644099,0.30698222258122365,1.2328828005937953,0.2962962962962963,0.8325598926710501,245.0377708333333,0.0,23,5.0,0.075,0.6666666666666666,15.0
3,NSGA3,17,0.6013563547271165,0.3086334440260104,1.2649110640673518,0.8577632510098082,1.9364459221166321,0.13836588214457166,0.6013563547271165,0.3086334440260104,1.2649110640673518,0.2857142857142857,0.8577632510098082,159.33098263888886,0.0,23,7.0,0.1,0.5,15.0
3,NSGA3,18,0.6136069246396336,0.31738427818299025,1.2328828005937953,0.8491935851922945,2.631755598974332,0.13131018695274974,0.6136069246396336,0.31738427818299025,1.2328828005937953,0.2962962962962963,0.8491935851922945,211.15572569444438,0.0,21,5.0,0.05,0.5,18.0
3,NSGA3,19,0.6194402472616345,0.2990407336917246,1.1135528725660044,0.6985432091158199,2.3976449161464544,0.14083908940359693,0.6194402472616345,0.2990407336917246,1.1135528725660044,0.3404255319148936,0.6985432091158199,147.94631597222224,0.0,22,5.0,0.0,,19.0
3,NSGA3,20,0.5869645680377564,0.27094748768549454,1.4282856857085702,0.8563239009430085,2.3559059795986537,0.1306229434435615,0.5869645680377564,0.27094748768549454,1.4282856857085702,0.23880597014925373,0.8563239009430085,212.1029618055555,0.0,20,8.0,0.075,0.6666666666666666,18.0
3,NSGA3,21,0.5937986420599299,0.28840717451152437,1.6613247725836147,0.8585879660551179,1.6348768145323311,0.13312765555385905,0.5937986420599299,0.28840717451152437,1.6613247725836147,0.18823529411764706,0.8585879660551179,44.95990972222222,0.0,21,10.0,0.1,0.25,17.0
3,NSGA3,22,0.5611697564248697,0.2922710755618268,1.4282856857085702,0.8804916889373446,1.9793787871043533,0.12602709462193112,0.5611697564248697,0.2922710755618268,1.4282856857085702,0.23880597014925373,0.8804916889373446,143.27651736111108,0.0,21,7.0,0.1,0.5,14.0
3,NSGA3,23,0.6120556446475364,0.2817966064541474,1.3416407864998738,0.8286695129378228,1.7783861664902822,0.1437896114748719,0.6120556446475364,0.2817966064541474,1.3416407864998738,0.26229508196721313,0.8286695129378228,78.88690972222221,0.0,22,6.0,0.1,0.5,15.0
3,NSGA3,24,0.5870770923414563,0.2672110812192459,1.2489995996796799,0.8236815735293004,2.6756865695673477,0.1307711997740491,0.5870770923414563,0.2672110812192459,1.2489995996796799,0.2909090909090909,0.8236815735293004,183.9997152777778,0.0,24,7.0,0.025,1.0,18.0
3,NSGA3,25,0.6195977393702833,0.28391840911133864,1.1135528725660044,0.6716592359676514,2.247319465031228,0.13190484913402128,0.6195977393702833,0.28391840911133864,1.1135528725660044,0.3404255319148936,0.6716592359676514,176.41027430555553,0.0,23,5.0,0.05,0.0,18.0
3,NSGA3,26,0.6455741293941768,0.30676261849703484,1.28062484748657,0.7537474701332363,1.8769179249783032,0.13832210369132825,0.6455741293941768,0.30676261849703484,1.28062484748657,0.2807017543859649,0.7537474701332363,94.60731944444443,0.0,21,6.0,0.075,0.3333333333333333,15.0
3,NSGA3,27,0.6103301399236386,0.2914624230961773,1.4832396974191326,0.793552301925611,1.4083920702414925,0.1386724127469519,0.6103301399236386,0.2914624230961773,1.4832396974191326,0.22535211267605634,0.793552301925611,24.96931597222222,0.0,22,8.0,0.05,0.0,16.0
3,NSGA3,28,0.6222993972140047,0.3174165033965868,1.1832159566199234,0.7590732122139006,1.6620105329067507,0.15492089422546806,0.6222993972140047,0.3174165033965868,1.1832159566199234,0.3137254901960784,0.7590732122139006,58.714142361111115,0.0,23,6.0,0.0,,18.0
3,NSGA3,29,0.5571577568178918,0.2999903207510681,1.1135528725660044,0.8594184365587371,2.4820302065133966,0.14407278611650715,0.5571577568178918,0.2999903207510681,1.1135528725660044,0.3404255319148936,0.8594184365587371,212.6748333333333,0.0,25,5.0,0.1,0.75,19.0
3,PAA-NSGA-II,0,0.5509343560312603,0.3338467887794837,1.2961481396815724,0.6857422340993992,2.805591030311745,0.07232197094227252,0.5509343560312603,0.3338467887794837,1.2961481396815724,0.27586206896551724,0.6857422340993992,280.75227777777775,0.0,21,6.0,0.125,0.8,60.0
3,PAA-NSGA-II,1,0.5395255394608727,0.30866202378093205,1.3856406460551018,0.665356404186717,1.8678603836992764,0.08594707010281499,0.5395255394608727,0.30866202378093205,1.3856406460551018,0.25,0.665356404186717,127.4316423611111,0.0,19,7.0,0.05,0.0,60.0
3,PAA-NSGA-II,2,0.5710862249650548,0.3129196264634725,1.6,0.8877332757097252,2.733503291071144,0.083279781196567,0.5710862249650548,0.3129196264634725,1.6,0.2,0.8877332757097252,261.1520659722222,0.0,18,9.0,0.075,0.3333333333333333,60.0
3,PAA-NSGA-II,3,0.5443541939945269,0.32450616703147805,1.2000000000000002,0.7168993184105664,2.6597168793844097,0.07273443442435125,0.5443541939945269,0.32450616703147805,1.2000000000000002,0.3076923076923077,0.7168993184105664,381.8714409722222,0.0,24,5.0,0.075,0.3333333333333333,60.0
3,PAA-NSGA-II,4,0.594252799116074,0.3100200624684829,1.5231546211727816,0.954116149047989,3.0287452848820253,0.07352537032868646,0.594252799116074,0.3100200624684829,1.5231546211727816,0.21621621621621623,0.954116149047989,284.92181249999993,0.0,17,6.0,0.125,0.4,60.0
3,PAA-NSGA-II,5,0.5918468264627286,0.2837884930115222,1.562049935181331,0.7359670503185816,2.1889815125674437,0.08234012365561948,0.5918468264627286,0.2837884930115222,1.562049935181331,0.2077922077922078,0.7359670503185816,209.55824305555552,0.0,18,8.0,0.075,0.6666666666666666,60.0
3,PAA-NSGA-II,6,0.5598062236563834,0.3124880624228196,1.523154621172782,0.8910073164270902,2.970396318735259,0.0789996895600285,0.5598062236563834,0.3124880624228196,1.523154621172782,0.21621621621621623,0.8910073164270902,297.56567013888883,0.0,19,7.0,0.125,0.2,60.0
3,PAA-NSGA-II,7,0.5646159300841059,0.30931297320118595,1.3711309200802089,0.7427539808048482,3.026318701249674,0.07667540506222549,0.5646159300841059,0.30931297320118595,1.3711309200802089,0.25396825396825395,0.7427539808048482,377.914767361111,0.0,22,7.0,0.075,0.3333333333333333,60.0
3,PAA-NSGA-II,8,0.5693690105159714,0.2990087001022025,1.4966629547095767,0.9234550710940027,3.022470267760024,0.07343714340736515,0.5693690105159714,0.2990087001022025,1.4966629547095767,0.2222222222222222,0.9234550710940027,266.4921145833333,0.0,18,7.0,0.1,0.5,60.0
3,PAA-NSGA-II,9,0.536117405262919,0.3391611076185775,1.216552506059644,0.6500651319789477,2.6310773139685777,0.07328711566265927,0.536117405262919,0.3391611076185775,1.216552506059644,0.3018867924528302,0.6500651319789477,323.44503819444435,0.0,22,6.0,0.075,1.0,60.0
3,PAA-NSGA-II,10,0.5701801399333739,0.313476312962059,1.2961481396815724,0.7029029010095561,2.661776650640671,0.09174580891502657,0.5701801399333739,0.313476312962059,1.2961481396815724,0.27586206896551724,0.7029029010095561,198.42048263888893,0.0,22,6.0,0.025,0.0,60.0
3,PAA-NSGA-II,11,0.5518470571679028,0.3353299995573294,1.3114877048604003,0.8115600969972865,3.002076805077701,0.07695799996921172,0.5518470571679028,0.3353299995573294,1.3114877048604003,0.2711864406779661,0.8115600969972865,268.5608541666666,0.0,23,7.0,0.1,0.5,60.0
3,PAA-NSGA-II,12,0.5712878385016712,0.3018940516647398,1.4000000000000001,0.8415180880448301,2.807456412429974,0.08957067092839581,0.5712878385016712,0.3018940516647398,1.4000000000000001,0.24615384615384617,0.8415180880448301,312.7146493055555,0.0,21,6.0,0.05,1.0,60.0
3,PAA-NSGA-II,13,0.5245904481794644,0.36189855433317325,1.1313708498984762,0.7600415846522707,2.5041695311140892,0.08642353654032565,0.5245904481794644,0.36189855433317325,1.1313708498984762,0.3333333333333333,0.7600415846522707,165.91021875,0.0,24,5.0,0.075,0.0,60.0
3,PAA-NSGA-II,14,0.5871291135971761,0.2905648484783413,1.5362291495737217,0.7397443494824059,2.202030930574291,0.09083013402601514,0.5871291135971761,0.2905648484783413,1.5362291495737217,0.21333333333333335,0.7397443494824059,177.7108472222222,0.0,18,7.0,0.025,1.0,60.0
3,PAA-NSGA-II,15,0.6005839060154522,0.28273411127889714,1.61245154965971,0.9047522817096073,2.988736177922657,0.08716073787344668,0.6005839060154522,0.28273411127889714,1.61245154965971,0.19753086419753085,0.9047522817096073,282.55690277777774,0.0,18,8.0,0.1,0.5,60.0
3,PAA-NSGA-II,16,0.5494486065745695,0.330911370478689,1.5231546211727816,0.9115259787192788,2.6371933022771232,0.08195237309360695,0.5494486065745695,0.330911370478689,1.5231546211727816,0.21621621621621623,0.9115259787192788,231.2061770833333,0.0,19,8.0,0.175,0.5714285714285714,60.0
3,PAA-NSGA-II,17,0.5770070123333768,0.2960837369331482,1.4696938456699071,0.8311510261061885,2.8284384871674795,0.07771871830463221,0.5770070123333768,0.2960837369331482,1.4696938456699071,0.22857142857142856,0.8311510261061885,262.91420486111105,0.0,20,7.0,0.125,0.8,60.0
3,PAA-NSGA-II,18,0.5604535789225035,0.3279170646053574,1.28062484748657,0.7505808739900971,2.6279437224299023,0.07046398703833495,0.5604535789225035,0.3279170646053574,1.28062484748657,0.2807017543859649,0.7505808739900971,165.95627083333332,0.0,22,6.0,0.075,0.3333333333333333,60.0
3,PAA-NSGA-II,19,0.5873392436516276,0.31580895059993813,1.4282856857085702,0.8331590670211355,2.4680098372199426,0.08855700922891867,0.5873392436516276,0.31580895059993813,1.4282856857085702,0.23880597014925373,0.8331590670211355,226.9776631944444,0.0,20,6.0,0.05,1.0,60.0
3,PAA-NSGA-II,20,0.5460999786480113,0.3394288283216221,1.28062484748657,0.7234858239643325,2.7418054143885078,0.07474120879278136,0.5460999786480113,0.3394288283216221,1.28062484748657,0.2807017543859649,0.7234858239643325,249.39863194444442,0.0,22,7.0,0.075,0.3333333333333333,60.0
3,PAA-NSGA-II,21,0.5708630231096359,0.32895516237658096,1.296148139681572,0.9040136392340189,3.443154009621504,0.08448140313332347,0.5708630231096359,0.32895516237658096,1.296148139681572,0.27586206896551724,0.9040136392340189,355.3772951388888,0.0,21,5.0,0.125,0.4,60.0
3,PAA-NSGA-II,22,0.5309117267721921,0.30482466630256977,1.2806248474865698,0.74333451642787,2.174874698324345,0.0994291508745051,0.5309117267721921,0.30482466630256977,1.2806248474865698,0.2807017543859649,0.74333451642787,195.1054791666666,0.0,21,6.0,0.075,0.6666666666666666,60.0
3,PAA-NSGA-II,23,0.5462411417049188,0.3020779113556489,1.4142135623730951,0.879119287156428,3.0174599727707325,0.08379312701218515,0.5462411417049188,0.3020779113556489,1.4142135623730951,0.24242424242424243,0.879119287156428,219.71171875,0.0,19,7.0,0.1,0.25,60.0
3,PAA-NSGA-II,24,0.5869673764189374,0.28223446732946816,1.469693845669907,0.8125467373040891,2.565493473844154,0.09170269560925702,0.5869673764189374,0.28223446732946816,1.469693845669907,0.22857142857142856,0.8125467373040891,233.7867395833333,0.0,19,7.0,0.075,0.6666666666666666,60.0
3,PAA-NSGA-II,25,0.5082652279745282,0.32572481040390733,1.1661903789690602,0.6684380017609387,2.645964003666157,0.06356169506844879,0.5082652279745282,0.32572481040390733,1.1661903789690602,0.32,0.6684380017609387,244.1577187499999,0.0,23,5.0,0.075,0.3333333333333333,60.0
3,PAA-NSGA-II,26,0.5520957396076347,0.2921721776120876,1.3416407864998738,0.7459598239150603,2.8562790682558394,0.08016111818300199,0.5520957396076347,0.2921721776120876,1.3416407864998738,0.26229508196721313,0.7459598239150603,296.72885416666657,0.0,22,7.0,0.1,0.75,60.0
3,PAA-NSGA-II,27,0.5988924961368273,0.29960925035704433,1.3114877048604003,0.8157615817373614,3.0747687299650037,0.09404223885081572,0.5988924961368273,0.29960925035704433,1.3114877048604003,0.2711864406779661,0.8157615817373614,316.3587430555555,0.0,24,6.0,0.075,0.6666666666666666,60.0
3,PAA-NSGA-II,28,0.6589458213324585,0.28884284919775205,1.5874507866387546,0.775138378345028,3.266856466859662,0.08323729825369519,0.6589458213324585,0.28884284919775205,1.5874507866387546,0.20253164556962025,0.775138378345028,363.56352083333326,0.0,16,7.0,0.15,0.5,60.0
3,PAA-NSGA-II,29,0.5435957333993692,0.337816687684966,1.0954451150103321,0.7065663075275378,2.6373353510291326,0.08324017841899911,0.5435957333993692,0.337816687684966,1.0954451150103321,0.34782608695652173,0.7065663075275378,260.80352777777773,0.0,25,5.0,0.075,0.3333333333333333,60.0
3,PAA-noPriority,0,0.5783365789058041,0.29173329638951656,1.2328828005937953,0.683395427476081,3.700877052125395,0.061646018760222826,0.5783365789058041,0.29173329638951656,1.2328828005937953,0.2962962962962963,0.683395427476081,373.61794097222224,0.0,24,5.0,0.0,,60.0
3,PAA-noPriority,1,0.5434901740731117,0.3947298466712924,0.8485281374238571,0.8118971929116249,2.703354759190032,0.08773266399164102,0.5434901740731117,0.3947298466712924,0.8485281374238571,0.47058823529411764,0.8118971929116249,165.2589895833333,0.0,27,3.0,0.125,0.6,60.0
3,PAA-noPriority,2,0.5918860493696475,0.2916342992529278,1.32664991614216,0.8354731668194264,2.628487585948812,0.11036889769566073,0.5918860493696475,0.2916342992529278,1.32664991614216,0.26666666666666666,0.8354731668194264,185.0761215277778,0.0,22,7.0,0.075,0.0,60.0
3,PAA-noPriority,3,0.47208058240082273,0.3825548945485969,1.0583005244258363,0.7101080391890309,2.0985881742201737,0.062248176806123004,0.47208058240082273,0.3825548945485969,1.0583005244258363,0.36363636363636365,0.7101080391890309,179.23593749999995,0.0,24,4.0,0.15,0.5,60.0
3,PAA-noPriority,4,0.6069201010783347,0.306705234345977,1.3416407864998738,0.6916784179740277,2.8143781921939333,0.09003840941802621,0.6069201010783347,0.306705234345977,1.3416407864998738,0.26229508196721313,0.6916784179740277,203.31669444444444,0.0,19,6.0,0.05,0.0,60.0
3,PAA-noPriority,5,0.6239384442283767,0.2793895114488992,1.216552506059644,0.6419812330615101,2.96936827923747,0.09233150908407588,0.6239384442283767,0.2793895114488992,1.216552506059644,0.3018867924528302,0.6419812330615101,254.95797222222217,0.0,21,6.0,0.1,0.5,60.0
3,PAA-noPriority,6,0.5676725333562593,0.35959912233116564,1.0583005244258363,0.7400306648458334,3.4469030624483024,0.06750189431863979,0.5676725333562593,0.35959912233116564,1.0583005244258363,0.36363636363636365,0.7400306648458334,278.7238368055556,0.0,23,4.0,0.125,0.4,60.0
3,PAA-noPriority,7,0.6269105502001542,0.30113194689574563,1.385640646055102,0.6415469139898957,1.8435453149054577,0.09146033566817052,0.6269105502001542,0.30113194689574563,1.385640646055102,0.25,0.6415469139898957,61.61434374999999,0.0,18,6.0,0.1,0.25,60.0
3,PAA-noPriority,8,0.5811333765496528,0.3118514488154339,1.4832396974191326,0.6812022850993162,2.613969607930669,0.08358086989150884,0.5811333765496528,0.3118514488154339,1.4832396974191326,0.22535211267605634,0.6812022850993162,311.59266319444436,0.0,17,6.0,0.05,0.0,60.0
3,PAA-noPriority,9,0.5777794116347408,0.3045328906331689,1.148912529307606,0.6025962964600543,2.696298227537617,0.09105926584138949,0.5777794116347408,0.3045328906331689,1.148912529307606,0.32653061224489793,0.6025962964600543,280.83734027777774,0.0,24,5.0,0.025,0.0,60.0
3,PAA-noPriority,10,0.5567769196283526,0.3406184584861355,1.1135528725660047,0.6594121374185089,1.8743483418977682,0.08627155635266817,0.5567769196283526,0.3406184584861355,1.1135528725660047,0.3404255319148936,0.6594121374185089,61.20833333333333,0.0,24,4.0,0.075,0.0,60.0
3,PAA-noPriority,11,0.5463555434834422,0.35269917096369585,1.0392304845413265,0.6672002823877834,2.9274461132668486,0.07472993555967414,0.5463555434834422,0.35269917096369585,1.0392304845413265,0.37209302325581395,0.6672002823877834,229.4591979166666,0.0,25,4.0,0.075,1.0,60.0
3,PAA-noPriority,12,0.5746980486069523,0.3347180864163609,1.1135528725660044,0.7405657196601558,2.7176374881329,0.08313825565364158,0.5746980486069523,0.3347180864163609,1.1135528725660044,0.3404255319148936,0.7405657196601558,166.37210416666665,0.0,24,5.0,0.025,1.0,60.0
3,PAA-noPriority,13,0.5980992059775803,0.32496529316173256,1.148912529307606,0.7096187639255309,3.310296634863657,0.07685596665955383,0.5980992059775803,0.32496529316173256,1.148912529307606,0.32653061224489793,0.7096187639255309,348.8550555555555,0.0,23,5.0,0.075,0.3333333333333333,60.0
3,PAA-noPriority,14,0.4985047609573298,0.3165848172693131,1.077032961426901,0.7257094959588593,2.572600709452675,0.08494982515809235,0.4985047609573298,0.3165848172693131,1.077032961426901,0.35555555555555557,0.7257094959588593,212.80527430555549,0.0,27,6.0,0.1,0.25,60.0
3,PAA-noPriority,15,0.5734921389086589,0.3164161784823529,1.077032961426901,0.670357581543607,2.5670594289559348,0.08607330933929548,0.5734921389086589,0.3164161784823529,1.077032961426901,0.35555555555555557,0.670357581543607,229.3378819444444,0.0,25,5.0,0.05,1.0,60.0
3,PAA-noPriority,16,0.5612627098945728,0.3010271593158208,1.2000000000000002,0.5247994133558842,2.583102604804833,0.0687994275089209,0.5612627098945728,0.3010271593158208,1.2000000000000002,0.3076923076923077,0.5247994133558842,216.0857222222222,0.0,20,5.0,0.025,0.0,60.0
3,PAA-noPriority,17,0.5538780702330612,0.31541109212558227,1.1661903789690602,0.713637993673785,2.880435582754969,0.094624392376124,0.5538780702330612,0.31541109212558227,1.1661903789690602,0.32,0.713637993673785,375.9871319444445,0.0,24,5.0,0.025,0.0,60.0
3,PAA-noPriority,18,0.5001653770633298,0.3654542983261886,0.8246211251235323,0.8027030500481835,2.941080272063909,0.07524570530939129,0.5001653770633298,0.3654542983261886,0.8246211251235323,0.48484848484848486,0.8027030500481835,336.2802951388889,0.0,30,3.0,0.075,0.6666666666666666,60.0
3,PAA-noPriority,19,0.6133211437555925,0.29502276911614617,1.3564659966250538,0.6762414266560601,2.5360979811393065,0.08184342027614258,0.6133211437555925,0.29502276911614617,1.3564659966250538,0.25806451612903225,0.6762414266560601,163.5968125,0.0,20,7.0,0.025,0.0,60.0
3,PAA-noPriority,20,0.5342710475297748,0.3199150649855871,0.894427190999916,0.6205457485302965,2.8273860347583577,0.08228964137430061,0.5342710475297748,0.3199150649855871,0.894427190999916,0.4444444444444444,0.6205457485302965,248.22752777777774,0.0,27,3.0,0.025,1.0,60.0
3,PAA-noPriority,21,0.4683187639915283,0.35792436472323874,0.9380831519646861,0.7876239145058864,2.741569437004454,0.0796953710783537,0.4683187639915283,0.35792436472323874,0.9380831519646861,0.42105263157894735,0.7876239145058864,231.09042013888885,0.0,26,3.0,0.1,0.5,60.0
3,PAA-noPriority,22,0.6318309258878068,0.3131396299710858,1.1135528725660044,0.6139945825590447,3.247966981340265,0.07799819518566228,0.6318309258878068,0.3131396299710858,1.1135528725660044,0.3404255319148936,0.6139945825590447,450.6499236111111,0.0,22,5.0,0.1,1.0,60.0
3,PAA-noPriority,23,0.6093915828498846,0.2990820244895627,1.385640646055102,0.6127251658025529,2.1356696118509397,0.1011107993315408,0.6093915828498846,0.2990820244895627,1.385640646055102,0.25,0.6127251658025529,128.03457638888887,0.0,20,7.0,0.075,0.3333333333333333,60.0
3,PAA-noPriority,24,0.5052472789851257,0.35537690745128,0.938083151964686,0.7213395187697722,2.52027634572339,0.10501811318035101,0.5052472789851257,0.35537690745128,0.938083151964686,0.42105263157894735,0.7213395187697722,225.22625694444437,0.0,26,4.0,0.075,1.0,60.0
3,PAA-noPriority,25,0.5824917539700322,0.3315425464929277,1.0,0.7527970005348312,3.336368897302664,0.08402925135239325,0.5824917539700322,0.3315425464929277,1.0,0.3902439024390244,0.7527970005348312,382.3685868055555,0.0,24,4.0,0.075,0.6666666666666666,60.0
3,PAA-noPriority,26,0.5746974197831131,0.343814083098395,1.0954451150103321,0.6952801387717055,3.0422479851670765,0.06866975117645648,0.5746974197831131,0.343814083098395,1.0954451150103321,0.34782608695652173,0.6952801387717055,362.5535555555554,0.0,24,5.0,0.075,0.6666666666666666,60.0
3,PAA-noPriority,27,0.5591757939510723,0.3142656173651112,1.019803902718557,0.7430179246719387,3.4321852640067263,0.09221355715939339,0.5591757939510723,0.3142656173651112,1.019803902718557,0.38095238095238093,0.7430179246719387,410.3624756944444,0.0,25,4.0,0.1,0.25,60.0
3,PAA-noPriority,28,0.5165778724413191,0.3289488004048463,0.9797958971132713,0.7061580014097866,3.376112530384077,0.05632585166909696,0.5165778724413191,0.3289488004048463,0.9797958971132713,0.4,0.7061580014097866,467.4214027777778,0.0,26,4.0,0.05,0.5,60.0
3,PAA-noPriority,29,0.47808476437638187,0.3827223062926913,0.9797958971132713,0.7922578417843023,2.842099804855415,0.07190548293129213,0.47808476437638187,0.3827223062926913,0.9797958971132713,0.4,0.7922578417843023,290.7432152777778,0.0,26,4.0,0.05,1.0,60.0
3,PAA-noAdaptive,0,0.5735716819693942,0.31543424984423973,1.4832396974191326,0.7537451544888324,2.517898164334478,0.08751618226300549,0.5735716819693942,0.31543424984423973,1.4832396974191326,0.22535211267605634,0.7537451544888324,277.77065972222215,0.0,19,7.0,0.125,0.4,60.0
3,PAA-noAdaptive,1,0.588593916268388,0.2858444963764808,1.649242250247064,0.8466821293460786,2.449126769086646,0.09496355281485629,0.588593916268388,0.2858444963764808,1.649242250247064,0.19047619047619047,0.8466821293460786,166.39810763888892,0.0,17,9.0,0.125,0.2,60.0
3,PAA-noAdaptive,2,0.5638205127814964,0.31906250634910927,1.4000000000000001,0.681494621089072,2.788664235057831,0.07475237470697108,0.5638205127814964,0.31906250634910927,1.4000000000000001,0.24615384615384617,0.681494621089072,203.2461840277778,0.0,23,8.0,0.075,0.3333333333333333,60.0
3,PAA-noAdaptive,3,0.595901712846534,0.3348983088473659,1.4422205101855958,0.7468793962100678,2.0337570098884106,0.09243702987453319,0.595901712846534,0.3348983088473659,1.4422205101855958,0.23529411764705882,0.7468793962100678,111.12814930555555,0.0,21,6.0,0.025,0.0,60.0
3,PAA-noAdaptive,4,0.591308259377956,0.3037054308761351,1.4966629547095767,0.8250914960065711,2.7468473954686377,0.08713040175197412,0.591308259377956,0.3037054308761351,1.4966629547095767,0.2222222222222222,0.8250914960065711,282.38084375,0.0,21,8.0,0.1,0.5,60.0
3,PAA-noAdaptive,5,0.5666415299016793,0.33314274280995393,1.3114877048604001,0.7493985542866027,2.1160529413245337,0.09198465239773737,0.5666415299016793,0.33314274280995393,1.3114877048604001,0.2711864406779661,0.7493985542866027,144.23553819444444,0.0,19,5.0,0.075,0.0,60.0
3,PAA-noAdaptive,6,0.5661000150487645,0.3192188214777009,1.3856406460551018,0.7564968306011629,2.3981649968867402,0.0954195470702122,0.5661000150487645,0.3192188214777009,1.3856406460551018,0.25,0.7564968306011629,167.66105208333335,0.0,22,8.0,0.1,0.5,60.0
3,PAA-noAdaptive,7,0.5707913849337535,0.3261074345729968,1.2000000000000002,0.7502557624092552,3.000251263179088,0.0795767619720523,0.5707913849337535,0.3261074345729968,1.2000000000000002,0.3076923076923077,0.7502557624092552,334.6134618055556,0.0,25,5.0,0.075,0.6666666666666666,60.0
3,PAA-noAdaptive,8,0.5033117349236056,0.3120445826191441,1.3416407864998738,0.7406751336969987,2.5933044270317955,0.07153982900532917,0.5033117349236056,0.3120445826191441,1.3416407864998738,0.26229508196721313,0.7406751336969987,260.24204861111104,0.0,19,6.0,0.075,0.3333333333333333,60.0
3,PAA-noAdaptive,9,0.5646957095198865,0.296265823365505,1.3564659966250538,0.7245191864446934,2.9158243514767923,0.07781277221914405,0.5646957095198865,0.296265823365505,1.3564659966250538,0.25806451612903225,0.7245191864446934,334.1393437499999,0.0,21,6.0,0.05,0.5,60.0
3,PAA-noAdaptive,10,0.6116216386759039,0.30983490006554204,1.6,0.7975191428797499,2.732394343490407,0.08728170619384124,0.6116216386759039,0.30983490006554204,1.6,0.2,0.7975191428797499,293.2348888888888,0.0,20,9.0,0.125,0.4,60.0
3,PAA-noAdaptive,11,0.6171817048759769,0.3126078495794748,1.4000000000000001,0.8663349761279833,2.8458895399618163,0.09348631589133802,0.6171817048759769,0.3126078495794748,1.4000000000000001,0.24615384615384617,0.8663349761279833,262.96850347222215,0.0,19,6.0,0.125,0.4,60.0
3,PAA-noAdaptive,12,0.5660519364926205,0.29349493434280827,1.61245154965971,0.7015734037096462,2.00774240621393,0.08962135247659392,0.5660519364926205,0.29349493434280827,1.61245154965971,0.19753086419753085,0.7015734037096462,146.22293402777777,0.0,21,9.0,0.075,0.3333333333333333,60.0
3,PAA-noAdaptive,13,0.590711861690919,0.2977573341469735,1.3266499161421599,0.6970885326547149,2.7177234684432237,0.0880269924139302,0.590711861690919,0.2977573341469735,1.3266499161421599,0.26666666666666666,0.6970885326547149,247.4295902777777,0.0,23,7.0,0.15,0.3333333333333333,60.0
3,PAA-noAdaptive,14,0.5582679511855143,0.2907793130441278,1.4832396974191326,0.7496481321800659,2.1429576396559744,0.08574496886159685,0.5582679511855143,0.2907793130441278,1.4832396974191326,0.22535211267605634,0.7496481321800659,218.45838194444445,0.0,22,9.0,0.05,0.0,60.0
3,PAA-noAdaptive,15,0.5676378917811284,0.2982071560302285,1.469693845669907,0.6541899371444865,2.36082324162929,0.07081616176215336,0.5676378917811284,0.2982071560302285,1.469693845669907,0.22857142857142856,0.6541899371444865,240.66868402777772,0.0,20,8.0,0.1,0.5,60.0
3,PAA-noAdaptive,16,0.6197419096113467,0.29241782749834805,1.6613247725836147,0.933219728934078,2.884924557658014,0.0896645498076696,0.6197419096113467,0.29241782749834805,1.6613247725836147,0.18823529411764706,0.933219728934078,265.09804513888884,0.0,16,8.0,0.1,0.5,60.0
3,PAA-noAdaptive,17,0.6106934324333745,0.3105267184051554,1.50996688705415,0.7701792256291459,2.81043560059235,0.08740837936004091,0.6106934324333745,0.3105267184051554,1.50996688705415,0.2191780821917808,0.7701792256291459,296.80000694444436,0.0,19,7.0,0.075,0.3333333333333333,60.0
3,PAA-noAdaptive,18,0.5705157557612797,0.3080765310825148,1.523154621172782,0.7107655102776433,2.541538518254585,0.07612771925179608,0.5705157557612797,0.3080765310825148,1.523154621172782,0.21621621621621623,0.7107655102776433,214.0902222222222,0.0,18,7.0,0.05,0.0,60.0
3,PAA-noAdaptive,19,0.6199771134393585,0.2815023734940711,1.6613247725836147,0.8755516448215541,2.935364738008705,0.08283726920128194,0.6199771134393585,0.2815023734940711,1.6613247725836147,0.18823529411764706,0.8755516448215541,281.0118055555555,0.0,18,8.0,0.1,0.5,60.0
3,PAA-noAdaptive,20,0.5726438865738672,0.32113862795289966,1.2806248474865698,0.7666052878892858,2.6409010712553047,0.08491202817659095,0.5726438865738672,0.32113862795289966,1.2806248474865698,0.2807017543859649,0.7666052878892858,358.90545833333334,0.0,21,6.0,0.075,0.3333333333333333,60.0
3,PAA-noAdaptive,21,0.5939648269637174,0.27793065022823055,1.6370705543744901,0.9177459406928413,2.863658391725502,0.08816494226773287,0.5939648269637174,0.27793065022823055,1.6370705543744901,0.1927710843373494,0.9177459406928413,265.35688194444435,0.0,15,7.0,0.125,0.4,60.0
3,PAA-noAdaptive,22,0.5594104376272011,0.3568133239480934,1.2328828005937953,0.7338011617255151,2.2719014281008016,0.09011533738348824,0.5594104376272011,0.3568133239480934,1.2328828005937953,0.2962962962962963,0.7338011617255151,208.75134027777767,0.0,24,6.0,0.05,0.5,60.0
3,PAA-noAdaptive,23,0.5652098479965998,0.29680156873964914,1.5491933384829668,0.7134742218569305,2.6148947570327867,0.07874733232363607,0.5652098479965998,0.29680156873964914,1.5491933384829668,0.21052631578947367,0.7134742218569305,324.86586805555544,0.0,20,9.0,0.075,0.0,60.0
3,PAA-noAdaptive,24,0.55582773058569,0.29283510037714616,1.624807680927192,0.7536930983639655,2.5023338052582482,0.07516994451730291,0.55582773058569,0.29283510037714616,1.624807680927192,0.1951219512195122,0.7536930983639655,287.75528125,0.0,20,9.0,0.0,,60.0
3,PAA-noAdaptive,25,0.5716788294281125,0.3188903634077885,1.2649110640673518,0.8492465248517623,2.9727361203827916,0.08685178816315922,0.5716788294281125,0.3188903634077885,1.2649110640673518,0.2857142857142857,0.8492465248517623,318.4013715277777,0.0,22,7.0,0.15,0.5,60.0
3,PAA-noAdaptive,26,0.5564388558498063,0.3009125990702666,1.2961481396815722,0.6860461289492079,2.1516332234112467,0.08669406439932362,0.5564388558498063,0.3009125990702666,1.2961481396815722,0.27586206896551724,0.6860461289492079,111.45196180555556,0.0,22,6.0,0.0,,60.0
3,PAA-noAdaptive,27,0.5983300516613494,0.32339362447074943,1.4000000000000001,0.7118814735005972,2.761750336531103,0.08095504796294675,0.5983300516613494,0.32339362447074943,1.4000000000000001,0.24615384615384617,0.7118814735005972,324.98576388888875,0.0,21,6.0,0.1,0.5,60.0
3,PAA-noAdaptive,28,0.6243178723532847,0.2941021629472286,1.5491933384829668,0.6816767161640442,2.474012011768249,0.08314384677464534,0.6243178723532847,0.2941021629472286,1.5491933384829668,0.21052631578947367,0.6816767161640442,213.93055208333334,0.0,19,7.0,0.025,0.0,60.0
3,PAA-noAdaptive,29,0.5910192072042001,0.29844110391862844,1.2328828005937953,0.6730005563763537,3.227223022738527,0.07408730518302628,0.5910192072042001,0.29844110391862844,1.2328828005937953,0.2962962962962963,0.6730005563763537,316.9657881944444,0.0,21,5.0,0.1,0.5,60.0
3,PAA-noSLAMut,0,0.5443432074910557,0.3388793651445489,1.131370849898476,0.6724688434239809,2.434578425248178,0.08343090422156825,0.5443432074910557,0.3388793651445489,1.131370849898476,0.3333333333333333,0.6724688434239809,274.570267361111,0.0,23,5.0,0.05,0.5,60.0
3,PAA-noSLAMut,1,0.5602829706442001,0.32713147724797753,1.1661903789690602,0.6483433387127405,2.823427297187295,0.07521389706396828,0.5602829706442001,0.32713147724797753,1.1661903789690602,0.32,0.6483433387127405,280.28487499999994,0.0,23,5.0,0.075,0.3333333333333333,60.0
3,PAA-noSLAMut,2,0.5820392814488702,0.32211459211685545,1.673320053068151,0.9473479209144852,3.0481148758094756,0.06483277366204439,0.5820392814488702,0.32211459211685545,1.673320053068151,0.18604651162790697,0.9473479209144852,267.70680555555555,0.0,17,9.0,0.125,0.4,60.0
3,PAA-noSLAMut,3,0.5609175533690192,0.339274408283859,1.2806248474865698,0.7291556220647692,2.5076261978874625,0.07127501365822422,0.5609175533690192,0.339274408283859,1.2806248474865698,0.2807017543859649,0.7291556220647692,260.29602777777774,0.0,23,6.0,0.1,0.5,60.0
3,PAA-noSLAMut,4,0.5685714754089494,0.3651953278109611,1.0,0.6100404885687375,2.6855473375317453,0.08168280478907378,0.5685714754089494,0.3651953278109611,1.0,0.3902439024390244,0.6100404885687375,151.09394791666665,0.0,24,4.0,0.05,0.5,60.0
3,PAA-noSLAMut,5,0.5353262594422903,0.3274107428714611,1.3564659966250538,0.7712737916582777,2.0166237136814695,0.09109282658075117,0.5353262594422903,0.3274107428714611,1.3564659966250538,0.25806451612903225,0.7712737916582777,96.16413194444445,0.0,21,7.0,0.05,0.0,60.0
3,PAA-noSLAMut,6,0.5557689295464655,0.3339320235335054,1.3564659966250536,0.931690384342296,3.3755501476872825,0.07196377600415116,0.5557689295464655,0.3339320235335054,1.3564659966250536,0.25806451612903225,0.931690384342296,304.2210173611111,0.0,20,6.0,0.125,0.6,60.0
3,PAA-noSLAMut,7,0.5500309532752293,0.33812481953197493,1.3416407864998738,0.9285027277092466,2.926343593078569,0.07289660469936672,0.5500309532752293,0.33812481953197493,1.3416407864998738,0.26229508196721313,0.9285027277092466,232.78008333333327,0.0,19,5.0,0.075,0.6666666666666666,60.0
3,PAA-noSLAMut,8,0.5591912900376298,0.3230621078839129,1.3114877048604001,0.7611237765836952,2.2384104721326437,0.09253529769945935,0.5591912900376298,0.3230621078839129,1.3114877048604001,0.2711864406779661,0.7611237765836952,130.97588194444444,0.0,20,6.0,0.075,0.3333333333333333,60.0
3,PAA-noSLAMut,9,0.6079058974515132,0.3109949653105527,1.2328828005937953,0.6468343163139403,2.5865717737488745,0.0854689645399254,0.6079058974515132,0.3109949653105527,1.2328828005937953,0.2962962962962963,0.6468343163139403,169.40398263888886,0.0,23,6.0,0.125,0.4,60.0
3,PAA-noSLAMut,10,0.5531709587559466,0.32112980676380626,1.3564659966250536,0.6732887067718505,2.5358391571148466,0.08491747170447114,0.5531709587559466,0.32112980676380626,1.3564659966250536,0.25806451612903225,0.6732887067718505,179.90185763888886,0.0,20,6.0,0.025,0.0,60.0
3,PAA-noSLAMut,11,0.5409026761286795,0.3146190623123728,1.3416407864998738,0.8884318676305842,2.9117040878163167,0.08822457318819796,0.5409026761286795,0.3146190623123728,1.3416407864998738,0.26229508196721313,0.8884318676305842,353.74177777777777,0.0,21,6.0,0.075,0.6666666666666666,60.0
3,PAA-noSLAMut,12,0.5769589051585086,0.33603196791431794,1.0583005244258363,0.6916750986530853,2.8677960951506813,0.08307372220158632,0.5769589051585086,0.33603196791431794,1.0583005244258363,0.36363636363636365,0.6916750986530853,353.01519791666664,0.0,27,6.0,0.075,0.6666666666666666,60.0
3,PAA-noSLAMut,13,0.5816599286720991,0.315549043801692,1.4,0.9279852629980972,3.2567264670566294,0.08398776978549996,0.5816599286720991,0.315549043801692,1.4,0.24615384615384617,0.9279852629980972,302.27857638888884,0.0,18,5.0,0.075,0.6666666666666666,60.0
3,PAA-noSLAMut,14,0.5804977625423566,0.32466265424784124,1.4142135623730951,0.923027778053562,2.9909032438230527,0.07916405895347718,0.5804977625423566,0.32466265424784124,1.4142135623730951,0.24242424242424243,0.923027778053562,280.64507638888887,0.0,20,6.0,0.05,0.5,60.0
3,PAA-noSLAMut,15,0.5995154275491271,0.28405249932378773,1.6492422502470643,0.6771095169230715,2.121336946986277,0.08460686575418214,0.5995154275491271,0.28405249932378773,1.6492422502470643,0.19047619047619047,0.6771095169230715,159.91229166666665,0.0,19,9.0,0.05,0.0,60.0
3,PAA-noSLAMut,16,0.5920747409395458,0.2920741337174764,1.4282856857085702,0.7278993548805988,2.78702401660552,0.08709285567525381,0.5920747409395458,0.2920741337174764,1.4282856857085702,0.23880597014925373,0.7278993548805988,247.84478124999995,0.0,21,6.0,0.0,,60.0
3,PAA-noSLAMut,17,0.5856908766788036,0.3100108633734261,1.4832396974191329,0.8631071894892532,2.9180566027019963,0.08344654799275981,0.5856908766788036,0.3100108633734261,1.4832396974191329,0.22535211267605634,0.8631071894892532,283.5092638888888,0.0,19,7.0,0.1,0.5,60.0
3,PAA-noSLAMut,18,0.5683557818893606,0.2989429994793078,1.4282856857085702,0.7113371555530608,2.4229301438531166,0.07450825967675989,0.5683557818893606,0.2989429994793078,1.4282856857085702,0.23880597014925373,0.7113371555530608,149.43214930555555,0.0,19,8.0,0.075,0.3333333333333333,60.0
3,PAA-noSLAMut,19,0.6267824911691353,0.25894320064690823,1.697056274847714,0.8373812933109311,3.216538392220856,0.07854841714941595,0.6267824911691353,0.25894320064690823,1.697056274847714,0.18181818181818182,0.8373812933109311,316.1043923611111,0.0,16,8.0,0.075,0.3333333333333333,60.0
3,PAA-noSLAMut,20,0.562272845524874,0.31303131971557946,1.5620499351813308,0.9248913717617677,2.8917410272623,0.07580926463937925,0.562272845524874,0.31303131971557946,1.5620499351813308,0.2077922077922078,0.9248913717617677,232.83143749999994,0.0,19,9.0,0.15,0.3333333333333333,60.0
3,PAA-noSLAMut,21,0.5900445803001328,0.317830454877997,1.5231546211727816,0.9033621218778851,2.936076111833755,0.07991094769886156,0.5900445803001328,0.317830454877997,1.5231546211727816,0.21621621621621623,0.9033621218778851,265.35018055555554,0.0,19,8.0,0.125,0.6,60.0
3,PAA-noSLAMut,22,0.5909393460950294,0.3283033174450603,1.4966629547095767,0.9496990780346728,3.1523138156571586,0.07574361911435121,0.5909393460950294,0.3283033174450603,1.4966629547095767,0.2222222222222222,0.9496990780346728,267.3330069444444,0.0,15,5.0,0.075,0.6666666666666666,60.0
3,PAA-noSLAMut,23,0.5421813599502301,0.31267652923087413,1.3416407864998738,0.8897904183886531,2.804733321797342,0.09903549128153756,0.5421813599502301,0.31267652923087413,1.3416407864998738,0.26229508196721313,0.8897904183886531,247.72612499999997,0.0,21,6.0,0.05,1.0,60.0
3,PAA-noSLAMut,24,0.5515566741546877,0.33635035540796626,1.1135528725660044,0.7394060105278126,2.0553495120166536,0.09378476171866984,0.5515566741546877,0.33635035540796626,1.1135528725660044,0.3404255319148936,0.7394060105278126,113.6342986111111,0.0,26,5.0,0.075,0.6666666666666666,60.0
3,PAA-noSLAMut,25,0.6174035759502413,0.27992686932979294,1.6370705543744897,0.8560332226764839,3.3660890766612384,0.07951540226030804,0.6174035759502413,0.27992686932979294,1.6370705543744897,0.1927710843373494,0.8560332226764839,351.9834583333333,0.0,19,9.0,0.125,0.2,60.0
3,PAA-noSLAMut,26,0.5661397639575386,0.3175925490749174,1.469693845669907,0.9319890721431534,2.748794574802311,0.08507213882874624,0.5661397639575386,0.3175925490749174,1.469693845669907,0.22857142857142856,0.9319890721431534,232.7823368055555,0.0,18,6.0,0.1,0.5,60.0
3,PAA-noSLAMut,27,0.5883819884422353,0.30845444497844854,1.2328828005937953,0.8487404521953883,3.7383727096132304,0.08352782065549304,0.5883819884422353,0.30845444497844854,1.2328828005937953,0.2962962962962963,0.8487404521953883,470.4705763888889,0.0,22,5.0,0.1,0.5,60.0
3,PAA-noSLAMut,28,0.5547040929044846,0.32181833526391945,1.32664991614216,0.7045564492705028,2.474394520590975,0.08024225846351117,0.5547040929044846,0.32181833526391945,1.32664991614216,0.26666666666666666,0.7045564492705028,234.8039618055556,0.0,21,7.0,0.025,1.0,60.0
3,PAA-noSLAMut,29,0.5570919182942429,0.3001481059518071,1.4282856857085702,0.7010700435665026,2.0180752418195396,0.08239662381213225,0.5570919182942429,0.3001481059518071,1.4282856857085702,0.23880597014925373,0.7010700435665026,130.11059722222222,0.0,20,7.0,0.075,0.3333333333333333,60.0
3,PAA-AdaptMut,0,0.5429498322044111,0.3092581335805365,1.3564659966250538,0.7564978699047169,3.066828764950117,0.07228059499157044,0.5429498322044111,0.3092581335805365,1.3564659966250538,0.25806451612903225,0.7564978699047169,283.2752743055555,0.0,20,6.0,0.075,0.3333333333333333,60.0
3,PAA-AdaptMut,1,0.5777686028626918,0.3037549420375808,1.61245154965971,0.6941170632063249,2.201595452737383,0.07644864340858512,0.5777686028626918,0.3037549420375808,1.61245154965971,0.19753086419753085,0.6941170632063249,146.3423159722222,0.0,15,9.0,0.125,0.2,60.0
3,PAA-AdaptMut,2,0.5679347063408213,0.30902120155233015,1.4142135623730951,0.6352048473527527,2.067310389852417,0.08300599491963767,0.5679347063408213,0.30902120155233015,1.4142135623730951,0.24242424242424243,0.6352048473527527,111.49205555555554,0.0,19,7.0,0.05,0.0,60.0
3,PAA-AdaptMut,3,0.6298622384831998,0.2970951542092421,1.4560219778561037,0.7506636352914342,3.3386665492217853,0.08414524058781138,0.6298622384831998,0.2970951542092421,1.4560219778561037,0.2318840579710145,0.7506636352914342,351.5712361111111,0.0,18,6.0,0.125,0.6,60.0
3,PAA-AdaptMut,4,0.5958838883161773,0.29643587251272746,1.6248076809271919,0.7832169812421571,2.0227227679602975,0.09782688662689183,0.5958838883161773,0.29643587251272746,1.6248076809271919,0.1951219512195122,0.7832169812421571,112.67053819444445,0.0,19,10.0,0.075,0.3333333333333333,60.0
3,PAA-AdaptMut,5,0.56647567945778,0.3111081626757791,1.4832396974191326,0.7323966390043848,2.2123815143146817,0.09050300002634132,0.56647567945778,0.3111081626757791,1.4832396974191326,0.22535211267605634,0.7323966390043848,208.10077083333326,0.0,20,7.0,0.075,0.6666666666666666,60.0
3,PAA-AdaptMut,6,0.5675548597998576,0.3278486003564186,1.371130920080209,0.7294927675950281,2.6069130791227266,0.07953413596414134,0.5675548597998576,0.3278486003564186,1.371130920080209,0.25396825396825395,0.7294927675950281,265.14518402777776,0.0,23,7.0,0.125,0.2,60.0
3,PAA-AdaptMut,7,0.5427526945389143,0.33284998186264614,1.3114877048604001,0.7607219596033381,2.58563347450984,0.0821358946297039,0.5427526945389143,0.33284998186264614,1.3114877048604001,0.2711864406779661,0.7607219596033381,229.64693402777775,0.0,19,5.0,0.075,0.3333333333333333,60.0
3,PAA-AdaptMut,8,0.547034370164614,0.31403145575309815,1.2328828005937953,0.6961542344079767,2.2781421710687226,0.08780676622429572,0.547034370164614,0.31403145575309815,1.2328828005937953,0.2962962962962963,0.6961542344079767,163.3129236111111,0.0,19,5.0,0.075,0.6666666666666666,60.0
3,PAA-AdaptMut,9,0.5370738280574898,0.29413269564385275,1.4000000000000001,0.7682554223348663,2.32920207932668,0.08989333338361305,0.5370738280574898,0.29413269564385275,1.4000000000000001,0.24615384615384617,0.7682554223348663,163.1329756944444,0.0,21,7.0,0.05,0.0,60.0
3,PAA-AdaptMut,10,0.5693944285072416,0.330039669794968,1.42828568570857,0.7390158248204477,2.2104592547298454,0.08682748275011191,0.5693944285072416,0.330039669794968,1.42828568570857,0.23880597014925373,0.7390158248204477,160.96110763888885,0.0,18,7.0,0.05,0.0,60.0
3,PAA-AdaptMut,11,0.5816724417248712,0.2938294689646315,1.3564659966250538,0.6315662445806378,2.478972693069712,0.0951707644264479,0.5816724417248712,0.2938294689646315,1.3564659966250538,0.25806451612903225,0.6315662445806378,179.96158333333332,0.0,20,6.0,0.0,,60.0
3,PAA-AdaptMut,12,0.5692682385333201,0.3038813906072986,1.4282856857085702,0.7411107333840949,2.430634229746366,0.09186544399604528,0.5692682385333201,0.3038813906072986,1.4282856857085702,0.23880597014925373,0.7411107333840949,227.91052430555547,0.0,19,6.0,0.075,0.3333333333333333,60.0
3,PAA-AdaptMut,13,0.6289005947969578,0.29601183096957817,1.5362291495737217,0.802276123937309,3.475560881223346,0.07198964551118266,0.6289005947969578,0.29601183096957817,1.5362291495737217,0.21333333333333335,0.802276123937309,385.5597395833333,0.0,18,7.0,0.125,0.2,60.0
3,PAA-AdaptMut,14,0.611970666133584,0.3015684416405989,1.2649110640673518,0.6321626587261645,3.1425493099132376,0.0732441482514941,0.611970666133584,0.3015684416405989,1.2649110640673518,0.2857142857142857,0.6321626587261645,342.57288888888894,0.0,23,5.0,0.125,0.4,60.0
3,PAA-AdaptMut,15,0.5997700855290592,0.29838582357658067,1.4696938456699071,0.8721134057869122,2.9881477247812946,0.09001004942187396,0.5997700855290592,0.29838582357658067,1.4696938456699071,0.22857142857142856,0.8721134057869122,311.9151701388888,0.0,21,6.0,0.1,0.5,60.0
3,PAA-AdaptMut,16,0.5560394223696644,0.31278779416896385,1.2806248474865698,0.6849461900712143,2.672916273353681,0.07626739853412536,0.5560394223696644,0.31278779416896385,1.2806248474865698,0.2807017543859649,0.6849461900712143,214.50873958333332,0.0,23,7.0,0.05,0.0,60.0
3,PAA-AdaptMut,17,0.5531429193001794,0.31237485784407193,1.2328828005937953,0.7256505051095535,2.5300918223294695,0.08350221906825402,0.5531429193001794,0.31237485784407193,1.2328828005937953,0.2962962962962963,0.7256505051095535,300.1064340277777,0.0,22,6.0,0.075,0.6666666666666666,60.0
3,PAA-AdaptMut,18,0.5729104848249508,0.2999110601976619,1.469693845669907,0.6964160785706641,2.6355009703911865,0.08163300455586105,0.5729104848249508,0.2999110601976619,1.469693845669907,0.22857142857142856,0.6964160785706641,198.3838472222222,0.0,18,7.0,0.05,0.5,60.0
3,PAA-AdaptMut,19,0.5564928468507169,0.34106935349533213,1.371130920080209,0.6703452196623415,2.045871054532945,0.08223293192358869,0.5564928468507169,0.34106935349533213,1.371130920080209,0.25396825396825395,0.6703452196623415,128.77484375,0.0,22,7.0,0.075,0.3333333333333333,60.0
3,PAA-AdaptMut,20,0.6346876973566774,0.26123619256153735,1.5874507866387546,0.7298561220093447,3.148720863532769,0.07822646335077645,0.6346876973566774,0.26123619256153735,1.5874507866387546,0.20253164556962025,0.7298561220093447,347.9497222222222,0.0,17,7.0,0.05,1.0,60.0
3,PAA-AdaptMut,21,0.5285648598271317,0.3164730470459385,1.3114877048604001,0.6733425774295281,2.2002964746122395,0.07588915679389485,0.5285648598271317,0.3164730470459385,1.3114877048604001,0.2711864406779661,0.6733425774295281,208.70229861111108,0.0,23,7.0,0.1,0.25,60.0
3,PAA-AdaptMut,22,0.6238313504226882,0.28697002377751407,1.6,0.9164202446364798,2.916315717297773,0.08822005430660289,0.6238313504226882,0.28697002377751407,1.6,0.2,0.9164202446364798,282.7047881944444,0.0,16,7.0,0.075,0.6666666666666666,60.0
3,PAA-AdaptMut,23,0.5549477723054311,0.29707838005206105,1.3711309200802089,0.6788711072188406,2.580636039298153,0.07416810230835026,0.5549477723054311,0.29707838005206105,1.3711309200802089,0.25396825396825395,0.6788711072188406,289.2789652777778,0.0,21,7.0,0.1,0.25,60.0
3,PAA-AdaptMut,24,0.5409699346182703,0.3203807779232159,1.4422205101855958,0.7360327446619107,2.550160120018358,0.07102450708175924,0.5409699346182703,0.3203807779232159,1.4422205101855958,0.23529411764705882,0.7360327446619107,337.83059722222214,0.0,24,9.0,0.1,0.5,60.0
3,PAA-AdaptMut,25,0.6112809771741753,0.2813552131970701,1.6970562748477138,0.8732324839891501,2.868706088913954,0.09015123700759364,0.6112809771741753,0.2813552131970701,1.6970562748477138,0.18181818181818182,0.8732324839891501,265.5959895833333,0.0,18,9.0,0.075,0.6666666666666666,60.0
3,PAA-AdaptMut,26,0.5844374184042637,0.29790187953478464,1.50996688705415,0.7383483843209302,2.4930897542278982,0.08302796259968845,0.5844374184042637,0.29790187953478464,1.50996688705415,0.2191780821917808,0.7383483843209302,182.92886111111108,0.0,22,7.0,0.15,0.3333333333333333,60.0
3,PAA-AdaptMut,27,0.5698237897879155,0.28371279171512126,1.4560219778561037,0.5805435305663735,1.964523722266239,0.07972842890510506,0.5698237897879155,0.28371279171512126,1.4560219778561037,0.2318840579710145,0.5805435305663735,110.26304861111109,0.0,20,8.0,0.0,,60.0
3,PAA-AdaptMut,28,0.547267123966987,0.29174519154697737,1.4142135623730951,0.7557132778254803,2.582062066012662,0.08666837461729211,0.547267123966987,0.29174519154697737,1.4142135623730951,0.24242424242424243,0.7557132778254803,218.6576701388889,0.0,22,8.0,0.075,0.0,60.0
3,PAA-AdaptMut,29,0.5866961214408166,0.3244214765079424,1.3564659966250538,0.6816008662925828,2.3084700901228254,0.08221575206052165,0.5866961214408166,0.3244214765079424,1.3564659966250538,0.25806451612903225,0.6816008662925828,144.6622083333333,0.0,21,6.0,0.075,0.0,60.0
3,NSGA3-PrioInit,0,0.6390752421458279,0.27139814491678543,1.3266499161421599,0.7801662191674221,2.4892916817592234,0.13460474587169796,0.6390752421458279,0.27139814491678543,1.3266499161421599,0.26666666666666666,0.7801662191674221,150.06897569444445,0.0,21,6.0,0.075,0.3333333333333333,17.0
3,NSGA3-PrioInit,1,0.5910831750394949,0.3063547135511027,1.3416407864998738,0.8759259370698917,2.0948540567250866,0.1237463769796217,0.5910831750394949,0.3063547135511027,1.3416407864998738,0.26229508196721313,0.8759259370698917,160.22342013888886,0.0,22,6.0,0.075,0.6666666666666666,19.0
3,NSGA3-PrioInit,2,0.6322671330282075,0.3060613173205159,1.371130920080209,0.7921286759349868,1.864159805935661,0.12068248872599338,0.6322671330282075,0.3060613173205159,1.371130920080209,0.25396825396825395,0.7921286759349868,141.1125208333333,0.0,22,7.0,0.15,0.3333333333333333,14.0
3,NSGA3-PrioInit,3,0.5887002846342929,0.27446912767977233,0.938083151964686,0.7529859156756955,2.76586858159128,0.13173805336504002,0.5887002846342929,0.27446912767977233,0.938083151964686,0.42105263157894735,0.7529859156756955,186.83904513888888,0.0,27,4.0,0.05,0.5,15.0
3,NSGA3-PrioInit,4,0.6391441342076876,0.2614324324196325,1.3416407864998738,0.7810821104624607,2.7025822554974157,0.13114309541003494,0.6391441342076876,0.2614324324196325,1.3416407864998738,0.26229508196721313,0.7810821104624607,218.6763958333333,0.0,23,7.0,0.05,0.5,15.0
3,NSGA3-PrioInit,5,0.6246882757538426,0.3054645437016499,1.4966629547095767,0.8631402845861731,2.1782112824824518,0.12416782174750908,0.6246882757538426,0.3054645437016499,1.4966629547095767,0.2222222222222222,0.8631402845861731,114.03078819444443,0.0,19,8.0,0.125,0.4,22.0
3,NSGA3-PrioInit,6,0.6335015005326404,0.29372799662504967,1.673320053068151,0.8925030774734207,2.005893587411024,0.12873729806908238,0.6335015005326404,0.29372799662504967,1.673320053068151,0.18604651162790697,0.8925030774734207,97.05272916666667,0.0,16,9.0,0.075,0.3333333333333333,16.0
3,NSGA3-PrioInit,7,0.6114748472466007,0.28298366994917934,1.0,0.7667842259449092,2.8208808578597577,0.1285246607095851,0.6114748472466007,0.28298366994917934,1.0,0.3902439024390244,0.7667842259449092,255.56766666666672,0.0,27,5.0,0.025,1.0,16.0
3,NSGA3-PrioInit,8,0.5736913045374321,0.27122488434316727,1.4832396974191326,0.7726620838095213,1.8471135411304556,0.11574249603988063,0.5736913045374321,0.27122488434316727,1.4832396974191326,0.22535211267605634,0.7726620838095213,96.45825347222222,0.0,21,8.0,0.1,0.25,17.0
3,NSGA3-PrioInit,9,0.6440735870304292,0.25445570570168063,1.5099668870541503,0.7889632470237432,2.5702978922561504,0.12254009518106501,0.6440735870304292,0.25445570570168063,1.5099668870541503,0.2191780821917808,0.7889632470237432,166.41985416666662,0.0,19,7.0,0.05,0.5,14.0
3,NSGA3-PrioInit,10,0.6323874099237139,0.29755335239744335,1.3564659966250536,0.8048117878513462,1.8450698030915311,0.1344524552338894,0.6323874099237139,0.29755335239744335,1.3564659966250536,0.25806451612903225,0.8048117878513462,95.25648611111112,0.0,21,7.0,0.05,0.0,16.0
3,NSGA3-PrioInit,11,0.6013289315803876,0.3171624261479881,1.4832396974191326,0.8731469763520263,2.0902569172336385,0.11614885122317414,0.6013289315803876,0.3171624261479881,1.4832396974191326,0.22535211267605634,0.8731469763520263,176.72704166666662,0.0,21,8.0,0.125,0.4,19.0
3,NSGA3-PrioInit,12,0.6317258046488679,0.30604398155817425,1.6,0.8167809304416416,1.9601824025730967,0.11566408830720643,0.6317258046488679,0.30604398155817425,1.6,0.2,0.8167809304416416,174.36324652777773,0.0,20,9.0,0.1,0.5,17.0
3,NSGA3-PrioInit,13,0.596524571844523,0.31359574658178113,1.469693845669907,0.8398822444424539,1.637408812330524,0.12429393144073003,0.596524571844523,0.31359574658178113,1.469693845669907,0.22857142857142856,0.8398822444424539,45.68078125,0.0,21,8.0,0.1,0.25,17.0
3,NSGA3-PrioInit,14,0.6377518399366525,0.3050355640854915,1.3564659966250538,0.8916541670873521,2.53643464692222,0.13242652494420193,0.6377518399366525,0.3050355640854915,1.3564659966250538,0.25806451612903225,0.8916541670873521,212.35217361111103,0.0,20,6.0,0.125,0.4,17.0
3,NSGA3-PrioInit,15,0.6271538034517884,0.28771266409450713,1.708800749063506,0.8766176532855617,2.0972737581089107,0.11415108736923969,0.6271538034517884,0.28771266409450713,1.708800749063506,0.1797752808988764,0.8766176532855617,114.86099999999999,0.0,18,10.0,0.1,0.25,15.0
3,NSGA3-PrioInit,16,0.5642242168435534,0.2855973474469249,1.2961481396815722,0.7120173128026286,1.8243946615622193,0.1128037910185397,0.5642242168435534,0.2855973474469249,1.2961481396815722,0.27586206896551724,0.7120173128026286,94.44637152777777,0.0,21,6.0,0.075,0.0,18.0
3,NSGA3-PrioInit,17,0.5982060581408837,0.3131616770323936,1.5874507866387544,0.8804313387047902,1.7268737178534583,0.11671253959985055,0.5982060581408837,0.3131616770323936,1.5874507866387544,0.20253164556962025,0.8804313387047902,61.73236458333332,0.0,20,9.0,0.075,0.3333333333333333,15.0
3,NSGA3-PrioInit,18,0.6404374208134304,0.28520762428797136,1.6,0.7915822892339577,1.815188597566527,0.12717015072268814,0.6404374208134304,0.28520762428797136,1.6,0.2,0.7915822892339577,94.59784027777778,0.0,21,9.0,0.075,0.3333333333333333,19.0
3,NSGA3-PrioInit,19,0.650130753578744,0.309595283983686,1.4560219778561037,0.8052929489314737,2.204004439830178,0.12394290558474427,0.650130753578744,0.309595283983686,1.4560219778561037,0.2318840579710145,0.8052929489314737,146.1269409722222,0.0,20,6.0,0.025,1.0,17.0
3,NSGA3-PrioInit,20,0.6373907817432256,0.3155518630940796,1.4966629547095767,0.794937082062674,1.9187166887521427,0.11851835305065492,0.6373907817432256,0.3155518630940796,1.4966629547095767,0.2222222222222222,0.794937082062674,110.66716666666665,0.0,20,7.0,0.025,1.0,17.0
3,NSGA3-PrioInit,21,0.6343681528328297,0.29674704417990033,1.536229149573722,0.7763437705067873,2.051881831574229,0.11677433500063181,0.6343681528328297,0.29674704417990033,1.536229149573722,0.21333333333333335,0.7763437705067873,112.51332291666668,0.0,19,8.0,0.075,0.3333333333333333,15.0
3,NSGA3-PrioInit,22,0.616385512872461,0.26474142090763275,1.649242250247064,0.8804124967867605,2.0910333740723837,0.1274354352717368,0.616385512872461,0.26474142090763275,1.649242250247064,0.19047619047619047,0.8804124967867605,114.61558680555557,0.0,18,9.0,0.05,0.5,15.0
3,NSGA3-PrioInit,23,0.6408985258971664,0.26305791572051285,1.371130920080209,0.7559423059150499,2.485001935477484,0.12906165224854232,0.6408985258971664,0.26305791572051285,1.371130920080209,0.25396825396825395,0.7559423059150499,181.99599305555552,0.0,22,7.0,0.05,0.0,18.0
3,NSGA3-PrioInit,24,0.6404167295059858,0.31824052008125714,1.4000000000000001,0.7390148861237155,2.019857293203812,0.11108424572758525,0.6404167295059858,0.31824052008125714,1.4000000000000001,0.24615384615384617,0.7390148861237155,131.2202673611111,0.0,21,7.0,0.075,0.6666666666666666,18.0
3,NSGA3-PrioInit,25,0.6087386724508841,0.27447831990394106,1.7320508075688772,0.8821039399439519,1.7474694684633743,0.12048906209515246,0.6087386724508841,0.27447831990394106,1.7320508075688772,0.17582417582417584,0.8821039399439519,78.4773611111111,0.0,18,10.0,0.075,0.3333333333333333,16.0
3,NSGA3-PrioInit,26,0.5937422755993659,0.2730199285963098,1.385640646055102,0.812882782885624,1.7339433988445307,0.12615760008970825,0.5937422755993659,0.2730199285963098,1.385640646055102,0.25,0.812882782885624,75.70019097222223,0.0,22,7.0,0.0,,14.0
3,NSGA3-PrioInit,27,0.6359162798402673,0.3023768674461632,1.3114877048604003,0.7374739734267834,1.9322759357446402,0.1258011856507901,0.6359162798402673,0.3023768674461632,1.3114877048604003,0.2711864406779661,0.7374739734267834,77.0935972222222,0.0,21,6.0,0.05,0.5,19.0
3,NSGA3-PrioInit,28,0.5811962560255945,0.27795700685297514,1.469693845669907,0.8916998655092463,2.614936626174323,0.12314838485958558,0.5811962560255945,0.27795700685297514,1.469693845669907,0.22857142857142856,0.8916998655092463,228.77327083333324,0.0,19,8.0,0.075,0.3333333333333333,16.0
3,NSGA3-PrioInit,29,0.6326301988228167,0.30590523960575466,1.5491933384829668,0.7801788349974912,1.8091884659404485,0.12117256891665866,0.6326301988228167,0.30590523960575466,1.5491933384829668,0.21052631578947367,0.7801788349974912,92.31144097222223,0.0,18,8.0,0.075,0.0,18.0
4,Random,0,0.4989462097839136,0.37875925043796965,0.8246211251235323,0.4493148090213118,2.9358215697132324,,0.4989462097839136,0.37875925043796965,0.8246211251235323,0.48484848484848486,0.4493148090213118,354.0469548611111,0.0,29,3.0,0.0,,
4,RoundRobin,0,0.4827927646227135,0.38302407637480157,0.7745966692414834,0.3923425342781237,3.3827425820808115,,0.4827927646227135,0.38302407637480157,0.7745966692414834,0.5161290322580645,0.3923425342781237,517.8573368055556,0.0,31,3.0,0.0,,
4,FIFO,0,0.2854113341773644,0.4839292761135118,3.255764119219941,0.3697163133637433,3.6058551640051464,,0.2854113341773644,0.4839292761135118,3.255764119219941,0.05693950177935943,0.3697163133637433,794.4257013888891,0.0,4,16.0,0.1,0.25,
4,LeastLoaded,0,0.5019704534157088,0.38186170872138947,0.4,0.5334828731962896,3.429974111329326,,0.5019704534157088,0.38186170872138947,0.4,0.8,0.5334828731962896,441.61456597222224,0.0,40,1.0,0.075,0.3333333333333333,
4,GreedyBestOutcome,0,0.675869512766026,0.2733842549026136,2.2715633383201093,0.7360882424220192,3.003204801413589,,0.675869512766026,0.2733842549026136,2.2715633383201093,0.1103448275862069,0.7360882424220192,258.7219930555554,0.0,12,12.0,0.075,0.6666666666666666,
4,StandardNSGA2,0,0.631898560480543,0.2765858103737273,0.9591663046625439,0.7058919455033681,2.990461701300892,0.07117491572072107,0.631898560480543,0.2765858103737273,0.9591663046625439,0.41025641025641024,0.7058919455033681,360.06329513888875,0.0,25,3.0,0.1,0.5,60.0
4,StandardNSGA2,1,0.6084330687926199,0.2738898821156306,1.1135528725660044,0.6725728295103937,2.597576170442177,0.0720780178193042,0.6084330687926199,0.2738898821156306,1.1135528725660044,0.3404255319148936,0.6725728295103937,307.8713402777777,0.0,25,6.0,0.025,0.0,60.0
4,StandardNSGA2,2,0.6190157527343472,0.3034551380880862,1.0583005244258363,0.8504880608325017,3.0106410978644123,0.06423646669121492,0.6190157527343472,0.3034551380880862,1.0583005244258363,0.36363636363636365,0.8504880608325017,264.40857638888883,0.0,24,4.0,0.05,0.5,60.0
4,StandardNSGA2,3,0.6393914798479859,0.268943186900029,1.1489125293076057,0.9061134304643378,2.5675411729552584,0.08781530425694528,0.6393914798479859,0.268943186900029,1.1489125293076057,0.32653061224489793,0.9061134304643378,211.13176041666665,0.0,24,6.0,0.125,0.4,60.0
4,StandardNSGA2,4,0.5955700853395929,0.27238564654955066,1.0392304845413265,0.8510371268317872,2.662892026350927,0.07934084300063989,0.5955700853395929,0.27238564654955066,1.0392304845413265,0.37209302325581395,0.8510371268317872,220.17846527777783,0.0,25,4.0,0.075,0.6666666666666666,60.0
4,StandardNSGA2,5,0.5925933229843832,0.2650544724203031,1.2328828005937953,0.7357782212974996,2.1588475805473912,0.07220697920374532,0.5925933229843832,0.2650544724203031,1.2328828005937953,0.2962962962962963,0.7357782212974996,190.71540624999994,0.0,22,6.0,0.05,1.0,60.0
4,StandardNSGA2,6,0.6017869344090385,0.27372704912723045,1.019803902718557,0.7857279731453114,3.1543599630207617,0.06215431765635823,0.6017869344090385,0.27372704912723045,1.019803902718557,0.38095238095238093,0.7857279731453114,291.6859895833333,0.0,27,5.0,0.05,0.0,60.0
4,StandardNSGA2,7,0.6244326163862596,0.23754326158992783,1.2489995996796799,0.7175040660618395,2.8669167443682304,0.0555796720684537,0.6244326163862596,0.23754326158992783,1.2489995996796799,0.2909090909090909,0.7175040660618395,324.0318923611111,0.0,23,7.0,0.075,0.3333333333333333,60.0
4,StandardNSGA2,8,0.5838979000768758,0.2877547159930854,0.8717797887081348,0.8117570328107249,3.041945675020423,0.07106561557759494,0.5838979000768758,0.2877547159930854,0.8717797887081348,0.45714285714285713,0.8117570328107249,282.84272222222216,0.0,27,3.0,0.125,0.6,60.0
4,StandardNSGA2,9,0.6026473709328604,0.24706735059598647,1.019803902718557,0.6361094646992862,3.0971100821845785,0.05886144773283822,0.6026473709328604,0.24706735059598647,1.019803902718557,0.38095238095238093,0.6361094646992862,235.11152777777778,0.0,26,4.0,0.05,0.0,60.0
4,StandardNSGA2,10,0.6339550832174725,0.24402641912109163,1.3564659966250536,0.6890646893139512,2.5257102362945694,0.06621132321572326,0.6339550832174725,0.24402641912109163,1.3564659966250536,0.25806451612903225,0.6890646893139512,233.95971180555551,0.0,19,6.0,0.0,,60.0
4,StandardNSGA2,11,0.5854272539748855,0.28099567726302804,0.938083151964686,0.8340189867471433,3.070347098593619,0.06131621870447467,0.5854272539748855,0.28099567726302804,0.938083151964686,0.42105263157894735,0.8340189867471433,265.34807291666664,0.0,26,3.0,0.075,0.6666666666666666,60.0
4,StandardNSGA2,12,0.5964595791626707,0.3430804509500172,1.019803902718557,0.8418448393527788,2.7478294634287956,0.06350974621570857,0.5964595791626707,0.3430804509500172,1.019803902718557,0.38095238095238093,0.8418448393527788,332.45933680555555,0.0,25,4.0,0.075,0.6666666666666666,60.0
4,StandardNSGA2,13,0.5756639295861905,0.2943212590507273,1.0392304845413265,0.819870802424111,2.8371056157719385,0.06380414557541908,0.5756639295861905,0.2943212590507273,1.0392304845413265,0.37209302325581395,0.819870802424111,257.16610416666674,0.0,26,5.0,0.075,0.6666666666666666,60.0
4,StandardNSGA2,14,0.5829110500847756,0.30422061806359396,1.2649110640673518,0.7108958127177787,1.7557001122101958,0.05550492868048093,0.5829110500847756,0.30422061806359396,1.2649110640673518,0.2857142857142857,0.7108958127177787,136.45137152777772,0.0,22,6.0,0.05,0.5,60.0
4,StandardNSGA2,15,0.5688747961192189,0.3470396846572932,0.9380831519646861,0.8283528826382105,2.839753232335519,0.05817278814245734,0.5688747961192189,0.3470396846572932,0.9380831519646861,0.42105263157894735,0.8283528826382105,248.56224652777775,0.0,27,4.0,0.075,0.3333333333333333,60.0
4,StandardNSGA2,16,0.6101850305834249,0.26700621466976465,1.148912529307606,0.7678143889842444,2.9380049622670024,0.06329937377399071,0.6101850305834249,0.26700621466976465,1.148912529307606,0.32653061224489793,0.7678143889842444,299.3721458333333,0.0,21,4.0,0.075,0.6666666666666666,60.0
4,StandardNSGA2,17,0.5718741523126429,0.2804041008020426,1.32664991614216,0.8148323525249921,2.5651400644953903,0.04801087922171095,0.5718741523126429,0.2804041008020426,1.32664991614216,0.26666666666666666,0.8148323525249921,148.60636458333335,0.0,23,8.0,0.15,0.3333333333333333,60.0
4,StandardNSGA2,18,0.6091843940638644,0.26549011530772326,1.2328828005937953,0.792946611398419,2.2989729548901865,0.059411311266153705,0.6091843940638644,0.26549011530772326,1.2328828005937953,0.2962962962962963,0.792946611398419,129.6001875,0.0,24,7.0,0.1,0.5,60.0
4,StandardNSGA2,19,0.571900376751804,0.29843209282065813,1.2961481396815724,0.8023377036661656,2.484591848360399,0.0580092833137914,0.571900376751804,0.29843209282065813,1.2961481396815724,0.27586206896551724,0.8023377036661656,181.3920590277778,0.0,21,7.0,0.0,,60.0
4,StandardNSGA2,20,0.50038400475504,0.2802559765166541,1.1489125293076057,0.733990829924236,1.5681874823895403,0.06266494307213827,0.50038400475504,0.2802559765166541,1.1489125293076057,0.32653061224489793,0.733990829924236,74.02155555555558,0.0,25,6.0,0.05,0.5,60.0
4,StandardNSGA2,21,0.5603458149756959,0.3305603762196242,0.8246211251235323,0.5943790862598857,2.323081834870728,0.06147177665243802,0.5603458149756959,0.3305603762196242,0.8246211251235323,0.48484848484848486,0.5943790862598857,222.01515277777776,0.0,29,3.0,0.025,1.0,60.0
4,StandardNSGA2,22,0.6442251602066531,0.23856651404067514,1.3114877048604001,0.6582677231361371,2.476098583732143,0.06285458307992517,0.6442251602066531,0.23856651404067514,1.3114877048604001,0.2711864406779661,0.6582677231361371,224.5839756944444,0.0,18,5.0,0.075,0.6666666666666666,60.0
4,StandardNSGA2,23,0.6420459549899769,0.2644497675980356,1.2000000000000002,0.7844620036472648,2.381542438783888,0.07305656088438325,0.6420459549899769,0.2644497675980356,1.2000000000000002,0.3076923076923077,0.7844620036472648,150.87371527777776,0.0,23,6.0,0.125,0.4,60.0
4,StandardNSGA2,24,0.6543418642704717,0.2919548303111587,1.1135528725660044,0.7783913441610275,2.553032010013532,0.06521364097563115,0.6543418642704717,0.2919548303111587,1.1135528725660044,0.3404255319148936,0.7783913441610275,227.23564583333328,0.0,23,5.0,0.075,0.6666666666666666,60.0
4,StandardNSGA2,25,0.615429804672891,0.2820713470157644,1.1832159566199234,0.5640491479601686,2.1128774532242103,0.047814476122285905,0.615429804672891,0.2820713470157644,1.1832159566199234,0.3137254901960784,0.5640491479601686,110.66227777777776,0.0,22,5.0,0.025,1.0,60.0
4,StandardNSGA2,26,0.5124676488535217,0.23827710207528302,1.4966629547095767,0.8691959185404083,1.8626429699080167,0.06570617318198256,0.5124676488535217,0.23827710207528302,1.4966629547095767,0.2222222222222222,0.8691959185404083,77.92451736111109,0.0,19,8.0,0.075,0.3333333333333333,60.0
4,StandardNSGA2,27,0.5675309553628036,0.3003181985447614,0.9165151389911681,0.7852916045742866,1.911251928927907,0.07967305883242519,0.5675309553628036,0.3003181985447614,0.9165151389911681,0.43243243243243246,0.7852916045742866,61.55507986111111,0.0,27,3.0,0.075,0.3333333333333333,60.0
4,StandardNSGA2,28,0.5761130844123004,0.2533647188985919,1.2328828005937953,0.7065986732183002,2.277659258226619,0.06723662183830924,0.5761130844123004,0.2533647188985919,1.2328828005937953,0.2962962962962963,0.7065986732183002,163.98753819444443,0.0,23,6.0,0.05,1.0,60.0
4,StandardNSGA2,29,0.57085378668384,0.3018617759911723,1.019803902718557,0.7657864616774442,2.4984453688173502,0.07605512444274024,0.57085378668384,0.3018617759911723,1.019803902718557,0.38095238095238093,0.7657864616774442,133.81044444444444,0.0,26,5.0,0.075,0.3333333333333333,60.0
4,NSGA3,0,0.6194915832425245,0.28096225725095947,1.1832159566199234,0.8915047363910723,1.8530183258340536,0.09020103000727461,0.6194915832425245,0.28096225725095947,1.1832159566199234,0.3137254901960784,0.8915047363910723,61.07145486111112,0.0,23,6.0,0.075,0.3333333333333333,14.0
4,NSGA3,1,0.61964603492347,0.26326003667036235,1.2489995996796799,0.8278534497042755,1.5997731276056095,0.10078552598213383,0.61964603492347,0.26326003667036235,1.2489995996796799,0.2909090909090909,0.8278534497042755,42.16994097222222,0.0,26,7.0,0.075,0.3333333333333333,22.0
4,NSGA3,2,0.6474131013840548,0.24642716991554886,1.1832159566199234,0.7760691424586341,2.3433582431265676,0.10161214750359403,0.6474131013840548,0.24642716991554886,1.1832159566199234,0.3137254901960784,0.7760691424586341,163.5988923611111,0.0,23,5.0,0.075,0.3333333333333333,22.0
4,NSGA3,3,0.6280303286701101,0.23278812574697838,1.296148139681572,0.8425246004939819,2.1748161571940954,0.09935232027765167,0.6280303286701101,0.23278812574697838,1.296148139681572,0.27586206896551724,0.8425246004939819,193.5741770833333,0.0,24,7.0,0.1,0.5,19.0
4,NSGA3,4,0.6554810730750287,0.23815564741595466,1.3416407864998738,0.7689447437597741,1.6841509437499833,0.09234371666550076,0.6554810730750287,0.23815564741595466,1.3416407864998738,0.26229508196721313,0.7689447437597741,74.19960763888889,0.0,21,6.0,0.05,0.5,20.0
4,NSGA3,5,0.6344629445559846,0.2705341369133091,0.8,0.7686607900282402,2.6248962813251175,0.09892458678782448,0.6344629445559846,0.2705341369133091,0.8,0.5,0.7686607900282402,150.10251041666666,0.0,28,2.0,0.05,0.5,18.0
4,NSGA3,6,0.6491045050381061,0.22494488121213854,1.1832159566199234,0.734642661117908,2.2789158369854845,0.09334798377587783,0.6491045050381061,0.22494488121213854,1.1832159566199234,0.3137254901960784,0.734642661117908,163.35706597222222,0.0,22,5.0,0.1,0.5,16.0
4,NSGA3,7,0.6428672429434761,0.24071221877955642,1.469693845669907,0.7526578433236188,1.6441217659514407,0.09386950878260007,0.6428672429434761,0.24071221877955642,1.469693845669907,0.22857142857142856,0.7526578433236188,59.151993055555565,0.0,22,9.0,0.05,0.5,16.0
4,NSGA3,8,0.650831967717392,0.23483514402498679,1.4422205101855958,0.8842549001064978,2.412584351303591,0.09379483737415414,0.650831967717392,0.23483514402498679,1.4422205101855958,0.23529411764705882,0.8842549001064978,209.98413888888885,0.0,20,8.0,0.1,0.5,16.0
4,NSGA3,9,0.6451959259268316,0.2791830419948211,1.1313708498984762,0.8948817462125668,2.2856459576662376,0.0935011155860423,0.6451959259268316,0.2791830419948211,1.1313708498984762,0.3333333333333333,0.8948817462125668,159.51186111111105,0.0,23,5.0,0.1,0.5,17.0
4,NSGA3,10,0.6457730347175473,0.23065085937106417,1.2165525060596443,0.8072028654744934,2.0832783833473068,0.10634391291974718,0.6457730347175473,0.23065085937106417,1.2165525060596443,0.3018867924528302,0.8072028654744934,128.07066319444442,0.0,23,6.0,0.05,0.5,19.0
4,NSGA3,11,0.6374828355088794,0.2537347622960066,1.5099668870541498,0.87885177503363,1.4855369059582864,0.09489043762987243,0.6374828355088794,0.2537347622960066,1.5099668870541498,0.2191780821917808,0.87885177503363,25.322659722222227,0.0,22,9.0,0.125,0.4,17.0
4,NSGA3,12,0.6463139347781692,0.24469836218944235,1.2,0.8069650846587418,2.139258279987616,0.09324998310069232,0.6463139347781692,0.24469836218944235,1.2,0.3076923076923077,0.8069650846587418,129.49718402777776,0.0,22,5.0,0.05,0.5,17.0
4,NSGA3,13,0.6428607845783392,0.2429175623781589,1.216552506059644,0.7241682777135066,1.7532439378767664,0.09867900296330637,0.6428607845783392,0.2429175623781589,1.216552506059644,0.3018867924528302,0.7241682777135066,58.513381944444426,0.0,22,6.0,0.05,0.0,26.0
4,NSGA3,14,0.614885090509601,0.2514741547073049,1.2328828005937953,0.8522399187694907,2.21657996847392,0.08762899142207387,0.614885090509601,0.2514741547073049,1.2328828005937953,0.2962962962962963,0.8522399187694907,114.22521875,0.0,25,7.0,0.075,0.3333333333333333,19.0
4,NSGA3,15,0.647997219858057,0.23802026896446238,1.2328828005937953,0.794051065246716,2.2129142799593255,0.09739299150831374,0.647997219858057,0.23802026896446238,1.2328828005937953,0.2962962962962963,0.794051065246716,112.08739583333333,0.0,23,6.0,0.025,1.0,17.0
4,NSGA3,16,0.5743716894786426,0.23370502326481754,1.3416407864998738,0.8758401863664982,2.2563887326622334,0.09042076847775318,0.5743716894786426,0.23370502326481754,1.3416407864998738,0.26229508196721313,0.8758401863664982,176.69612152777773,0.0,23,7.0,0.1,0.75,24.0
4,NSGA3,17,0.6467766407485078,0.2575984830198431,0.9797958971132713,0.8693748818202047,2.765907487941097,0.10418281228359472,0.6467766407485078,0.2575984830198431,0.9797958971132713,0.4,0.8693748818202047,247.27703124999988,0.0,26,4.0,0.1,0.5,27.0
4,NSGA3,18,0.5965565836993185,0.2756075349617378,1.264911064067352,0.8806029045425809,1.6094019067680108,0.09840582342908688,0.5965565836993185,0.2756075349617378,1.264911064067352,0.2857142857142857,0.8806029045425809,88.21232986111106,0.0,21,6.0,0.1,0.5,20.0
4,NSGA3,19,0.5858670465145565,0.24047102969041934,1.2000000000000002,0.8942953670271837,2.191086367558519,0.0922583916048588,0.5858670465145565,0.24047102969041934,1.2000000000000002,0.3076923076923077,0.8942953670271837,159.11362152777772,0.0,24,7.0,0.1,0.5,16.0
4,NSGA3,20,0.6486233770024464,0.2752664165536217,1.3114877048604003,0.8833633748395606,2.3347155643050566,0.09334501772022696,0.6486233770024464,0.2752664165536217,1.3114877048604003,0.2711864406779661,0.8833633748395606,191.77126041666662,0.0,21,7.0,0.075,0.6666666666666666,20.0
4,NSGA3,21,0.6321654644650413,0.27032440703324784,1.4966629547095767,0.8829532466404426,1.69118958029702,0.08859268567889934,0.6321654644650413,0.27032440703324784,1.4966629547095767,0.2222222222222222,0.8829532466404426,120.9603194444444,0.0,19,9.0,0.05,1.0,18.0
4,NSGA3,22,0.6142970296671301,0.23949882699183708,1.2806248474865698,0.8784382363735034,2.0935425489920947,0.0842000182473997,0.6142970296671301,0.23949882699183708,1.2806248474865698,0.2807017543859649,0.8784382363735034,157.85570138888883,0.0,25,7.0,0.075,0.6666666666666666,16.0
4,NSGA3,23,0.6376272793537888,0.24660365906078416,1.3564659966250536,0.8676534790001934,1.9212919231273162,0.09804832284328664,0.6376272793537888,0.24660365906078416,1.3564659966250536,0.25806451612903225,0.8676534790001934,61.57317361111111,0.0,21,8.0,0.05,0.5,20.0
4,NSGA3,24,0.6392724733767021,0.2711001037584252,1.2649110640673518,0.9075875380634841,2.2463071354988315,0.08688337305222177,0.6392724733767021,0.2711001037584252,1.2649110640673518,0.2857142857142857,0.9075875380634841,176.9069895833333,0.0,24,7.0,0.075,0.6666666666666666,19.0
4,NSGA3,25,0.5998014497568153,0.25915771695593276,1.131370849898476,0.8810241422749527,2.197759598129538,0.10458938719550946,0.5998014497568153,0.25915771695593276,1.131370849898476,0.3333333333333333,0.8810241422749527,158.3284444444444,0.0,25,5.0,0.1,0.5,20.0
4,NSGA3,26,0.6450422314479602,0.23372305292874404,1.2649110640673518,0.8593758511126864,2.674418598648782,0.0941089480267949,0.6450422314479602,0.23372305292874404,1.2649110640673518,0.2857142857142857,0.8593758511126864,230.11817708333328,0.0,22,7.0,0.1,0.5,16.0
4,NSGA3,27,0.5852773399055025,0.2422413974106699,1.2489995996796797,0.8932346422602896,2.164394082776664,0.10149165368193588,0.5852773399055025,0.2422413974106699,1.2489995996796797,0.2909090909090909,0.8932346422602896,160.0285208333333,0.0,24,6.0,0.1,0.5,20.0
4,NSGA3,28,0.6438625935689267,0.23998749038213826,1.1313708498984762,0.8446825180413192,2.317887103198406,0.10166212298849721,0.6438625935689267,0.23998749038213826,1.1313708498984762,0.3333333333333333,0.8446825180413192,226.94187499999998,0.0,25,5.0,0.075,1.0,18.0
4,NSGA3,29,0.6461677947532435,0.27522248915543585,0.938083151964686,0.823506685834527,2.344257917656672,0.10309429759550273,0.6461677947532435,0.27522248915543585,0.938083151964686,0.42105263157894735,0.823506685834527,191.26562847222215,0.0,27,4.0,0.1,0.75,22.0
4,PAA-NSGA-II,0,0.5883269224211444,0.2713832568148439,1.5874507866387542,0.9557871794034701,2.546585007415555,0.04652980851791723,0.5883269224211444,0.2713832568148439,1.5874507866387542,0.20253164556962025,0.9557871794034701,229.57628819444443,0.0,20,10.0,0.125,0.4,60.0
4,PAA-NSGA-II,1,0.6107650386285857,0.2839597125468564,1.4142135623730951,0.7209383784828445,2.1850049419468514,0.048733461545944025,0.6107650386285857,0.2839597125468564,1.4142135623730951,0.24242424242424243,0.7209383784828445,191.0172465277777,0.0,21,8.0,0.05,0.5,60.0
4,PAA-NSGA-II,2,0.6508183475280498,0.2426588640259857,1.6,0.8834926720190769,2.5880756121071675,0.05211976085668369,0.6508183475280498,0.2426588640259857,1.6,0.2,0.8834926720190769,183.65549652777779,0.0,17,9.0,0.075,0.3333333333333333,60.0
4,PAA-NSGA-II,3,0.6593771560261835,0.21967884948555136,1.6613247725836149,0.8394203793272966,2.5417622695401336,0.051768490153952615,0.6593771560261835,0.21967884948555136,1.6613247725836149,0.18823529411764706,0.8394203793272966,180.98194097222216,0.0,17,9.0,0.075,0.3333333333333333,60.0
4,PAA-NSGA-II,4,0.6310882791417708,0.22639502935869188,1.5874507866387546,0.8810695117654468,2.7573094435027725,0.05320172783566158,0.6310882791417708,0.22639502935869188,1.5874507866387546,0.20253164556962025,0.8810695117654468,261.17652430555546,0.0,16,8.0,0.1,0.5,60.0
4,PAA-NSGA-II,5,0.5850070567446493,0.28399736814993515,1.4422205101855958,0.7672303546395102,1.1554476155948117,0.058002187807578556,0.5850070567446493,0.28399736814993515,1.4422205101855958,0.23529411764705882,0.7672303546395102,22.056406250000002,0.0,20,7.0,0.075,0.3333333333333333,60.0
4,PAA-NSGA-II,6,0.5481935949483935,0.28171254695911835,1.2489995996796797,0.6653811657027067,1.9974859316522433,0.05545712796778482,0.5481935949483935,0.28171254695911835,1.2489995996796797,0.2909090909090909,0.6653811657027067,78.27608333333333,0.0,24,7.0,0.1,0.25,60.0
4,PAA-NSGA-II,7,0.5938950776983478,0.2680107528811588,1.5620499351813308,0.9566335449264537,2.4153380309071357,0.05296529937426758,0.5938950776983478,0.2680107528811588,1.5620499351813308,0.2077922077922078,0.9566335449264537,194.80740277777772,0.0,18,9.0,0.1,0.5,60.0
4,PAA-NSGA-II,8,0.6214872689797193,0.2273811246500305,1.50996688705415,0.8108555077438669,2.725976047858021,0.052163176999010664,0.6214872689797193,0.2273811246500305,1.50996688705415,0.2191780821917808,0.8108555077438669,308.75788888888883,0.0,21,9.0,0.125,0.4,60.0
4,PAA-NSGA-II,9,0.6450997839776456,0.25533898630397356,1.4966629547095767,0.9218965772941342,2.6595759532858936,0.05463519510945155,0.6450997839776456,0.25533898630397356,1.4966629547095767,0.2222222222222222,0.9218965772941342,228.54423611111105,0.0,21,9.0,0.125,0.4,60.0
4,PAA-NSGA-II,10,0.6350285834857597,0.23369497478420964,1.4696938456699071,0.8967889037630264,2.6562491672568727,0.06355138748285594,0.6350285834857597,0.23369497478420964,1.4696938456699071,0.22857142857142856,0.8967889037630264,228.41029513888878,0.0,19,7.0,0.125,0.4,60.0
4,PAA-NSGA-II,11,0.5696767612614264,0.2521392427033212,1.562049935181331,0.7867558884813948,1.883207233741577,0.051274033396718294,0.5696767612614264,0.2521392427033212,1.562049935181331,0.2077922077922078,0.7867558884813948,129.22660069444444,0.0,19,9.0,0.025,0.0,60.0
4,PAA-NSGA-II,12,0.6010726338880304,0.32610043725051063,1.0392304845413265,0.7622613294319072,2.2694593829598517,0.054218059272749544,0.6010726338880304,0.32610043725051063,1.0392304845413265,0.37209302325581395,0.7622613294319072,113.54730208333335,0.0,28,6.0,0.05,0.5,60.0
4,PAA-NSGA-II,13,0.6194120588131206,0.2895199260851206,1.385640646055102,0.8416311519835122,2.4530666945888466,0.04908818488731108,0.6194120588131206,0.2895199260851206,1.385640646055102,0.25,0.8416311519835122,208.67031249999997,0.0,21,8.0,0.075,0.6666666666666666,60.0
4,PAA-NSGA-II,14,0.6027464397119733,0.25527730876179444,1.562049935181331,0.8576644936493093,2.366554959067012,0.054214044540787924,0.6027464397119733,0.25527730876179444,1.562049935181331,0.2077922077922078,0.8576644936493093,194.77121874999995,0.0,19,9.0,0.075,0.3333333333333333,60.0
4,PAA-NSGA-II,15,0.582306250917388,0.28162062560301937,1.4142135623730951,0.9230221941094541,2.261334935516016,0.05608935683767914,0.582306250917388,0.28162062560301937,1.4142135623730951,0.24242424242424243,0.9230221941094541,210.93227777777776,0.0,22,8.0,0.1,0.5,60.0
4,PAA-NSGA-II,16,0.6382406431776303,0.2592490481905017,1.5099668870541498,0.8936555382187118,2.828210150198114,0.047804546376733335,0.6382406431776303,0.2592490481905017,1.5099668870541498,0.2191780821917808,0.8936555382187118,263.08420833333327,0.0,19,7.0,0.125,0.6,60.0
4,PAA-NSGA-II,17,0.6341777304780475,0.2676265145926154,1.4560219778561037,0.764134864611728,2.4601293809847693,0.0507412586354033,0.6341777304780475,0.2676265145926154,1.4560219778561037,0.2318840579710145,0.764134864611728,165.22219791666666,0.0,19,8.0,0.075,0.3333333333333333,60.0
4,PAA-NSGA-II,18,0.6698162904180317,0.2903822013577895,1.3114877048604001,0.8462893803217991,2.8077259784639024,0.06519526893161547,0.6698162904180317,0.2903822013577895,1.3114877048604001,0.2711864406779661,0.8462893803217991,260.84344444444434,0.0,20,5.0,0.075,0.6666666666666666,60.0
4,PAA-NSGA-II,19,0.5980683993938344,0.29152713497728505,1.4422205101855958,0.8893010024888752,2.0993641866211057,0.050528172363109594,0.5980683993938344,0.29152713497728505,1.4422205101855958,0.23529411764705882,0.8893010024888752,176.7252916666666,0.0,20,7.0,0.125,0.4,60.0
4,PAA-NSGA-II,20,0.6059750363190274,0.3022775665038286,1.4,0.9062512460309498,2.493216150178734,0.052164269964588,0.6059750363190274,0.3022775665038286,1.4,0.24615384615384617,0.9062512460309498,212.24303472222218,0.0,20,8.0,0.1,0.25,60.0
4,PAA-NSGA-II,21,0.6315575344340572,0.2423568687806771,1.2649110640673518,0.8050303668212452,2.896553300695131,0.056748875383579214,0.6315575344340572,0.2423568687806771,1.2649110640673518,0.2857142857142857,0.8050303668212452,262.87984722222217,0.0,22,6.0,0.075,0.6666666666666666,60.0
4,PAA-NSGA-II,22,0.6144617833455748,0.26856210895475485,1.5099668870541498,0.9542139046698181,2.495707796143983,0.05293633211422369,0.6144617833455748,0.26856210895475485,1.5099668870541498,0.2191780821917808,0.9542139046698181,228.8044305555555,0.0,20,9.0,0.1,0.5,60.0
4,PAA-NSGA-II,23,0.6595740296091406,0.27448657225766204,1.3416407864998738,0.8447197268955566,2.8879584598388655,0.047791079378330985,0.6595740296091406,0.27448657225766204,1.3416407864998738,0.26229508196721313,0.8447197268955566,294.91606944444436,0.0,20,6.0,0.1,0.5,60.0
4,PAA-NSGA-II,24,0.5761531172629792,0.31881482359819574,1.4000000000000001,0.929407988939593,2.3081578689394546,0.05123785487310492,0.5761531172629792,0.31881482359819574,1.4000000000000001,0.24615384615384617,0.929407988939593,161.08315277777774,0.0,20,7.0,0.1,0.5,60.0
4,PAA-NSGA-II,25,0.5812880742581734,0.26926275929886867,1.3416407864998738,0.6970201305239371,2.1329423689324427,0.046387092238448384,0.5812880742581734,0.26926275929886867,1.3416407864998738,0.26229508196721313,0.6970201305239371,159.20399305555551,0.0,23,8.0,0.125,0.6,60.0
4,PAA-NSGA-II,26,0.5875057697983761,0.25709489083293946,1.469693845669907,0.7187781370193301,2.1388050673972385,0.04868648940585252,0.5875057697983761,0.25709489083293946,1.469693845669907,0.22857142857142856,0.7187781370193301,159.63204861111106,0.0,23,9.0,0.05,0.5,60.0
4,PAA-NSGA-II,27,0.6135693056486169,0.31111951683295314,1.3564659966250538,0.8057595271686898,1.9114624874356791,0.05575149591265544,0.6135693056486169,0.31111951683295314,1.3564659966250538,0.25806451612903225,0.8057595271686898,156.56339583333326,0.0,21,6.0,0.075,0.3333333333333333,60.0
4,PAA-NSGA-II,28,0.6132808384702377,0.2914645253520781,1.148912529307606,0.6921233135487792,2.3320540782766157,0.06268669077633958,0.6132808384702377,0.2914645253520781,1.148912529307606,0.32653061224489793,0.6921233135487792,174.34184722222216,0.0,23,5.0,0.1,0.75,60.0
4,PAA-NSGA-II,29,0.5532094056504218,0.27038297374186504,1.5231546211727816,0.7095116462036786,1.243554194662115,0.040781783007786856,0.5532094056504218,0.27038297374186504,1.5231546211727816,0.21621621621621623,0.7095116462036786,21.823628472222218,0.0,23,10.0,0.025,0.0,60.0
4,PAA-noPriority,0,0.6192090197521221,0.2827271400313628,1.1832159566199234,0.7654113966032253,3.080574705768627,0.06000720563318386,0.6192090197521221,0.2827271400313628,1.1832159566199234,0.3137254901960784,0.7654113966032253,344.941298611111,0.0,21,6.0,0.175,0.7142857142857143,60.0
4,PAA-noPriority,1,0.5951046515825711,0.2860999020064446,1.32664991614216,0.8051830095978506,3.069631488771713,0.052305565505794946,0.5951046515825711,0.2860999020064446,1.32664991614216,0.26666666666666666,0.8051830095978506,535.6306006944444,0.0,22,7.0,0.1,0.75,60.0
4,PAA-noPriority,2,0.6075972895447499,0.2747680194982323,1.6613247725836147,0.7364842181079664,1.3080336590766604,0.059250846259224894,0.6075972895447499,0.2747680194982323,1.6613247725836147,0.18823529411764706,0.7364842181079664,55.47404513888889,0.0,19,10.0,0.025,1.0,60.0
4,PAA-noPriority,3,0.5581265171696252,0.31903538528489117,1.019803902718557,0.8693259650933973,3.2360868127450457,0.05341401776563562,0.5581265171696252,0.31903538528489117,1.019803902718557,0.38095238095238093,0.8693259650933973,300.71054513888885,0.0,26,5.0,0.075,0.6666666666666666,60.0
4,PAA-noPriority,4,0.6473596221603068,0.30393528289772254,1.2489995996796797,0.739161732119489,2.8807483643495373,0.05747046049406026,0.6473596221603068,0.30393528289772254,1.2489995996796797,0.2909090909090909,0.739161732119489,282.6134930555555,0.0,21,6.0,0.1,0.25,60.0
4,PAA-noPriority,5,0.6096490985100442,0.2791142878607352,1.148912529307606,0.7577170965973433,2.808945713889103,0.05863841025951308,0.6096490985100442,0.2791142878607352,1.148912529307606,0.32653061224489793,0.7577170965973433,202.4029340277778,0.0,23,5.0,0.075,0.3333333333333333,60.0
4,PAA-noPriority,6,0.6435602373217643,0.29326157244264056,1.0392304845413265,0.7359055658967814,3.2955300797001406,0.05807460978112883,0.6435602373217643,0.29326157244264056,1.0392304845413265,0.37209302325581395,0.7359055658967814,450.76442708333326,0.0,25,5.0,0.1,0.25,60.0
4,PAA-noPriority,7,0.5818294951704125,0.2784156636826938,1.131370849898476,0.8268464385946839,2.5875742461367617,0.07588548900502637,0.5818294951704125,0.2784156636826938,1.131370849898476,0.3333333333333333,0.8268464385946839,231.419875,0.0,27,7.0,0.125,0.4,60.0
4,PAA-noPriority,8,0.5976912293145332,0.2553493298021558,1.3114877048604003,0.6668292055720026,1.9770873061254561,0.06484644845438262,0.5976912293145332,0.2553493298021558,1.3114877048604003,0.2711864406779661,0.6668292055720026,172.04184722222217,0.0,21,7.0,0.05,0.5,60.0
4,PAA-noPriority,9,0.5760962447898037,0.30325674567501176,1.0954451150103324,0.6875732853712415,1.993220997662815,0.07041436967233022,0.5760962447898037,0.30325674567501176,1.0954451150103324,0.34782608695652173,0.6875732853712415,114.26336458333336,0.0,24,5.0,0.125,0.2,60.0
4,PAA-noPriority,10,0.5595783472430742,0.2571163683830867,1.1135528725660044,0.5903911432402943,2.1877374812076127,0.06601525984120872,0.5595783472430742,0.2571163683830867,1.1135528725660044,0.3404255319148936,0.5903911432402943,149.31800347222224,0.0,25,6.0,0.05,0.0,60.0
4,PAA-noPriority,11,0.5859439234168163,0.28551218459284244,1.0583005244258363,0.8565935123649435,2.925322452252714,0.06153200350652732,0.5859439234168163,0.28551218459284244,1.0583005244258363,0.36363636363636365,0.8565935123649435,334.8937534722222,0.0,25,5.0,0.1,0.75,60.0
4,PAA-noPriority,12,0.5527290933165478,0.337107512440456,1.019803902718557,0.6398781748568287,2.0283868650571315,0.060928860873780154,0.5527290933165478,0.337107512440456,1.019803902718557,0.38095238095238093,0.6398781748568287,160.91524999999996,0.0,26,5.0,0.075,0.6666666666666666,60.0
4,PAA-noPriority,13,0.5396137209343121,0.3158416323651011,1.019803902718557,0.661588596957384,2.0030279105077384,0.05432727085445485,0.5396137209343121,0.3158416323651011,1.019803902718557,0.38095238095238093,0.661588596957384,95.07814930555557,0.0,24,4.0,0.05,0.5,60.0
4,PAA-noPriority,14,0.5482301487825392,0.28164709285616957,1.1489125293076057,0.8806753349271718,2.812627077393145,0.059100418316825096,0.5482301487825392,0.28164709285616957,1.1489125293076057,0.32653061224489793,0.8806753349271718,229.48318749999993,0.0,22,4.0,0.05,0.5,60.0
4,PAA-noPriority,15,0.5698506402438055,0.2959115642198403,1.019803902718557,0.7972188877134789,2.749366501483011,0.06838586082700662,0.5698506402438055,0.2959115642198403,1.019803902718557,0.38095238095238093,0.7972188877134789,248.43646527777773,0.0,27,5.0,0.125,0.4,60.0
4,PAA-noPriority,16,0.6041676388203179,0.2488714340082184,1.1135528725660044,0.6426211892598191,2.5953213715313046,0.06009569941482211,0.6041676388203179,0.2488714340082184,1.1135528725660044,0.3404255319148936,0.6426211892598191,361.46146874999994,0.0,22,5.0,0.05,0.0,60.0
4,PAA-noPriority,17,0.6015589259036951,0.24016158007256524,1.0583005244258363,0.6829953323813261,3.1524871052549686,0.06722894029837109,0.6015589259036951,0.24016158007256524,1.0583005244258363,0.36363636363636365,0.6829953323813261,454.4493159722222,0.0,24,4.0,0.025,0.0,60.0
4,PAA-noPriority,18,0.6240135459087558,0.3104486403847032,1.2165525060596438,0.6951105722800852,2.331592214762419,0.05845240627853583,0.6240135459087558,0.3104486403847032,1.2165525060596438,0.3018867924528302,0.6951105722800852,130.54936458333333,0.0,23,5.0,0.125,0.2,60.0
4,PAA-noPriority,19,0.5882719890977967,0.25365574187697143,1.1313708498984762,0.7636477620643535,2.856650975867738,0.0607563801413778,0.5882719890977967,0.25365574187697143,1.1313708498984762,0.3333333333333333,0.7636477620643535,282.6998819444444,0.0,27,7.0,0.05,0.0,60.0
4,PAA-noPriority,20,0.5745225393488724,0.3124046630913604,0.7745966692414834,0.8237254794881907,2.920884382567226,0.06296760164858789,0.5745225393488724,0.3124046630913604,0.7745966692414834,0.5161290322580645,0.8237254794881907,248.16242361111108,0.0,31,3.0,0.15,0.5,60.0
4,PAA-noPriority,21,0.5712297224469095,0.31446812176218436,0.894427190999916,0.6667028023254092,2.813185982934603,0.05521619209923859,0.5712297224469095,0.31446812176218436,0.894427190999916,0.4444444444444444,0.6667028023254092,283.1165069444444,0.0,27,3.0,0.1,0.0,60.0
4,PAA-noPriority,22,0.6387028510322261,0.2792056073437408,1.0392304845413265,0.7445624547540209,3.3659217303283375,0.057819563442143035,0.6387028510322261,0.2792056073437408,1.0392304845413265,0.37209302325581395,0.7445624547540209,513.3910555555556,0.0,23,4.0,0.075,0.6666666666666666,60.0
4,PAA-noPriority,23,0.5613661607699603,0.2801289859765065,1.216552506059644,0.9032811072754529,3.2587802270800985,0.050268468125725635,0.5613661607699603,0.2801289859765065,1.216552506059644,0.3018867924528302,0.9032811072754529,388.01403124999996,0.0,25,7.0,0.1,0.75,60.0
4,PAA-noPriority,24,0.6070598203583845,0.3286501656579038,0.9165151389911681,0.8008596519845863,2.7516620848990945,0.06627435281312875,0.6070598203583845,0.3286501656579038,0.9165151389911681,0.43243243243243246,0.8008596519845863,318.9558194444444,0.0,28,3.0,0.15,0.3333333333333333,60.0
4,PAA-noPriority,25,0.5702709751208006,0.2944273305876933,1.1135528725660044,0.8577111373196423,2.823066834787281,0.055486470968306105,0.5702709751208006,0.2944273305876933,1.1135528725660044,0.3404255319148936,0.8577111373196423,187.77967708333338,0.0,22,5.0,0.15,0.16666666666666666,60.0
4,PAA-noPriority,26,0.5382678599994086,0.25167629241051925,1.0,0.6590347143053272,2.7750001934703974,0.05180601714937749,0.5382678599994086,0.25167629241051925,1.0,0.3902439024390244,0.6590347143053272,278.2802812499999,0.0,28,5.0,0.0,,60.0
4,PAA-noPriority,27,0.6136533113711,0.2386978480052957,1.1661903789690602,0.7047011257553274,2.838343575667745,0.05903814805653668,0.6136533113711,0.2386978480052957,1.1661903789690602,0.32,0.7047011257553274,324.0702361111111,0.0,23,6.0,0.1,0.25,60.0
4,PAA-noPriority,28,0.6415293768151022,0.2553136156932421,1.3266499161421599,0.7531312188067838,3.0799419408281037,0.055275766559295114,0.6415293768151022,0.2553136156932421,1.3266499161421599,0.26666666666666666,0.7531312188067838,278.7157083333333,0.0,19,6.0,0.075,0.6666666666666666,60.0
4,PAA-noPriority,29,0.5598516040398698,0.2882456353803107,1.0583005244258363,0.833672237218733,2.7814257795200263,0.06274162197866898,0.5598516040398698,0.2882456353803107,1.0583005244258363,0.36363636363636365,0.833672237218733,232.58168749999996,0.0,24,4.0,0.175,0.42857142857142855,60.0
4,PAA-noAdaptive,0,0.6519848349774837,0.22820125366217808,1.649242250247064,0.8969446472668574,2.7909034147545553,0.051039248810849855,0.6519848349774837,0.22820125366217808,1.649242250247064,0.19047619047619047,0.8969446472668574,263.3455694444444,0.0,18,9.0,0.1,0.5,60.0
4,PAA-noAdaptive,1,0.6358777793488335,0.22464314135308494,1.6124515496597098,0.8496047942218781,2.5649846334001554,0.04459728075894323,0.6358777793488335,0.22464314135308494,1.6124515496597098,0.19753086419753085,0.8496047942218781,200.4106111111111,0.0,21,10.0,0.05,0.5,60.0
4,PAA-noAdaptive,2,0.6125960507407946,0.2872143578175918,1.4282856857085702,0.8084008858317535,2.18199552807555,0.052975806564031565,0.6125960507407946,0.2872143578175918,1.4282856857085702,0.23880597014925373,0.8084008858317535,129.6096909722222,0.0,19,8.0,0.075,0.3333333333333333,60.0
4,PAA-noAdaptive,3,0.6069483033200651,0.27264009109301957,1.3856406460551018,0.7208164403902477,2.044185662396069,0.04841018934703669,0.6069483033200651,0.27264009109301957,1.3856406460551018,0.25,0.7208164403902477,93.87359027777778,0.0,23,8.0,0.05,0.5,60.0
4,PAA-noAdaptive,4,0.6350796992998926,0.25014703723464493,1.4966629547095767,0.7852634503818108,2.466026182399453,0.06248655477901582,0.6350796992998926,0.25014703723464493,1.4966629547095767,0.2222222222222222,0.7852634503818108,244.67885763888881,0.0,20,8.0,0.125,0.6,60.0
4,PAA-noAdaptive,5,0.6319467997782627,0.2502684197556385,1.5999999999999999,0.8527635974414487,2.3790852233433695,0.04470678307560228,0.6319467997782627,0.2502684197556385,1.5999999999999999,0.2,0.8527635974414487,227.05888541666664,0.0,19,9.0,0.1,0.5,60.0
4,PAA-noAdaptive,6,0.6138345476868515,0.2518514081223572,1.523154621172782,0.8901792630867302,2.903558229813096,0.04417844100123415,0.6138345476868515,0.2518514081223572,1.523154621172782,0.21621621621621623,0.8901792630867302,262.4105590277777,0.0,18,8.0,0.125,0.4,60.0
4,PAA-noAdaptive,7,0.5993321592032466,0.30780457372419956,1.2806248474865698,0.7413056972020092,2.323428782272541,0.04270075670059233,0.5993321592032466,0.30780457372419956,1.2806248474865698,0.2807017543859649,0.7413056972020092,273.17075000000006,0.0,24,7.0,0.05,0.0,60.0
4,PAA-noAdaptive,8,0.5820301953913879,0.27994189581927387,1.5748015748023623,0.7609610612891917,1.572905779179924,0.05109409288095135,0.5820301953913879,0.27994189581927387,1.5748015748023623,0.20512820512820512,0.7609610612891917,136.61728124999996,0.0,19,9.0,0.05,0.5,60.0
4,PAA-noAdaptive,9,0.6495848580164229,0.25915199900874886,1.6248076809271919,0.866646883388416,2.286004009500265,0.049974729971452574,0.6495848580164229,0.25915199900874886,1.6248076809271919,0.1951219512195122,0.866646883388416,192.34060416666662,0.0,17,9.0,0.075,0.3333333333333333,60.0
4,PAA-noAdaptive,10,0.64235393275309,0.2559847541764556,1.4000000000000001,0.834884439877978,2.8200073263704946,0.05691964181252188,0.64235393275309,0.2559847541764556,1.4000000000000001,0.24615384615384617,0.834884439877978,262.0200972222222,0.0,21,7.0,0.1,0.75,60.0
4,PAA-noAdaptive,11,0.62576413923674,0.24910006527062434,1.5231546211727816,0.7898314915292262,2.7366260084385075,0.05394760345443368,0.62576413923674,0.24910006527062434,1.5231546211727816,0.21621621621621623,0.7898314915292262,322.69563888888877,0.0,19,9.0,0.05,0.5,60.0
4,PAA-noAdaptive,12,0.6067716253126522,0.26198917143318096,1.7435595774162693,0.7982950161668118,1.8415968658229467,0.050791692000207785,0.6067716253126522,0.26198917143318096,1.7435595774162693,0.17391304347826086,0.7982950161668118,171.99180902777772,0.0,17,11.0,0.075,0.3333333333333333,60.0
4,PAA-noAdaptive,13,0.6253484851304211,0.24682901830416074,1.4,0.860390759991758,3.223253346954266,0.05012591712136093,0.6253484851304211,0.24682901830416074,1.4,0.24615384615384617,0.860390759991758,401.93840277777775,0.0,23,8.0,0.1,0.5,60.0
4,PAA-noAdaptive,14,0.5574287765521844,0.27014031139678835,1.3856406460551018,0.8180850345381264,2.591656248879881,0.047576487225099655,0.5574287765521844,0.27014031139678835,1.3856406460551018,0.25,0.8180850345381264,333.1956111111111,0.0,25,9.0,0.1,0.5,60.0
4,PAA-noAdaptive,15,0.5908630105832001,0.3007079392507696,1.2961481396815722,0.6921653950112322,2.1019590260723575,0.05000556445061137,0.5908630105832001,0.3007079392507696,1.2961481396815722,0.27586206896551724,0.6921653950112322,94.95226041666666,0.0,25,8.0,0.1,0.5,60.0
4,PAA-noAdaptive,16,0.6128178592888214,0.26278257391707716,1.6124515496597098,0.8399839605228319,2.1576588925434645,0.043038208301386466,0.6128178592888214,0.26278257391707716,1.6124515496597098,0.19753086419753085,0.8399839605228319,209.73998263888885,0.0,19,10.0,0.075,0.6666666666666666,60.0
4,PAA-noAdaptive,17,0.6206358238040599,0.25657517336011537,1.6,0.7819094158828259,2.1623213865968287,0.0533010614131359,0.6206358238040599,0.25657517336011537,1.6,0.2,0.7819094158828259,190.62268055555552,0.0,21,10.0,0.175,0.7142857142857143,60.0
4,PAA-noAdaptive,18,0.6111576068456779,0.2570020535763465,1.5620499351813308,0.8029702318722597,1.8072574527516092,0.050533095584902626,0.6111576068456779,0.2570020535763465,1.5620499351813308,0.2077922077922078,0.8029702318722597,93.99785416666666,0.0,19,9.0,0.075,0.3333333333333333,60.0
4,PAA-noAdaptive,19,0.61516419694048,0.2893102646080198,1.5748015748023623,0.7227534741583356,1.2083594334573617,0.04952516471305946,0.61516419694048,0.2893102646080198,1.5748015748023623,0.20512820512820512,0.7227534741583356,38.97455902777777,0.0,20,9.0,0.05,0.5,60.0
4,PAA-noAdaptive,20,0.6522985663183372,0.2390675168883445,1.5748015748023623,0.8345926105985544,2.8260526295420876,0.05146252135222473,0.6522985663183372,0.2390675168883445,1.5748015748023623,0.20512820512820512,0.8345926105985544,295.1892048611111,0.0,18,9.0,0.075,0.6666666666666666,60.0
4,PAA-noAdaptive,21,0.6626052477838368,0.25791103638977275,1.673320053068151,0.8672194607868813,2.4887550569372294,0.04463613527364781,0.6626052477838368,0.25791103638977275,1.673320053068151,0.18604651162790697,0.8672194607868813,259.93857638888886,0.0,18,10.0,0.1,0.5,60.0
4,PAA-noAdaptive,22,0.5328005724064921,0.25213631998553926,1.3114877048604001,0.6777909493180125,1.7329352744539808,0.056488220426912206,0.5328005724064921,0.25213631998553926,1.3114877048604001,0.2711864406779661,0.6777909493180125,107.19837500000001,0.0,24,8.0,0.025,1.0,60.0
4,PAA-noAdaptive,23,0.6309030845250897,0.25996980711353956,1.4560219778561037,0.7363482483356766,2.4157946057754582,0.04806961012346732,0.6309030845250897,0.25996980711353956,1.4560219778561037,0.2318840579710145,0.7363482483356766,235.12823958333337,0.0,21,8.0,0.075,0.6666666666666666,60.0
4,PAA-noAdaptive,24,0.6211903044026352,0.2595329318926368,1.673320053068151,0.9515228254946695,2.471855051876966,0.040735920529396,0.6211903044026352,0.2595329318926368,1.673320053068151,0.18604651162790697,0.9515228254946695,210.87564236111112,0.0,18,10.0,0.1,0.5,60.0
4,PAA-noAdaptive,25,0.5849442343960058,0.2794476039172686,1.3114877048604003,0.7285583434833246,2.552598097750547,0.05317710108518116,0.5849442343960058,0.2794476039172686,1.3114877048604003,0.2711864406779661,0.7285583434833246,254.2427777777778,0.0,22,7.0,0.05,0.5,60.0
4,PAA-noAdaptive,26,0.6451032630408723,0.25689571602986316,1.6613247725836147,0.9172763368195497,2.368623720404058,0.05511196768234168,0.6451032630408723,0.25689571602986316,1.6613247725836147,0.18823529411764706,0.9172763368195497,193.97021527777775,0.0,18,10.0,0.125,0.4,60.0
4,PAA-noAdaptive,27,0.6605039949949916,0.2382197011172215,1.5748015748023623,0.9303062260941196,2.6720723568808666,0.05799780876835154,0.6605039949949916,0.2382197011172215,1.5748015748023623,0.20512820512820512,0.9303062260941196,244.74249999999992,0.0,17,8.0,0.1,0.5,60.0
4,PAA-noAdaptive,28,0.5974748507800587,0.255469142571335,1.7776388834631176,0.769791072492273,1.6174522583128248,0.04035336642884156,0.5974748507800587,0.255469142571335,1.7776388834631176,0.16842105263157894,0.769791072492273,137.05147569444438,0.0,21,12.0,0.05,1.0,60.0
4,PAA-noAdaptive,29,0.6527441022495962,0.25747102983730125,1.4,0.892786819407646,2.996939205414173,0.05544264382506075,0.6527441022495962,0.25747102983730125,1.4,0.24615384615384617,0.892786819407646,329.9498680555555,0.0,22,7.0,0.125,0.6,60.0
4,PAA-noSLAMut,0,0.5997400377908553,0.29328763874775704,1.469693845669907,0.9352139058977507,2.2127960532024167,0.057667308516178656,0.5997400377908553,0.29328763874775704,1.469693845669907,0.22857142857142856,0.9352139058977507,159.30679861111108,0.0,19,7.0,0.1,0.5,60.0
4,PAA-noSLAMut,1,0.6175581853232932,0.27216788832407457,1.5620499351813308,0.8428907121248,2.4458567780695204,0.05441612489548032,0.6175581853232932,0.27216788832407457,1.5620499351813308,0.2077922077922078,0.8428907121248,162.91443055555555,0.0,17,9.0,0.05,0.0,60.0
4,PAA-noSLAMut,2,0.5874205451672626,0.23605180191357053,1.5491933384829668,0.8168832613631236,2.0167988488423303,0.05444645233933491,0.5874205451672626,0.23605180191357053,1.5491933384829668,0.21052631578947367,0.8168832613631236,112.03416319444443,0.0,20,9.0,0.075,0.3333333333333333,60.0
4,PAA-noSLAMut,3,0.5495689958977685,0.2427401748874983,1.5748015748023623,0.7444729085372674,2.1456013313064,0.045358643866553514,0.5495689958977685,0.2427401748874983,1.5748015748023623,0.20512820512820512,0.7444729085372674,188.63131944444436,0.0,20,9.0,0.125,0.4,60.0
4,PAA-noSLAMut,4,0.6153907644005242,0.3053276177782606,1.3711309200802089,0.907855295586138,2.4105256014709737,0.05999943299555815,0.6153907644005242,0.3053276177782606,1.3711309200802089,0.25396825396825395,0.907855295586138,193.52417013888888,0.0,21,7.0,0.2,0.5,60.0
4,PAA-noSLAMut,5,0.6388436749921148,0.26685831346035355,1.5748015748023623,0.9004040953240342,2.3860741042191025,0.05479264722843323,0.6388436749921148,0.26685831346035355,1.5748015748023623,0.20512820512820512,0.9004040953240342,228.10982986111108,0.0,20,9.0,0.075,0.6666666666666666,60.0
4,PAA-noSLAMut,6,0.5914480434839073,0.26763139111707185,1.6,0.9357319338912268,2.263054724711278,0.04892091935342002,0.5914480434839073,0.26763139111707185,1.6,0.2,0.9357319338912268,193.12771527777772,0.0,21,10.0,0.1,0.5,60.0
4,PAA-noSLAMut,7,0.6439598121027528,0.2833205524102222,1.4832396974191329,0.8100888103549497,2.8578990814377994,0.03839147587640151,0.6439598121027528,0.2833205524102222,1.4832396974191329,0.22535211267605634,0.8100888103549497,313.01621875,0.0,19,8.0,0.125,0.6,60.0
4,PAA-noSLAMut,8,0.6517489766136991,0.2407547601138126,1.4832396974191326,0.8638524133899214,2.88187082689537,0.060803852509065295,0.6517489766136991,0.2407547601138126,1.4832396974191326,0.22535211267605634,0.8638524133899214,278.3429583333333,0.0,18,6.0,0.1,0.75,60.0
4,PAA-noSLAMut,9,0.6320945116364582,0.27622401823639586,1.4422205101855958,0.8889275295644044,2.601766817889289,0.05465481960652975,0.6320945116364582,0.27622401823639586,1.4422205101855958,0.23529411764705882,0.8889275295644044,333.20607638888885,0.0,20,7.0,0.075,0.6666666666666666,60.0
4,PAA-noSLAMut,10,0.5891003815784084,0.21939475185893934,1.4966629547095767,0.7041718563391491,2.302349035368086,0.05821103580707997,0.5891003815784084,0.21939475185893934,1.4966629547095767,0.2222222222222222,0.7041718563391491,209.66303819444437,0.0,23,9.0,0.075,0.3333333333333333,60.0
4,PAA-noSLAMut,11,0.6143553644647604,0.2915975387028874,1.3711309200802089,0.9065390964678457,2.685658880577338,0.051843832098177486,0.6143553644647604,0.2915975387028874,1.3711309200802089,0.25396825396825395,0.9065390964678457,247.93692361111107,0.0,22,8.0,0.125,0.6,60.0
4,PAA-noSLAMut,12,0.5985493661304867,0.27686068218850224,1.6,0.9282259138745953,2.2651170054951444,0.05184215937956993,0.5985493661304867,0.27686068218850224,1.6,0.2,0.9282259138745953,176.0265034722222,0.0,18,9.0,0.1,0.5,60.0
4,PAA-noSLAMut,13,0.6451769080439903,0.2528938516450089,1.4142135623730951,0.8811862023475623,3.3382474220759293,0.05501072446710234,0.6451769080439903,0.2528938516450089,1.4142135623730951,0.24242424242424243,0.8811862023475623,456.23140624999996,0.0,19,7.0,0.075,0.6666666666666666,60.0
4,PAA-noSLAMut,14,0.631952578345935,0.24671130816933737,1.5362291495737217,0.7911047886107871,2.4368929890144653,0.05562786180202169,0.631952578345935,0.24671130816933737,1.5362291495737217,0.21333333333333335,0.7911047886107871,196.3713923611111,0.0,17,8.0,0.05,0.5,60.0
4,PAA-noSLAMut,15,0.6163714340603847,0.26986622994012355,1.5099668870541503,0.8932926522650885,2.1922445782476685,0.05523428552511463,0.6163714340603847,0.26986622994012355,1.5099668870541503,0.2191780821917808,0.8932926522650885,190.4738333333333,0.0,19,7.0,0.075,0.6666666666666666,60.0
4,PAA-noSLAMut,16,0.6107274447989205,0.26343904085898295,1.3416407864998738,0.7059763457761488,2.3224915549749094,0.05864637381739116,0.6107274447989205,0.26343904085898295,1.3416407864998738,0.26229508196721313,0.7059763457761488,222.74190624999991,0.0,20,5.0,0.075,0.6666666666666666,60.0
4,PAA-noSLAMut,17,0.6333375774248895,0.23993020474007148,1.624807680927192,0.8333053107186507,2.6441043229045462,0.03623406578870354,0.6333375774248895,0.23993020474007148,1.624807680927192,0.1951219512195122,0.8333053107186507,277.24179861111105,0.0,18,9.0,0.15,0.5,60.0
4,PAA-noSLAMut,18,0.5780318850270666,0.2970613684249563,1.2489995996796797,0.9327649830753483,2.4255244546765886,0.05822537155676953,0.5780318850270666,0.2970613684249563,1.2489995996796797,0.2909090909090909,0.9327649830753483,194.79567361111108,0.0,24,7.0,0.125,0.4,60.0
4,PAA-noSLAMut,19,0.6184258499295704,0.3025459892606618,1.2328828005937953,0.8910511005413347,2.493222839337874,0.06323907263403605,0.6184258499295704,0.3025459892606618,1.2328828005937953,0.2962962962962963,0.8910511005413347,212.31138194444438,0.0,25,7.0,0.1,0.5,60.0
4,PAA-noSLAMut,20,0.5750197774522761,0.25528502048739427,1.7999999999999998,0.9627211128956441,2.0381733095763304,0.038693183676213654,0.5750197774522761,0.25528502048739427,1.7999999999999998,0.16494845360824742,0.9627211128956441,177.0776597222222,0.0,16,11.0,0.1,0.5,60.0
4,PAA-noSLAMut,21,0.6129603883950389,0.29373545629975134,1.4142135623730951,0.9024877773462062,2.6980374426928173,0.05607557658987311,0.6129603883950389,0.29373545629975134,1.4142135623730951,0.24242424242424243,0.9024877773462062,230.18279861111105,0.0,21,8.0,0.125,0.4,60.0
4,PAA-noSLAMut,22,0.6494875003017786,0.26133725915495515,1.4422205101855958,0.8636401039689833,2.9465740013421855,0.05244852830202517,0.6494875003017786,0.26133725915495515,1.4422205101855958,0.23529411764705882,0.8636401039689833,295.5956666666666,0.0,20,6.0,0.1,0.5,60.0
4,PAA-noSLAMut,23,0.6232513604679871,0.27418564781053006,1.5748015748023623,0.9320034260184684,2.2676125550517012,0.04557393724321321,0.6232513604679871,0.27418564781053006,1.5748015748023623,0.20512820512820512,0.9320034260184684,176.53196874999995,0.0,17,8.0,0.1,0.5,60.0
4,PAA-noSLAMut,24,0.5918112942713459,0.3154477461467394,1.4000000000000001,0.9604681977526883,2.2736883886356694,0.05220793296660741,0.5918112942713459,0.3154477461467394,1.4000000000000001,0.24615384615384617,0.9604681977526883,176.7961631944444,0.0,20,8.0,0.125,0.4,60.0
4,PAA-noSLAMut,25,0.6558462878543772,0.23288449523371907,1.4832396974191326,0.8517447271544647,2.769019399440127,0.05611680663452457,0.6558462878543772,0.23288449523371907,1.4832396974191326,0.22535211267605634,0.8517447271544647,277.6096666666666,0.0,17,7.0,0.075,0.6666666666666666,60.0
4,PAA-noSLAMut,26,0.6479024274073838,0.24589194140475595,1.5874507866387544,0.9162397854342135,2.6589839323908726,0.043673925042057374,0.6479024274073838,0.24589194140475595,1.5874507866387544,0.20253164556962025,0.9162397854342135,262.6707743055555,0.0,18,9.0,0.075,0.6666666666666666,60.0
4,PAA-noSLAMut,27,0.589837751829004,0.3063832343649053,1.4966629547095767,0.8896277364959989,2.2062761006427305,0.046591919735579614,0.589837751829004,0.3063832343649053,1.4966629547095767,0.2222222222222222,0.8896277364959989,221.886361111111,0.0,21,9.0,0.1,0.75,60.0
4,PAA-noSLAMut,28,0.6582167931993148,0.26333995142921307,1.385640646055102,0.9012692362879522,2.8097583305393523,0.05757276000841854,0.6582167931993148,0.26333995142921307,1.385640646055102,0.25,0.9012692362879522,263.55652083333325,0.0,21,7.0,0.125,0.6,60.0
4,PAA-noSLAMut,29,0.5876523361609,0.24650907527406604,1.4966629547095767,0.7184545660639022,2.182264689841745,0.04787545588657207,0.5876523361609,0.24650907527406604,1.4966629547095767,0.2222222222222222,0.7184545660639022,160.96697222222218,0.0,20,8.0,0.025,1.0,60.0
4,PAA-AdaptMut,0,0.6022078102982785,0.28264367991569317,1.296148139681572,0.7156787360846331,2.5832193795124057,0.04880539709827225,0.6022078102982785,0.28264367991569317,1.296148139681572,0.27586206896551724,0.7156787360846331,347.68174999999997,0.0,24,8.0,0.1,0.5,60.0
4,PAA-AdaptMut,1,0.5902130313200508,0.313304086460718,1.5099668870541498,0.8454393853027042,2.057668514724388,0.04601275753982356,0.5902130313200508,0.313304086460718,1.5099668870541498,0.2191780821917808,0.8454393853027042,173.62665277777774,0.0,21,9.0,0.125,0.4,60.0
4,PAA-AdaptMut,2,0.6215098766280012,0.28814778408611075,1.2328828005937955,0.7262159228909182,2.2883623751179885,0.05373493593606858,0.6215098766280012,0.28814778408611075,1.2328828005937955,0.2962962962962963,0.7262159228909182,175.00400694444437,0.0,22,6.0,0.075,0.6666666666666666,60.0
4,PAA-AdaptMut,3,0.6061918473522117,0.24867248905930905,1.7549928774784243,0.7710054942465215,1.6428845187719705,0.04908842087328443,0.6061918473522117,0.24867248905930905,1.7549928774784243,0.17204301075268819,0.7710054942465215,92.2448888888889,0.0,19,11.0,0.05,0.5,60.0
4,PAA-AdaptMut,4,0.5725174345471598,0.2546656509787571,1.4966629547095767,0.7726375251908628,2.2011306849695877,0.05685936954971645,0.5725174345471598,0.2546656509787571,1.4966629547095767,0.2222222222222222,0.7726375251908628,209.9984479166666,0.0,22,9.0,0.1,0.5,60.0
4,PAA-AdaptMut,5,0.6594698931691008,0.21532502804889378,1.4422205101855958,0.8720802867239856,3.0570665954086027,0.056987545474909404,0.6594698931691008,0.21532502804889378,1.4422205101855958,0.23529411764705882,0.8720802867239856,253.0030625,0.0,19,7.0,0.075,0.3333333333333333,60.0
4,PAA-AdaptMut,6,0.5972039156928207,0.2640288506037636,1.32664991614216,0.7811949555513588,2.516181574424758,0.05749383372656458,0.5972039156928207,0.2640288506037636,1.32664991614216,0.26666666666666666,0.7811949555513588,349.16651041666665,0.0,22,7.0,0.075,0.3333333333333333,60.0
4,PAA-AdaptMut,7,0.642569166361957,0.24662409048509729,1.6248076809271919,0.924402457223251,2.442317645847698,0.04640793126579448,0.642569166361957,0.24662409048509729,1.6248076809271919,0.1951219512195122,0.924402457223251,228.38788888888885,0.0,17,9.0,0.1,0.5,60.0
4,PAA-AdaptMut,8,0.6068606798549135,0.23678498139496468,1.4832396974191326,0.8132637319868776,2.430923989750781,0.05235132834082413,0.6068606798549135,0.23678498139496468,1.4832396974191326,0.22535211267605634,0.8132637319868776,208.5122777777777,0.0,20,8.0,0.025,0.0,60.0
4,PAA-AdaptMut,9,0.6060420532517169,0.24094355042370158,1.6492422502470643,0.8237258692224969,2.143536782597312,0.04803426458323976,0.6060420532517169,0.24094355042370158,1.6492422502470643,0.19047619047619047,0.8237258692224969,191.70393749999994,0.0,19,10.0,0.1,0.5,60.0
4,PAA-AdaptMut,10,0.6335586600132717,0.23777949333545437,1.5231546211727816,0.8353741219240378,2.7527349300487325,0.05666237139642038,0.6335586600132717,0.23777949333545437,1.5231546211727816,0.21621621621621623,0.8353741219240378,218.85388194444445,0.0,21,9.0,0.075,0.0,60.0
4,PAA-AdaptMut,11,0.6082525638518865,0.23698042679594128,1.6124515496597098,0.8274650529571559,2.508900051508897,0.043010181013573304,0.6082525638518865,0.23698042679594128,1.6124515496597098,0.19753086419753085,0.8274650529571559,276.7145763888889,0.0,20,10.0,0.075,0.6666666666666666,60.0
4,PAA-AdaptMut,12,0.6432408814718893,0.24525146487339317,1.5362291495737217,0.814058072389711,2.355240256363452,0.056364681706001465,0.6432408814718893,0.24525146487339317,1.5362291495737217,0.21333333333333335,0.814058072389711,225.1570520833333,0.0,22,8.0,0.1,0.5,60.0
4,PAA-AdaptMut,13,0.634613059137721,0.24895944235348466,1.2489995996796797,0.8265626322847117,3.469779279131312,0.053435465811765545,0.634613059137721,0.24895944235348466,1.2489995996796797,0.2909090909090909,0.8265626322847117,388.38990277777776,0.0,22,6.0,0.075,0.6666666666666666,60.0
4,PAA-AdaptMut,14,0.6694069108610702,0.24915771608497383,1.562049935181331,0.8528188996140622,3.354805013187948,0.04551189046301661,0.6694069108610702,0.24915771608497383,1.562049935181331,0.2077922077922078,0.8528188996140622,368.79271180555554,0.0,16,7.0,0.1,0.5,60.0
4,PAA-AdaptMut,15,0.6478896603162922,0.2442703270942334,1.7663521732655691,0.9224697480139532,2.6455875107833693,0.0418986362150513,0.6478896603162922,0.2442703270942334,1.7663521732655691,0.1702127659574468,0.9224697480139532,244.70508333333328,0.0,16,10.0,0.1,0.5,60.0
4,PAA-AdaptMut,16,0.5869137931984942,0.3058520106313867,0.9797958971132713,0.6606303077037026,2.5351613688914667,0.05008401940186466,0.5869137931984942,0.3058520106313867,0.9797958971132713,0.4,0.6606303077037026,209.02104166666663,0.0,25,4.0,0.05,1.0,60.0
4,PAA-AdaptMut,17,0.6376181575352,0.2538000249635435,1.6,0.9263413371342459,2.286260150561755,0.050871181294748415,0.6376181575352,0.2538000249635435,1.6,0.2,0.9263413371342459,192.92107638888885,0.0,16,8.0,0.1,0.5,60.0
4,PAA-AdaptMut,18,0.647824133709392,0.2464679527388512,1.6,0.9027175571727545,2.7066797697631944,0.05049313545496764,0.647824133709392,0.2464679527388512,1.6,0.2,0.9027175571727545,245.24468055555548,0.0,18,9.0,0.075,0.3333333333333333,60.0
4,PAA-AdaptMut,19,0.6085838364291871,0.28985254147337236,1.5231546211727816,0.8433286221765457,2.163137258586268,0.04628509161201111,0.6085838364291871,0.28985254147337236,1.5231546211727816,0.21621621621621623,0.8433286221765457,209.21328819444437,0.0,20,9.0,0.075,0.3333333333333333,60.0
4,PAA-AdaptMut,20,0.6182832344242463,0.2463082278067112,1.5620499351813308,0.8180093798963698,2.138632914927083,0.05400074572472221,0.6182832344242463,0.2463082278067112,1.5620499351813308,0.2077922077922078,0.8180093798963698,189.65379861111109,0.0,19,9.0,0.075,0.6666666666666666,60.0
4,PAA-AdaptMut,21,0.597946849124362,0.28744165455474746,1.2649110640673518,0.744449900445638,2.5551732698572502,0.05675042647033741,0.597946849124362,0.28744165455474746,1.2649110640673518,0.2857142857142857,0.744449900445638,323.45788541666656,0.0,23,7.0,0.075,0.6666666666666666,60.0
4,PAA-AdaptMut,22,0.6466358251253884,0.23353628940468757,1.7888543819998315,0.7765736273658616,2.71358218203142,0.03517499348568396,0.6466358251253884,0.23353628940468757,1.7888543819998315,0.16666666666666666,0.7765736273658616,289.1885138888889,0.0,19,11.0,0.125,0.4,60.0
4,PAA-AdaptMut,23,0.621403379982796,0.2562999534804977,1.5362291495737217,0.7872331389905476,1.6294447069450868,0.05334430909455166,0.621403379982796,0.2562999534804977,1.5362291495737217,0.21333333333333335,0.7872331389905476,74.46702083333334,0.0,19,9.0,0.025,0.0,60.0
4,PAA-AdaptMut,24,0.5963860514491663,0.27616864902179844,1.7204650534085253,0.8370239444153785,1.6663299082710652,0.04869986249040552,0.5963860514491663,0.27616864902179844,1.7204650534085253,0.17777777777777778,0.8370239444153785,60.01176388888888,0.0,21,11.0,0.075,0.3333333333333333,60.0
4,PAA-AdaptMut,25,0.621666207403498,0.265150327129343,1.4832396974191326,0.7370684556655785,2.2626089171977197,0.048302177933246135,0.621666207403498,0.265150327129343,1.4832396974191326,0.22535211267605634,0.7370684556655785,130.76532291666666,0.0,21,9.0,0.1,0.5,60.0
4,PAA-AdaptMut,26,0.6058283606613044,0.2717134184540995,1.743559577416269,0.9574078370071405,2.07961053536976,0.04778679488970177,0.6058283606613044,0.2717134184540995,1.743559577416269,0.17391304347826086,0.9574078370071405,159.76842361111107,0.0,20,11.0,0.125,0.4,60.0
4,PAA-AdaptMut,27,0.6311732168127173,0.2463925385644266,1.562049935181331,0.8071972252615176,2.497996403181944,0.05475016340244607,0.6311732168127173,0.2463925385644266,1.562049935181331,0.2077922077922078,0.8071972252615176,211.3409444444444,0.0,19,8.0,0.1,0.5,60.0
4,PAA-AdaptMut,28,0.6252028528879443,0.27633011558932735,1.4282856857085702,0.8654010477604726,2.368583597208488,0.05758313130617237,0.6252028528879443,0.27633011558932735,1.4282856857085702,0.23880597014925373,0.8654010477604726,281.3429131944444,0.0,21,8.0,0.1,0.5,60.0
4,PAA-AdaptMut,29,0.5796254531058838,0.2697043965719027,1.6,0.7520277654228911,1.4943569447988145,0.05528336861538178,0.5796254531058838,0.2697043965719027,1.6,0.2,0.7520277654228911,75.08903819444446,0.0,20,10.0,0.05,0.5,60.0
4,NSGA3-PrioInit,0,0.6158568685381763,0.29709546131167236,1.2961481396815722,0.8913840439685001,1.6295115567181497,0.1034945693144541,0.6158568685381763,0.29709546131167236,1.2961481396815722,0.27586206896551724,0.8913840439685001,76.64240277777778,0.0,21,6.0,0.075,0.3333333333333333,21.0
4,NSGA3-PrioInit,1,0.6596672804263927,0.2217361933100035,1.4560219778561037,0.903702676906098,2.8513533110878946,0.07553406524467374,0.6596672804263927,0.2217361933100035,1.4560219778561037,0.2318840579710145,0.903702676906098,262.4084131944444,0.0,18,7.0,0.1,0.5,19.0
4,NSGA3-PrioInit,2,0.6551746291778274,0.2601745382171729,1.5231546211727816,0.866401251035134,1.8441400698637551,0.07405582710660663,0.6551746291778274,0.2601745382171729,1.5231546211727816,0.21621621621621623,0.866401251035134,92.03493402777777,0.0,19,9.0,0.05,0.5,20.0
4,NSGA3-PrioInit,3,0.6147837983701324,0.2548802736495537,1.131370849898476,0.8979950388729364,2.5281654507519855,0.0764924321079492,0.6147837983701324,0.2548802736495537,1.131370849898476,0.3333333333333333,0.8979950388729364,211.4150069444444,0.0,25,6.0,0.1,0.5,16.0
4,NSGA3-PrioInit,4,0.6532174890133281,0.2804449086119402,1.371130920080209,0.918913527305883,2.24893483155699,0.0898438061094883,0.6532174890133281,0.2804449086119402,1.371130920080209,0.25396825396825395,0.918913527305883,175.73709374999993,0.0,20,7.0,0.1,0.5,16.0
4,NSGA3-PrioInit,5,0.5865434098338214,0.24588755034126,1.296148139681572,0.9053200615036934,2.4831855318743554,0.0873317538432563,0.5865434098338214,0.24588755034126,1.296148139681572,0.27586206896551724,0.9053200615036934,219.98919444444445,0.0,20,6.0,0.075,0.3333333333333333,24.0
4,NSGA3-PrioInit,6,0.6541546360541858,0.22008528860797089,1.3564659966250538,0.8160939988499457,2.2807420468971307,0.09655093111451667,0.6541546360541858,0.22008528860797089,1.3564659966250538,0.25806451612903225,0.8160939988499457,130.39190624999998,0.0,20,6.0,0.075,0.3333333333333333,22.0
4,NSGA3-PrioInit,7,0.5876335197492419,0.2390987652781545,1.5491933384829668,0.9405347542278694,2.397077926162016,0.06615768775113207,0.5876335197492419,0.2390987652781545,1.5491933384829668,0.21052631578947367,0.9405347542278694,210.32438541666662,0.0,20,9.0,0.1,0.5,17.0
4,NSGA3-PrioInit,8,0.6530476382497512,0.25461037458050173,1.5491933384829668,0.922759672248158,2.1116635137720143,0.06948951464468334,0.6530476382497512,0.25461037458050173,1.5491933384829668,0.21052631578947367,0.922759672248158,174.7712569444444,0.0,18,8.0,0.1,0.5,14.0
4,NSGA3-PrioInit,9,0.653452271395509,0.2575796335014844,1.6852299546352716,0.9077687762772895,1.9356160019215096,0.07703861306910847,0.653452271395509,0.2575796335014844,1.6852299546352716,0.1839080459770115,0.9077687762772895,156.15632638888883,0.0,19,10.0,0.075,0.6666666666666666,20.0
4,NSGA3-PrioInit,10,0.653040621375365,0.2581913393408276,1.6370705543744897,0.8816302900696854,1.5803863260076372,0.07631468747545503,0.653040621375365,0.2581913393408276,1.6370705543744897,0.1927710843373494,0.8816302900696854,58.937874999999984,0.0,20,10.0,0.075,0.3333333333333333,21.0
4,NSGA3-PrioInit,11,0.646729100972852,0.2898023476640129,1.32664991614216,0.7807386474930977,1.5682219189359035,0.09284873163893913,0.646729100972852,0.2898023476640129,1.32664991614216,0.26666666666666666,0.7807386474930977,39.94019097222222,0.0,20,6.0,0.025,1.0,19.0
4,NSGA3-PrioInit,12,0.647064929069116,0.24689049918907235,1.673320053068151,0.8872672781270928,1.7200649213937111,0.07592040692120736,0.647064929069116,0.24689049918907235,1.673320053068151,0.18604651162790697,0.8872672781270928,76.04897222222222,0.0,18,9.0,0.1,0.25,17.0
4,NSGA3-PrioInit,13,0.6403779534560601,0.27695430543029675,1.2806248474865698,0.8520661349292282,1.8138725557697604,0.09500039124959772,0.6403779534560601,0.27695430543029675,1.2806248474865698,0.2807017543859649,0.8520661349292282,122.76621874999996,0.0,22,7.0,0.1,0.5,23.0
4,NSGA3-PrioInit,14,0.6254022868893967,0.2260210669416261,1.3856406460551018,0.913405403077008,2.5035781848423353,0.07712192436570069,0.6254022868893967,0.2260210669416261,1.3856406460551018,0.25,0.913405403077008,194.13788541666662,0.0,21,8.0,0.1,0.5,19.0
4,NSGA3-PrioInit,15,0.6598185264638243,0.22566122562092156,1.4832396974191326,0.8541429666037377,2.3544331124125097,0.07365432597258703,0.6598185264638243,0.22566122562092156,1.4832396974191326,0.22535211267605634,0.8541429666037377,146.91322916666667,0.0,19,8.0,0.075,0.3333333333333333,18.0
4,NSGA3-PrioInit,16,0.632678179412903,0.2377729936769009,1.7320508075688772,0.8719312392611644,1.6680118576845107,0.07285115312739965,0.632678179412903,0.2377729936769009,1.7320508075688772,0.17582417582417584,0.8719312392611644,43.54034027777778,0.0,18,10.0,0.075,0.3333333333333333,17.0
4,NSGA3-PrioInit,17,0.6558906665347142,0.22585491914456143,1.2328828005937953,0.7916030880802838,2.5089353742337175,0.09828086994668117,0.6558906665347142,0.22585491914456143,1.2328828005937953,0.2962962962962963,0.7916030880802838,149.67432291666665,0.0,21,6.0,0.075,0.3333333333333333,25.0
4,NSGA3-PrioInit,18,0.6550993048217935,0.25051506158737785,1.6,0.8924314543316131,1.7026894285166,0.07870534880887677,0.6550993048217935,0.25051506158737785,1.6,0.2,0.8924314543316131,59.931809027777774,0.0,18,9.0,0.1,0.5,21.0
4,NSGA3-PrioInit,19,0.6378940511999756,0.26501365135080346,1.4282856857085702,0.8055273633291453,1.6564898146092724,0.07859339293511318,0.6378940511999756,0.26501365135080346,1.4282856857085702,0.23880597014925373,0.8055273633291453,57.651256944444434,0.0,21,8.0,0.05,0.5,21.0
4,NSGA3-PrioInit,20,0.6592244928358628,0.25179888565433395,1.3416407864998738,0.9151752999493518,2.399419584350414,0.09086463117423055,0.6592244928358628,0.25179888565433395,1.3416407864998738,0.26229508196721313,0.9151752999493518,210.98470486111106,0.0,20,7.0,0.1,0.5,20.0
4,NSGA3-PrioInit,21,0.655279231398354,0.2372204354578959,1.3856406460551018,0.8369212950963781,2.216007901333521,0.07586076818606458,0.655279231398354,0.2372204354578959,1.3856406460551018,0.25,0.8369212950963781,127.92371180555556,0.0,19,6.0,0.05,0.5,16.0
4,NSGA3-PrioInit,22,0.6101538403878448,0.23494822035834323,1.32664991614216,0.9056870315833011,2.5379066909383265,0.0810965199350499,0.6101538403878448,0.23494822035834323,1.32664991614216,0.26666666666666666,0.9056870315833011,147.19487847222223,0.0,20,6.0,0.1,0.25,17.0
4,NSGA3-PrioInit,23,0.6515671801326293,0.26029921035469117,1.3856406460551018,0.921751509272562,2.368564080511787,0.07712718254929438,0.6515671801326293,0.26029921035469117,1.3856406460551018,0.25,0.921751509272562,210.8445312499999,0.0,22,8.0,0.1,0.5,20.0
4,NSGA3-PrioInit,24,0.6498130911284902,0.2704720704736693,1.385640646055102,0.9242374484525449,2.362212627370816,0.08063010879553191,0.6498130911284902,0.2704720704736693,1.385640646055102,0.25,0.9242374484525449,210.58914236111104,0.0,21,7.0,0.1,0.5,19.0
4,NSGA3-PrioInit,25,0.6517396947473358,0.2830494655263186,1.371130920080209,0.8481003096521416,1.6875327110934026,0.0870237089011145,0.6517396947473358,0.2830494655263186,1.371130920080209,0.25396825396825395,0.8481003096521416,43.256590277777775,0.0,20,6.0,0.05,0.0,24.0
4,NSGA3-PrioInit,26,0.6509054518553633,0.289872572181188,1.4560219778561037,0.8303680204409934,1.8570666679155763,0.0801547520849184,0.6509054518553633,0.289872572181188,1.4560219778561037,0.2318840579710145,0.8303680204409934,92.26680208333335,0.0,19,8.0,0.05,0.5,23.0
4,NSGA3-PrioInit,27,0.6358644070243052,0.24142082847485127,1.6970562748477138,0.893940563624135,1.7670124430002336,0.08028999128603612,0.6358644070243052,0.24142082847485127,1.6970562748477138,0.18181818181818182,0.893940563624135,78.00818055555555,0.0,18,10.0,0.05,0.5,17.0
4,NSGA3-PrioInit,28,0.651495847382945,0.26264325605449923,1.2328828005937953,0.8086471837688551,2.062968872060974,0.09051625992636794,0.651495847382945,0.26264325605449923,1.2328828005937953,0.2962962962962963,0.8086471837688551,111.65334375,0.0,22,6.0,0.05,0.5,23.0
4,NSGA3-PrioInit,29,0.6463234714679806,0.268162168913079,1.4560219778561039,0.9237121072676813,2.385794559492014,0.06835848978872638,0.6463234714679806,0.268162168913079,1.4560219778561039,0.2318840579710145,0.9237121072676813,211.4928958333333,0.0,21,8.0,0.1,0.5,17.0
