batch,policy,run,f1_ftr,f2_breach,f3_workload_sd,f4_expertise,f5_delay_log,hypervolume,first_time_right,sla_breach_rate,workload_sd,expertise_match,delay_hours,capacity_violation,groups_used,max_group_load,matched_fraction,matched_real_breach_rate,front_size
0,Random,0,0.4076354214729845,0.5458748409479002,1.0583005244258363,0.34957074204685173,3.4903367196447936,,0.4076354214729845,0.5458748409479002,1.0583005244258363,0.34957074204685173,477.95152430555555,0.0,23,4.0,0.025,1.0,
0,RoundRobin,0,0.42253336973691996,0.5516057892767392,0.8,0.309088945862966,3.5688470352990533,,0.42253336973691996,0.5516057892767392,0.8,0.309088945862966,579.8758576388888,0.0,31,3.0,0.0,,
0,FIFO,0,0.223074322979362,0.6693496781610416,3.218695387886216,0.44386906037147505,3.798100852806855,,0.223074322979362,0.6693496781610416,3.218695387886216,0.44386906037147505,843.906309027778,0.0,4,17.0,0.125,0.6,
0,LeastLoaded,0,0.4018053413324352,0.5445722966138844,0.4898979485566356,0.4179824334119653,3.309237858779663,,0.4018053413324352,0.5445722966138844,0.4898979485566356,0.4179824334119653,405.40679166666666,0.0,38,2.0,0.075,0.0,
0,GreedyBestOutcome,0,0.6304905461709291,0.39301952395492057,2.0199009876724157,0.717180891546484,3.466186543224704,,0.6304905461709291,0.39301952395492057,2.0199009876724157,0.717180891546484,282.68756249999996,0.0,11,10.0,0.1,0.5,
0,StandardNSGA2,0,0.5054029252958498,0.4369217204999538,1.131370849898476,0.7040209143666061,2.2872061931762255,0.0791483888654297,0.5054029252958498,0.4369217204999538,1.131370849898476,0.7040209143666061,112.04659027777777,0.0,22,5.0,0.125,1.0,60.0
0,StandardNSGA2,1,0.5251489435476725,0.3956006411756699,1.3564659966250536,0.8310281826773245,2.581103338001109,0.06808082324824914,0.5251489435476725,0.3956006411756699,1.3564659966250536,0.8310281826773245,166.48827083333336,0.0,22,7.0,0.15,0.5,60.0
0,StandardNSGA2,2,0.5815484944440124,0.4319995661782384,1.4282856857085702,0.8281025159816151,2.4749372058326573,0.07752959567711283,0.5815484944440124,0.4319995661782384,1.4282856857085702,0.8281025159816151,148.0677048611111,0.0,18,7.0,0.075,0.6666666666666666,60.0
0,StandardNSGA2,3,0.5799165244980651,0.4052998984546482,1.4560219778561037,0.7397625734043416,2.1332948012688897,0.08329104431863182,0.5799165244980651,0.4052998984546482,1.4560219778561037,0.7397625734043416,128.69964583333334,0.0,22,7.0,0.15,0.6666666666666666,60.0
0,StandardNSGA2,4,0.475258551328662,0.47006032505319106,1.0392304845413265,0.7060353588856826,2.651527449028213,0.05875533977440918,0.475258551328662,0.47006032505319106,1.0392304845413265,0.7060353588856826,318.02234027777774,0.0,25,5.0,0.05,0.5,60.0
0,StandardNSGA2,5,0.5227670790721233,0.4663671546854866,1.1832159566199232,0.8449460601437959,2.682347346353834,0.06736710834523421,0.5227670790721233,0.4663671546854866,1.1832159566199232,0.8449460601437959,183.91118750000004,0.0,21,6.0,0.2,0.625,60.0
0,StandardNSGA2,6,0.518563339348788,0.4566009586889453,1.0583005244258363,0.8658134467049322,3.2539815935496796,0.07201618869800683,0.518563339348788,0.4566009586889453,1.0583005244258363,0.8658134467049322,325.73343055555557,0.0,25,4.0,0.125,0.6,60.0
0,StandardNSGA2,7,0.5640387317237946,0.42634094867740957,1.0954451150103324,0.5963457019970609,2.512767225647699,0.07554878929390701,0.5640387317237946,0.42634094867740957,1.0954451150103324,0.5963457019970609,148.38504861111113,0.0,21,4.0,0.1,0.75,60.0
0,StandardNSGA2,8,0.502519802343594,0.4504755162717459,1.1135528725660044,0.6907179793888132,2.5145076735555754,0.07068359436967707,0.502519802343594,0.4504755162717459,1.1135528725660044,0.6907179793888132,212.9098368055555,0.0,23,5.0,0.075,0.3333333333333333,60.0
0,StandardNSGA2,9,0.5386026419179538,0.44379060221193534,1.019803902718557,0.7264242316994188,2.933763048296737,0.07775219816134088,0.5386026419179538,0.44379060221193534,1.019803902718557,0.7264242316994188,311.61856597222214,0.0,26,4.0,0.125,0.6,60.0
0,StandardNSGA2,10,0.5351703188607924,0.4492489585554675,1.0,0.5525318937024866,3.1438974602401566,0.045824078006400926,0.5351703188607924,0.4492489585554675,1.0,0.5525318937024866,236.99814930555553,0.0,26,5.0,0.1,0.5,60.0
0,StandardNSGA2,11,0.5215191600272057,0.4576994618761893,1.0954451150103324,0.7274896896220063,2.8970840407822314,0.06759783228480053,0.5215191600272057,0.4576994618761893,1.0954451150103324,0.7274896896220063,328.7419027777777,0.0,27,5.0,0.025,0.0,60.0
0,StandardNSGA2,12,0.47366375116041315,0.5053798126325569,0.8,0.725344230240367,3.2093833920543373,0.06320472069942655,0.47366375116041315,0.5053798126325569,0.8,0.725344230240367,500.55413194444446,0.0,30,3.0,0.125,0.4,60.0
0,StandardNSGA2,13,0.5009632319534123,0.4906563298880787,0.8485281374238571,0.6073211597988178,2.581694184919248,0.06634125264802089,0.5009632319534123,0.4906563298880787,0.8485281374238571,0.6073211597988178,244.81084374999995,0.0,28,3.0,0.1,0.75,60.0
0,StandardNSGA2,14,0.5310053888071019,0.44077411211650935,1.1489125293076057,0.5021672761828895,1.662794155026318,0.06079842146446282,0.5310053888071019,0.44077411211650935,1.1489125293076057,0.5021672761828895,102.12749999999994,0.0,22,5.0,0.05,1.0,60.0
0,StandardNSGA2,15,0.5353403965554101,0.4502562829590545,1.1661903789690602,0.8020123138870463,2.630111094355358,0.08115031072203618,0.5353403965554101,0.4502562829590545,1.1661903789690602,0.8020123138870463,132.03338888888888,0.0,21,5.0,0.1,0.75,60.0
0,StandardNSGA2,16,0.5148344574143152,0.47661043133010245,1.148912529307606,0.7196379006360484,2.4100397913589093,0.06262977691659653,0.5148344574143152,0.47661043133010245,1.148912529307606,0.7196379006360484,133.1058576388889,0.0,23,5.0,0.125,0.6,60.0
0,StandardNSGA2,17,0.5434587430288275,0.4556023298071798,1.1313708498984762,0.5478253052977907,2.0376164178972496,0.07030014170029515,0.5434587430288275,0.4556023298071798,1.1313708498984762,0.5478253052977907,144.78304166666666,0.0,23,4.0,0.05,0.5,60.0
0,StandardNSGA2,18,0.49048719928925955,0.477056025307491,1.0,0.6911351763810952,2.566591430801421,0.05818990029401356,0.49048719928925955,0.477056025307491,1.0,0.6911351763810952,260.2827638888888,0.0,26,4.0,0.15,0.8333333333333334,60.0
0,StandardNSGA2,19,0.5398962760671748,0.42336419037741047,1.2806248474865698,0.7440840861930343,2.6583764128264726,0.06119027368217083,0.5398962760671748,0.42336419037741047,1.2806248474865698,0.7440840861930343,234.29265625,0.0,23,7.0,0.075,0.3333333333333333,60.0
0,StandardNSGA2,20,0.5137167274122127,0.427072521027749,1.1135528725660044,0.8083219726003955,2.9982405235060585,0.08145520896222642,0.5137167274122127,0.427072521027749,1.1135528725660044,0.8083219726003955,266.02275694444444,0.0,24,5.0,0.175,0.42857142857142855,60.0
0,StandardNSGA2,21,0.528951349948434,0.4304948261858451,1.077032961426901,0.5018323370189208,2.2982393779629104,0.07774860263435761,0.528951349948434,0.4304948261858451,1.077032961426901,0.5018323370189208,235.70632986111113,0.0,25,5.0,0.025,1.0,60.0
0,StandardNSGA2,22,0.5546801132543351,0.4092274983452384,1.2649110640673518,0.5640857235724409,2.1149804811703943,0.06418444200092019,0.5546801132543351,0.4092274983452384,1.2649110640673518,0.5640857235724409,174.43286458333327,0.0,21,6.0,0.075,1.0,60.0
0,StandardNSGA2,23,0.5008552806519246,0.4643588655608082,0.938083151964686,0.6638893034966287,2.7107647959114316,0.06047172940060579,0.5008552806519246,0.4643588655608082,0.938083151964686,0.6638893034966287,340.64700694444446,0.0,27,4.0,0.1,0.75,60.0
0,StandardNSGA2,24,0.5452351532990152,0.3898111145304059,1.371130920080209,0.7713579685038142,2.345567594989366,0.08112907041630366,0.5452351532990152,0.3898111145304059,1.371130920080209,0.7713579685038142,147.1730763888889,0.0,21,7.0,0.1,0.75,60.0
0,StandardNSGA2,25,0.5619936010823064,0.38645620592600693,1.0954451150103321,0.702272240520592,3.037968752869677,0.08397874603867031,0.5619936010823064,0.38645620592600693,1.0954451150103321,0.702272240520592,403.1236388888889,0.0,25,5.0,0.125,0.4,60.0
0,StandardNSGA2,26,0.4683173194121676,0.4384129925058648,1.2328828005937953,0.7529675384987329,2.208512389813519,0.08264021394628998,0.4683173194121676,0.4384129925058648,1.2328828005937953,0.7529675384987329,147.23126736111112,0.0,26,7.0,0.15,0.3333333333333333,60.0
0,StandardNSGA2,27,0.5500327277286781,0.38930977450212584,1.1661903789690602,0.6270506877067156,2.9087607587945143,0.06863744623509115,0.5500327277286781,0.38930977450212584,1.1661903789690602,0.6270506877067156,315.93531597222216,0.0,23,5.0,0.05,0.5,60.0
0,StandardNSGA2,28,0.5201192832787485,0.41253896092171727,1.2961481396815722,0.5697866522917487,2.173585950642843,0.06569043137241137,0.5201192832787485,0.41253896092171727,1.2961481396815722,0.5697866522917487,126.39206944444443,0.0,21,6.0,0.1,0.75,60.0
0,StandardNSGA2,29,0.5141746694769752,0.42480692800625464,1.0954451150103321,0.7085367844842054,2.839933155057741,0.06767535143715656,0.5141746694769752,0.42480692800625464,1.0954451150103321,0.7085367844842054,350.60030902777777,0.0,27,6.0,0.075,0.3333333333333333,60.0
0,NSGA3,0,0.5996460964679925,0.3799130892771644,1.4832396974191329,0.8427587384321857,2.3301173699933573,0.10750576646023424,0.5996460964679925,0.3799130892771644,1.4832396974191329,0.8427587384321857,146.18367013888889,0.0,18,7.0,0.1,0.75,14.0
0,NSGA3,1,0.5862348714286538,0.4269862061688559,1.2489995996796797,0.838445138110593,2.587832347474775,0.10639428713115348,0.5862348714286538,0.4269862061688559,1.2489995996796797,0.838445138110593,214.8437256944445,0.0,21,5.0,0.15,0.5,19.0
0,NSGA3,2,0.5927887463884958,0.3778022394996889,1.2489995996796799,0.745511772268466,2.7182714330529913,0.10249231263481082,0.5927887463884958,0.3778022394996889,1.2489995996796799,0.745511772268466,201.80679513888887,0.0,22,6.0,0.15,0.6666666666666666,18.0
0,NSGA3,3,0.5664270030708899,0.44574275006003583,1.4142135623730951,0.8305418547017034,1.5007512352350894,0.11080429022373346,0.5664270030708899,0.44574275006003583,1.4142135623730951,0.8305418547017034,59.23501041666667,0.0,21,7.0,0.1,0.75,20.0
0,NSGA3,4,0.5783664909549484,0.41140507364446066,1.4000000000000001,0.7978266267121322,1.97092146920846,0.09721876347156416,0.5783664909549484,0.41140507364446066,1.4000000000000001,0.7978266267121322,113.12546180555555,0.0,21,6.0,0.125,0.6,14.0
0,NSGA3,5,0.5888730744651738,0.4259858855085592,1.341640786499874,0.8186520871936676,2.1250426715331305,0.10073989910656,0.5888730744651738,0.4259858855085592,1.341640786499874,0.8186520871936676,110.08657986111112,0.0,20,6.0,0.1,0.75,18.0
0,NSGA3,6,0.5822876474364158,0.4185794302139483,1.2165525060596443,0.841210540088001,2.3602815927373593,0.11067614176979373,0.5822876474364158,0.4185794302139483,1.2165525060596443,0.841210540088001,131.30635069444446,0.0,22,6.0,0.125,0.6,15.0
0,NSGA3,7,0.5229667570297324,0.40035903629293934,1.077032961426901,0.789370604984551,2.4545897530579053,0.10575899661064045,0.5229667570297324,0.40035903629293934,1.077032961426901,0.789370604984551,133.40522222222222,0.0,26,5.0,0.125,0.4,18.0
0,NSGA3,8,0.5675748437822714,0.4573297328557217,1.32664991614216,0.7579412561814081,1.6862820943930141,0.08999929291091124,0.5675748437822714,0.4573297328557217,1.32664991614216,0.7579412561814081,42.91177083333332,0.0,22,6.0,0.125,0.6,18.0
0,NSGA3,9,0.5819318901534555,0.42107406263658637,1.3416407864998738,0.8575453081367719,2.253420654031539,0.09716592270299734,0.5819318901534555,0.42107406263658637,1.3416407864998738,0.8575453081367719,113.85326388888889,0.0,21,7.0,0.15,0.6666666666666666,14.0
0,NSGA3,10,0.5882699601281951,0.3790616516191286,1.523154621172782,0.8123935059901995,2.019304587283441,0.10179697904899751,0.5882699601281951,0.3790616516191286,1.523154621172782,0.8123935059901995,93.30593402777777,0.0,18,7.0,0.125,0.8,16.0
0,NSGA3,11,0.5480678974709863,0.4030481492411096,1.216552506059644,0.8271355142400463,2.493175696685376,0.1018040376976673,0.5480678974709863,0.4030481492411096,1.216552506059644,0.8271355142400463,166.21639583333334,0.0,24,6.0,0.15,0.6666666666666666,17.0
0,NSGA3,12,0.5615299847598536,0.4346244044928514,0.9797958971132713,0.7959283702425202,2.6172460939578537,0.10923159563246893,0.5615299847598536,0.4346244044928514,0.9797958971132713,0.7959283702425202,185.09894791666665,0.0,26,4.0,0.1,0.75,18.0
0,NSGA3,13,0.5434338761765257,0.3957979552393468,1.2489995996796797,0.8391130028652174,2.338567134400255,0.09897559565580766,0.5434338761765257,0.3957979552393468,1.2489995996796797,0.8391130028652174,132.42964583333332,0.0,23,6.0,0.1,0.75,16.0
0,NSGA3,14,0.5475412817007422,0.4294823908959824,1.1661903789690602,0.8379094436433517,1.9684119457515414,0.10662867936876429,0.5475412817007422,0.4294823908959824,1.1661903789690602,0.8379094436433517,78.22729166666666,0.0,25,6.0,0.175,0.7142857142857143,17.0
0,NSGA3,15,0.5344764197203705,0.3981812626198138,1.2489995996796797,0.8541115058853102,2.286969318197238,0.09565239839199115,0.5344764197203705,0.3981812626198138,1.2489995996796797,0.8541115058853102,131.79777083333335,0.0,21,5.0,0.125,0.6,19.0
0,NSGA3,16,0.5976990582803275,0.38319447715709554,1.523154621172782,0.7639242582129014,1.6874607802191952,0.10119307025427154,0.5976990582803275,0.38319447715709554,1.523154621172782,0.7639242582129014,73.72828819444443,0.0,18,7.0,0.1,0.75,15.0
0,NSGA3,17,0.5208097802833397,0.3940453860029304,1.1661903789690602,0.8407724112394976,2.4432275736242266,0.1026118436675112,0.5208097802833397,0.3940453860029304,1.1661903789690602,0.8407724112394976,132.3695902777778,0.0,21,5.0,0.1,0.75,17.0
0,NSGA3,18,0.5770349652101364,0.38759603102612755,1.2,0.7176075319663721,2.351472513520176,0.10131831322071855,0.5770349652101364,0.38759603102612755,1.2,0.7176075319663721,226.93369097222217,0.0,21,5.0,0.1,0.5,18.0
0,NSGA3,19,0.5335009081253635,0.39970078244382146,1.341640786499874,0.8413886771075758,2.050059112926044,0.10262427589533532,0.5335009081253635,0.39970078244382146,1.341640786499874,0.8413886771075758,112.94347569444444,0.0,23,7.0,0.175,0.5714285714285714,18.0
0,NSGA3,20,0.5852179042159886,0.38299692716190936,1.2649110640673518,0.6999262941215342,2.3052961158519225,0.0988680802427841,0.5852179042159886,0.38299692716190936,1.2649110640673518,0.6999262941215342,149.1798576388889,0.0,22,6.0,0.075,0.6666666666666666,16.0
0,NSGA3,21,0.5829496471257084,0.4386442223156669,1.148912529307606,0.79757133819892,2.3186975227699937,0.10265077857919014,0.5829496471257084,0.4386442223156669,1.148912529307606,0.79757133819892,131.0343576388889,0.0,23,6.0,0.125,0.8,18.0
0,NSGA3,22,0.574943556818897,0.39323359010212544,1.5231546211727818,0.7871204833668948,1.5663395229467132,0.10210421083395566,0.574943556818897,0.39323359010212544,1.5231546211727818,0.7871204833668948,57.80297222222223,0.0,17,7.0,0.075,1.0,14.0
0,NSGA3,23,0.5319022820858607,0.4047069461917131,1.2165525060596438,0.8179718344906709,2.5499080418844544,0.09913019934360692,0.5319022820858607,0.4047069461917131,1.2165525060596438,0.8179718344906709,349.6650625,0.0,25,5.0,0.075,0.6666666666666666,18.0
0,NSGA3,24,0.5719739608139711,0.4465921676770789,1.3564659966250538,0.8498636764858277,1.9550620513917596,0.09915044590399538,0.5719739608139711,0.4465921676770789,1.3564659966250538,0.8498636764858277,79.5322465277778,0.0,22,7.0,0.15,0.6666666666666666,16.0
0,NSGA3,25,0.5845730431966242,0.3958245699244281,1.1313708498984762,0.8058165353133496,2.9684179477849892,0.10764600071424758,0.5845730431966242,0.3958245699244281,1.1313708498984762,0.8058165353133496,238.1603923611111,0.0,22,5.0,0.15,0.5,17.0
0,NSGA3,26,0.579478137848262,0.4228043752969651,1.2489995996796797,0.7523261750226017,1.8562768493416932,0.10320647773776367,0.579478137848262,0.4228043752969651,1.2489995996796797,0.7523261750226017,93.76359027777777,0.0,22,6.0,0.125,0.8,17.0
0,NSGA3,27,0.5726406891860697,0.42610363369059295,1.4282856857085702,0.8251350512906412,1.6877897334990144,0.10261498500142878,0.5726406891860697,0.42610363369059295,1.4282856857085702,0.8251350512906412,42.57721527777777,0.0,20,7.0,0.125,0.6,14.0
0,NSGA3,28,0.5865092108693174,0.4163371037520186,1.3711309200802089,0.8143305187913852,1.8158444858357092,0.11096950484377001,0.5865092108693174,0.4163371037520186,1.3711309200802089,0.8143305187913852,92.06430555555555,0.0,20,7.0,0.1,0.75,16.0
0,NSGA3,29,0.525439964489545,0.40677590628055615,1.1661903789690602,0.8218676755498716,2.367415119322285,0.10466622132735698,0.525439964489545,0.40677590628055615,1.1661903789690602,0.8218676755498716,131.8435069444444,0.0,23,5.0,0.175,0.8571428571428571,17.0
0,PAA-NSGA-II,0,0.540715246016107,0.4075797382526514,1.42828568570857,0.8332894768347131,3.170666802022086,0.06240411542989514,0.540715246016107,0.4075797382526514,1.42828568570857,0.8332894768347131,314.4544409722222,0.0,19,7.0,0.15,0.6666666666666666,60.0
0,PAA-NSGA-II,1,0.5288057187741001,0.40196132800580264,1.4966629547095767,0.8802452559809792,2.504113892355943,0.06224646629008797,0.5288057187741001,0.40196132800580264,1.4966629547095767,0.8802452559809792,182.16102777777778,0.0,20,7.0,0.15,0.6666666666666666,60.0
0,PAA-NSGA-II,2,0.558025086975254,0.4059117103014838,1.5748015748023623,0.8091266694984659,3.0001337013849025,0.05363741612264394,0.558025086975254,0.4059117103014838,1.5748015748023623,0.8091266694984659,252.11191666666664,0.0,18,7.0,0.125,0.8,60.0
0,PAA-NSGA-II,3,0.5611933038807615,0.3934905323328386,1.5099668870541503,0.8945547674675958,2.825183861932092,0.07399553641962907,0.5611933038807615,0.3934905323328386,1.5099668870541503,0.8945547674675958,216.97620486111109,0.0,17,6.0,0.2,0.75,60.0
0,PAA-NSGA-II,4,0.5265741493485903,0.4400420202612487,1.148912529307606,0.8045893433827842,3.20120219213727,0.06977231292452366,0.5265741493485903,0.4400420202612487,1.148912529307606,0.8045893433827842,372.06171875,0.0,24,5.0,0.15,0.6666666666666666,60.0
0,PAA-NSGA-II,5,0.5994808915002732,0.4006411939743308,1.4696938456699071,0.7639303663498012,2.944191926855102,0.06806185623480625,0.5994808915002732,0.4006411939743308,1.4696938456699071,0.7639303663498012,214.18998958333333,0.0,18,6.0,0.125,0.8,60.0
0,PAA-NSGA-II,6,0.5254434710352465,0.4555129992870962,1.2000000000000002,0.8782685823719086,3.0007877730106687,0.06990693988560466,0.5254434710352465,0.4555129992870962,1.2000000000000002,0.8782685823719086,252.46516319444444,0.0,23,5.0,0.15,0.6666666666666666,60.0
0,PAA-NSGA-II,7,0.555081345164864,0.4118452660088914,1.4832396974191326,0.7876496839951774,3.1317725155422114,0.06220678404725022,0.555081345164864,0.4118452660088914,1.4832396974191326,0.7876496839951774,250.99897569444437,0.0,20,7.0,0.1,0.75,60.0
0,PAA-NSGA-II,8,0.5500823050757487,0.4561233072499709,1.2328828005937953,0.8830197281604952,3.031300497972862,0.06662528677430159,0.5500823050757487,0.4561233072499709,1.2328828005937953,0.8830197281604952,218.4288368055555,0.0,21,5.0,0.175,0.7142857142857143,60.0
0,PAA-NSGA-II,9,0.5440988099551067,0.3800896635104253,1.5874507866387544,0.8522375303401564,2.7007420504042527,0.06457874277735601,0.5440988099551067,0.3800896635104253,1.5874507866387544,0.8522375303401564,262.33085416666665,0.0,19,9.0,0.1,0.5,60.0
0,PAA-NSGA-II,10,0.536848597598448,0.4412195858534603,1.2806248474865698,0.6266701549611572,2.1848982912868173,0.06533762763545642,0.536848597598448,0.4412195858534603,1.2806248474865698,0.6266701549611572,146.20260763888888,0.0,22,7.0,0.125,0.8,60.0
0,PAA-NSGA-II,11,0.5414311736405575,0.3977460502059982,1.4966629547095767,0.910368140872745,2.3625946226366126,0.0711763021030621,0.5414311736405575,0.3977460502059982,1.4966629547095767,0.910368140872745,164.49121874999997,0.0,19,7.0,0.1,0.75,60.0
0,PAA-NSGA-II,12,0.5456600877761764,0.37484745123306656,1.4000000000000001,0.6377199988308502,2.7605043559852533,0.06399846647049105,0.5456600877761764,0.37484745123306656,1.4000000000000001,0.6377199988308502,216.13213541666664,0.0,22,7.0,0.1,0.5,60.0
0,PAA-NSGA-II,13,0.549524451567344,0.4271057578738075,1.2489995996796799,0.790252465746273,3.048198993808116,0.07138106053616453,0.549524451567344,0.4271057578738075,1.2489995996796799,0.790252465746273,305.2765416666667,0.0,22,5.0,0.15,0.5,60.0
0,PAA-NSGA-II,14,0.551853488725454,0.43070100849346105,1.4282856857085702,0.9238255926532801,2.883644056719775,0.06525146931677143,0.551853488725454,0.43070100849346105,1.4282856857085702,0.9238255926532801,217.14518402777776,0.0,19,7.0,0.15,0.8333333333333334,60.0
0,PAA-NSGA-II,15,0.5398799756537651,0.41026594255853166,1.4560219778561039,0.8868143376052953,2.8974870393050383,0.0661874173790077,0.5398799756537651,0.41026594255853166,1.4560219778561039,0.8868143376052953,394.7815451388889,0.0,19,7.0,0.125,0.6,60.0
0,PAA-NSGA-II,16,0.521830175522479,0.4491742726043196,1.3564659966250538,0.8840217172356857,2.6058374436454876,0.06564029399537687,0.521830175522479,0.4491742726043196,1.3564659966250538,0.8840217172356857,181.28305902777774,0.0,20,6.0,0.15,0.6666666666666666,60.0
0,PAA-NSGA-II,17,0.559004273013056,0.4151915773233659,1.385640646055102,0.8617016717638147,2.8863369813052806,0.06963346512594945,0.559004273013056,0.4151915773233659,1.385640646055102,0.8617016717638147,280.2358437499999,0.0,21,6.0,0.15,0.6666666666666666,60.0
0,PAA-NSGA-II,18,0.5198157892595092,0.46423408410929456,1.1135528725660044,0.6377601776028508,1.8668869621954685,0.06980168597436383,0.5198157892595092,0.46423408410929456,1.1135528725660044,0.6377601776028508,139.0278229166666,0.0,24,5.0,0.1,0.25,60.0
0,PAA-NSGA-II,19,0.5417688244110941,0.4373211738220594,1.341640786499874,0.9027828134085825,2.8099429289169913,0.07386256074410637,0.5417688244110941,0.4373211738220594,1.341640786499874,0.9027828134085825,200.5925347222222,0.0,20,6.0,0.15,0.6666666666666666,60.0
0,PAA-NSGA-II,20,0.5116108257405407,0.4262270427127177,1.2165525060596443,0.7907880878599242,2.782385338060554,0.06337270396286163,0.5116108257405407,0.4262270427127177,1.2165525060596443,0.7907880878599242,296.2253472222222,0.0,22,5.0,0.05,0.5,60.0
0,PAA-NSGA-II,21,0.5651681029115411,0.4094571608413771,1.4282856857085702,0.7688696611135193,2.7248663576678114,0.0649160252542907,0.5651681029115411,0.4094571608413771,1.4282856857085702,0.7688696611135193,181.26787847222218,0.0,20,6.0,0.175,0.7142857142857143,60.0
0,PAA-NSGA-II,22,0.5393973713878766,0.40190750810287224,1.385640646055102,0.6578619687085914,2.6438718304995006,0.060039058337646375,0.5393973713878766,0.40190750810287224,1.385640646055102,0.6578619687085914,262.39727430555547,0.0,21,7.0,0.05,0.5,60.0
0,PAA-NSGA-II,23,0.5484730087763288,0.3977772128488825,1.6,0.8839166928009566,2.971372824728482,0.05258496372419308,0.5484730087763288,0.3977772128488825,1.6,0.8839166928009566,298.3033680555555,0.0,19,8.0,0.225,0.6666666666666666,60.0
0,PAA-NSGA-II,24,0.5164303750997633,0.4242729684084853,1.2961481396815722,0.8703214239595164,2.6675716716124422,0.06760880629808652,0.5164303750997633,0.4242729684084853,1.2961481396815722,0.8703214239595164,217.76018402777777,0.0,22,6.0,0.125,0.6,60.0
0,PAA-NSGA-II,25,0.5469622418032045,0.41101890084573955,1.4422205101855958,0.6466832890689593,2.178727983372796,0.06806383217875069,0.5469622418032045,0.41101890084573955,1.4422205101855958,0.6466832890689593,222.79595486111106,0.0,20,7.0,0.05,0.5,60.0
0,PAA-NSGA-II,26,0.5569800151847798,0.4274633306318895,1.4000000000000001,0.9261945853525424,2.9229261454602815,0.07012564715634505,0.5569800151847798,0.4274633306318895,1.4000000000000001,0.9261945853525424,201.32737500000002,0.0,19,6.0,0.125,0.6,60.0
0,PAA-NSGA-II,27,0.5059612776333168,0.44178029611309694,1.077032961426901,0.6589130809663116,2.475663924441791,0.06013853227262089,0.5059612776333168,0.44178029611309694,1.077032961426901,0.6589130809663116,181.26792013888888,0.0,25,5.0,0.05,1.0,60.0
0,PAA-NSGA-II,28,0.5596630032599925,0.4333822253119687,1.3564659966250538,0.8685575961319891,2.7548041777445826,0.07041839804800092,0.5596630032599925,0.4333822253119687,1.3564659966250538,0.8685575961319891,217.07371874999998,0.0,20,7.0,0.15,0.6666666666666666,60.0
0,PAA-NSGA-II,29,0.5266726387976052,0.4111522456737225,1.385640646055102,0.9301763330638375,2.6709803531129666,0.07453389534269786,0.5266726387976052,0.4111522456737225,1.385640646055102,0.9301763330638375,201.70028125,0.0,20,7.0,0.15,0.6666666666666666,60.0
0,PAA-noPriority,0,0.4919394756969546,0.5213207000633538,0.848528137423857,0.6974288710373443,2.869237283867636,0.04992059932932487,0.4919394756969546,0.5213207000633538,0.848528137423857,0.6974288710373443,202.41481944444442,0.0,29,3.0,0.1,0.5,60.0
0,PAA-noPriority,1,0.5192812514547965,0.462588701689873,1.0954451150103324,0.7730008566570085,3.1586920715817963,0.06387344101780475,0.5192812514547965,0.462588701689873,1.0954451150103324,0.7730008566570085,344.417704861111,0.0,24,5.0,0.125,0.4,60.0
0,PAA-noPriority,2,0.5059026674432111,0.4726541003042068,0.9591663046625439,0.7783989744118976,2.6867108440578287,0.07741067213918242,0.5059026674432111,0.4726541003042068,0.9591663046625439,0.7783989744118976,185.57377083333333,0.0,26,4.0,0.1,0.5,60.0
0,PAA-noPriority,3,0.5313863932007225,0.4454922350583598,1.148912529307606,0.7323539863771098,2.3591116647924775,0.07250609989699107,0.5313863932007225,0.4454922350583598,1.148912529307606,0.7323539863771098,252.798875,0.0,24,6.0,0.075,1.0,60.0
0,PAA-noPriority,4,0.571494946021663,0.39389514937413816,1.4422205101855958,0.6247795530635776,2.4147943911479572,0.06089877229204537,0.571494946021663,0.39389514937413816,1.4422205101855958,0.6247795530635776,164.36743055555553,0.0,19,6.0,0.125,0.6,60.0
0,PAA-noPriority,5,0.5631576824089433,0.37869044939579644,1.2165525060596438,0.549570463764594,2.5683035814035904,0.058098053289535975,0.5631576824089433,0.37869044939579644,1.2165525060596438,0.549570463764594,330.75440624999993,0.0,23,6.0,0.075,0.6666666666666666,60.0
0,PAA-noPriority,6,0.5498800721480608,0.4217439503367082,1.5874507866387546,0.8099947718425122,2.1248356219954934,0.06500970114737284,0.5498800721480608,0.4217439503367082,1.5874507866387546,0.8099947718425122,127.03424305555555,0.0,18,8.0,0.1,1.0,60.0
0,PAA-noPriority,7,0.5170454553666047,0.4631508525790354,1.3416407864998738,0.7705573815962643,2.5832107196182985,0.061710816312136936,0.5170454553666047,0.4631508525790354,1.3416407864998738,0.7705573815962643,315.9976770833333,0.0,24,6.0,0.075,0.3333333333333333,60.0
0,PAA-noPriority,8,0.5115650316086895,0.47586478173050767,0.916515138991168,0.7047149953119266,2.4677205068503256,0.08256524266273858,0.5115650316086895,0.47586478173050767,0.916515138991168,0.7047149953119266,201.00199652777778,0.0,28,4.0,0.075,0.6666666666666666,60.0
0,PAA-noPriority,9,0.5149743495827502,0.5164310991775999,1.0,0.6480229370786048,3.0622364618077436,0.04743833640121651,0.5149743495827502,0.5164310991775999,1.0,0.6480229370786048,371.5596944444444,0.0,24,4.0,0.075,0.6666666666666666,60.0
0,PAA-noPriority,10,0.5134003744117924,0.47322865915999923,1.2961481396815722,0.7015923755736196,1.9640392007070537,0.07158899526623484,0.5134003744117924,0.47322865915999923,1.2961481396815722,0.7015923755736196,128.64782291666666,0.0,21,6.0,0.075,0.0,60.0
0,PAA-noPriority,11,0.554359223113874,0.4094714099603311,1.4422205101855958,0.6700762918296553,2.063538685149653,0.06873111256532613,0.554359223113874,0.4094714099603311,1.4422205101855958,0.6700762918296553,205.29784374999994,0.0,19,7.0,0.05,1.0,60.0
0,PAA-noPriority,12,0.5412372609724816,0.43782876965263273,1.0392304845413265,0.7361595265764387,3.6335574629065532,0.051180612898323784,0.5412372609724816,0.43782876965263273,1.0392304845413265,0.7361595265764387,442.50278124999994,0.0,24,4.0,0.1,0.5,60.0
0,PAA-noPriority,13,0.54088908526714,0.45954781473522816,1.1661903789690602,0.6654892023581535,3.134198448473914,0.052134402584056085,0.54088908526714,0.45954781473522816,1.1661903789690602,0.6654892023581535,403.0492430555555,0.0,22,5.0,0.025,1.0,60.0
0,PAA-noPriority,14,0.4824529741115189,0.46675108800808307,1.0392304845413265,0.6675911785081914,2.560707091325998,0.06268157872171208,0.4824529741115189,0.46675108800808307,1.0392304845413265,0.6675911785081914,214.62930208333336,0.0,26,5.0,0.1,0.75,60.0
0,PAA-noPriority,15,0.5217016626333493,0.42103728544848096,1.1489125293076057,0.6408318436715879,2.610240604739948,0.06207666295589195,0.5217016626333493,0.42103728544848096,1.1489125293076057,0.6408318436715879,244.12309722222216,0.0,23,6.0,0.1,0.75,60.0
0,PAA-noPriority,16,0.5021500354286609,0.4726077877828727,1.131370849898476,0.6483190963615784,2.474951282910072,0.06352649966469404,0.5021500354286609,0.4726077877828727,1.131370849898476,0.6483190963615784,235.57583333333338,0.0,24,5.0,0.025,1.0,60.0
0,PAA-noPriority,17,0.5181965828742207,0.4271404366298954,1.2489995996796797,0.7271377791229217,2.8431170982506146,0.06701450437193776,0.5181965828742207,0.4271404366298954,1.2489995996796797,0.7271377791229217,254.7148402777778,0.0,23,6.0,0.175,0.5714285714285714,60.0
0,PAA-noPriority,18,0.5284200051542636,0.42360768538603716,1.2000000000000002,0.842852478226194,3.124511529514331,0.06717850558648877,0.5284200051542636,0.42360768538603716,1.2000000000000002,0.842852478226194,288.4651006944444,0.0,24,6.0,0.125,0.6,60.0
0,PAA-noPriority,19,0.4917484142056997,0.47608066776280716,1.0392304845413265,0.8642084931182094,2.746745417955236,0.07446511423403201,0.4917484142056997,0.47608066776280716,1.0392304845413265,0.8642084931182094,168.22947569444443,0.0,23,4.0,0.1,0.75,60.0
0,PAA-noPriority,20,0.5445658008506082,0.41956468069373115,1.1832159566199234,0.5521134865027816,3.088312334791882,0.05552923133139019,0.5445658008506082,0.41956468069373115,1.1832159566199234,0.5521134865027816,312.21020486111104,0.0,23,5.0,0.075,0.6666666666666666,60.0
0,PAA-noPriority,21,0.5717590894025892,0.40225769743672435,1.2961481396815722,0.6480737212074978,2.0846960933535366,0.07243633506474435,0.5717590894025892,0.40225769743672435,1.2961481396815722,0.6480737212074978,129.6624826388889,0.0,23,6.0,0.075,0.6666666666666666,60.0
0,PAA-noPriority,22,0.5389512487695922,0.42412306772327285,1.469693845669907,0.7014556763775628,1.8255580315827877,0.08096171253267374,0.5389512487695922,0.42412306772327285,1.469693845669907,0.7014556763775628,61.98464583333333,0.0,20,7.0,0.1,0.75,60.0
0,PAA-noPriority,23,0.5125055273571167,0.4553609472277948,1.0583005244258363,0.710396979916224,3.0705689735873123,0.06327181530475447,0.5125055273571167,0.4553609472277948,1.0583005244258363,0.710396979916224,335.7732673611111,0.0,24,5.0,0.1,1.0,60.0
0,PAA-noPriority,24,0.5447858819157487,0.4037715726129445,1.2165525060596438,0.8332325734204783,3.034969856076439,0.07673454518030917,0.5447858819157487,0.4037715726129445,1.2165525060596438,0.8332325734204783,315.0292291666666,0.0,23,5.0,0.175,0.42857142857142855,60.0
0,PAA-noPriority,25,0.5266618185267384,0.4273545981214972,1.1832159566199234,0.6120667071953312,2.150873077462878,0.06402926227313833,0.5266618185267384,0.4273545981214972,1.1832159566199234,0.6120667071953312,205.39676736111105,0.0,21,5.0,0.05,1.0,60.0
0,PAA-noPriority,26,0.5277051182648591,0.45252084037003293,1.1832159566199234,0.6089296726072481,2.578884690861327,0.05782756824916753,0.5277051182648591,0.45252084037003293,1.1832159566199234,0.6089296726072481,215.2098784722222,0.0,22,5.0,0.025,1.0,60.0
0,PAA-noPriority,27,0.5519853692846335,0.4255696032725515,1.1832159566199234,0.806525857884715,3.6776519007267523,0.060238422709123184,0.5519853692846335,0.4255696032725515,1.1832159566199234,0.806525857884715,397.5443784722223,0.0,24,6.0,0.125,0.6,60.0
0,PAA-noPriority,28,0.4953104137576216,0.46281287490046275,1.2328828005937953,0.6536902548746021,1.606124227431144,0.07140442314480423,0.4953104137576216,0.46281287490046275,1.2328828005937953,0.6536902548746021,164.8576041666667,0.0,23,6.0,0.1,0.5,60.0
0,PAA-noPriority,29,0.5848033536351837,0.3855645824765167,1.2000000000000002,0.6229725294270866,3.186204348294711,0.06742383067912941,0.5848033536351837,0.3855645824765167,1.2000000000000002,0.6229725294270866,315.66290625,0.0,20,5.0,0.025,1.0,60.0
0,PAA-noAdaptive,0,0.5474001507020307,0.4192799905196246,1.4282856857085702,0.6581707759869798,2.2539472770813553,0.07181298939363369,0.5474001507020307,0.4192799905196246,1.4282856857085702,0.6581707759869798,143.44677430555552,0.0,22,7.0,0.175,0.7142857142857143,60.0
0,PAA-noAdaptive,1,0.5443748381820561,0.3977402134537763,1.2649110640673518,0.6644915625823311,2.7419844965870603,0.07247720706660783,0.5443748381820561,0.3977402134537763,1.2649110640673518,0.6644915625823311,303.68744097222225,0.0,20,5.0,0.175,0.7142857142857143,60.0
0,PAA-noAdaptive,2,0.5474780074230765,0.43338619887418056,1.296148139681572,0.7227671593793041,2.3095752006746144,0.0754694212813031,0.5474780074230765,0.43338619887418056,1.296148139681572,0.7227671593793041,147.72284374999998,0.0,22,6.0,0.05,0.0,60.0
0,PAA-noAdaptive,3,0.5164751910402205,0.4321605197939113,1.2328828005937955,0.6955219245584464,2.132140070720909,0.06280486139162961,0.5164751910402205,0.4321605197939113,1.2328828005937955,0.6955219245584464,126.56463888888887,0.0,24,7.0,0.125,0.8,60.0
0,PAA-noAdaptive,4,0.5420755052457091,0.4210763356616954,1.2649110640673518,0.6852097929278728,2.42020890123955,0.06565756830571841,0.5420755052457091,0.4210763356616954,1.2649110640673518,0.6852097929278728,178.69072569444444,0.0,19,5.0,0.075,0.6666666666666666,60.0
0,PAA-noAdaptive,5,0.5820740723452325,0.3791759592592999,1.7204650534085253,0.8704338222888619,2.8641858641821,0.060004686216477185,0.5820740723452325,0.3791759592592999,1.7204650534085253,0.8704338222888619,233.73944791666662,0.0,16,8.0,0.15,0.6666666666666666,60.0
0,PAA-noAdaptive,6,0.5460821485525174,0.43060535294980234,1.4000000000000001,0.7775185844870418,2.592481046767003,0.0671747892646807,0.5460821485525174,0.43060535294980234,1.4000000000000001,0.7775185844870418,200.5043576388889,0.0,19,6.0,0.175,0.7142857142857143,60.0
0,PAA-noAdaptive,7,0.5328359730635013,0.4335174280528669,1.385640646055102,0.66153074061579,1.8110733234777467,0.05743169286598436,0.5328359730635013,0.4335174280528669,1.385640646055102,0.66153074061579,107.7049548611111,0.0,20,7.0,0.075,1.0,60.0
0,PAA-noAdaptive,8,0.5817554594490819,0.3831562520041767,1.5231546211727818,0.8929400861645196,2.773830210390595,0.07303420391475522,0.5817554594490819,0.3831562520041767,1.5231546211727818,0.8929400861645196,216.34499999999997,0.0,17,6.0,0.125,0.6,60.0
0,PAA-noAdaptive,9,0.5160744309053126,0.4260374010222753,1.2328828005937953,0.6864199762166933,2.42455591565614,0.0628317273386024,0.5160744309053126,0.4260374010222753,1.2328828005937953,0.6864199762166933,164.33733680555554,0.0,22,6.0,0.15,0.6666666666666666,60.0
0,PAA-noAdaptive,10,0.532921795849884,0.41922485641158663,1.4422205101855958,0.7841691122350024,2.30416986298476,0.0746877329195274,0.532921795849884,0.41922485641158663,1.4422205101855958,0.7841691122350024,196.31191319444443,0.0,21,8.0,0.075,1.0,60.0
0,PAA-noAdaptive,11,0.5060194093953182,0.41412922626740895,1.371130920080209,0.8989998919055988,2.5824618696993418,0.07101628532420759,0.5060194093953182,0.41412922626740895,1.371130920080209,0.8989998919055988,182.82170138888887,0.0,19,7.0,0.15,0.6666666666666666,60.0
0,PAA-noAdaptive,12,0.57084531599392,0.4107594725621294,1.523154621172782,0.7185771291251255,2.1993156783930177,0.07665441163422819,0.57084531599392,0.4107594725621294,1.523154621172782,0.7185771291251255,159.20659374999997,0.0,18,7.0,0.15,0.8333333333333334,60.0
0,PAA-noAdaptive,13,0.5755741955732124,0.3906890914291876,1.6,0.8717395372405576,2.7738714675963663,0.08192843177532974,0.5755741955732124,0.3906890914291876,1.6,0.8717395372405576,216.13288888888889,0.0,18,7.0,0.15,0.6666666666666666,60.0
0,PAA-noAdaptive,14,0.5587873283298185,0.3743163863862689,1.649242250247064,0.8941713999230864,2.9066118865646744,0.06452854010399003,0.5587873283298185,0.3743163863862689,1.649242250247064,0.8941713999230864,250.4891909722222,0.0,16,8.0,0.15,0.6666666666666666,60.0
0,PAA-noAdaptive,15,0.569157851786035,0.4063549586699461,1.2000000000000002,0.6370808146611141,2.536684535338165,0.07368442193840166,0.569157851786035,0.4063549586699461,1.2000000000000002,0.6370808146611141,179.61517013888886,0.0,24,5.0,0.025,0.0,60.0
0,PAA-noAdaptive,16,0.5678391122922661,0.4041009792371339,1.3856406460551018,0.8458220052065482,2.8173100130352324,0.07651800877757337,0.5678391122922661,0.4041009792371339,1.3856406460551018,0.8458220052065482,199.48537152777777,0.0,19,6.0,0.1,0.75,60.0
0,PAA-noAdaptive,17,0.5779105180678465,0.44926106305655383,1.4966629547095767,0.8661154050418617,2.6132182212702206,0.07549869401089751,0.5779105180678465,0.44926106305655383,1.4966629547095767,0.8661154050418617,182.13309027777774,0.0,19,7.0,0.175,0.7142857142857143,60.0
0,PAA-noAdaptive,18,0.5937262334219499,0.36413044742380835,1.7204650534085253,0.9119614948139544,2.917618442831348,0.0632056369076873,0.5937262334219499,0.36413044742380835,1.7204650534085253,0.9119614948139544,251.8803125,0.0,15,8.0,0.15,0.6666666666666666,60.0
0,PAA-noAdaptive,19,0.5664069679454039,0.42001090841947697,1.3114877048604001,0.7434308515128576,2.9980762661471863,0.0659951438781197,0.5664069679454039,0.42001090841947697,1.3114877048604001,0.7434308515128576,231.8397430555555,0.0,21,5.0,0.1,0.75,60.0
0,PAA-noAdaptive,20,0.5550105301471951,0.4219985179115766,1.4422205101855958,0.7979042648194905,2.7354336867712505,0.07169366022560382,0.5550105301471951,0.4219985179115766,1.4422205101855958,0.7979042648194905,233.66143402777774,0.0,20,7.0,0.125,0.6,60.0
0,PAA-noAdaptive,21,0.5699046446484276,0.3904980555457209,1.562049935181331,0.8874663252632319,2.7953333138059455,0.06813131843990268,0.5699046446484276,0.3904980555457209,1.562049935181331,0.8874663252632319,216.6365034722222,0.0,15,7.0,0.15,0.6666666666666666,60.0
0,PAA-noAdaptive,22,0.5568644841621755,0.4254207114727741,1.32664991614216,0.746733540591706,2.1347349048781297,0.07344603733685419,0.5568644841621755,0.4254207114727741,1.32664991614216,0.746733540591706,127.4868784722222,0.0,20,6.0,0.15,0.6666666666666666,60.0
0,PAA-noAdaptive,23,0.5325765008584444,0.4147238870899093,1.562049935181331,0.9285830860609845,2.785767069898454,0.060770877800912095,0.5325765008584444,0.4147238870899093,1.562049935181331,0.9285830860609845,200.16288194444442,0.0,17,8.0,0.15,0.6666666666666666,60.0
0,PAA-noAdaptive,24,0.536334994312354,0.4564521593082981,1.1832159566199234,0.7339249811262123,2.818915445037201,0.06727348806312711,0.536334994312354,0.4564521593082981,1.1832159566199234,0.7339249811262123,288.8066215277778,0.0,23,5.0,0.15,0.6666666666666666,60.0
0,PAA-noAdaptive,25,0.5314140251153905,0.4207669503076913,1.4422205101855958,0.8797930613205178,2.721136224972909,0.07340877086806909,0.5314140251153905,0.4207669503076913,1.4422205101855958,0.8797930613205178,233.6862673611111,0.0,20,6.0,0.1,0.5,60.0
0,PAA-noAdaptive,26,0.5660073242374837,0.4020670551105111,1.5491933384829668,0.6774113582304043,2.469194816135962,0.07343140675318066,0.5660073242374837,0.4020670551105111,1.5491933384829668,0.6774113582304043,242.27720833333328,0.0,19,7.0,0.075,0.6666666666666666,60.0
0,PAA-noAdaptive,27,0.5384875677650018,0.40995443158064937,1.2328828005937955,0.7245178757389014,2.551642121426794,0.07951280985730177,0.5384875677650018,0.40995443158064937,1.2328828005937955,0.7245178757389014,198.32472222222222,0.0,23,6.0,0.125,0.6,60.0
0,PAA-noAdaptive,28,0.5560635615736998,0.46401154531384003,1.2489995996796797,0.6959849420397213,1.9150249100686558,0.06779957860649068,0.5560635615736998,0.46401154531384003,1.2489995996796797,0.6959849420397213,161.13183680555557,0.0,23,6.0,0.05,1.0,60.0
0,PAA-noAdaptive,29,0.5529628137620721,0.40067170140114233,1.3114877048604003,0.7564687084890307,2.3523066231504304,0.07674135490359874,0.5529628137620721,0.40067170140114233,1.3114877048604003,0.7564687084890307,162.83886805555554,0.0,22,6.0,0.125,0.6,60.0
0,PAA-noSLAMut,0,0.5786616733247733,0.37433295792062965,1.562049935181331,0.8161337065139775,2.8590082609454157,0.06527926008521251,0.5786616733247733,0.37433295792062965,1.562049935181331,0.8161337065139775,217.62293402777777,0.0,16,7.0,0.175,0.7142857142857143,60.0
0,PAA-noSLAMut,1,0.5618083044194652,0.4157332617457614,1.4422205101855958,0.8836430513045294,2.598025548200526,0.07400064453514255,0.5618083044194652,0.4157332617457614,1.4422205101855958,0.8836430513045294,197.4790347222222,0.0,18,6.0,0.125,1.0,60.0
0,PAA-noSLAMut,2,0.5058766074345418,0.43467834172599795,1.4422205101855958,0.8226592697393539,2.1491257162421085,0.07647423512119056,0.5058766074345418,0.43467834172599795,1.4422205101855958,0.8226592697393539,146.23194444444442,0.0,19,7.0,0.175,0.5714285714285714,60.0
0,PAA-noSLAMut,3,0.5129630128135156,0.4592338585249548,1.2961481396815722,0.7737676149721716,1.9239208567428352,0.0733597821915547,0.5129630128135156,0.4592338585249548,1.2961481396815722,0.7737676149721716,112.04916319444442,0.0,20,6.0,0.125,0.6,60.0
0,PAA-noSLAMut,4,0.5263347549069383,0.41141696822204843,1.4422205101855958,0.9032378877144633,2.562602032320366,0.06572597001103136,0.5263347549069383,0.41141696822204843,1.4422205101855958,0.9032378877144633,166.04686805555556,0.0,21,7.0,0.15,0.8333333333333334,60.0
0,PAA-noSLAMut,5,0.503142687512877,0.4304736323921272,1.4422205101855958,0.8559614148556649,2.088928834878071,0.06911738756863484,0.503142687512877,0.4304736323921272,1.4422205101855958,0.8559614148556649,112.29627777777777,0.0,20,7.0,0.15,0.6666666666666666,60.0
0,PAA-noSLAMut,6,0.5391873736090057,0.42694856453011437,1.4142135623730951,0.9033086072320389,2.89800325820448,0.06681256606613523,0.5391873736090057,0.42694856453011437,1.4142135623730951,0.9033086072320389,217.8716736111111,0.0,18,6.0,0.15,0.8333333333333334,60.0
0,PAA-noSLAMut,7,0.5536139125932613,0.423557078521909,1.4422205101855958,0.8955129786917156,2.795295024153238,0.06748037783972274,0.5536139125932613,0.423557078521909,1.4422205101855958,0.8955129786917156,200.4548506944444,0.0,19,6.0,0.125,0.8,60.0
0,PAA-noSLAMut,8,0.5647186032530159,0.41252295303604747,1.4000000000000001,0.8842809039591109,3.247432605909412,0.06088237901689495,0.5647186032530159,0.41252295303604747,1.4000000000000001,0.8842809039591109,270.6867395833333,0.0,20,6.0,0.125,0.8,60.0
0,PAA-noSLAMut,9,0.4854153544549826,0.4694044325113511,1.131370849898476,0.6570016480572884,2.0566886307551435,0.0637723670971592,0.4854153544549826,0.4694044325113511,1.131370849898476,0.6570016480572884,111.86786458333331,0.0,23,5.0,0.1,0.75,60.0
0,PAA-noSLAMut,10,0.5380485516429452,0.43863739397173174,1.371130920080209,0.9008709322182732,3.006102875779535,0.05932038007346197,0.5380485516429452,0.43863739397173174,1.371130920080209,0.9008709322182732,235.5196736111111,0.0,20,7.0,0.1,0.75,60.0
0,PAA-noSLAMut,11,0.5575304672910818,0.42935016850514707,1.385640646055102,0.8585070033511493,2.7746151144270215,0.06915712738890752,0.5575304672910818,0.42935016850514707,1.385640646055102,0.8585070033511493,217.08508333333333,0.0,19,6.0,0.15,0.5,60.0
0,PAA-noSLAMut,12,0.5407582380349323,0.44309607910229054,1.341640786499874,0.8251282524566758,2.2942705719275205,0.06340667992235684,0.5407582380349323,0.44309607910229054,1.341640786499874,0.8251282524566758,129.62988888888887,0.0,19,6.0,0.1,0.75,60.0
0,PAA-noSLAMut,13,0.5402549680996827,0.416179064710691,1.2649110640673518,0.8872241607317342,2.8166908362145033,0.08323424383282298,0.5402549680996827,0.416179064710691,1.2649110640673518,0.8872241607317342,201.84368055555555,0.0,23,6.0,0.125,0.8,60.0
0,PAA-noSLAMut,14,0.5428124247993658,0.4177093657399708,1.536229149573722,0.9126875706217372,2.4932846968171867,0.06302335608673393,0.5428124247993658,0.4177093657399708,1.536229149573722,0.9126875706217372,165.81118055555552,0.0,19,7.0,0.15,0.5,60.0
0,PAA-noSLAMut,15,0.5381605835067365,0.42537294877439324,1.3416407864998738,0.8949110156448011,2.6179701198276506,0.07642136441094824,0.5381605835067365,0.42537294877439324,1.3416407864998738,0.8949110156448011,183.66117708333334,0.0,21,6.0,0.175,0.7142857142857143,60.0
0,PAA-noSLAMut,16,0.572428765324573,0.42444116790340997,1.4000000000000001,0.6732360201942256,2.215272045120184,0.07812243179964719,0.572428765324573,0.42444116790340997,1.4000000000000001,0.6732360201942256,143.64963541666663,0.0,20,7.0,0.075,1.0,60.0
0,PAA-noSLAMut,17,0.5027049309709687,0.4554390372900454,1.3564659966250538,0.9390151953467623,2.527732515840557,0.06804740333496813,0.5027049309709687,0.4554390372900454,1.3564659966250538,0.9390151953467623,166.186,0.0,18,6.0,0.125,0.8,60.0
0,PAA-noSLAMut,18,0.5279938585458763,0.41357341340289383,1.6613247725836149,0.9268413629546142,2.658491415201804,0.06100785741209561,0.5279938585458763,0.41357341340289383,1.6613247725836149,0.9268413629546142,184.3234097222222,0.0,15,8.0,0.125,0.6,60.0
0,PAA-noSLAMut,19,0.5078976447986796,0.43952189212659454,1.3564659966250536,0.6957613511445107,1.6759416274729335,0.07205181170007835,0.5078976447986796,0.43952189212659454,1.3564659966250536,0.6957613511445107,76.01014236111111,0.0,20,7.0,0.125,0.8,60.0
0,PAA-noSLAMut,20,0.5356049493787374,0.3867627231928234,1.6370705543744901,0.7195186365497152,2.0707235747788304,0.05793708557088532,0.5356049493787374,0.3867627231928234,1.6370705543744901,0.7195186365497152,143.59265624999998,0.0,16,7.0,0.125,0.6,60.0
0,PAA-noSLAMut,21,0.5129820062607153,0.44126473318069054,1.4,0.9078178220988521,2.2848331357508167,0.07202498212001975,0.5129820062607153,0.44126473318069054,1.4,0.9078178220988521,115.02693055555555,0.0,22,7.0,0.125,0.8,60.0
0,PAA-noSLAMut,22,0.5547713057215018,0.4158561017645148,1.3416407864998738,0.6615031347397846,2.7535794120714776,0.059876657521101,0.5547713057215018,0.4158561017645148,1.3416407864998738,0.6615031347397846,260.37404513888885,0.0,21,7.0,0.1,1.0,60.0
0,PAA-noSLAMut,23,0.5326882785117885,0.4461767641700076,1.2806248474865698,0.9182624788417486,2.6958003858992567,0.06834839307522793,0.5326882785117885,0.4461767641700076,1.2806248474865698,0.9182624788417486,201.66944791666668,0.0,22,6.0,0.15,0.6666666666666666,60.0
0,PAA-noSLAMut,24,0.555482982167203,0.38432031404728667,1.6,0.8496987259584525,2.355715579128569,0.06177654006836117,0.555482982167203,0.38432031404728667,1.6,0.8496987259584525,164.04810763888887,0.0,20,8.0,0.1,0.75,60.0
0,PAA-noSLAMut,25,0.5227533394082506,0.4265200000071375,1.3416407864998738,0.850276889005032,2.747855317493484,0.07516848753608052,0.5227533394082506,0.4265200000071375,1.3416407864998738,0.850276889005032,232.8245729166666,0.0,21,7.0,0.15,0.6666666666666666,60.0
0,PAA-noSLAMut,26,0.567212450223294,0.4237826245198364,1.32664991614216,0.6921339458252782,2.433851736998041,0.07618690434422037,0.567212450223294,0.4237826245198364,1.32664991614216,0.6921339458252782,161.33390624999998,0.0,20,6.0,0.075,1.0,60.0
0,PAA-noSLAMut,27,0.5484691907715629,0.4141838634415535,1.5874507866387546,0.8189799006741115,2.689027639519156,0.0636228566037187,0.5484691907715629,0.4141838634415535,1.5874507866387546,0.8189799006741115,199.79776388888885,0.0,17,7.0,0.15,0.5,60.0
0,PAA-noSLAMut,28,0.5412557738050949,0.4377197885276215,1.5099668870541503,0.9067593800647413,2.8036851521557296,0.053963169844465295,0.5412557738050949,0.4377197885276215,1.5099668870541503,0.9067593800647413,306.34026041666664,0.0,20,7.0,0.125,0.8,60.0
0,PAA-noSLAMut,29,0.5254602846708195,0.41423007834115977,1.4000000000000001,0.6893858332149267,2.073172317200542,0.06698956010609913,0.5254602846708195,0.41423007834115977,1.4000000000000001,0.6893858332149267,127.72864236111108,0.0,19,7.0,0.15,0.6666666666666666,60.0
1,Random,0,0.5348679662907252,0.37268377146703,0.938083151964686,0.3247751892564912,3.6185519110378666,,0.5348679662907252,0.37268377146703,0.938083151964686,0.3247751892564912,619.5665590277778,0.0,26,3.0,0.025,0.0,
1,RoundRobin,0,0.5219684745918771,0.38081699654950685,1.0392304845413265,0.32205236004607707,3.4604346523979985,,0.5219684745918771,0.38081699654950685,1.0392304845413265,0.32205236004607707,463.91979861111105,0.0,25,4.0,0.05,0.5,
1,FIFO,0,0.3559736594045822,0.42215562193301237,3.168595903550971,0.2224047272297709,3.549783097637241,,0.3559736594045822,0.42215562193301237,3.168595903550971,0.2224047272297709,792.1952083333334,0.0,4,16.0,0.025,0.0,
1,LeastLoaded,0,0.4649064087145792,0.40909711377894864,0.4898979485566356,0.36124028526842505,3.1824741650196415,,0.4649064087145792,0.40909711377894864,0.4898979485566356,0.36124028526842505,387.548625,0.0,38,2.0,0.0,,
1,GreedyBestOutcome,0,0.6575930880608851,0.3489717719601605,2.366431913239846,0.513819665601574,2.9885169196035912,,0.6575930880608851,0.3489717719601605,2.366431913239846,0.513819665601574,178.5052881944444,0.0,10,11.0,0.075,0.0,
1,StandardNSGA2,0,0.6318156331988053,0.2936024406323757,1.5231546211727816,0.6305577681656047,1.6114677996110724,0.09868233281884457,0.6318156331988053,0.2936024406323757,1.5231546211727816,0.6305577681656047,56.801184027777765,0.0,18,9.0,0.1,0.0,60.0
1,StandardNSGA2,1,0.612415193797154,0.33295062775425577,1.216552506059644,0.6074889579639258,2.234520865399601,0.09041281655252598,0.612415193797154,0.33295062775425577,1.216552506059644,0.6074889579639258,148.0733993055556,0.0,23,5.0,0.2,0.125,60.0
1,StandardNSGA2,2,0.5790813162356115,0.30859715885002775,1.216552506059644,0.5916069722275512,2.2232882898382464,0.0902800093885556,0.5790813162356115,0.30859715885002775,1.216552506059644,0.5916069722275512,146.85718749999998,0.0,22,6.0,0.125,0.2,60.0
1,StandardNSGA2,3,0.5749321811585338,0.31385571050715794,1.0583005244258363,0.6060064257864736,2.331386637937225,0.09904708791109423,0.5749321811585338,0.31385571050715794,1.0583005244258363,0.6060064257864736,226.9328576388889,0.0,25,5.0,0.075,0.0,60.0
1,StandardNSGA2,4,0.6122262392841054,0.3686586365497043,0.938083151964686,0.6978122655477467,2.0638660376629967,0.09680604677328661,0.6122262392841054,0.3686586365497043,0.938083151964686,0.6978122655477467,92.35706944444443,0.0,24,3.0,0.05,0.0,60.0
1,StandardNSGA2,5,0.5849558434464204,0.32966697685369484,1.2165525060596438,0.5467989437804716,1.900193334659234,0.09601175957024091,0.5849558434464204,0.32966697685369484,1.2165525060596438,0.5467989437804716,185.45576736111104,0.0,20,5.0,0.075,0.0,60.0
1,StandardNSGA2,6,0.5619461144643815,0.36940790160785764,0.8944271909999161,0.6782695919890543,2.3657066226997356,0.10057040665233467,0.5619461144643815,0.36940790160785764,0.8944271909999161,0.6782695919890543,199.16964236111113,0.0,28,3.0,0.15,0.3333333333333333,60.0
1,StandardNSGA2,7,0.5861342755071547,0.31026503251133314,1.562049935181331,0.6047015308465798,1.9120001589327695,0.08432414416828501,0.5861342755071547,0.31026503251133314,1.562049935181331,0.6047015308465798,173.69397222222216,0.0,19,7.0,0.05,0.0,60.0
1,StandardNSGA2,8,0.580542321077401,0.3561133106457264,1.2,0.6611646219687295,1.8044961228224543,0.10360121847912021,0.580542321077401,0.3561133106457264,1.2,0.6611646219687295,94.78590972222223,0.0,21,5.0,0.05,0.0,60.0
1,StandardNSGA2,9,0.5137994571061377,0.33001773365393894,1.131370849898476,0.6915055887593949,2.356969890524194,0.08308029743883513,0.5137994571061377,0.33001773365393894,1.131370849898476,0.6915055887593949,168.0795625,0.0,23,4.0,0.15,0.0,60.0
1,StandardNSGA2,10,0.5954780400218542,0.3601414229718757,0.7745966692414834,0.5571026340298184,2.8017729700645044,0.08904348703378143,0.5954780400218542,0.3601414229718757,0.7745966692414834,0.5571026340298184,223.37577777777778,0.0,30,3.0,0.075,0.0,60.0
1,StandardNSGA2,11,0.6219236812042623,0.2950422506247536,1.1832159566199232,0.6142429821684848,2.82419297822766,0.09268463682861544,0.6219236812042623,0.2950422506247536,1.1832159566199232,0.6142429821684848,236.50602430555554,0.0,21,5.0,0.125,0.2,60.0
1,StandardNSGA2,12,0.5660126233074593,0.3244853882279835,0.9165151389911681,0.6138585611612786,3.3364514706060953,0.08468788838342528,0.5660126233074593,0.3244853882279835,0.9165151389911681,0.6138585611612786,443.42576041666655,0.0,27,3.0,0.1,0.25,60.0
1,StandardNSGA2,13,0.5983429978045691,0.32013783167134524,1.131370849898476,0.6594822664142963,2.097458268339591,0.08809300654872204,0.5983429978045691,0.32013783167134524,1.131370849898476,0.6594822664142963,111.83897222222222,0.0,22,5.0,0.15,0.3333333333333333,60.0
1,StandardNSGA2,14,0.5554228933847868,0.3322260207424078,1.2649110640673518,0.6958062090959893,1.9919057102552862,0.10278834436286398,0.5554228933847868,0.3322260207424078,1.2649110640673518,0.6958062090959893,192.39560763888886,0.0,22,6.0,0.05,0.0,60.0
1,StandardNSGA2,15,0.5908174947546978,0.3031729410063396,1.1313708498984762,0.4440885785867059,2.318795010813252,0.07772333810268221,0.5908174947546978,0.3031729410063396,1.1313708498984762,0.4440885785867059,212.37664930555556,0.0,23,5.0,0.05,0.5,60.0
1,StandardNSGA2,16,0.5678763320882778,0.3487387696767811,0.938083151964686,0.42358213617803936,2.6222997498033584,0.06858480254430493,0.5678763320882778,0.3487387696767811,0.938083151964686,0.42358213617803936,342.82156944444444,0.0,25,3.0,0.025,0.0,60.0
1,StandardNSGA2,17,0.5252862128551687,0.3269545609540307,1.3711309200802089,0.6338490436009734,1.9103110742826395,0.08687120844551827,0.5252862128551687,0.3269545609540307,1.3711309200802089,0.6338490436009734,156.54693055555555,0.0,24,7.0,0.075,0.3333333333333333,60.0
1,StandardNSGA2,18,0.5774676526108429,0.3309913554658503,1.216552506059644,0.7425401633547005,2.352461051025908,0.10813736174162632,0.5774676526108429,0.3309913554658503,1.216552506059644,0.7425401633547005,149.2316284722222,0.0,22,6.0,0.05,0.0,60.0
1,StandardNSGA2,19,0.6063195064329784,0.3338037140737898,0.8717797887081347,0.5415769903931652,3.2128433527989664,0.09031871079661821,0.6063195064329784,0.3338037140737898,0.8717797887081347,0.5415769903931652,317.7788055555555,0.0,26,3.0,0.075,0.3333333333333333,60.0
1,StandardNSGA2,20,0.5508050459131516,0.34127742385105675,1.2961481396815722,0.7196924043762273,1.5865153871949675,0.11069085284691672,0.5508050459131516,0.34127742385105675,1.2961481396815722,0.7196924043762273,57.92299652777776,0.0,23,6.0,0.125,0.2,60.0
1,StandardNSGA2,21,0.6196607672794665,0.2641928937427712,1.4142135623730951,0.6239072430722443,2.27709280076839,0.10143627277557346,0.6196607672794665,0.2641928937427712,1.4142135623730951,0.6239072430722443,208.0899027777777,0.0,20,8.0,0.125,0.2,60.0
1,StandardNSGA2,22,0.6145525266500833,0.2826598954807812,1.4,0.5415138810719606,2.356715461843683,0.0915352565140598,0.6145525266500833,0.2826598954807812,1.4,0.5415138810719606,211.20521875,0.0,19,7.0,0.1,0.0,60.0
1,StandardNSGA2,23,0.6048312734403759,0.3218340870280051,1.216552506059644,0.700769933616004,2.261564497459728,0.10831297978203294,0.6048312734403759,0.3218340870280051,1.216552506059644,0.700769933616004,149.13031944444447,0.0,22,6.0,0.125,0.2,60.0
1,StandardNSGA2,24,0.5514826768941024,0.3652127057804344,1.216552506059644,0.6754577941432452,2.100679836610803,0.08277569878013893,0.5514826768941024,0.3652127057804344,1.216552506059644,0.6754577941432452,148.1498576388889,0.0,20,4.0,0.05,0.5,60.0
1,StandardNSGA2,25,0.6248694770171542,0.3342799340173956,1.216552506059644,0.8019746896775926,2.3997073121749515,0.10599531407860109,0.6248694770171542,0.3342799340173956,1.216552506059644,0.8019746896775926,147.44205555555556,0.0,22,6.0,0.2,0.25,60.0
1,StandardNSGA2,26,0.6210817012674317,0.2892725669911783,1.469693845669907,0.6294577680682452,1.5965328014242015,0.0996465305446601,0.6210817012674317,0.2892725669911783,1.469693845669907,0.6294577680682452,103.11389930555552,0.0,20,8.0,0.125,0.0,60.0
1,StandardNSGA2,27,0.564285913527305,0.3345072417683296,1.2328828005937953,0.5472069813835743,1.7295434725536125,0.083715489806912,0.564285913527305,0.3345072417683296,1.2328828005937953,0.5472069813835743,189.70838888888886,0.0,21,6.0,0.1,0.25,60.0
1,StandardNSGA2,28,0.5471155122985303,0.32995628838073443,1.019803902718557,0.6643788196731777,3.230188114802426,0.07975406974533174,0.5471155122985303,0.32995628838073443,1.019803902718557,0.6643788196731777,466.51963541666663,0.0,26,4.0,0.125,0.2,60.0
1,StandardNSGA2,29,0.5235956555354863,0.3225700305689834,0.9591663046625439,0.5498729780853996,2.119941803010506,0.07946922253862707,0.5235956555354863,0.3225700305689834,0.9591663046625439,0.5498729780853996,226.3635034722222,0.0,25,4.0,0.05,0.0,60.0
1,NSGA3,0,0.6135073845240206,0.2922745527722612,1.0392304845413265,0.7761590461196478,2.6528272012006187,0.14166455033019965,0.6135073845240206,0.2922745527722612,1.0392304845413265,0.7761590461196478,350.6490243055556,0.0,24,5.0,0.125,0.0,18.0
1,NSGA3,1,0.6330678156986723,0.3143848691422482,1.2489995996796797,0.7219896800186174,1.5040426303095287,0.14446645693500298,0.6330678156986723,0.3143848691422482,1.2489995996796797,0.7219896800186174,58.077260416666675,0.0,22,7.0,0.075,0.0,19.0
1,NSGA3,2,0.6284854652622136,0.3072645028670234,1.2961481396815724,0.7677840518156213,2.167738120444402,0.13801934621926054,0.6284854652622136,0.3072645028670234,1.2961481396815724,0.7677840518156213,165.18453125000002,0.0,20,7.0,0.125,0.2,21.0
1,NSGA3,3,0.6298696860465467,0.29657289225183375,1.3564659966250538,0.7577691097945577,1.5545154182328687,0.13178156266953872,0.6298696860465467,0.29657289225183375,1.3564659966250538,0.7577691097945577,57.54900694444446,0.0,21,7.0,0.125,0.2,17.0
1,NSGA3,4,0.591798842280204,0.30240426746404986,1.0770329614269007,0.798425205354877,2.2146773066335634,0.14931568495440278,0.591798842280204,0.30240426746404986,1.0770329614269007,0.798425205354877,129.78681250000002,0.0,22,4.0,0.15,0.16666666666666666,24.0
1,NSGA3,5,0.6321894308139028,0.3214201112973796,1.2489995996796797,0.8135055259051811,1.9313130634087756,0.14697594698986088,0.6321894308139028,0.3214201112973796,1.2489995996796797,0.8135055259051811,110.68249652777777,0.0,21,6.0,0.1,0.25,19.0
1,NSGA3,6,0.6313987126071023,0.31310740397715214,1.4142135623730951,0.689344572575998,1.1426460945975152,0.13726230461871639,0.6313987126071023,0.31310740397715214,1.4142135623730951,0.689344572575998,4.2474791666666665,0.0,18,7.0,0.075,0.0,17.0
1,NSGA3,7,0.6191386480844543,0.33441908685817767,1.0392304845413265,0.8461539258373222,2.2785697134955023,0.14616334191104005,0.6191386480844543,0.33441908685817767,1.0392304845413265,0.8461539258373222,163.35913541666667,0.0,24,4.0,0.125,0.2,26.0
1,NSGA3,8,0.6358307092424142,0.3115143139724233,1.0392304845413265,0.7487052584951726,2.4323461681507785,0.1407666238048677,0.6358307092424142,0.3115143139724233,1.0392304845413265,0.7487052584951726,226.64818749999995,0.0,24,4.0,0.125,0.0,25.0
1,NSGA3,9,0.6244483716796634,0.324065791665626,1.2000000000000002,0.6767751235840954,1.4886476230143482,0.14497917439990254,0.6244483716796634,0.324065791665626,1.2000000000000002,0.6767751235840954,22.886795138888886,0.0,21,6.0,0.1,0.25,26.0
1,NSGA3,10,0.6261863205357763,0.32922913484241195,0.938083151964686,0.6737661520215197,1.754298189219324,0.13140208856524677,0.6261863205357763,0.32922913484241195,0.938083151964686,0.6737661520215197,92.63283333333334,0.0,27,3.0,0.125,0.2,21.0
1,NSGA3,11,0.6089310651383115,0.2949070238096055,1.1313708498984762,0.6958589938235815,1.474445600839082,0.14468482412982528,0.6089310651383115,0.2949070238096055,1.1313708498984762,0.6958589938235815,22.99442708333333,0.0,22,5.0,0.125,0.0,20.0
1,NSGA3,12,0.6208835102056611,0.2978461169029926,1.1661903789690602,0.6630231807619975,1.7452353121014,0.13985006542588968,0.6208835102056611,0.2978461169029926,1.1661903789690602,0.6630231807619975,59.127746527777774,0.0,23,6.0,0.125,0.0,17.0
1,NSGA3,13,0.6266990414936358,0.30496503485755333,1.2806248474865698,0.7766902650117571,1.6710236235921134,0.13687925919062616,0.6266990414936358,0.30496503485755333,1.2806248474865698,0.7766902650117571,74.64090625,0.0,20,6.0,0.175,0.0,21.0
1,NSGA3,14,0.6374599399523508,0.29000190884872884,1.5231546211727816,0.7727936659899155,1.8976333406257448,0.13998570612240577,0.6374599399523508,0.29000190884872884,1.5231546211727816,0.7727936659899155,162.3944965277778,0.0,19,9.0,0.075,0.0,20.0
1,NSGA3,15,0.6368756137023024,0.283384624241397,1.3416407864998738,0.6823883915380947,1.7350863653373423,0.137300460108629,0.6368756137023024,0.283384624241397,1.3416407864998738,0.6823883915380947,91.5549861111111,0.0,19,6.0,0.1,0.0,21.0
1,NSGA3,16,0.6257409053421381,0.3260934799401891,1.1135528725660044,0.6793874794519068,1.4540911662477964,0.14273943485026974,0.6257409053421381,0.3260934799401891,1.1135528725660044,0.6793874794519068,40.375,0.0,21,4.0,0.075,0.0,21.0
1,NSGA3,17,0.6282253518366536,0.3240715868352809,1.1661903789690602,0.8101093846696099,2.097887093251564,0.14070196845440266,0.6282253518366536,0.3240715868352809,1.1661903789690602,0.8101093846696099,163.20430208333332,0.0,23,5.0,0.075,0.0,19.0
1,NSGA3,18,0.6380354287073307,0.30232147795371817,1.2328828005937953,0.7034149975762484,1.646535639960519,0.1427877384245535,0.6380354287073307,0.30232147795371817,1.2328828005937953,0.7034149975762484,92.07415625,0.0,21,6.0,0.1,0.25,25.0
1,NSGA3,19,0.6166100183076333,0.31554571741027276,1.385640646055102,0.8071822284905853,2.043305985500926,0.1326157458321811,0.6166100183076333,0.31554571741027276,1.385640646055102,0.8071822284905853,111.76136111111114,0.0,20,7.0,0.1,0.0,25.0
1,NSGA3,20,0.6261583973429754,0.28391066058421915,1.1313708498984762,0.692279117906679,1.9248574483750382,0.13846404882990193,0.6261583973429754,0.28391066058421915,1.1313708498984762,0.692279117906679,111.16301041666665,0.0,23,5.0,0.1,0.0,20.0
1,NSGA3,21,0.6374969830302486,0.31072270313248884,1.2489995996796797,0.7180840124947937,1.4579784116425514,0.15575096521697968,0.6374969830302486,0.31072270313248884,1.2489995996796797,0.7180840124947937,38.85644097222222,0.0,21,6.0,0.075,0.0,24.0
1,NSGA3,22,0.601453140136203,0.31638561109568336,1.2000000000000002,0.7860719561379599,1.4287344064894671,0.1456077686423649,0.601453140136203,0.31638561109568336,1.2000000000000002,0.7860719561379599,56.63030208333333,0.0,23,6.0,0.1,0.0,17.0
1,NSGA3,23,0.6118329151202756,0.2935019482920317,1.077032961426901,0.7826133984449314,2.3451721528051146,0.14457376299275387,0.6118329151202756,0.2935019482920317,1.077032961426901,0.7826133984449314,180.686625,0.0,23,4.0,0.15,0.16666666666666666,25.0
1,NSGA3,24,0.635034797319731,0.33625417976685645,1.2649110640673518,0.7053986865785666,1.4478273411114793,0.14557697386109275,0.635034797319731,0.33625417976685645,1.2649110640673518,0.7053986865785666,57.91270138888889,0.0,22,5.0,0.075,0.0,17.0
1,NSGA3,25,0.6296783505048544,0.30268938128181805,1.2000000000000002,0.7579911565729758,1.9728414932980385,0.14133508454834176,0.6296783505048544,0.30268938128181805,1.2000000000000002,0.7579911565729758,112.16110416666668,0.0,21,6.0,0.15,0.16666666666666666,24.0
1,NSGA3,26,0.6227247283278933,0.28778231251166575,1.019803902718557,0.7129179206402754,2.204166906257045,0.13747301757878994,0.6227247283278933,0.28778231251166575,1.019803902718557,0.7129179206402754,163.81293402777777,0.0,23,3.0,0.075,0.0,21.0
1,NSGA3,27,0.6344878034532723,0.28821677249094774,1.0583005244258363,0.6794913195466535,2.179677435962224,0.1420266305403743,0.6344878034532723,0.28821677249094774,1.0583005244258363,0.6794913195466535,128.86745833333333,0.0,24,4.0,0.1,0.0,24.0
1,NSGA3,28,0.6169748826266482,0.29807679382450114,1.32664991614216,0.7751224310454932,1.7685776512456062,0.14745462745339893,0.6169748826266482,0.29807679382450114,1.32664991614216,0.7751224310454932,180.72189583333335,0.0,21,7.0,0.125,0.2,23.0
1,NSGA3,29,0.631103879241285,0.2822797001688074,1.2489995996796797,0.7101111088521419,2.167836017933952,0.14334622862418145,0.631103879241285,0.2822797001688074,1.2489995996796797,0.7101111088521419,147.06656597222224,0.0,22,6.0,0.125,0.0,26.0
1,PAA-NSGA-II,0,0.6193113826997595,0.277607198092875,1.3564659966250538,0.5963560134718567,2.0483366504939715,0.10398334593665631,0.6193113826997595,0.277607198092875,1.3564659966250538,0.5963560134718567,128.07150347222222,0.0,19,7.0,0.15,0.0,60.0
1,PAA-NSGA-II,1,0.6500479313693797,0.31079036578775454,1.4422205101855958,0.6951563895560988,2.713282317718968,0.09988258927551277,0.6500479313693797,0.31079036578775454,1.4422205101855958,0.6951563895560988,245.69911805555552,0.0,15,6.0,0.075,0.0,60.0
1,PAA-NSGA-II,2,0.6494525163865427,0.332812976098647,1.3564659966250538,0.68929706950023,2.468738340145305,0.09766224658275145,0.6494525163865427,0.332812976098647,1.3564659966250538,0.68929706950023,163.7446805555556,0.0,20,6.0,0.1,0.0,60.0
1,PAA-NSGA-II,3,0.5971970326322309,0.3192311326039752,1.7320508075688772,0.8354269303788261,1.9711804386687817,0.0986572215208537,0.5971970326322309,0.3192311326039752,1.7320508075688772,0.8354269303788261,95.8480590277778,0.0,16,10.0,0.175,0.14285714285714285,60.0
1,PAA-NSGA-II,4,0.6327627894124875,0.2972725554790948,1.4422205101855958,0.6629431845341738,2.2783111517886994,0.10684276956308927,0.6327627894124875,0.2972725554790948,1.4422205101855958,0.6629431845341738,148.0734513888889,0.0,18,7.0,0.1,0.0,60.0
1,PAA-NSGA-II,5,0.643624095934833,0.2925136863524407,1.4000000000000001,0.6593037360334699,2.856894924156883,0.10003959936302165,0.643624095934833,0.2925136863524407,1.4000000000000001,0.6593037360334699,306.56437152777767,0.0,16,5.0,0.15,0.16666666666666666,60.0
1,PAA-NSGA-II,6,0.6178883861546396,0.2930581879988591,1.32664991614216,0.7058596217878531,2.918762297154912,0.10247330478489895,0.6178883861546396,0.2930581879988591,1.32664991614216,0.7058596217878531,296.5415034722222,0.0,21,7.0,0.125,0.0,60.0
1,PAA-NSGA-II,7,0.641231668547405,0.3031342929155521,1.5874507866387546,0.7307842805147587,2.5570379766505984,0.11104804761056679,0.641231668547405,0.3031342929155521,1.5874507866387546,0.7307842805147587,227.0321493055555,0.0,17,8.0,0.1,0.0,60.0
1,PAA-NSGA-II,8,0.6401305283896672,0.29564665374412213,1.341640786499874,0.6900325603019706,2.6653833716521698,0.10336398703944466,0.6401305283896672,0.29564665374412213,1.341640786499874,0.6900325603019706,232.4585798611111,0.0,20,6.0,0.05,0.0,60.0
1,PAA-NSGA-II,9,0.6442824025249634,0.29827802650879925,1.4966629547095767,0.6859732068505927,2.4950070003545846,0.10062019972935762,0.6442824025249634,0.29827802650879925,1.4966629547095767,0.6859732068505927,148.37679166666666,0.0,17,6.0,0.075,0.0,60.0
1,PAA-NSGA-II,10,0.6474893890960887,0.29928165843251286,1.385640646055102,0.6790447784366712,2.4664983585692033,0.10738469108759519,0.6474893890960887,0.29928165843251286,1.385640646055102,0.6790447784366712,261.06615277777775,0.0,18,7.0,0.05,0.0,60.0
1,PAA-NSGA-II,11,0.5981156732502821,0.3199187433076229,1.3564659966250536,0.6709767783974551,1.950369961233718,0.10810946110898796,0.5981156732502821,0.3199187433076229,1.3564659966250536,0.6709767783974551,110.12048263888889,0.0,18,6.0,0.1,0.25,60.0
1,PAA-NSGA-II,12,0.6119244541235155,0.3077687729020753,1.3711309200802089,0.5779199006558253,2.1812494110709677,0.10442743386345416,0.6119244541235155,0.3077687729020753,1.3711309200802089,0.5779199006558253,205.34986458333327,0.0,19,6.0,0.075,0.0,60.0
1,PAA-NSGA-II,13,0.6293369292558657,0.301216683447392,1.61245154965971,0.7911724179581558,2.648202765933205,0.10500032227981464,0.6293369292558657,0.301216683447392,1.61245154965971,0.7911724179581558,182.46996180555556,0.0,15,8.0,0.1,0.25,60.0
1,PAA-NSGA-II,14,0.6315852282478244,0.3141221706948657,1.3856406460551018,0.6696399130197902,2.568181242044978,0.10778509257210757,0.6315852282478244,0.3141221706948657,1.3856406460551018,0.6696399130197902,196.30894791666668,0.0,19,7.0,0.1,0.0,60.0
1,PAA-NSGA-II,15,0.6492829510951064,0.28957108893789796,1.385640646055102,0.6867132540219618,3.129901228502557,0.09297498180881184,0.6492829510951064,0.28957108893789796,1.385640646055102,0.6867132540219618,411.45531597222214,0.0,18,6.0,0.1,0.0,60.0
1,PAA-NSGA-II,16,0.6448398636958615,0.3259077375895629,1.2489995996796797,0.6745540488318035,2.2200221214661457,0.10999250965701352,0.6448398636958615,0.3259077375895629,1.2489995996796797,0.6745540488318035,145.80910069444445,0.0,22,5.0,0.075,0.0,60.0
1,PAA-NSGA-II,17,0.6040219156913901,0.3028392168828688,1.42828568570857,0.5910108959065049,1.4360305297866376,0.1066932478046536,0.6040219156913901,0.3028392168828688,1.42828568570857,0.5910108959065049,117.80610763888883,0.0,17,6.0,0.1,0.25,60.0
1,PAA-NSGA-II,18,0.5751434043942051,0.32838098504252516,1.4832396974191326,0.5573949372092805,1.3140839601746408,0.10846175143378414,0.5751434043942051,0.32838098504252516,1.4832396974191326,0.5573949372092805,119.5609444444444,0.0,18,7.0,0.1,0.25,60.0
1,PAA-NSGA-II,19,0.6303112615306393,0.29274882507830013,1.50996688705415,0.7405358967873508,2.6418587895724626,0.10298963943640217,0.6303112615306393,0.29274882507830013,1.50996688705415,0.7405358967873508,246.09054166666664,0.0,18,9.0,0.075,0.0,60.0
1,PAA-NSGA-II,20,0.6313471732616109,0.29892615639578657,1.4832396974191329,0.7205148602001773,2.468229969477446,0.10572907954744815,0.6313471732616109,0.29892615639578657,1.4832396974191329,0.7205148602001773,181.71788541666666,0.0,16,7.0,0.125,0.4,60.0
1,PAA-NSGA-II,21,0.6240814562433001,0.29989497986114666,1.2961481396815722,0.6578926025348932,2.394151066196052,0.11089470070916921,0.6240814562433001,0.29989497986114666,1.2961481396815722,0.6578926025348932,230.5012569444445,0.0,20,5.0,0.15,0.0,60.0
1,PAA-NSGA-II,22,0.6261307705130997,0.2913947911933035,1.3564659966250538,0.704266172285205,2.434051577596887,0.11171447839764906,0.6261307705130997,0.2913947911933035,1.3564659966250538,0.704266172285205,287.31169444444436,0.0,21,8.0,0.05,0.0,60.0
1,PAA-NSGA-II,23,0.6005792301659572,0.31384523598038594,1.469693845669907,0.7669493504946704,2.3823757510634875,0.10628516693666794,0.6005792301659572,0.31384523598038594,1.469693845669907,0.7669493504946704,180.29155555555556,0.0,20,7.0,0.075,0.0,60.0
1,PAA-NSGA-II,24,0.5333406388705022,0.336388759080879,1.264911064067352,0.6183591750980947,1.7966531930049983,0.09560372068747476,0.5333406388705022,0.336388759080879,1.264911064067352,0.6183591750980947,76.89725000000001,0.0,21,6.0,0.1,0.5,60.0
1,PAA-NSGA-II,25,0.6166600178570297,0.30476707808287307,1.4422205101855958,0.7118838000233498,2.376918570773981,0.11327883533616005,0.6166600178570297,0.30476707808287307,1.4422205101855958,0.7118838000233498,261.29477083333325,0.0,20,9.0,0.125,0.0,60.0
1,PAA-NSGA-II,26,0.6478678111914397,0.30544774920647944,1.32664991614216,0.6905602284683561,2.7588411667352872,0.10964641463921461,0.6478678111914397,0.30544774920647944,1.32664991614216,0.6905602284683561,236.58327430555556,0.0,18,6.0,0.1,0.25,60.0
1,PAA-NSGA-II,27,0.5996074006605797,0.27849018438895207,1.523154621172782,0.659426873848696,1.702872731111939,0.11540949156066498,0.5996074006605797,0.27849018438895207,1.523154621172782,0.659426873848696,76.03792708333333,0.0,17,8.0,0.1,0.0,60.0
1,PAA-NSGA-II,28,0.6397558563292244,0.29174613738088234,1.5748015748023623,0.7155009933117344,2.3166237701107204,0.10124640178724546,0.6397558563292244,0.29174613738088234,1.5748015748023623,0.7155009933117344,227.1225972222222,0.0,19,9.0,0.125,0.2,60.0
1,PAA-NSGA-II,29,0.6147173927497213,0.2524677936916083,1.61245154965971,0.6813773662145977,2.195853906845507,0.10565780414854356,0.6147173927497213,0.2524677936916083,1.61245154965971,0.6813773662145977,224.14140972222216,0.0,15,8.0,0.125,0.2,60.0
1,PAA-noPriority,0,0.5618058666562937,0.2920361998741489,1.0954451150103321,0.563763292445872,2.9825362754443794,0.07154506708991222,0.5618058666562937,0.2920361998741489,1.0954451150103321,0.563763292445872,650.5533854166666,0.0,24,5.0,0.05,0.0,60.0
1,PAA-noPriority,1,0.5392842776140011,0.38118292347672333,1.2649110640673518,0.6440067670298448,1.7211805035299488,0.08643817748766754,0.5392842776140011,0.38118292347672333,1.2649110640673518,0.6440067670298448,60.145552083333335,0.0,21,6.0,0.125,0.4,60.0
1,PAA-noPriority,2,0.5017879086685003,0.33336322394335316,1.1832159566199234,0.674942517565607,2.1775824069365357,0.08972307597829154,0.5017879086685003,0.33336322394335316,1.1832159566199234,0.674942517565607,114.52035416666668,0.0,24,6.0,0.15,0.3333333333333333,60.0
1,PAA-noPriority,3,0.6211276811456881,0.330472625886996,1.0954451150103321,0.5241636075897365,2.4378222905972704,0.07112543514238862,0.6211276811456881,0.330472625886996,1.0954451150103321,0.5241636075897365,224.24124999999995,0.0,23,5.0,0.075,0.3333333333333333,60.0
1,PAA-noPriority,4,0.6096843903024342,0.2706186960183489,1.5362291495737217,0.5785046208354435,2.100695345391024,0.08251002998402424,0.6096843903024342,0.2706186960183489,1.5362291495737217,0.5785046208354435,225.15840624999993,0.0,20,9.0,0.15,0.5,60.0
1,PAA-noPriority,5,0.6237721165469999,0.317552655060268,1.2000000000000002,0.6308049424281214,3.6346329409403424,0.07775237011482496,0.6237721165469999,0.317552655060268,1.2000000000000002,0.6308049424281214,415.8226527777777,0.0,21,4.0,0.075,0.3333333333333333,60.0
1,PAA-noPriority,6,0.5923445566434544,0.2984437511008057,1.216552506059644,0.7087115867913931,3.1025945333071254,0.09013881204574302,0.5923445566434544,0.2984437511008057,1.216552506059644,0.7087115867913931,403.2948506944444,0.0,23,6.0,0.075,0.0,60.0
1,PAA-noPriority,7,0.6163378062640563,0.2972407046589403,1.4000000000000001,0.5122970067250792,1.4470043299881403,0.0942952524624531,0.6163378062640563,0.2972407046589403,1.4000000000000001,0.5122970067250792,136.06304513888884,0.0,21,7.0,0.05,0.0,60.0
1,PAA-noPriority,8,0.5702255746605651,0.2751308821864873,1.42828568570857,0.6111397512561254,2.1372211757258355,0.09123541429568363,0.5702255746605651,0.2751308821864873,1.42828568570857,0.6111397512561254,253.49897569444437,0.0,19,7.0,0.125,0.0,60.0
1,PAA-noPriority,9,0.6327035912971081,0.3234050775836851,0.9797958971132713,0.5336360772851076,3.1788845940317043,0.07956104206465599,0.6327035912971081,0.3234050775836851,0.9797958971132713,0.5336360772851076,273.26229861111113,0.0,24,4.0,0.05,0.0,60.0
1,PAA-noPriority,10,0.595582745013137,0.33259488457522535,1.1489125293076057,0.6837486612273881,2.740089197217966,0.09160978685286003,0.595582745013137,0.33259488457522535,1.1489125293076057,0.6837486612273881,184.00815277777775,0.0,22,5.0,0.1,0.25,60.0
1,PAA-noPriority,11,0.6085360931548863,0.299292838010934,1.2000000000000002,0.636444420988517,3.42373593857216,0.07462618907914588,0.6085360931548863,0.299292838010934,1.2000000000000002,0.636444420988517,527.633298611111,0.0,23,6.0,0.075,0.3333333333333333,60.0
1,PAA-noPriority,12,0.582272020767257,0.309117102210034,1.2165525060596438,0.5673321282142588,1.6863022530784277,0.09106664838076561,0.582272020767257,0.309117102210034,1.2165525060596438,0.5673321282142588,57.97927777777778,0.0,22,6.0,0.075,0.0,60.0
1,PAA-noPriority,13,0.5984838172284141,0.30089507547358546,1.3114877048604001,0.5100207684366913,1.8873923005002902,0.079289583207897,0.5984838172284141,0.30089507547358546,1.3114877048604001,0.5100207684366913,93.29479513888887,0.0,19,6.0,0.075,0.3333333333333333,60.0
1,PAA-noPriority,14,0.5926380510937409,0.3512503775965737,1.1489125293076057,0.7615876616311119,2.930343397524056,0.08505863354031443,0.5926380510937409,0.3512503775965737,1.1489125293076057,0.7615876616311119,308.0311250000001,0.0,21,4.0,0.125,0.0,60.0
1,PAA-noPriority,15,0.5757306861091649,0.29966190474632776,1.32664991614216,0.46525643122608606,2.671403451924266,0.06172258618327547,0.5757306861091649,0.29966190474632776,1.32664991614216,0.46525643122608606,324.26669097222214,0.0,18,6.0,0.1,0.5,60.0
1,PAA-noPriority,16,0.5752644480526797,0.36017092624772956,1.0392304845413265,0.7188078618756937,2.4986582514614786,0.089233498807987,0.5752644480526797,0.36017092624772956,1.0392304845413265,0.7188078618756937,262.6641041666667,0.0,24,4.0,0.125,0.2,60.0
1,PAA-noPriority,17,0.6353150470680617,0.31204868897797516,1.2328828005937953,0.6230894547613713,2.9226345374403158,0.08785814413606532,0.6353150470680617,0.31204868897797516,1.2328828005937953,0.6230894547613713,201.58135763888887,0.0,20,5.0,0.075,0.0,60.0
1,PAA-noPriority,18,0.5428692616115219,0.3186265482753595,1.0954451150103324,0.6106900124029188,2.276741577898364,0.0872860341187511,0.5428692616115219,0.3186265482753595,1.0954451150103324,0.6106900124029188,219.3390138888889,0.0,23,4.0,0.125,0.0,60.0
1,PAA-noPriority,19,0.6085069151415384,0.28464203270253174,1.3416407864998738,0.623040823425536,2.0558602052515402,0.08638143597271573,0.6085069151415384,0.28464203270253174,1.3416407864998738,0.623040823425536,129.07642708333333,0.0,20,7.0,0.1,0.0,60.0
1,PAA-noPriority,20,0.5981931581584791,0.3359563848992626,1.1661903789690602,0.5889877765118041,2.058207951021143,0.08696712636381494,0.5981931581584791,0.3359563848992626,1.1661903789690602,0.5889877765118041,77.27496180555555,0.0,19,4.0,0.075,0.0,60.0
1,PAA-noPriority,21,0.5809166070979138,0.36134993587146735,1.0392304845413265,0.7940662903431435,2.4009859184617164,0.10079244881756799,0.5809166070979138,0.36134993587146735,1.0392304845413265,0.7940662903431435,236.3203229166667,0.0,26,4.0,0.125,0.4,60.0
1,PAA-noPriority,22,0.6345949201814767,0.3071459492028706,1.3114877048604001,0.594711211483442,2.6924787788218065,0.08523455202115951,0.6345949201814767,0.3071459492028706,1.3114877048604001,0.594711211483442,183.54352083333333,0.0,19,6.0,0.05,0.0,60.0
1,PAA-noPriority,23,0.6026041689390433,0.3309028966185918,1.1661903789690602,0.6674639378963981,3.158476323284594,0.07693528443646216,0.6026041689390433,0.3309028966185918,1.1661903789690602,0.6674639378963981,354.6041041666666,0.0,26,6.0,0.1,0.0,60.0
1,PAA-noPriority,24,0.6193009925018147,0.30132193920594474,1.4282856857085702,0.537795809764092,2.500586773796731,0.06562471325470241,0.6193009925018147,0.30132193920594474,1.4282856857085702,0.537795809764092,253.8186770833332,0.0,18,6.0,0.1,0.25,60.0
1,PAA-noPriority,25,0.5653667272283738,0.2889495065602362,1.3416407864998738,0.47964543584425473,1.7730082106491978,0.07947624998737007,0.5653667272283738,0.2889495065602362,1.3416407864998738,0.47964543584425473,190.1706319444444,0.0,22,6.0,0.1,0.0,60.0
1,PAA-noPriority,26,0.5788653452346146,0.27327599443550576,1.469693845669907,0.5399994805269863,2.3148081949117443,0.06976094301708911,0.5788653452346146,0.27327599443550576,1.469693845669907,0.5399994805269863,164.6448159722222,0.0,17,6.0,0.075,0.0,60.0
1,PAA-noPriority,27,0.5968910185016615,0.33998723078050075,0.8246211251235321,0.6492888808288955,3.352045299509669,0.09189874511745857,0.5968910185016615,0.33998723078050075,0.8246211251235321,0.6492888808288955,433.40266319444436,0.0,28,3.0,0.05,0.0,60.0
1,PAA-noPriority,28,0.6382214461713686,0.31691784802427925,1.4422205101855958,0.6306067212387383,1.9253371593539448,0.0924215541150531,0.6382214461713686,0.31691784802427925,1.4422205101855958,0.6306067212387383,57.86116666666665,0.0,18,6.0,0.075,0.0,60.0
1,PAA-noPriority,29,0.6256926379279563,0.2966408553645684,1.2489995996796799,0.6964700648199147,2.459698535125311,0.10759418268234919,0.6256926379279563,0.2966408553645684,1.2489995996796799,0.6964700648199147,182.23350347222222,0.0,21,6.0,0.125,0.0,60.0
1,PAA-noAdaptive,0,0.608328934764537,0.3199049849016481,1.4966629547095767,0.773336017208422,3.253077232233732,0.08996384943825994,0.608328934764537,0.3199049849016481,1.4966629547095767,0.773336017208422,415.1305347222222,0.0,16,7.0,0.125,0.4,60.0
1,PAA-noAdaptive,1,0.5703142297810924,0.28288630055859987,1.2961481396815722,0.6451609396207404,2.8836749825784187,0.09695220225821069,0.5703142297810924,0.28288630055859987,1.2961481396815722,0.6451609396207404,410.3894444444444,0.0,20,7.0,0.075,0.0,60.0
1,PAA-noAdaptive,2,0.6459928943156505,0.3102509969509799,1.6,0.7626293206877552,2.4814578883779035,0.10164272951355613,0.6459928943156505,0.3102509969509799,1.6,0.7626293206877552,198.80636111111113,0.0,17,9.0,0.1,0.0,60.0
1,PAA-noAdaptive,3,0.5564184223086965,0.34562906555439293,1.2489995996796797,0.6667960106768003,1.496444212932545,0.11127867651053924,0.5564184223086965,0.34562906555439293,1.2489995996796797,0.6667960106768003,57.71897222222223,0.0,20,6.0,0.1,0.25,60.0
1,PAA-noAdaptive,4,0.6396181259028977,0.32218128138278157,1.3711309200802089,0.7918069501938482,2.859077860973348,0.10645169507244737,0.6396181259028977,0.32218128138278157,1.3711309200802089,0.7918069501938482,278.99706249999997,0.0,19,7.0,0.075,0.0,60.0
1,PAA-noAdaptive,5,0.6351975354120967,0.3108376428712523,1.3114877048604001,0.7066467077822368,2.5385199220751824,0.1038281139393672,0.6351975354120967,0.3108376428712523,1.3114877048604001,0.7066467077822368,215.27200347222225,0.0,22,7.0,0.1,0.0,60.0
1,PAA-noAdaptive,6,0.5667970325018535,0.31754677480500815,1.32664991614216,0.6150556653645358,1.835506028287226,0.08937737187596989,0.5667970325018535,0.31754677480500815,1.32664991614216,0.6150556653645358,110.53561458333334,0.0,23,8.0,0.1,0.0,60.0
1,PAA-noAdaptive,7,0.6380758700449111,0.3321976211973745,1.3416407864998738,0.7253491527145799,2.769271154407526,0.09803997776801679,0.6380758700449111,0.3321976211973745,1.3416407864998738,0.7253491527145799,182.92014930555558,0.0,19,6.0,0.1,0.0,60.0
1,PAA-noAdaptive,8,0.618460938755785,0.2781189533876147,1.4966629547095767,0.7682013435992147,2.5242839453332424,0.11305013850552237,0.618460938755785,0.2781189533876147,1.4966629547095767,0.7682013435992147,261.28954166666665,0.0,18,8.0,0.15,0.3333333333333333,60.0
1,PAA-noAdaptive,9,0.643211673823488,0.28765287132528644,1.5099668870541503,0.6850060624570784,3.041730321744695,0.08813784755015153,0.643211673823488,0.28765287132528644,1.5099668870541503,0.6850060624570784,359.1396666666666,0.0,19,8.0,0.1,0.0,60.0
1,PAA-noAdaptive,10,0.640619503416571,0.30355087313737183,1.2806248474865698,0.7790467966605057,3.024462122373136,0.11022895008267482,0.640619503416571,0.30355087313737183,1.2806248474865698,0.7790467966605057,349.90312152777767,0.0,19,5.0,0.075,0.0,60.0
1,PAA-noAdaptive,11,0.5389034637502271,0.31821476010040106,1.4832396974191326,0.6848844755924827,1.968116063796085,0.09516629233718935,0.5389034637502271,0.31821476010040106,1.4832396974191326,0.6848844755924827,129.46389583333334,0.0,22,9.0,0.125,0.0,60.0
1,PAA-noAdaptive,12,0.6381215260944642,0.325119464840693,1.6248076809271919,0.7607736378265149,2.3743355071538774,0.09256423176304147,0.6381215260944642,0.325119464840693,1.6248076809271919,0.7607736378265149,164.49822222222224,0.0,18,10.0,0.125,0.2,60.0
1,PAA-noAdaptive,13,0.6190015790307488,0.3077025305562876,1.385640646055102,0.7804378488175824,3.0362047474767393,0.10076971485774375,0.6190015790307488,0.3077025305562876,1.385640646055102,0.7804378488175824,386.3051423611111,0.0,19,6.0,0.125,0.4,60.0
1,PAA-noAdaptive,14,0.6111281649985087,0.30112120718709934,1.3114877048604001,0.6991300497473856,2.605805210708972,0.10616764738874315,0.6111281649985087,0.30112120718709934,1.3114877048604001,0.6991300497473856,244.76020486111105,0.0,20,7.0,0.1,0.0,60.0
1,PAA-noAdaptive,15,0.6329890526583295,0.2918984309668248,1.2165525060596443,0.7329802205111993,3.168805458079614,0.10558747964366404,0.6329890526583295,0.2918984309668248,1.2165525060596443,0.7329802205111993,500.2019131944444,0.0,22,6.0,0.075,0.0,60.0
1,PAA-noAdaptive,16,0.6352658066051812,0.3014715541266587,1.523154621172782,0.7369422238363386,1.9299683035288844,0.11751055387777253,0.6352658066051812,0.3014715541266587,1.523154621172782,0.7369422238363386,126.19865972222222,0.0,16,7.0,0.1,0.0,60.0
1,PAA-noAdaptive,17,0.6368577606957624,0.30532019079929407,1.3564659966250536,0.6415865271657358,2.2987145203334625,0.12267989378856486,0.6368577606957624,0.30532019079929407,1.3564659966250536,0.6415865271657358,128.9556875,0.0,22,8.0,0.05,0.0,60.0
1,PAA-noAdaptive,18,0.6478319043834667,0.3126589625088848,1.2489995996796799,0.7001463346038671,2.9298677410424236,0.09681878231587795,0.6478319043834667,0.3126589625088848,1.2489995996796799,0.7001463346038671,262.35958333333326,0.0,21,5.0,0.075,0.0,60.0
1,PAA-noAdaptive,19,0.611912917976371,0.31024093586218976,1.5231546211727816,0.7931187620176121,2.5066029765999867,0.109420132427796,0.611912917976371,0.31024093586218976,1.5231546211727816,0.7931187620176121,261.8943958333333,0.0,18,9.0,0.075,0.3333333333333333,60.0
1,PAA-noAdaptive,20,0.6349043173039296,0.3102686395868612,1.469693845669907,0.7532954113511698,1.9523788717908477,0.11692549697587472,0.6349043173039296,0.3102686395868612,1.469693845669907,0.7532954113511698,110.8020625,0.0,17,8.0,0.1,0.25,60.0
1,PAA-noAdaptive,21,0.6382707675134727,0.28862188273363804,1.5099668870541503,0.7046251970467108,2.559386803179173,0.11280114014784058,0.6382707675134727,0.28862188273363804,1.5099668870541503,0.7046251970467108,166.23292013888891,0.0,15,7.0,0.075,0.0,60.0
1,PAA-noAdaptive,22,0.641179712008895,0.33679943673741813,1.2961481396815722,0.6200815940237916,2.3997924186466024,0.10079114418344767,0.641179712008895,0.33679943673741813,1.2961481396815722,0.6200815940237916,190.60840624999994,0.0,20,7.0,0.075,0.0,60.0
1,PAA-noAdaptive,23,0.644914651118091,0.3027009213528259,1.3564659966250538,0.7300021771602578,2.6956691446839542,0.10781415007233382,0.644914651118091,0.3027009213528259,1.3564659966250538,0.7300021771602578,322.1652881944443,0.0,19,7.0,0.1,0.0,60.0
1,PAA-noAdaptive,24,0.6333899297138519,0.3081110540610867,1.708800749063506,0.7794833548873407,1.9398843457612571,0.1008347143251699,0.6333899297138519,0.3081110540610867,1.708800749063506,0.7794833548873407,126.66578819444445,0.0,20,11.0,0.1,0.0,60.0
1,PAA-noAdaptive,25,0.6287175401541155,0.2753193743447048,1.296148139681572,0.6399331925359042,2.5664054114811012,0.11001632181374496,0.6287175401541155,0.2753193743447048,1.296148139681572,0.6399331925359042,261.66110416666663,0.0,20,6.0,0.1,0.0,60.0
1,PAA-noAdaptive,26,0.5576299814069743,0.3432389311948782,1.2489995996796797,0.7049075464942842,1.9720675462186492,0.10238061426290082,0.5576299814069743,0.3432389311948782,1.2489995996796797,0.7049075464942842,128.98332638888888,0.0,19,6.0,0.075,0.0,60.0
1,PAA-noAdaptive,27,0.6168342191958873,0.31394446344531374,1.5748015748023623,0.8589824888614889,2.928420126494879,0.10108816559661722,0.6168342191958873,0.31394446344531374,1.5748015748023623,0.8589824888614889,288.1188368055556,0.0,19,9.0,0.125,0.2,60.0
1,PAA-noAdaptive,28,0.6228472238244814,0.3107325965337925,1.6248076809271919,0.8442357980926396,2.2253055883853854,0.10745900797138838,0.6228472238244814,0.3107325965337925,1.6248076809271919,0.8442357980926396,163.71003819444445,0.0,17,9.0,0.1,0.0,60.0
1,PAA-noAdaptive,29,0.6453060334214556,0.306158116519509,1.216552506059644,0.7480134194194046,2.766837814006369,0.1236858356617789,0.6453060334214556,0.306158116519509,1.216552506059644,0.7480134194194046,342.63947222222214,0.0,22,6.0,0.075,0.0,60.0
1,PAA-noSLAMut,0,0.5766187073143694,0.35801101775460553,1.3564659966250538,0.779109723101503,1.912575198113051,0.10624321714798528,0.5766187073143694,0.35801101775460553,1.3564659966250538,0.779109723101503,198.8315729166667,0.0,21,7.0,0.1,0.25,60.0
1,PAA-noSLAMut,1,0.6463096673977564,0.32197325564334306,1.2489995996796797,0.7053031450732045,2.5141869553774727,0.10768609442057471,0.6463096673977564,0.32197325564334306,1.2489995996796797,0.7053031450732045,225.82809374999994,0.0,21,6.0,0.075,0.0,60.0
1,PAA-noSLAMut,2,0.6462360768366588,0.30186825820528573,1.371130920080209,0.6688811588136392,2.8357710483233793,0.10227193163551067,0.6462360768366588,0.30186825820528573,1.371130920080209,0.6688811588136392,341.65934374999995,0.0,19,7.0,0.1,0.0,60.0
1,PAA-noSLAMut,3,0.645513516509977,0.3126244650009753,1.42828568570857,0.7352954027592038,2.643355762318298,0.10891852441984778,0.645513516509977,0.3126244650009753,1.42828568570857,0.7352954027592038,244.31372569444437,0.0,18,8.0,0.075,0.0,60.0
1,PAA-noSLAMut,4,0.6477956098267126,0.32419304195596166,1.523154621172782,0.6757299947184904,2.117920539489327,0.09904830914329217,0.6477956098267126,0.32419304195596166,1.523154621172782,0.6757299947184904,94.16228472222221,0.0,16,6.0,0.075,0.0,60.0
1,PAA-noSLAMut,5,0.645811597850837,0.31261054284531997,1.2489995996796799,0.6860387509375669,3.362096223381468,0.10209112253280433,0.645811597850837,0.31261054284531997,1.2489995996796799,0.6860387509375669,473.8327361111109,0.0,22,5.0,0.05,0.0,60.0
1,PAA-noSLAMut,6,0.6422663035755989,0.3261155207579206,1.2165525060596438,0.6731404905711154,2.648337420333084,0.10118616926406312,0.6422663035755989,0.3261155207579206,1.2165525060596438,0.6731404905711154,306.5765729166666,0.0,20,5.0,0.125,0.2,60.0
1,PAA-noSLAMut,7,0.6447882876905766,0.3174063997789154,1.2489995996796797,0.7150719754599699,2.65232515121921,0.10836777411731738,0.6447882876905766,0.3174063997789154,1.2489995996796797,0.7150719754599699,245.11670486111106,0.0,22,5.0,0.075,0.0,60.0
1,PAA-noSLAMut,8,0.6493220022274881,0.2989564926559772,1.2489995996796799,0.6226756181094528,2.357556528009762,0.10434537639209626,0.6493220022274881,0.2989564926559772,1.2489995996796799,0.6226756181094528,208.45273263888885,0.0,19,5.0,0.1,0.25,60.0
1,PAA-noSLAMut,9,0.632187221214416,0.3298489810819451,1.3114877048604003,0.8063822682472622,2.683494714729495,0.11046047989799672,0.632187221214416,0.3298489810819451,1.3114877048604003,0.8063822682472622,271.14266666666674,0.0,19,5.0,0.125,0.2,60.0
1,PAA-noSLAMut,10,0.634486041230655,0.31816384396970276,1.3564659966250538,0.7048781108907688,2.302276567417917,0.10490490805259839,0.634486041230655,0.31816384396970276,1.3564659966250538,0.7048781108907688,225.8668680555555,0.0,21,7.0,0.125,0.2,60.0
1,PAA-noSLAMut,11,0.6426208509656213,0.2957861252992614,1.5491933384829668,0.7209293586227115,2.472006602525533,0.10622408314313969,0.6426208509656213,0.2957861252992614,1.5491933384829668,0.7209293586227115,241.86887499999995,0.0,18,8.0,0.1,0.25,60.0
1,PAA-noSLAMut,12,0.6446723238670078,0.31720238261421996,1.2489995996796797,0.7064363613421513,2.921411054691289,0.10791092899541956,0.6446723238670078,0.31720238261421996,1.2489995996796797,0.7064363613421513,402.10433680555553,0.0,20,5.0,0.075,0.0,60.0
1,PAA-noSLAMut,13,0.631971221652263,0.30196383688938744,1.4422205101855958,0.7847608295569779,2.815510720551636,0.10910631939435472,0.631971221652263,0.30196383688938744,1.4422205101855958,0.7847608295569779,358.6406180555555,0.0,18,8.0,0.125,0.2,60.0
1,PAA-noSLAMut,14,0.6418973791532961,0.29442302933495007,1.3114877048604003,0.6419067094880735,2.6142450151744883,0.10900727035968721,0.6418973791532961,0.29442302933495007,1.3114877048604003,0.6419067094880735,306.4547881944444,0.0,19,7.0,0.075,0.0,60.0
1,PAA-noSLAMut,15,0.6431798269491387,0.3037247576144121,1.3114877048604003,0.7118918506537228,2.736176823057111,0.10712749629653434,0.6431798269491387,0.3037247576144121,1.3114877048604003,0.7118918506537228,261.70855208333325,0.0,20,6.0,0.1,0.0,60.0
1,PAA-noSLAMut,16,0.5921653441090694,0.35565724866242493,1.2489995996796797,0.811522396284111,2.7896167574556907,0.10379919317427502,0.5921653441090694,0.35565724866242493,1.2489995996796797,0.811522396284111,254.09823958333337,0.0,24,6.0,0.125,0.2,60.0
1,PAA-noSLAMut,17,0.6174144750206235,0.28734092567178127,1.5362291495737217,0.7769402426640174,2.218595654602074,0.11404447874065114,0.6174144750206235,0.28734092567178127,1.5362291495737217,0.7769402426640174,145.67164583333334,0.0,16,8.0,0.075,0.0,60.0
1,PAA-noSLAMut,18,0.6476066825325812,0.3228439857697415,1.4000000000000001,0.6740401820096735,2.455904931579051,0.09785099759799787,0.6476066825325812,0.3228439857697415,1.4000000000000001,0.6740401820096735,130.50652777777776,0.0,19,6.0,0.125,0.4,60.0
1,PAA-noSLAMut,19,0.5659080332805851,0.3261321953390321,1.2489995996796797,0.7207898481735716,2.5668931837618976,0.10952473330350251,0.5659080332805851,0.3261321953390321,1.2489995996796797,0.7207898481735716,261.79253819444443,0.0,23,7.0,0.125,0.4,60.0
1,PAA-noSLAMut,20,0.64339155499082,0.3241387765630253,1.32664991614216,0.642334248356635,2.5441829245442897,0.09602752503176576,0.64339155499082,0.3241387765630253,1.32664991614216,0.642334248356635,242.64375694444442,0.0,19,7.0,0.075,0.0,60.0
1,PAA-noSLAMut,21,0.6459966751168559,0.31389086719055737,1.3564659966250538,0.6648017207760215,2.4667761884144412,0.10910349906730878,0.6459966751168559,0.31389086719055737,1.3564659966250538,0.6648017207760215,164.8120625,0.0,19,7.0,0.075,0.0,60.0
1,PAA-noSLAMut,22,0.6374572229713988,0.3181922071289388,1.5874507866387546,0.7623882663588905,2.081857078235795,0.10430455316315232,0.6374572229713988,0.3181922071289388,1.5874507866387546,0.7623882663588905,111.47845486111112,0.0,14,7.0,0.1,0.25,60.0
1,PAA-noSLAMut,23,0.604014518362183,0.3119850052355514,1.2649110640673518,0.7255327308810489,2.9250223734605107,0.09355176290791561,0.604014518362183,0.3119850052355514,1.2649110640673518,0.7255327308810489,300.8646145833333,0.0,20,6.0,0.075,0.0,60.0
1,PAA-noSLAMut,24,0.6482077291497814,0.31093365070357104,1.4000000000000001,0.6540408510806195,2.224906714803582,0.10375342734799702,0.6482077291497814,0.31093365070357104,1.4000000000000001,0.6540408510806195,190.47545486111102,0.0,20,7.0,0.125,0.2,60.0
1,PAA-noSLAMut,25,0.6105528558368304,0.2971361629007152,1.4966629547095767,0.6576339967570788,1.9352231139632892,0.0999692379885884,0.6105528558368304,0.2971361629007152,1.4966629547095767,0.6576339967570788,111.2262673611111,0.0,19,8.0,0.1,0.25,60.0
1,PAA-noSLAMut,26,0.5898699190939625,0.30574538728789485,1.2806248474865698,0.5521137966767539,1.4994955197377589,0.10970662955638291,0.5898699190939625,0.30574538728789485,1.2806248474865698,0.5521137966767539,40.00559722222222,0.0,20,6.0,0.075,0.0,60.0
1,PAA-noSLAMut,27,0.6455373406590784,0.32042940243318835,1.385640646055102,0.7160374042627154,2.4198959429445757,0.10263059528729217,0.6455373406590784,0.32042940243318835,1.385640646055102,0.7160374042627154,162.74475347222221,0.0,18,5.0,0.075,0.0,60.0
1,PAA-noSLAMut,28,0.6367435005347508,0.33853453508663056,1.3114877048604001,0.7553426123809357,2.4752049486319443,0.10605445787474387,0.6367435005347508,0.33853453508663056,1.3114877048604001,0.7553426123809357,209.13872916666665,0.0,21,7.0,0.125,0.2,60.0
1,PAA-noSLAMut,29,0.6461666980733125,0.31809454962238576,1.4832396974191326,0.7510221490639151,2.6095365229283636,0.0986747778659728,0.6461666980733125,0.31809454962238576,1.4832396974191326,0.7510221490639151,242.68894097222218,0.0,19,7.0,0.075,0.0,60.0
2,Random,0,0.592600164011564,0.31096382827193314,0.938083151964686,0.3493325640748348,3.443757839330536,,0.592600164011564,0.31096382827193314,0.938083151964686,0.3493325640748348,389.97636805555555,0.0,26,4.0,0.025,1.0,
2,RoundRobin,0,0.5541165127913954,0.3626757479693185,0.8717797887081348,0.31446147344823916,3.6706026092740407,,0.5541165127913954,0.3626757479693185,0.8717797887081348,0.31446147344823916,578.0171597222221,0.0,29,4.0,0.025,0.0,
2,FIFO,0,0.35446887269818494,0.44692643151867806,3.2619012860600174,0.4020384087664093,3.7799429109829434,,0.35446887269818494,0.44692643151867806,3.2619012860600174,0.4020384087664093,830.0967986111115,0.0,6,17.0,0.05,0.0,
2,LeastLoaded,0,0.5431061528869103,0.37080310768178604,0.4472135954999579,0.4267350609078999,3.334906848449209,,0.5431061528869103,0.37080310768178604,0.4472135954999579,0.4267350609078999,422.8641284722222,0.0,39,2.0,0.0,,
2,GreedyBestOutcome,0,0.7645337928584254,0.2761932500968132,2.2715633383201093,0.6557535600259676,3.000098079218989,,0.7645337928584254,0.2761932500968132,2.2715633383201093,0.6557535600259676,276.1803506944444,0.0,12,14.0,0.1,0.5,
2,StandardNSGA2,0,0.7065178525037122,0.22938580828574118,1.7204650534085253,0.6977404848084052,2.267519809501264,0.14152700608165739,0.7065178525037122,0.22938580828574118,1.7204650534085253,0.6977404848084052,165.6822604166667,0.0,20,11.0,0.075,0.0,60.0
2,StandardNSGA2,1,0.6695121581216481,0.2563559398518369,0.894427190999916,0.6146111736151614,2.786931379830101,0.1507660659050824,0.6695121581216481,0.2563559398518369,0.894427190999916,0.6146111736151614,312.43309722222216,0.0,28,3.0,0.05,0.5,60.0
2,StandardNSGA2,2,0.7153712868272495,0.2440046107134613,1.216552506059644,0.6194437389785723,2.2243210594680227,0.15841223481702127,0.7153712868272495,0.2440046107134613,1.216552506059644,0.6194437389785723,226.81751388888887,0.0,22,6.0,0.075,0.6666666666666666,60.0
2,StandardNSGA2,3,0.644022679736751,0.2806132023841106,0.894427190999916,0.7411300627932602,2.776422611225269,0.13228467227529297,0.644022679736751,0.2806132023841106,0.894427190999916,0.7411300627932602,262.12200347222216,0.0,29,4.0,0.2,0.375,60.0
2,StandardNSGA2,4,0.6424453348554653,0.26341710865348417,0.938083151964686,0.6074518738067116,3.1419658194889886,0.09700730677314903,0.6424453348554653,0.26341710865348417,0.938083151964686,0.6074518738067116,353.30829513888887,0.0,27,3.0,0.125,0.4,60.0
2,StandardNSGA2,5,0.5970473019311446,0.28696759242576286,0.8246211251235323,0.77036334553819,3.22136865821638,0.11769325947586318,0.5970473019311446,0.28696759242576286,0.8246211251235323,0.77036334553819,256.53139236111116,0.0,29,3.0,0.125,0.2,60.0
2,StandardNSGA2,6,0.671762510692002,0.2505145217384177,1.1661903789690602,0.6457495231547329,2.2666544123327856,0.14554216012009683,0.671762510692002,0.2505145217384177,1.1661903789690602,0.6457495231547329,150.51304166666668,0.0,24,6.0,0.1,0.0,60.0
2,StandardNSGA2,7,0.6391099790278786,0.2314326335432308,0.9591663046625439,0.6337005859980576,2.930455683221149,0.10523120911617877,0.6391099790278786,0.2314326335432308,0.9591663046625439,0.6337005859980576,238.14831597222224,0.0,26,4.0,0.075,0.0,60.0
2,StandardNSGA2,8,0.7239430510741636,0.23187662952082894,1.2649110640673518,0.8245249813519108,3.12824391381265,0.17244674078902283,0.7239430510741636,0.23187662952082894,1.2649110640673518,0.8245249813519108,316.7222291666666,0.0,20,5.0,0.2,0.625,60.0
2,StandardNSGA2,9,0.6715720169157745,0.27621024233126606,0.9797958971132712,0.7630898309674021,2.9147320472526603,0.15980488959748873,0.6715720169157745,0.27621024233126606,0.9797958971132712,0.7630898309674021,248.13140277777774,0.0,27,4.0,0.075,0.6666666666666666,60.0
2,StandardNSGA2,10,0.6431610664338402,0.3009038288966331,0.916515138991168,0.5194332323130819,2.354490784103688,0.11717444244953235,0.6431610664338402,0.3009038288966331,0.916515138991168,0.5194332323130819,252.41980555555557,0.0,27,4.0,0.05,0.0,60.0
2,StandardNSGA2,11,0.6694239544480113,0.2759238839497781,1.019803902718557,0.8616691506145535,3.4719723734913557,0.1232816190031345,0.6694239544480113,0.2759238839497781,1.019803902718557,0.8616691506145535,274.1934895833334,0.0,24,4.0,0.15,0.3333333333333333,60.0
2,StandardNSGA2,12,0.6444075744857629,0.23090746896611059,1.1313708498984762,0.6579505325311332,3.028838076433332,0.12724922798542634,0.6444075744857629,0.23090746896611059,1.1313708498984762,0.6579505325311332,271.55944444444447,0.0,23,4.0,0.025,0.0,60.0
2,StandardNSGA2,13,0.6615021648088083,0.33328383046385224,0.9797958971132714,0.8547007325262662,2.982484116782465,0.13553857404464223,0.6615021648088083,0.33328383046385224,0.9797958971132714,0.8547007325262662,267.5518090277777,0.0,26,4.0,0.1,0.5,60.0
2,StandardNSGA2,14,0.7272934350665217,0.21426087718860903,1.0770329614269007,0.6810516445113933,3.0535407698671664,0.14727981330948575,0.7272934350665217,0.21426087718860903,1.0770329614269007,0.6810516445113933,299.83143055555547,0.0,23,4.0,0.125,0.6,60.0
2,StandardNSGA2,15,0.7081429092696526,0.24191242008433056,1.2806248474865698,0.7802351305937985,2.242111317912422,0.17279658368771209,0.7081429092696526,0.24191242008433056,1.2806248474865698,0.7802351305937985,132.12958680555556,0.0,21,6.0,0.075,0.0,60.0
2,StandardNSGA2,16,0.749410982038109,0.24578120667025755,1.1832159566199234,0.7523813312032852,3.4114537678545873,0.15028036950056373,0.749410982038109,0.24578120667025755,1.1832159566199234,0.7523813312032852,384.95220138888885,0.0,21,5.0,0.15,0.3333333333333333,60.0
2,StandardNSGA2,17,0.6864143363693959,0.22285435413817836,1.1832159566199232,0.5951704592300382,1.8559500368265724,0.14307050346693778,0.6864143363693959,0.22285435413817836,1.1832159566199232,0.5951704592300382,173.40162152777776,0.0,22,5.0,0.025,0.0,60.0
2,StandardNSGA2,18,0.730830702964678,0.24680074857154835,1.2806248474865698,0.7137463033122803,2.1754974470430133,0.1794735547861246,0.730830702964678,0.24680074857154835,1.2806248474865698,0.7137463033122803,192.63346527777776,0.0,22,6.0,0.05,0.5,60.0
2,StandardNSGA2,19,0.6549301401676546,0.26209406914422606,0.8717797887081348,0.6685918696687725,2.9203778385567007,0.13042119276401637,0.6549301401676546,0.26209406914422606,0.8717797887081348,0.6685918696687725,202.9868680555556,0.0,27,3.0,0.075,0.3333333333333333,60.0
2,StandardNSGA2,20,0.7266283464163693,0.22243878728456137,1.2649110640673518,0.7606773317276851,2.9931473681073086,0.16236618312773815,0.7266283464163693,0.22243878728456137,1.2649110640673518,0.7606773317276851,283.79936458333333,0.0,22,7.0,0.1,0.5,60.0
2,StandardNSGA2,21,0.7005094335404983,0.2212818117975071,1.2806248474865698,0.658525959607719,2.654321468831003,0.16054144934804462,0.7005094335404983,0.2212818117975071,1.2806248474865698,0.658525959607719,308.2001597222221,0.0,21,7.0,0.05,0.0,60.0
2,StandardNSGA2,22,0.741093528098592,0.232554346166854,1.2961481396815724,0.7679056055458253,3.316150242473145,0.14248332555869822,0.741093528098592,0.232554346166854,1.2961481396815724,0.7679056055458253,351.7398159722222,0.0,23,7.0,0.15,0.3333333333333333,60.0
2,StandardNSGA2,23,0.6730647266902026,0.2764209771720948,1.0954451150103324,0.6906283065765498,2.2676279609431256,0.1789424281325732,0.6730647266902026,0.2764209771720948,1.0954451150103324,0.6906283065765498,151.04330208333334,0.0,27,6.0,0.1,0.25,60.0
2,StandardNSGA2,24,0.6820546019418476,0.28928970793807174,0.894427190999916,0.7709613615544916,3.1219799858561954,0.13830792075454373,0.6820546019418476,0.28928970793807174,0.894427190999916,0.7709613615544916,316.72779513888884,0.0,27,3.0,0.15,0.6666666666666666,60.0
2,StandardNSGA2,25,0.6484832270414514,0.29964322572880875,0.8485281374238571,0.6612014991434257,3.2351530511851303,0.10285060732506528,0.6484832270414514,0.29964322572880875,0.8485281374238571,0.6612014991434257,520.9762847222222,0.0,29,4.0,0.2,0.5,60.0
2,StandardNSGA2,26,0.6800606465489089,0.2246242003128649,1.1135528725660044,0.7408588210713019,3.0763539971529825,0.1357010594577305,0.6800606465489089,0.2246242003128649,1.1135528725660044,0.7408588210713019,273.6595381944445,0.0,23,4.0,0.075,0.0,60.0
2,StandardNSGA2,27,0.7096658869040392,0.25318638561462653,1.019803902718557,0.8158932275440881,3.287720714885455,0.14397407125945094,0.7096658869040392,0.25318638561462653,1.019803902718557,0.8158932275440881,318.4813645833333,0.0,26,4.0,0.125,0.6,60.0
2,StandardNSGA2,28,0.7181529990038508,0.2528200947565544,1.0583005244258363,0.7987992385902498,3.515915242943244,0.14766869865312793,0.7181529990038508,0.2528200947565544,1.0583005244258363,0.7987992385902498,415.8672083333333,0.0,24,4.0,0.125,0.4,60.0
2,StandardNSGA2,29,0.621732549454448,0.3418011233813198,0.7745966692414834,0.7622818911023408,3.41817172423042,0.09758654546810384,0.621732549454448,0.3418011233813198,0.7745966692414834,0.7622818911023408,414.61162847222215,0.0,30,3.0,0.2,0.625,60.0
2,NSGA3,0,0.733409489669869,0.23411240341042613,1.0,0.7162681607831013,2.8571429379952624,0.20193404509168775,0.733409489669869,0.23411240341042613,1.0,0.7162681607831013,203.68731250000002,0.0,24,4.0,0.1,0.0,21.0
2,NSGA3,1,0.7287752262610713,0.22276089315979136,1.0583005244258363,0.7629340857281891,2.5223204621259137,0.2196184894735303,0.7287752262610713,0.22276089315979136,1.0583005244258363,0.7629340857281891,226.60843749999995,0.0,24,5.0,0.125,0.4,20.0
2,NSGA3,2,0.7162572576775265,0.2534228384333004,1.131370849898476,0.7114986057087761,1.5981498298238002,0.22276837824592588,0.7162572576775265,0.2534228384333004,1.131370849898476,0.7114986057087761,74.84798611111111,0.0,24,5.0,0.05,0.5,20.0
2,NSGA3,3,0.7048621848173056,0.2249608854138246,1.0583005244258363,0.8020553187380234,2.3703496500581025,0.2254857627898294,0.7048621848173056,0.2249608854138246,1.0583005244258363,0.8020553187380234,132.6565347222222,0.0,26,5.0,0.075,0.0,17.0
2,NSGA3,4,0.7411420956159299,0.2256731255321717,1.1313708498984762,0.7152831437373213,2.2799175525029733,0.20890189080123525,0.7411420956159299,0.2256731255321717,1.1313708498984762,0.7152831437373213,149.02665625,0.0,22,5.0,0.05,0.0,20.0
2,NSGA3,5,0.7250640929727541,0.257337984324011,1.0954451150103324,0.8479909932932049,2.456984433628152,0.20335035858895967,0.7250640929727541,0.257337984324011,1.0954451150103324,0.8479909932932049,228.71289583333328,0.0,27,5.0,0.1,0.5,17.0
2,NSGA3,6,0.7161987171423155,0.23263710798584394,1.1313708498984762,0.8259295489434475,2.605087195513443,0.2160154351561549,0.7161987171423155,0.23263710798584394,1.1313708498984762,0.8259295489434475,246.58846527777777,0.0,24,6.0,0.1,0.25,18.0
2,NSGA3,7,0.7398271675343905,0.2338393120300827,1.2806248474865698,0.8175642069939923,2.377999697971577,0.20378634788955602,0.7398271675343905,0.2338393120300827,1.2806248474865698,0.8175642069939923,262.4636805555555,0.0,22,6.0,0.1,0.5,20.0
2,NSGA3,8,0.6966404435903893,0.23057584242566104,0.9591663046625439,0.7747932453022021,2.5971932321327893,0.2133848860236946,0.6966404435903893,0.23057584242566104,0.9591663046625439,0.7747932453022021,202.6642951388889,0.0,27,4.0,0.075,0.3333333333333333,19.0
2,NSGA3,9,0.7415619685208588,0.23901331185812955,1.4142135623730951,0.8317347396954027,2.1196961940025125,0.20386476506728848,0.7415619685208588,0.23901331185812955,1.4142135623730951,0.8317347396954027,176.77061458333327,0.0,22,8.0,0.1,0.5,19.0
2,NSGA3,10,0.721201551061417,0.2646802506211507,1.0954451150103324,0.8314288531767888,2.3840585494409283,0.2080311371993827,0.721201551061417,0.2646802506211507,1.0954451150103324,0.8314288531767888,150.03496180555555,0.0,26,5.0,0.1,0.5,20.0
2,NSGA3,11,0.7390769137846738,0.22335062428974245,1.1135528725660044,0.7215131257746772,2.546987854700897,0.20650784672545508,0.7390769137846738,0.22335062428974245,1.1135528725660044,0.7215131257746772,182.82437847222224,0.0,23,5.0,0.05,0.0,21.0
2,NSGA3,12,0.6742306218548473,0.24701901376467003,1.1135528725660044,0.7961402937343618,1.89813174328166,0.2100662518518131,0.6742306218548473,0.24701901376467003,1.1135528725660044,0.7961402937343618,110.90687847222225,0.0,26,6.0,0.05,0.5,28.0
2,NSGA3,13,0.7193396778792678,0.2742289304416239,1.0,0.7315769378534156,1.714735075970652,0.195747299604779,0.7193396778792678,0.2742289304416239,1.0,0.7315769378534156,75.52655208333333,0.0,27,5.0,0.1,0.25,16.0
2,NSGA3,14,0.7188723019982111,0.2876228378066287,1.131370849898476,0.7603138494441295,1.5386326047597407,0.22607108092306397,0.7188723019982111,0.2876228378066287,1.131370849898476,0.7603138494441295,42.759336805555556,0.0,23,5.0,0.075,0.0,20.0
2,NSGA3,15,0.7183881172842832,0.24083901720365156,1.2649110640673518,0.7348724879961052,1.821505337148175,0.2281030022795211,0.7183881172842832,0.24083901720365156,1.2649110640673518,0.7348724879961052,154.9644340277777,0.0,23,7.0,0.075,0.3333333333333333,27.0
2,NSGA3,16,0.742625082960324,0.2248617293454828,1.0392304845413265,0.777907209206114,2.701217760054696,0.21784534396123836,0.742625082960324,0.2248617293454828,1.0392304845413265,0.777907209206114,245.77555208333328,0.0,25,5.0,0.1,0.25,17.0
2,NSGA3,17,0.7297199475083544,0.26914374106142364,1.1313708498984762,0.8438058626914916,2.44596916983526,0.21817499705018206,0.7297199475083544,0.26914374106142364,1.1313708498984762,0.8438058626914916,212.1499930555555,0.0,26,6.0,0.15,0.3333333333333333,22.0
2,NSGA3,18,0.7329795396278789,0.27726654073467705,1.019803902718557,0.8338356779686338,2.5064397311752145,0.19974308613802744,0.7329795396278789,0.27726654073467705,1.019803902718557,0.8338356779686338,299.37234374999997,0.0,27,5.0,0.175,0.42857142857142855,22.0
2,NSGA3,19,0.6971733334101419,0.22858157345907165,1.0,0.844278160422945,2.948952933722301,0.2190184235587841,0.6971733334101419,0.22858157345907165,1.0,0.844278160422945,205.01350347222223,0.0,26,5.0,0.075,0.3333333333333333,20.0
2,NSGA3,20,0.7243644108072631,0.2686185876409054,0.9797958971132713,0.7085134068124942,2.102226425756065,0.209474446668877,0.7243644108072631,0.2686185876409054,0.9797958971132713,0.7085134068124942,175.8056145833333,0.0,25,4.0,0.075,0.3333333333333333,20.0
2,NSGA3,21,0.67265432895415,0.21584630182112444,1.1832159566199232,0.6995364590364213,1.8898768862627768,0.20667770546772868,0.67265432895415,0.21584630182112444,1.1832159566199232,0.6995364590364213,93.41993402777777,0.0,20,5.0,0.05,0.0,19.0
2,NSGA3,22,0.7031536294349803,0.2379733482693461,0.9591663046625439,0.7310230799921946,2.2138193767708585,0.20561445962394287,0.7031536294349803,0.2379733482693461,0.9591663046625439,0.7310230799921946,132.17699305555556,0.0,28,5.0,0.05,0.0,19.0
2,NSGA3,23,0.7205002698966976,0.23023734492457973,0.9591663046625439,0.8139035796459522,2.601157469784813,0.22353079089186312,0.7205002698966976,0.23023734492457973,0.9591663046625439,0.8139035796459522,211.45903472222216,0.0,26,4.0,0.1,0.5,19.0
2,NSGA3,24,0.6884413704933041,0.2273259485685724,1.131370849898476,0.8002925412730036,2.565377003992103,0.21206564993110413,0.6884413704933041,0.2273259485685724,1.131370849898476,0.8002925412730036,253.32358680555558,0.0,23,5.0,0.125,0.6,27.0
2,NSGA3,25,0.715920312500432,0.23752667433741545,0.9591663046625439,0.6943410864951198,1.9704756003475172,0.21044112066346948,0.715920312500432,0.23752667433741545,0.9591663046625439,0.6943410864951198,93.56051041666667,0.0,26,4.0,0.05,0.0,23.0
2,NSGA3,26,0.7140354883751788,0.20989621195241276,1.0392304845413265,0.7502582017517623,2.913335214012839,0.20854949411055462,0.7140354883751788,0.20989621195241276,1.0392304845413265,0.7502582017517623,284.0076805555555,0.0,26,5.0,0.075,0.3333333333333333,18.0
2,NSGA3,27,0.6918002017765764,0.23783074671809795,1.2328828005937953,0.8445724308868158,2.4900583000964773,0.21744945509590613,0.6918002017765764,0.23783074671809795,1.2328828005937953,0.8445724308868158,229.2985555555555,0.0,21,5.0,0.075,0.3333333333333333,25.0
2,NSGA3,28,0.728693698418321,0.28314602451480786,1.077032961426901,0.7906155323964938,2.438937241245646,0.2027074414205523,0.728693698418321,0.28314602451480786,1.077032961426901,0.7906155323964938,211.0116840277777,0.0,24,5.0,0.1,0.25,24.0
2,NSGA3,29,0.7312695700101746,0.26499815574607666,1.1832159566199232,0.8429650872711043,2.2167888969587453,0.2152501490811757,0.7312695700101746,0.26499815574607666,1.1832159566199232,0.8429650872711043,176.8929548611111,0.0,25,6.0,0.125,0.4,20.0
2,PAA-NSGA-II,0,0.7054081084934177,0.2635722457286751,1.5231546211727818,0.8253981333991991,2.2955302382868252,0.1842129154466594,0.7054081084934177,0.2635722457286751,1.5231546211727818,0.8253981333991991,193.30304861111105,0.0,20,8.0,0.05,0.5,60.0
2,PAA-NSGA-II,1,0.6656540230805605,0.26110644862649657,1.6613247725836147,0.8545166698996468,2.3649744416265728,0.17708999925673394,0.6656540230805605,0.26110644862649657,1.6613247725836147,0.8545166698996468,228.1717708333333,0.0,18,10.0,0.125,0.4,60.0
2,PAA-NSGA-II,2,0.7105441845514152,0.25288396501666915,1.4832396974191326,0.8687953016875329,2.6881242565283774,0.17996014306784303,0.7105441845514152,0.25288396501666915,1.4832396974191326,0.8687953016875329,246.60506249999997,0.0,20,8.0,0.1,0.5,60.0
2,PAA-NSGA-II,3,0.6801057749461833,0.24254930324039164,1.50996688705415,0.8478612204476214,2.430353099719821,0.1770540689047319,0.6801057749461833,0.24254930324039164,1.50996688705415,0.8478612204476214,229.4598472222222,0.0,21,8.0,0.1,0.5,60.0
2,PAA-NSGA-II,4,0.6647293034018319,0.3115129829389325,1.0770329614269007,0.7965157935037861,2.545873967480807,0.1735952455887185,0.6647293034018319,0.3115129829389325,1.0770329614269007,0.7965157935037861,214.94955208333332,0.0,25,5.0,0.125,0.6,60.0
2,PAA-NSGA-II,5,0.7016608798307488,0.22224735597149498,1.7549928774784243,0.8497714134563232,2.2543718252409066,0.1683228982040417,0.7016608798307488,0.22224735597149498,1.7549928774784243,0.8497714134563232,148.15044791666668,0.0,16,10.0,0.125,0.6,60.0
2,PAA-NSGA-II,6,0.6662949825092342,0.265552383031425,1.5620499351813308,0.7232096269459681,1.8714493625034947,0.16588256894907427,0.6662949825092342,0.265552383031425,1.5620499351813308,0.7232096269459681,157.6984131944444,0.0,20,9.0,0.1,0.5,60.0
2,PAA-NSGA-II,7,0.6819550743297287,0.2708495878323502,1.3266499161421599,0.7911503348543,2.1327249198959173,0.18760843888188683,0.6819550743297287,0.2708495878323502,1.3266499161421599,0.7911503348543,131.1831701388889,0.0,20,7.0,0.1,0.25,60.0
2,PAA-NSGA-II,8,0.7256685202921637,0.20328205852786865,1.7663521732655691,0.7623349174793501,2.4248051054920587,0.16755499097911322,0.7256685202921637,0.20328205852786865,1.7663521732655691,0.7623349174793501,277.5952430555555,0.0,18,11.0,0.075,0.3333333333333333,60.0
2,PAA-NSGA-II,9,0.7384341006302482,0.21147324963288217,1.4832396974191326,0.7244552849808059,2.8262098158133755,0.16890402830031698,0.7384341006302482,0.21147324963288217,1.4832396974191326,0.7244552849808059,303.2905451388889,0.0,18,7.0,0.05,0.5,60.0
2,PAA-NSGA-II,10,0.6476834508226436,0.2995682028181229,1.2649110640673518,0.7413087391252355,2.238566108344243,0.17682483128492069,0.6476834508226436,0.2995682028181229,1.2649110640673518,0.7413087391252355,202.28683333333333,0.0,24,6.0,0.05,1.0,60.0
2,PAA-NSGA-II,11,0.7219876561950165,0.23277832399112963,1.536229149573722,0.803273496918648,2.6834644181403013,0.1899630267975248,0.7219876561950165,0.23277832399112963,1.536229149573722,0.803273496918648,297.0392743055555,0.0,19,8.0,0.075,0.6666666666666666,60.0
2,PAA-NSGA-II,12,0.6877124632531331,0.24806571577193703,1.673320053068151,0.8492924926173027,2.19777619349147,0.1833375535801045,0.6877124632531331,0.24806571577193703,1.673320053068151,0.8492924926173027,210.85954513888882,0.0,19,9.0,0.125,0.6,60.0
2,PAA-NSGA-II,13,0.6732398662767505,0.25148315237996777,1.3416407864998738,0.8077459596696699,2.5737714780686267,0.18101212950057707,0.6732398662767505,0.25148315237996777,1.3416407864998738,0.8077459596696699,247.1746944444444,0.0,22,6.0,0.075,0.3333333333333333,60.0
2,PAA-NSGA-II,14,0.7549120054692053,0.242945066793904,1.469693845669907,0.7875443351318537,3.217052723012473,0.18202740672309062,0.7549120054692053,0.242945066793904,1.469693845669907,0.7875443351318537,392.93814236111103,0.0,17,6.0,0.05,0.5,60.0
2,PAA-NSGA-II,15,0.7358998180330512,0.22125623552847698,1.673320053068151,0.8219183933302638,2.3328114227056385,0.19015601054599507,0.7358998180330512,0.22125623552847698,1.673320053068151,0.8219183933302638,226.0019895833333,0.0,17,9.0,0.075,0.6666666666666666,60.0
2,PAA-NSGA-II,16,0.6874074776926579,0.2597020300980738,1.4560219778561037,0.658149724430259,2.3521735252992313,0.16878261228355323,0.6874074776926579,0.2597020300980738,1.4560219778561037,0.658149724430259,211.7179201388889,0.0,23,9.0,0.1,0.5,60.0
2,PAA-NSGA-II,17,0.7265899831934517,0.21190614556381346,1.6613247725836149,0.7289610745119424,2.085113280927326,0.17740685287227445,0.7265899831934517,0.21190614556381346,1.6613247725836149,0.7289610745119424,144.57936111111113,0.0,18,9.0,0.05,0.5,60.0
2,PAA-NSGA-II,18,0.7072051060118257,0.20210907046657095,1.743559577416269,0.7744290668389355,2.4813639111865817,0.17037142310163092,0.7072051060118257,0.20210907046657095,1.743559577416269,0.7744290668389355,245.86545138888886,0.0,17,10.0,0.05,0.0,60.0
2,PAA-NSGA-II,19,0.6813631065461255,0.24733973235457496,1.4832396974191326,0.7084589738279206,2.1947558793401782,0.17076411955347987,0.6813631065461255,0.24733973235457496,1.4832396974191326,0.7084589738279206,225.59346180555548,0.0,20,8.0,0.075,0.6666666666666666,60.0
2,PAA-NSGA-II,20,0.7359214317029223,0.2765547769938604,1.536229149573722,0.8038595583572071,2.675720212204493,0.14866234054646107,0.7359214317029223,0.2765547769938604,1.536229149573722,0.8038595583572071,262.4822743055555,0.0,20,7.0,0.1,0.5,60.0
2,PAA-NSGA-II,21,0.6994450009199417,0.24669230367071604,1.574801574802362,0.8882968670535778,2.4629549826737525,0.18295599059715123,0.6994450009199417,0.24669230367071604,1.574801574802362,0.8882968670535778,246.21218749999997,0.0,20,9.0,0.15,0.6666666666666666,60.0
2,PAA-NSGA-II,22,0.7288242526248417,0.22324880744870262,1.6370705543744901,0.8937665507559253,2.8863710636642366,0.17139234054691885,0.7288242526248417,0.22324880744870262,1.6370705543744901,0.8937665507559253,281.12280902777775,0.0,18,9.0,0.1,0.5,60.0
2,PAA-NSGA-II,23,0.7066810101345474,0.24331078019986432,1.4560219778561037,0.8198655529741232,2.6921149837003084,0.17978139774909366,0.7066810101345474,0.24331078019986432,1.4560219778561037,0.8198655529741232,265.4250833333333,0.0,21,8.0,0.1,0.25,60.0
2,PAA-NSGA-II,24,0.7067009199687357,0.23703919070955407,1.50996688705415,0.8022241373916884,2.4664702883159597,0.19023842643092825,0.7067009199687357,0.23703919070955407,1.50996688705415,0.8022241373916884,244.65781597222218,0.0,20,8.0,0.075,0.3333333333333333,60.0
2,PAA-NSGA-II,25,0.709360438995227,0.2651641521221511,1.4142135623730951,0.7901288950879684,2.6465313837934326,0.19358749943751202,0.709360438995227,0.2651641521221511,1.4142135623730951,0.7901288950879684,185.45767361111112,0.0,20,6.0,0.1,0.25,60.0
2,PAA-NSGA-II,26,0.7024369599419489,0.24236169856761455,1.624807680927192,0.7011293380924449,2.094919781898851,0.17107870039543374,0.7024369599419489,0.24236169856761455,1.624807680927192,0.7011293380924449,269.5998541666666,0.0,21,9.0,0.05,0.5,60.0
2,PAA-NSGA-II,27,0.6785833484336452,0.24066257757555992,1.7320508075688772,0.7833930469752644,2.116058500083131,0.16983676364980185,0.6785833484336452,0.24066257757555992,1.7320508075688772,0.7833930469752644,193.72470138888886,0.0,18,10.0,0.075,0.3333333333333333,60.0
2,PAA-NSGA-II,28,0.7506700299002387,0.23566067042432418,1.50996688705415,0.7879904455733586,2.8225887234600258,0.1857140735454229,0.7506700299002387,0.23566067042432418,1.50996688705415,0.7879904455733586,296.67267361111107,0.0,19,7.0,0.05,0.5,60.0
2,PAA-NSGA-II,29,0.6475452900375315,0.24921691231950266,1.3564659966250538,0.7513255194979376,2.038875724994952,0.16312172727104532,0.6475452900375315,0.24921691231950266,1.3564659966250538,0.7513255194979376,145.0615138888889,0.0,22,7.0,0.075,0.3333333333333333,60.0
2,PAA-noPriority,0,0.730815966787181,0.24093135972724417,1.1832159566199234,0.7122667172257595,2.814098821559088,0.15163060036665876,0.730815966787181,0.24093135972724417,1.1832159566199234,0.7122667172257595,295.99565277777776,0.0,22,5.0,0.075,0.3333333333333333,60.0
2,PAA-noPriority,1,0.6657221918841593,0.27880082737965217,1.077032961426901,0.5895486552979501,2.098659997226904,0.14150002334093287,0.6657221918841593,0.27880082737965217,1.077032961426901,0.5895486552979501,128.20722916666668,0.0,23,5.0,0.075,0.3333333333333333,60.0
2,PAA-noPriority,2,0.678754847857386,0.2798851989350412,0.848528137423857,0.7740602583056045,3.336779070815293,0.11991945918840415,0.678754847857386,0.2798851989350412,0.848528137423857,0.7740602583056045,320.66623611111106,0.0,28,3.0,0.1,0.25,60.0
2,PAA-noPriority,3,0.6543082997569846,0.25585965127471316,1.019803902718557,0.6310924536730905,2.489380092658524,0.14406030532461145,0.6543082997569846,0.25585965127471316,1.019803902718557,0.6310924536730905,132.73821180555555,0.0,25,4.0,0.125,0.4,60.0
2,PAA-noPriority,4,0.702805104289,0.2604552207136105,0.9797958971132714,0.7861005433390295,3.507090476183051,0.1258568053125093,0.702805104289,0.2604552207136105,0.9797958971132714,0.7861005433390295,350.98629861111107,0.0,25,3.0,0.075,0.6666666666666666,60.0
2,PAA-noPriority,5,0.6415167229236933,0.2568016391852197,1.0954451150103324,0.6228276524668094,2.1532928605303687,0.1311081120013789,0.6415167229236933,0.2568016391852197,1.0954451150103324,0.6228276524668094,182.86800694444446,0.0,26,6.0,0.075,0.3333333333333333,60.0
2,PAA-noPriority,6,0.6716654975422657,0.2659595614926439,1.2489995996796797,0.769915904815716,3.2032004389295436,0.13119594532524148,0.6716654975422657,0.2659595614926439,1.2489995996796797,0.769915904815716,423.57325347222223,0.0,24,7.0,0.1,0.5,60.0
2,PAA-noPriority,7,0.6871121289490799,0.2662607823440744,1.148912529307606,0.5610607346338984,2.885170824731072,0.12433446613860819,0.6871121289490799,0.2662607823440744,1.148912529307606,0.5610607346338984,273.58914930555557,0.0,24,5.0,0.075,0.3333333333333333,60.0
2,PAA-noPriority,8,0.6237705007117091,0.2692771863312348,1.2328828005937953,0.6032449522555682,1.8091276227552409,0.13878272946139908,0.6237705007117091,0.2692771863312348,1.2328828005937953,0.6032449522555682,145.0823090277778,0.0,23,6.0,0.05,0.5,60.0
2,PAA-noPriority,9,0.7237430974327292,0.288988753021702,0.894427190999916,0.7345135213866307,3.6547590612863075,0.11668589901853017,0.7237430974327292,0.288988753021702,0.894427190999916,0.7345135213866307,475.99034375,0.0,27,3.0,0.125,0.6,60.0
2,PAA-noPriority,10,0.748530860135015,0.26537948135884715,1.1313708498984762,0.6702724154924542,3.2308693063533966,0.12448957817696366,0.748530860135015,0.26537948135884715,1.1313708498984762,0.6702724154924542,315.33446527777767,0.0,22,4.0,0.05,0.0,60.0
2,PAA-noPriority,11,0.6014184969649785,0.2795172563003411,0.938083151964686,0.5653245672383809,2.3664990608467207,0.11195970922746382,0.6014184969649785,0.2795172563003411,0.938083151964686,0.5653245672383809,199.3361840277778,0.0,26,4.0,0.05,0.5,60.0
2,PAA-noPriority,12,0.7068804669176151,0.25472554338489023,1.0770329614269007,0.6362533079576111,2.737227829515036,0.1284238032425533,0.7068804669176151,0.25472554338489023,1.0770329614269007,0.6362533079576111,246.57490972222217,0.0,23,5.0,0.05,0.5,60.0
2,PAA-noPriority,13,0.7462668582109211,0.25949947741031565,1.0392304845413265,0.708433202598979,3.4198031222409453,0.13942340763218453,0.7462668582109211,0.25949947741031565,1.0392304845413265,0.708433202598979,353.4258993055555,0.0,22,3.0,0.1,0.5,60.0
2,PAA-noPriority,14,0.6757656744404467,0.30152902841045864,0.9380831519646861,0.5819903383938023,2.7496812141320546,0.11033891480255413,0.6757656744404467,0.30152902841045864,0.9380831519646861,0.5819903383938023,247.43462499999995,0.0,27,4.0,0.1,0.5,60.0
2,PAA-noPriority,15,0.6689352638306106,0.21725017389239812,1.4000000000000001,0.6523771064104116,2.7281660874642535,0.12379227341795343,0.6689352638306106,0.21725017389239812,1.4000000000000001,0.6523771064104116,215.6280277777778,0.0,19,7.0,0.15,0.5,60.0
2,PAA-noPriority,16,0.6780841253076406,0.25595006989325125,1.1661903789690602,0.7758678492737743,3.1179857577973147,0.14164055197645362,0.6780841253076406,0.25595006989325125,1.1661903789690602,0.7758678492737743,334.20346180555555,0.0,22,5.0,0.1,0.5,60.0
2,PAA-noPriority,17,0.625036750833952,0.2708734253164341,1.2489995996796797,0.53448368213367,1.9384255468065024,0.10339962312001343,0.625036750833952,0.2708734253164341,1.2489995996796797,0.53448368213367,125.74605555555554,0.0,19,5.0,0.05,0.0,60.0
2,PAA-noPriority,18,0.6295141707520427,0.29004510056732663,1.0583005244258363,0.8019901643548912,2.650127298326116,0.13475697302355127,0.6295141707520427,0.29004510056732663,1.0583005244258363,0.8019901643548912,168.02006944444446,0.0,26,5.0,0.1,0.5,60.0
2,PAA-noPriority,19,0.6683654678750548,0.22378287226658938,1.3266499161421599,0.6169308715476675,2.9051451963320045,0.10865341290223547,0.6683654678750548,0.22378287226658938,1.3266499161421599,0.6169308715476675,409.8935416666667,0.0,21,7.0,0.1,0.75,60.0
2,PAA-noPriority,20,0.5994881595797598,0.2770356124763346,0.916515138991168,0.699064282005798,2.2873899453889166,0.13323131958902398,0.5994881595797598,0.2770356124763346,0.916515138991168,0.699064282005798,220.28070486111113,0.0,27,4.0,0.1,0.25,60.0
2,PAA-noPriority,21,0.6754589044685086,0.2359154880724425,1.077032961426901,0.597336515451578,2.8346988059962404,0.13791985982750019,0.6754589044685086,0.2359154880724425,1.077032961426901,0.597336515451578,204.70046874999997,0.0,23,4.0,0.05,0.0,60.0
2,PAA-noPriority,22,0.7437760385105344,0.27881521687958777,0.938083151964686,0.704008316834846,2.9962558368891243,0.14071715901850693,0.7437760385105344,0.27881521687958777,0.938083151964686,0.704008316834846,315.4508055555555,0.0,27,4.0,0.1,0.5,60.0
2,PAA-noPriority,23,0.7346074015441608,0.23162868521117003,1.0954451150103324,0.7300767448875577,3.4740451622388817,0.16531746215232684,0.7346074015441608,0.23162868521117003,1.0954451150103324,0.7300767448875577,424.45994444444443,0.0,24,5.0,0.125,0.6,60.0
2,PAA-noPriority,24,0.7381494434234799,0.2530682813947318,1.2489995996796797,0.7858174723068077,3.024093486330973,0.15597704806002916,0.7381494434234799,0.2530682813947318,1.2489995996796797,0.7858174723068077,203.7505555555556,0.0,21,6.0,0.075,0.0,60.0
2,PAA-noPriority,25,0.7349994832757129,0.23445720071213208,1.2649110640673518,0.6367370228036097,3.587967256861952,0.11346084427034321,0.7349994832757129,0.23445720071213208,1.2649110640673518,0.6367370228036097,326.8558715277778,0.0,21,5.0,0.05,0.0,60.0
2,PAA-noPriority,26,0.7120754863645669,0.2506302937706687,1.2649110640673518,0.7234880754643626,2.690203810913419,0.14655046608884115,0.7120754863645669,0.2506302937706687,1.2649110640673518,0.7234880754643626,219.71001736111117,0.0,21,5.0,0.125,0.4,60.0
2,PAA-noPriority,27,0.6546838069241675,0.3031335909800105,1.0392304845413265,0.8136182549874589,2.5810716246677825,0.1429660608431116,0.6546838069241675,0.3031335909800105,1.0392304845413265,0.8136182549874589,230.2103784722222,0.0,25,4.0,0.175,0.5714285714285714,60.0
2,PAA-noPriority,28,0.677455734784975,0.21653948489127028,1.0954451150103324,0.6174144734782802,2.525211022344842,0.1383333002567144,0.677455734784975,0.21653948489127028,1.0954451150103324,0.6174144734782802,182.72091666666665,0.0,26,6.0,0.025,0.0,60.0
2,PAA-noPriority,29,0.6346951583259001,0.30545588422624476,1.077032961426901,0.8322846192313961,2.245068734803496,0.16334499569344813,0.6346951583259001,0.30545588422624476,1.077032961426901,0.8322846192313961,115.25813541666666,0.0,24,4.0,0.1,0.5,60.0
2,PAA-noAdaptive,0,0.7408651342360008,0.23246993532701637,1.5748015748023623,0.869844512599629,3.0180961001217383,0.18623667012054376,0.7408651342360008,0.23246993532701637,1.5748015748023623,0.869844512599629,334.29574305555553,0.0,17,7.0,0.125,0.6,60.0
2,PAA-noAdaptive,1,0.7180706621652211,0.2445615966444028,1.697056274847714,0.9257802841412591,2.4945245688062685,0.18147123477919977,0.7180706621652211,0.2445615966444028,1.697056274847714,0.9257802841412591,212.9902847222222,0.0,14,7.0,0.125,0.6,60.0
2,PAA-noAdaptive,2,0.6834969437963524,0.21834581418989404,1.4560219778561037,0.798334549698645,2.929468834112776,0.1851003682205658,0.6834969437963524,0.21834581418989404,1.4560219778561037,0.798334549698645,236.19494097222224,0.0,19,8.0,0.075,0.0,60.0
2,PAA-noAdaptive,3,0.7262837180994631,0.23589059460922082,1.708800749063506,0.843206329594325,2.397765034058046,0.1812585755199092,0.7262837180994631,0.23589059460922082,1.708800749063506,0.843206329594325,243.05238194444442,0.0,18,9.0,0.075,0.3333333333333333,60.0
2,PAA-noAdaptive,4,0.7336604516853416,0.24332963366146423,1.4832396974191326,0.8225942235936522,2.6755940913517846,0.1898681053816719,0.7336604516853416,0.24332963366146423,1.4832396974191326,0.8225942235936522,280.5780520833333,0.0,21,9.0,0.15,0.3333333333333333,60.0
2,PAA-noAdaptive,5,0.7059992773071354,0.24765709744280812,1.385640646055102,0.8045356671723122,2.697954610336643,0.19279411172063934,0.7059992773071354,0.24765709744280812,1.385640646055102,0.8045356671723122,317.10293402777774,0.0,22,8.0,0.1,0.5,60.0
2,PAA-noAdaptive,6,0.6734054427842551,0.2647768226655323,1.0954451150103324,0.6847492259247072,2.4649025761221,0.1833559025467282,0.6734054427842551,0.2647768226655323,1.0954451150103324,0.6847492259247072,247.6433159722222,0.0,24,5.0,0.075,0.3333333333333333,60.0
2,PAA-noAdaptive,7,0.684833065300144,0.2698896146022932,1.3711309200802089,0.7596709969445193,2.585877711401582,0.16647293046823247,0.684833065300144,0.2698896146022932,1.3711309200802089,0.7596709969445193,305.65611111111116,0.0,23,7.0,0.05,0.5,60.0
2,PAA-noAdaptive,8,0.688261951726999,0.2505506494273724,1.4560219778561037,0.7296061287947634,1.8552648517345915,0.2015067465162357,0.688261951726999,0.2505506494273724,1.4560219778561037,0.7296061287947634,111.41668055555556,0.0,22,7.0,0.05,0.5,60.0
2,PAA-noAdaptive,9,0.6966660617943236,0.24192410038689233,1.371130920080209,0.713323767553737,2.6666263945115567,0.18706277110003597,0.6966660617943236,0.24192410038689233,1.371130920080209,0.713323767553737,264.76691319444444,0.0,21,6.0,0.025,1.0,60.0
2,PAA-noAdaptive,10,0.6615244598882297,0.23567964485500653,1.649242250247064,0.7407867187950666,1.9181378996997496,0.18546360106617116,0.6615244598882297,0.23567964485500653,1.649242250247064,0.7407867187950666,190.78592013888888,0.0,20,10.0,0.05,1.0,60.0
2,PAA-noAdaptive,11,0.6994910074110782,0.2527405984217036,1.5874507866387546,0.815523673733562,1.7872044330359351,0.1924946550127648,0.6994910074110782,0.2527405984217036,1.5874507866387546,0.815523673733562,110.41028125000003,0.0,19,8.0,0.075,0.6666666666666666,60.0
2,PAA-noAdaptive,12,0.6539252457926107,0.262940296464389,1.2328828005937953,0.6821896889072456,2.4408061392947666,0.17057653750171523,0.6539252457926107,0.262940296464389,1.2328828005937953,0.6821896889072456,214.1630138888889,0.0,22,6.0,0.05,0.0,60.0
2,PAA-noAdaptive,13,0.6901018723953287,0.2140751077850313,1.649242250247064,0.756222977440834,2.0400542711594576,0.18104116214635319,0.6901018723953287,0.2140751077850313,1.649242250247064,0.756222977440834,144.7664861111111,0.0,20,10.0,0.05,0.5,60.0
2,PAA-noAdaptive,14,0.7249000253093613,0.24554116871300283,1.2806248474865698,0.8004037479492558,3.208372296996745,0.17703712542511243,0.7249000253093613,0.24554116871300283,1.2806248474865698,0.8004037479492558,413.5584062499999,0.0,21,6.0,0.175,0.5714285714285714,60.0
2,PAA-noAdaptive,15,0.6510352742920664,0.23872043009534388,1.5362291495737217,0.7216721609686934,1.785775380620319,0.18251054502123626,0.6510352742920664,0.23872043009534388,1.5362291495737217,0.7216721609686934,111.91305208333333,0.0,19,8.0,0.125,0.4,60.0
2,PAA-noAdaptive,16,0.7488965138861504,0.2174246781161659,1.6370705543744901,0.8394867749138395,2.888358298435141,0.18078011209620407,0.7488965138861504,0.2174246781161659,1.6370705543744901,0.8394867749138395,313.44323958333325,0.0,18,8.0,0.1,0.75,60.0
2,PAA-noAdaptive,17,0.7272959400997867,0.25342688198055463,1.5231546211727818,0.8696292990147139,2.580586350156342,0.18444259097382662,0.7272959400997867,0.25342688198055463,1.5231546211727818,0.8696292990147139,230.33202430555554,0.0,19,7.0,0.1,0.5,60.0
2,PAA-noAdaptive,18,0.6626945640415224,0.2626786944438986,1.1832159566199234,0.7089828298813294,2.505384024005671,0.18961100648532234,0.6626945640415224,0.2626786944438986,1.1832159566199234,0.7089828298813294,277.84790972222214,0.0,24,6.0,0.075,0.3333333333333333,60.0
2,PAA-noAdaptive,19,0.7272604597196665,0.23562593434670168,1.4560219778561037,0.8086467746715131,3.216692570736164,0.17578635798863354,0.7272604597196665,0.23562593434670168,1.4560219778561037,0.8086467746715131,335.5139375,0.0,19,6.0,0.075,0.3333333333333333,60.0
2,PAA-noAdaptive,20,0.7224947373418124,0.25582618001843704,1.4000000000000001,0.8267237742139683,3.068158053559432,0.17877915068655834,0.7224947373418124,0.25582618001843704,1.4000000000000001,0.8267237742139683,298.9482673611111,0.0,20,6.0,0.075,0.3333333333333333,60.0
2,PAA-noAdaptive,21,0.7259608524345218,0.2463140729308229,1.4422205101855958,0.8597431354628053,2.9036202365143473,0.17576213290813836,0.7259608524345218,0.2463140729308229,1.4422205101855958,0.8597431354628053,282.25460069444443,0.0,21,7.0,0.1,0.5,60.0
2,PAA-noAdaptive,22,0.7223728180532443,0.23488623080177812,1.673320053068151,0.8607373799131087,2.285023975362441,0.19609671638378748,0.7223728180532443,0.23488623080177812,1.673320053068151,0.8607373799131087,211.4857743055555,0.0,19,9.0,0.125,0.4,60.0
2,PAA-noAdaptive,23,0.725292088110899,0.21322049664115417,1.6970562748477138,0.789333911943398,2.080630243164871,0.19464589636506452,0.725292088110899,0.21322049664115417,1.6970562748477138,0.789333911943398,145.73401041666665,0.0,19,10.0,0.1,0.25,60.0
2,PAA-noAdaptive,24,0.6908248599825699,0.23939813708592733,1.3416407864998738,0.8116620830319541,2.8041865571033933,0.1862282276392373,0.6908248599825699,0.23939813708592733,1.3416407864998738,0.8116620830319541,281.2568993055555,0.0,22,7.0,0.1,0.5,60.0
2,PAA-noAdaptive,25,0.6041565656599075,0.2604305524853385,1.4832396974191324,0.6956870789519426,1.6027048979405691,0.18877273267409095,0.6041565656599075,0.2604305524853385,1.4832396974191324,0.6956870789519426,93.01268750000001,0.0,20,9.0,0.05,0.5,60.0
2,PAA-noAdaptive,26,0.7335852264039943,0.2384593846712893,1.4696938456699071,0.7936634694809473,2.9179969077527845,0.1874603805494673,0.7335852264039943,0.2384593846712893,1.4696938456699071,0.7936634694809473,298.3969027777777,0.0,19,7.0,0.1,0.75,60.0
2,PAA-noAdaptive,27,0.7232362189401249,0.21506083823189504,1.9595917942265424,0.759356975935346,1.694690466668856,0.17899859297651247,0.7232362189401249,0.21506083823189504,1.9595917942265424,0.759356975935346,110.73261111111114,0.0,19,12.0,0.05,0.0,60.0
2,PAA-noAdaptive,28,0.7160185864509643,0.23915747286214772,1.5999999999999999,0.8148621503405898,2.605402505330903,0.1776666231569207,0.7160185864509643,0.23915747286214772,1.5999999999999999,0.8148621503405898,262.36711111111106,0.0,21,10.0,0.15,0.3333333333333333,60.0
2,PAA-noAdaptive,29,0.7006950253421435,0.2602798072446989,1.2000000000000002,0.6915285724349516,2.9420178023132504,0.1655278325349881,0.7006950253421435,0.2602798072446989,1.2000000000000002,0.6915285724349516,312.67151388888885,0.0,27,6.0,0.1,0.25,60.0
2,PAA-noSLAMut,0,0.7007538009874181,0.2417532546371955,1.562049935181331,0.8917441875076655,3.034146614312239,0.18012870338736975,0.7007538009874181,0.2417532546371955,1.562049935181331,0.8917441875076655,361.49739236111105,0.0,16,7.0,0.125,0.6,60.0
2,PAA-noSLAMut,1,0.6328153781769588,0.26376962626895006,1.5748015748023623,0.8049324578988981,2.0661755358331297,0.1721637058884283,0.6328153781769588,0.26376962626895006,1.5748015748023623,0.8049324578988981,179.33817708333336,0.0,22,10.0,0.075,0.3333333333333333,60.0
2,PAA-noSLAMut,2,0.7332675134048605,0.23641283789559148,1.4422205101855958,0.7455982172085134,2.7103519952808184,0.17443760420186888,0.7332675134048605,0.23641283789559148,1.4422205101855958,0.7455982172085134,250.18910763888888,0.0,17,6.0,0.025,0.0,60.0
2,PAA-noSLAMut,3,0.7248377124944663,0.2913862780590118,1.32664991614216,0.8743994136443549,2.7996260779690596,0.18100551349494046,0.7248377124944663,0.2913862780590118,1.32664991614216,0.8743994136443549,262.1259618055555,0.0,20,6.0,0.125,0.6,60.0
2,PAA-noSLAMut,4,0.7290865297400236,0.24639564979374687,1.4422205101855958,0.8057611042435733,2.945530050396595,0.18996702595942427,0.7290865297400236,0.24639564979374687,1.4422205101855958,0.8057611042435733,297.6905034722222,0.0,18,6.0,0.1,0.25,60.0
2,PAA-noSLAMut,5,0.7548773980052961,0.25591614961837045,1.5231546211727818,0.8020333926370613,2.914826830017785,0.17702216427798384,0.7548773980052961,0.25591614961837045,1.5231546211727818,0.8020333926370613,327.9781597222222,0.0,18,7.0,0.075,0.3333333333333333,60.0
2,PAA-noSLAMut,6,0.7022810282998535,0.21636733873978561,1.5491933384829668,0.6956162649407128,2.0238144385711547,0.1849664351680074,0.7022810282998535,0.21636733873978561,1.5491933384829668,0.6956162649407128,161.46144444444445,0.0,20,9.0,0.05,0.0,60.0
2,PAA-noSLAMut,7,0.7215423177857936,0.2193986571908068,1.5874507866387544,0.8249266357659799,2.7223432960558016,0.17761210769639907,0.7215423177857936,0.2193986571908068,1.5874507866387544,0.8249266357659799,281.8524791666667,0.0,19,9.0,0.075,0.3333333333333333,60.0
2,PAA-noSLAMut,8,0.747680551188316,0.25209137873093324,1.216552506059644,0.8108991515997609,3.1725319519152118,0.17794161501066735,0.747680551188316,0.25209137873093324,1.216552506059644,0.8108991515997609,332.6134444444444,0.0,22,5.0,0.125,0.4,60.0
2,PAA-noSLAMut,9,0.7298108635376126,0.22699382794948114,1.7549928774784243,0.8890383554213198,2.654990697213436,0.17812586916303794,0.7298108635376126,0.22699382794948114,1.7549928774784243,0.8890383554213198,279.2785972222222,0.0,16,10.0,0.15,0.6666666666666666,60.0
2,PAA-noSLAMut,10,0.6703038573340692,0.26671583847680724,1.6,0.8572054656302341,2.275669824229488,0.170900916676908,0.6703038573340692,0.26671583847680724,1.6,0.8572054656302341,210.19022916666663,0.0,20,9.0,0.125,0.6,60.0
2,PAA-noSLAMut,11,0.6763843889319705,0.2604334687575992,1.2649110640673518,0.6801126422627759,2.037059865530226,0.19640846390383587,0.6763843889319705,0.2604334687575992,1.2649110640673518,0.6801126422627759,143.9590659722222,0.0,23,6.0,0.025,0.0,60.0
2,PAA-noSLAMut,12,0.7213686401068704,0.2355868572377866,1.708800749063506,0.8379879079995411,2.5112139681274366,0.1820278868814109,0.7213686401068704,0.2355868572377866,1.708800749063506,0.8379879079995411,260.2203402777777,0.0,19,9.0,0.1,0.5,60.0
2,PAA-noSLAMut,13,0.7303553151099511,0.2236018452056734,1.5491933384829668,0.7367566642050987,2.57672520495927,0.18999199347864176,0.7303553151099511,0.2236018452056734,1.5491933384829668,0.7367566642050987,260.8806458333333,0.0,18,7.0,0.05,0.5,60.0
2,PAA-noSLAMut,14,0.7534969695078596,0.21061530869773604,1.562049935181331,0.8008459659561333,2.77562392389468,0.1805792873858172,0.7534969695078596,0.21061530869773604,1.562049935181331,0.8008459659561333,279.7067673611111,0.0,18,7.0,0.075,0.3333333333333333,60.0
2,PAA-noSLAMut,15,0.7049241364635209,0.2440675298259943,1.32664991614216,0.7249903936358427,2.4449031064509925,0.17926312984617124,0.7049241364635209,0.2440675298259943,1.32664991614216,0.7249903936358427,280.6714201388889,0.0,23,7.0,0.075,0.3333333333333333,60.0
2,PAA-noSLAMut,16,0.7249402328059305,0.217798376740938,1.6613247725836147,0.8381673199845295,2.58880383890567,0.1813733865670408,0.7249402328059305,0.217798376740938,1.6613247725836147,0.8381673199845295,201.15985416666666,0.0,17,9.0,0.1,0.75,60.0
2,PAA-noSLAMut,17,0.7107211445533157,0.2566867836283372,1.2328828005937955,0.8835419935651287,3.2127363636624273,0.19093098115006846,0.7107211445533157,0.2566867836283372,1.2328828005937955,0.8835419935651287,318.16022222222216,0.0,22,5.0,0.125,0.4,60.0
2,PAA-noSLAMut,18,0.6443532597510028,0.24082769174909213,1.6370705543744897,0.7352093961765466,1.7724369448752177,0.17370622187469487,0.6443532597510028,0.24082769174909213,1.6370705543744897,0.7352093961765466,128.8540104166667,0.0,19,10.0,0.075,0.3333333333333333,60.0
2,PAA-noSLAMut,19,0.7579954675714818,0.22226554909035653,1.6,0.8028779099521615,2.915981676994805,0.17648154345804182,0.7579954675714818,0.22226554909035653,1.6,0.8028779099521615,357.8414965277777,0.0,18,7.0,0.05,0.5,60.0
2,PAA-noSLAMut,20,0.750160103428694,0.21767718835335986,1.61245154965971,0.8230659439206407,2.7903934442062925,0.1923442560069972,0.750160103428694,0.21767718835335986,1.61245154965971,0.8230659439206407,295.0471840277777,0.0,18,7.0,0.05,0.5,60.0
2,PAA-noSLAMut,21,0.6662054304671787,0.2899869169191583,1.4560219778561037,0.8225849081174242,2.2349237067917533,0.17482205396465827,0.6662054304671787,0.2899869169191583,1.4560219778561037,0.8225849081174242,194.77637152777774,0.0,20,8.0,0.15,0.5,60.0
2,PAA-noSLAMut,22,0.7438813104442582,0.2385637035103328,1.4282856857085702,0.7953153233434485,3.007654428520476,0.17581897967430057,0.7438813104442582,0.2385637035103328,1.4282856857085702,0.7953153233434485,316.2235486111111,0.0,21,7.0,0.125,0.6,60.0
2,PAA-noSLAMut,23,0.6360926600660082,0.3012380723561384,1.2806248474865698,0.7054775085513771,2.028130663414833,0.1686302706286338,0.6360926600660082,0.3012380723561384,1.2806248474865698,0.7054775085513771,231.8802465277778,0.0,22,6.0,0.075,0.6666666666666666,60.0
2,PAA-noSLAMut,24,0.6552371772747316,0.24740436131682803,1.4282856857085702,0.8127128465379304,2.8012358140448694,0.18133282445642107,0.6552371772747316,0.24740436131682803,1.4282856857085702,0.8127128465379304,343.00199305555543,0.0,20,8.0,0.175,0.42857142857142855,60.0
2,PAA-noSLAMut,25,0.7422956918456538,0.22075271476681632,1.523154621172782,0.761592009649767,2.8436041564638517,0.1883684741642121,0.7422956918456538,0.22075271476681632,1.523154621172782,0.761592009649767,250.77143055555553,0.0,18,6.0,0.075,0.3333333333333333,60.0
2,PAA-noSLAMut,26,0.7123910526001233,0.24388698369797535,1.4000000000000001,0.7944880192198088,3.123308969393529,0.1726089856236291,0.7123910526001233,0.24388698369797535,1.4000000000000001,0.7944880192198088,361.3117465277777,0.0,18,6.0,0.1,0.5,60.0
2,PAA-noSLAMut,27,0.7042915346251217,0.24921583137287087,1.4422205101855958,0.9085937065902655,2.7466119132539646,0.17340477447942992,0.7042915346251217,0.24921583137287087,1.4422205101855958,0.9085937065902655,247.49312152777776,0.0,19,7.0,0.15,0.5,60.0
2,PAA-noSLAMut,28,0.7532714023022358,0.211909628310869,1.7549928774784243,0.8180213779073116,2.8436766736616264,0.17865697263199098,0.7532714023022358,0.211909628310869,1.7549928774784243,0.8180213779073116,331.18622916666664,0.0,17,9.0,0.05,0.5,60.0
2,PAA-noSLAMut,29,0.6735539736031373,0.27432392362610103,1.4560219778561037,0.820888680162182,2.5400140240655524,0.16911849663818532,0.6735539736031373,0.27432392362610103,1.4560219778561037,0.820888680162182,229.21640277777777,0.0,20,8.0,0.1,0.5,60.0
3,Random,0,0.46736343978095085,0.3896614910548426,0.8944271909999159,0.39870972235897206,3.014243025574637,,0.46736343978095085,0.3896614910548426,0.8944271909999159,0.39870972235897206,275.13254513888893,0.0,28,4.0,0.075,0.3333333333333333,
3,RoundRobin,0,0.46525726390346794,0.420721792646683,0.6,0.39702021143394617,3.054745658019379,,0.46525726390346794,0.420721792646683,0.6,0.39702021143394617,317.67171874999997,0.0,35,2.0,0.075,0.3333333333333333,
3,FIFO,0,0.27566547036136435,0.5416019762428336,3.4467375879228164,0.4307345230364595,3.6394023505970323,,0.27566547036136435,0.5416019762428336,3.4467375879228164,0.4307345230364595,796.5975173611114,0.0,5,19.0,0.075,0.3333333333333333,
3,LeastLoaded,0,0.4571643582225898,0.4057810426103618,0.4,0.44910882887135095,3.345183965080409,,0.4571643582225898,0.4057810426103618,0.4,0.44910882887135095,440.8764861111111,0.0,40,1.0,0.025,0.0,
3,GreedyBestOutcome,0,0.6761534536059384,0.26947394251368895,2.1071307505705477,0.6864005610446208,3.6177051577481913,,0.6761534536059384,0.26947394251368895,2.1071307505705477,0.6864005610446208,362.7487256944443,0.0,12,11.0,0.1,0.75,
3,StandardNSGA2,0,0.6278705152074516,0.3071715425615048,1.216552506059644,0.7449731988891042,2.4855219977581706,0.06754613580015434,0.6278705152074516,0.3071715425615048,1.216552506059644,0.7449731988891042,194.65080902777774,0.0,23,6.0,0.1,0.25,60.0
3,StandardNSGA2,1,0.558076273613198,0.3191344032189666,0.9797958971132713,0.6120661046633096,2.8666588942889843,0.05547005780317055,0.558076273613198,0.3191344032189666,0.9797958971132713,0.6120661046633096,249.6171145833333,0.0,25,3.0,0.075,0.3333333333333333,60.0
3,StandardNSGA2,2,0.5547092237713063,0.32186693698141366,1.0954451150103324,0.7892902200697135,2.550039336496682,0.06975557895721875,0.5547092237713063,0.32186693698141366,1.0954451150103324,0.7892902200697135,228.97880208333328,0.0,28,6.0,0.075,0.6666666666666666,60.0
3,StandardNSGA2,3,0.5486918307040545,0.31837239538397727,0.8717797887081347,0.7548444872777391,2.5929131994902628,0.06471576030588819,0.5486918307040545,0.31837239538397727,0.8717797887081347,0.7548444872777391,151.06055208333333,0.0,28,4.0,0.025,0.0,60.0
3,StandardNSGA2,4,0.583225364613471,0.2749005711110448,1.216552506059644,0.7348898371867405,2.413784921592547,0.0750306343477524,0.583225364613471,0.2749005711110448,1.216552506059644,0.7348898371867405,163.76746874999998,0.0,23,6.0,0.075,0.6666666666666666,60.0
3,StandardNSGA2,5,0.5992363872360154,0.27065241086757896,1.4422205101855958,0.8121809869102478,2.55931171092109,0.0668175390218787,0.5992363872360154,0.27065241086757896,1.4422205101855958,0.8121809869102478,197.87811458333329,0.0,20,7.0,0.1,0.25,60.0
3,StandardNSGA2,6,0.5892328820319085,0.29723017374975125,1.3564659966250536,0.7650221409261981,3.1702717577331017,0.06084005004866996,0.5892328820319085,0.29723017374975125,1.3564659966250536,0.7650221409261981,482.002986111111,0.0,19,5.0,0.025,1.0,60.0
3,StandardNSGA2,7,0.586410320912641,0.29425532263483023,1.32664991614216,0.8018282207962807,3.4774722786509997,0.0464188500874058,0.586410320912641,0.29425532263483023,1.32664991614216,0.8018282207962807,351.44042361111104,0.0,20,6.0,0.125,0.4,60.0
3,StandardNSGA2,8,0.569252618673221,0.3173903781102939,1.019803902718557,0.6268855877375344,3.157777148678634,0.04716278815399155,0.569252618673221,0.3173903781102939,1.019803902718557,0.6268855877375344,237.77718402777776,0.0,26,4.0,0.075,0.3333333333333333,60.0
3,StandardNSGA2,9,0.5713097905257328,0.3272112058433588,1.077032961426901,0.7812495576548402,3.1677848357868097,0.054013425296759,0.5713097905257328,0.3272112058433588,1.077032961426901,0.7812495576548402,285.58090624999994,0.0,22,4.0,0.075,0.6666666666666666,60.0
3,StandardNSGA2,10,0.5819469473392156,0.31828607025840405,1.1832159566199234,0.853157736034025,3.6898843366995804,0.04490455137651734,0.5819469473392156,0.31828607025840405,1.1832159566199234,0.853157736034025,429.46143749999993,0.0,23,6.0,0.075,0.6666666666666666,60.0
3,StandardNSGA2,11,0.6112648587622562,0.3333102389112338,1.2806248474865698,0.6705905005512427,2.150612106056591,0.05755705252300228,0.6112648587622562,0.3333102389112338,1.2806248474865698,0.6705905005512427,316.2445173611111,0.0,20,6.0,0.1,0.25,60.0
3,StandardNSGA2,12,0.6328036409956046,0.29459013789799904,1.4832396974191326,0.7311450939356003,2.0530147803200847,0.05862017749109995,0.6328036409956046,0.29459013789799904,1.4832396974191326,0.7311450939356003,158.07120138888882,0.0,19,7.0,0.075,0.3333333333333333,60.0
3,StandardNSGA2,13,0.5213923339816852,0.32322988260374785,1.0392304845413265,0.5721376380536066,2.2797675211344304,0.05903627910278599,0.5213923339816852,0.32322988260374785,1.0392304845413265,0.5721376380536066,183.0122777777778,0.0,24,4.0,0.1,0.0,60.0
3,StandardNSGA2,14,0.5125739920870883,0.3295641107526869,1.0583005244258363,0.7537838747680874,2.5970237092259736,0.06103673404047708,0.5125739920870883,0.3295641107526869,1.0583005244258363,0.7537838747680874,201.3212361111111,0.0,25,5.0,0.05,0.5,60.0
3,StandardNSGA2,15,0.5170405582282169,0.37157396937263254,0.9591663046625439,0.5973165942512416,1.8349403219415912,0.0533223575065367,0.5170405582282169,0.37157396937263254,0.9591663046625439,0.5973165942512416,147.06468055555555,0.0,26,4.0,0.05,0.0,60.0
3,StandardNSGA2,16,0.49173804767540874,0.3335619715919222,0.9797958971132713,0.6074151564754002,2.4383674996890905,0.05419833259554198,0.49173804767540874,0.3335619715919222,0.9797958971132713,0.6074151564754002,148.9290833333333,0.0,26,4.0,0.05,0.0,60.0
3,StandardNSGA2,17,0.4887302848619486,0.3630387831001193,1.0583005244258363,0.8691671404414472,2.854565340882402,0.04748364452027123,0.4887302848619486,0.3630387831001193,1.0583005244258363,0.8691671404414472,392.24037500000003,0.0,24,4.0,0.075,0.6666666666666666,60.0
3,StandardNSGA2,18,0.5591926090317498,0.33049459470368164,1.148912529307606,0.7125832492102235,3.1245797712385177,0.042870992851383495,0.5591926090317498,0.33049459470368164,1.148912529307606,0.7125832492102235,350.86351388888886,0.0,20,4.0,0.1,0.75,60.0
3,StandardNSGA2,19,0.5607983574908664,0.32379586878541505,1.0954451150103324,0.7056127859490664,3.0001055209130234,0.05739601859007903,0.5607983574908664,0.32379586878541505,1.0954451150103324,0.7056127859490664,343.0630243055555,0.0,25,5.0,0.05,1.0,60.0
3,StandardNSGA2,20,0.5129655816071871,0.3402369530305246,1.0954451150103324,0.7823531792341388,2.23262229537793,0.07483452394644452,0.5129655816071871,0.3402369530305246,1.0954451150103324,0.7823531792341388,222.25002083333342,0.0,25,5.0,0.05,0.5,60.0
3,StandardNSGA2,21,0.5655088634800105,0.2992064013070153,1.3416407864998738,0.7242808690762154,2.1262442533441757,0.06288967230618628,0.5655088634800105,0.2992064013070153,1.3416407864998738,0.7242808690762154,166.4736875,0.0,21,7.0,0.05,0.5,60.0
3,StandardNSGA2,22,0.5518986519618074,0.3232794428415926,1.2649110640673518,0.6491963866165534,2.3386817046350217,0.0556752034241139,0.5518986519618074,0.3232794428415926,1.2649110640673518,0.6491963866165534,208.58554166666664,0.0,22,5.0,0.05,0.5,60.0
3,StandardNSGA2,23,0.5856589272476175,0.3253939681244825,1.1661903789690602,0.7565821676068174,2.981680037237477,0.06328168446159724,0.5856589272476175,0.3253939681244825,1.1661903789690602,0.7565821676068174,450.1093888888889,0.0,22,5.0,0.15,0.3333333333333333,60.0
3,StandardNSGA2,24,0.6076404747874109,0.36833681454507217,1.1135528725660044,0.6455306541877339,2.194858747830725,0.057796255421764114,0.6076404747874109,0.36833681454507217,1.1135528725660044,0.6455306541877339,129.32179513888892,0.0,24,5.0,0.025,0.0,60.0
3,StandardNSGA2,25,0.6039834776154391,0.29061250938131,1.1661903789690602,0.6967117719534495,2.9382534223703436,0.06776610466868944,0.6039834776154391,0.29061250938131,1.1661903789690602,0.6967117719534495,298.68542013888884,0.0,24,5.0,0.1,0.5,60.0
3,StandardNSGA2,26,0.5726015644074904,0.29645530407162923,1.2961481396815722,0.6482680543494214,2.651190039836483,0.04022910358561255,0.5726015644074904,0.29645530407162923,1.2961481396815722,0.6482680543494214,251.34862152777777,0.0,21,6.0,0.025,0.0,60.0
3,StandardNSGA2,27,0.5972784597003497,0.3228392285880052,1.1661903789690602,0.7908393155750579,2.994797287623635,0.06267542089211915,0.5972784597003497,0.3228392285880052,1.1661903789690602,0.7908393155750579,232.77896874999996,0.0,24,5.0,0.1,0.5,60.0
3,StandardNSGA2,28,0.5522655001838653,0.33510419987136836,1.371130920080209,0.5992850613195675,1.0375091116805124,0.048516803787612486,0.5522655001838653,0.33510419987136836,1.371130920080209,0.5992850613195675,4.13525,0.0,19,6.0,0.05,0.5,60.0
3,StandardNSGA2,29,0.5848044931623738,0.3472745241302467,1.2165525060596443,0.7466456019127763,3.1993579958651126,0.045650342837270735,0.5848044931623738,0.3472745241302467,1.2165525060596443,0.7466456019127763,440.68921874999995,0.0,25,6.0,0.1,0.75,60.0
3,NSGA3,0,0.6224283092067697,0.2675171874272092,1.2489995996796797,0.7246845221303313,2.313896356945313,0.0908539521777097,0.6224283092067697,0.2675171874272092,1.2489995996796797,0.7246845221303313,194.03549305555552,0.0,23,7.0,0.05,0.0,18.0
3,NSGA3,1,0.5903461503927782,0.2821208961222425,1.6852299546352716,0.8507642826822119,1.4830678070705516,0.0849543514564491,0.5903461503927782,0.2821208961222425,1.6852299546352716,0.8507642826822119,45.01834722222223,0.0,19,10.0,0.075,0.3333333333333333,16.0
3,NSGA3,2,0.587368919430582,0.2804198881748602,1.216552506059644,0.8416133098822405,2.324589621210291,0.0935475830617091,0.587368919430582,0.2804198881748602,1.216552506059644,0.8416133098822405,211.91583680555556,0.0,24,6.0,0.15,0.6666666666666666,18.0
3,NSGA3,3,0.6022050210509253,0.27709827992343294,1.5874507866387544,0.808804264330476,1.6698603195054502,0.08743361551304142,0.6022050210509253,0.27709827992343294,1.5874507866387544,0.808804264330476,78.67860763888889,0.0,19,9.0,0.1,0.25,14.0
3,NSGA3,4,0.6103719277030908,0.28057809788719773,1.0392304845413265,0.7314974592431853,2.44449361561578,0.08765529688948198,0.6103719277030908,0.28057809788719773,1.0392304845413265,0.7314974592431853,146.7653819444444,0.0,25,4.0,0.075,0.3333333333333333,19.0
3,NSGA3,5,0.6421500327842645,0.2948048399545127,1.4142135623730951,0.8491586585679542,2.4655706816956484,0.09241857944020429,0.6421500327842645,0.2948048399545127,1.4142135623730951,0.8491586585679542,210.91250694444437,0.0,21,6.0,0.1,0.5,14.0
3,NSGA3,6,0.6230366747963316,0.307257525828486,1.216552506059644,0.8308330457527162,2.201447313426057,0.09901560407092241,0.6230366747963316,0.307257525828486,1.216552506059644,0.8308330457527162,175.62765624999994,0.0,22,6.0,0.05,1.0,18.0
3,NSGA3,7,0.6114526134668056,0.31808804287062004,1.1661903789690602,0.832044417610871,2.6181153727391284,0.08862065251397341,0.6114526134668056,0.31808804287062004,1.1661903789690602,0.832044417610871,169.83086458333335,0.0,23,5.0,0.125,0.2,20.0
3,NSGA3,8,0.5832081778811151,0.2889228220703002,0.9797958971132713,0.7400453967294769,1.8577181057144585,0.09673111723297793,0.5832081778811151,0.2889228220703002,0.9797958971132713,0.7400453967294769,78.07622222222223,0.0,26,4.0,0.025,0.0,19.0
3,NSGA3,9,0.618358932904628,0.26995864854235363,1.4832396974191329,0.8489060928829467,2.3476237921020813,0.0908192647586721,0.618358932904628,0.26995864854235363,1.4832396974191329,0.8489060928829467,227.14234374999995,0.0,21,7.0,0.1,0.75,19.0
3,NSGA3,10,0.6111114209454179,0.3078667125588276,1.3114877048604003,0.8667861087810781,1.7571606113426188,0.09869298353686379,0.6111114209454179,0.3078667125588276,1.3114877048604003,0.8667861087810781,61.96007291666666,0.0,22,6.0,0.075,0.3333333333333333,19.0
3,NSGA3,11,0.6373367257252983,0.27448679433701645,1.385640646055102,0.805796297974749,2.286852023954089,0.08676864572668186,0.6373367257252983,0.27448679433701645,1.385640646055102,0.805796297974749,181.30188888888887,0.0,20,6.0,0.05,0.5,17.0
3,NSGA3,12,0.6213038874597595,0.28976477051463095,1.3711309200802089,0.8571909505574261,2.021926795650007,0.09695022484185664,0.6213038874597595,0.28976477051463095,1.3711309200802089,0.8571909505574261,96.71488541666666,0.0,20,6.0,0.05,0.5,18.0
3,NSGA3,13,0.6184669190460748,0.32057901980926884,1.148912529307606,0.8606664511325747,2.5618628472264158,0.09239438869696745,0.6184669190460748,0.32057901980926884,1.148912529307606,0.8606664511325747,211.88462152777774,0.0,23,5.0,0.075,0.6666666666666666,15.0
3,NSGA3,14,0.6129258889222201,0.3197940543295469,1.2328828005937953,0.8535402302720871,2.3668704904804727,0.0931901075340474,0.6129258889222201,0.3197940543295469,1.2328828005937953,0.8535402302720871,167.4040034722222,0.0,22,6.0,0.075,0.3333333333333333,17.0
3,NSGA3,15,0.6230866579164003,0.26371256924466097,1.673320053068151,0.7637996120811239,1.5927144552765728,0.08371028364654981,0.6230866579164003,0.26371256924466097,1.673320053068151,0.7637996120811239,74.08919444444443,0.0,18,10.0,0.0,,16.0
3,NSGA3,16,0.5834793680297953,0.2870402655253494,1.2961481396815722,0.8688764012591239,2.3716555522288454,0.08586228621511927,0.5834793680297953,0.2870402655253494,1.2961481396815722,0.8688764012591239,194.54239583333327,0.0,23,7.0,0.175,0.2857142857142857,17.0
3,NSGA3,17,0.5663426691637079,0.3102498724134791,1.2489995996796797,0.8814994357210704,2.0727697324499337,0.08738060179972143,0.5663426691637079,0.3102498724134791,1.2489995996796797,0.8814994357210704,143.26842013888887,0.0,23,5.0,0.1,0.75,17.0
3,NSGA3,18,0.623273326575656,0.28525683643448474,1.1661903789690602,0.8570173157416804,2.9237843740217833,0.09460180129277251,0.623273326575656,0.28525683643448474,1.1661903789690602,0.8570173157416804,300.5047881944444,0.0,22,5.0,0.1,0.5,21.0
3,NSGA3,19,0.5864598300080976,0.2838110934360526,1.2806248474865698,0.8725682215625877,2.4097966229829395,0.09976293350844362,0.5864598300080976,0.2838110934360526,1.2806248474865698,0.8725682215625877,178.18152083333325,0.0,21,6.0,0.15,0.5,17.0
3,NSGA3,20,0.6207968170070408,0.3134980111038045,1.148912529307606,0.8660251650261251,2.662894219993656,0.09334441870164752,0.6207968170070408,0.3134980111038045,1.148912529307606,0.8660251650261251,230.11063888888884,0.0,23,5.0,0.1,0.5,18.0
3,NSGA3,21,0.62782088418133,0.29211381670626907,1.2961481396815722,0.8474774610030245,2.8861843103089755,0.08964372189789263,0.62782088418133,0.29211381670626907,1.2961481396815722,0.8474774610030245,281.5152951388888,0.0,23,6.0,0.125,0.4,17.0
3,NSGA3,22,0.5992165046718104,0.345713205426323,1.019803902718557,0.8474635097127796,2.6560058793017576,0.08864252606616407,0.5992165046718104,0.345713205426323,1.019803902718557,0.8474635097127796,231.4687256944444,0.0,26,5.0,0.125,0.6,17.0
3,NSGA3,23,0.5652852773123687,0.3256964947440001,1.2328828005937953,0.844859611662214,1.8723523162241746,0.0894299668900347,0.5652852773123687,0.3256964947440001,1.2328828005937953,0.844859611662214,123.39842013888885,0.0,23,7.0,0.05,0.5,16.0
3,NSGA3,24,0.6161944894154999,0.2804013254506773,1.216552506059644,0.7170714058158483,2.1764236480762116,0.09515100938834734,0.6161944894154999,0.2804013254506773,1.216552506059644,0.7170714058158483,113.67105208333332,0.0,26,7.0,0.05,0.0,20.0
3,NSGA3,25,0.614758983309593,0.28269787405994184,1.1832159566199234,0.8290010260014533,2.546428305067674,0.0917150392313682,0.614758983309593,0.28269787405994184,1.1832159566199234,0.8290010260014533,231.5007534722222,0.0,23,6.0,0.075,0.6666666666666666,17.0
3,NSGA3,26,0.6411992287213663,0.25858871705799336,1.4422205101855958,0.8126449327561585,2.531076631390717,0.0936933832304738,0.6411992287213663,0.25858871705799336,1.4422205101855958,0.8126449327561585,183.5121388888889,0.0,19,6.0,0.05,0.5,17.0
3,NSGA3,27,0.6401197735523223,0.27615462372053295,1.3711309200802089,0.7300996662916147,2.443486325465114,0.08773588445183236,0.6401197735523223,0.27615462372053295,1.3711309200802089,0.7300996662916147,196.07907638888886,0.0,20,6.0,0.025,0.0,16.0
3,NSGA3,28,0.5857409831571498,0.28025608808420627,1.2000000000000002,0.8521692897268931,2.428536143260684,0.08780062788962659,0.5857409831571498,0.28025608808420627,1.2000000000000002,0.8521692897268931,196.58360069444439,0.0,24,6.0,0.075,0.6666666666666666,17.0
3,NSGA3,29,0.5936895194299927,0.28413802730709137,1.4282856857085702,0.8810939174651882,2.5775031668259842,0.07739036696629818,0.5936895194299927,0.28413802730709137,1.4282856857085702,0.8810939174651882,166.3664548611111,0.0,21,7.0,0.075,0.3333333333333333,15.0
3,PAA-NSGA-II,0,0.5200131215500923,0.3160479024799819,1.6370705543744901,0.7673458163332926,1.8799811475979484,0.03996753825723747,0.5200131215500923,0.3160479024799819,1.6370705543744901,0.7673458163332926,127.76093402777778,0.0,16,8.0,0.1,0.0,60.0
3,PAA-NSGA-II,1,0.5863565719203694,0.3030288294666644,1.4142135623730951,0.697433747991502,2.185259170910249,0.057566119364682804,0.5863565719203694,0.3030288294666644,1.4142135623730951,0.697433747991502,145.5478125,0.0,19,6.0,0.05,0.0,60.0
3,PAA-NSGA-II,2,0.5774562905396214,0.3264559441881443,1.4422205101855958,0.9081764103548011,3.0255064570507466,0.04851135323627015,0.5774562905396214,0.3264559441881443,1.4422205101855958,0.9081764103548011,370.1550972222222,0.0,20,7.0,0.075,0.6666666666666666,60.0
3,PAA-NSGA-II,3,0.6004013319292824,0.2799531030453348,1.4000000000000001,0.6303549935154941,2.869481369836453,0.052098691749369104,0.6004013319292824,0.2799531030453348,1.4000000000000001,0.6303549935154941,215.06266319444444,0.0,20,6.0,0.0,,60.0
3,PAA-NSGA-II,4,0.571524528775562,0.28494546325540127,1.61245154965971,0.7597365236621009,1.8183392660776672,0.05269493877247106,0.571524528775562,0.28494546325540127,1.61245154965971,0.7597365236621009,108.56928819444443,0.0,20,9.0,0.075,0.3333333333333333,60.0
3,PAA-NSGA-II,5,0.5684774895793077,0.3346401368233356,1.2165525060596443,0.8056587068153022,2.625263508997561,0.05221489720769542,0.5684774895793077,0.3346401368233356,1.2165525060596443,0.8056587068153022,183.01144444444444,0.0,22,6.0,0.125,0.6,60.0
3,PAA-NSGA-II,6,0.5981707820579041,0.32039869533144893,1.4000000000000001,0.7608141732526759,2.551583200547309,0.05362990222605328,0.5981707820579041,0.32039869533144893,1.4000000000000001,0.7608141732526759,244.67749305555554,0.0,22,6.0,0.075,0.6666666666666666,60.0
3,PAA-NSGA-II,7,0.587635085885567,0.30080154911792456,1.5491933384829668,0.9251279124925651,3.076550162583157,0.04374466414622663,0.587635085885567,0.30080154911792456,1.5491933384829668,0.9251279124925651,300.8827256944444,0.0,18,8.0,0.1,0.5,60.0
3,PAA-NSGA-II,8,0.5631604382972455,0.2900864140896543,1.50996688705415,0.8863162693017743,2.5331462965680593,0.059007023505736944,0.5631604382972455,0.2900864140896543,1.50996688705415,0.8863162693017743,245.1741597222222,0.0,20,7.0,0.05,0.5,60.0
3,PAA-NSGA-II,9,0.5551788972218422,0.3616070043887016,1.2649110640673518,0.7185658444248608,2.389093269933307,0.04411889864684466,0.5551788972218422,0.3616070043887016,1.2649110640673518,0.7185658444248608,211.01235763888886,0.0,23,7.0,0.075,0.3333333333333333,60.0
3,PAA-NSGA-II,10,0.6208063085734716,0.262145994844606,1.8220867158288596,0.8719258759349383,2.687388111716719,0.05461259632704743,0.6208063085734716,0.262145994844606,1.8220867158288596,0.8719258759349383,199.49349652777775,0.0,15,10.0,0.05,0.5,60.0
3,PAA-NSGA-II,11,0.5746786113906986,0.30482889589238094,1.5231546211727816,0.6872344227680278,2.0492902515425264,0.0486742241524204,0.5746786113906986,0.30482889589238094,1.5231546211727816,0.6872344227680278,293.87549999999993,0.0,20,7.0,0.0,,60.0
3,PAA-NSGA-II,12,0.597628145453488,0.31298762065128044,1.5748015748023623,0.9009756346394239,2.9288384497997972,0.03352940571640355,0.597628145453488,0.31298762065128044,1.5748015748023623,0.9009756346394239,264.3038055555555,0.0,17,7.0,0.125,0.2,60.0
3,PAA-NSGA-II,13,0.583494278638206,0.34910582463151757,1.3266499161421599,0.567906970204761,1.80195851460697,0.04418935375306478,0.583494278638206,0.34910582463151757,1.3266499161421599,0.567906970204761,108.19646527777778,0.0,18,5.0,0.075,0.0,60.0
3,PAA-NSGA-II,14,0.5959735555856012,0.31167926867665174,1.4000000000000001,0.8968591178018468,2.853614810070488,0.04857256739729667,0.5959735555856012,0.31167926867665174,1.4000000000000001,0.8968591178018468,248.27418749999998,0.0,20,6.0,0.125,0.6,60.0
3,PAA-NSGA-II,15,0.596534807289499,0.28787702608315463,1.2806248474865698,0.6225825130415796,2.6443596669138585,0.05414587437261892,0.596534807289499,0.28787702608315463,1.2806248474865698,0.6225825130415796,199.7096909722222,0.0,22,5.0,0.075,0.6666666666666666,60.0
3,PAA-NSGA-II,16,0.5976469192706866,0.33980669588187346,1.3711309200802089,0.8425273977581818,2.868078569327659,0.05258510774765372,0.5976469192706866,0.33980669588187346,1.3711309200802089,0.8425273977581818,230.03776736111104,0.0,21,6.0,0.05,0.5,60.0
3,PAA-NSGA-II,17,0.5553457069274115,0.32804621721310884,1.2649110640673518,0.7078456377303464,2.9691948320103405,0.04360560392309989,0.5553457069274115,0.32804621721310884,1.2649110640673518,0.7078456377303464,201.7364861111111,0.0,22,5.0,0.1,0.5,60.0
3,PAA-NSGA-II,18,0.5574419741641796,0.32236887799833563,1.385640646055102,0.7475854828324502,2.9900603333017637,0.04275919004379647,0.5574419741641796,0.32236887799833563,1.385640646055102,0.7475854828324502,328.20709027777775,0.0,19,6.0,0.1,0.5,60.0
3,PAA-NSGA-II,19,0.6208638470434653,0.2791587984413745,1.7204650534085253,0.8970967346045551,3.0306700375837408,0.043643743635286836,0.6208638470434653,0.2791587984413745,1.7204650534085253,0.8970967346045551,300.2480833333333,0.0,17,8.0,0.125,0.4,60.0
3,PAA-NSGA-II,20,0.5791033578203816,0.35686970665480666,1.2806248474865698,0.6718851890578756,1.5851444639941266,0.05507338361697177,0.5791033578203816,0.35686970665480666,1.2806248474865698,0.6718851890578756,78.40305555555555,0.0,22,6.0,0.075,0.3333333333333333,60.0
3,PAA-NSGA-II,21,0.5303408994281305,0.30589360955280687,1.61245154965971,0.6705186070572104,1.4054970187985245,0.047563551712332786,0.5303408994281305,0.30589360955280687,1.61245154965971,0.6705186070572104,90.05270138888889,0.0,19,9.0,0.05,0.0,60.0
3,PAA-NSGA-II,22,0.547016610935017,0.3424983883684452,1.1661903789690602,0.6111929166421395,1.8814775477590793,0.051205653704501135,0.547016610935017,0.3424983883684452,1.1661903789690602,0.6111929166421395,95.69678819444445,0.0,22,5.0,0.075,0.0,60.0
3,PAA-NSGA-II,23,0.5660608777359185,0.3620121426651986,1.2328828005937953,0.7191415742507894,2.2166799837912246,0.05282434171999371,0.5660608777359185,0.3620121426651986,1.2328828005937953,0.7191415742507894,112.01304861111109,0.0,23,7.0,0.1,0.25,60.0
3,PAA-NSGA-II,24,0.6003886168672794,0.28045077880869035,1.5491933384829668,0.8697320663742808,3.375276318126732,0.04894580424052966,0.6003886168672794,0.28045077880869035,1.5491933384829668,0.8697320663742808,359.7811284722222,0.0,19,8.0,0.025,0.0,60.0
3,PAA-NSGA-II,25,0.5802285819995048,0.29618208197595414,1.6970562748477138,0.6791155807112369,1.7753402885206295,0.049443307212455344,0.5802285819995048,0.29618208197595414,1.6970562748477138,0.6791155807112369,92.54315277777778,0.0,19,10.0,0.075,0.0,60.0
3,PAA-NSGA-II,26,0.6100951161166897,0.29753720522947547,1.6492422502470643,0.8476059943010806,2.6718450816576014,0.054855900048806354,0.6100951161166897,0.29753720522947547,1.6492422502470643,0.8476059943010806,182.87943055555556,0.0,17,8.0,0.025,0.0,60.0
3,PAA-NSGA-II,27,0.566282730852595,0.35923347683488727,0.9797958971132712,0.7097149118829718,2.91619873792534,0.0476083120366492,0.566282730852595,0.35923347683488727,0.9797958971132712,0.7097149118829718,265.2836493055555,0.0,29,5.0,0.075,0.6666666666666666,60.0
3,PAA-NSGA-II,28,0.6255716397136629,0.28006869014559865,1.7776388834631178,0.8789891752789586,2.877928942818495,0.040828788570650504,0.6255716397136629,0.28006869014559865,1.7776388834631178,0.8789891752789586,278.8480243055555,0.0,14,8.0,0.125,0.6,60.0
3,PAA-NSGA-II,29,0.5942711949628912,0.3192614682607319,1.5099668870541503,0.9288658118120037,2.9487098130399367,0.0422697300682718,0.5942711949628912,0.3192614682607319,1.5099668870541503,0.9288658118120037,249.54057986111107,0.0,17,7.0,0.15,0.5,60.0
3,PAA-noPriority,0,0.5815025161402232,0.3034806270657466,1.216552506059644,0.6829430347226741,2.9835194664363187,0.0407069530798823,0.5815025161402232,0.3034806270657466,1.216552506059644,0.6829430347226741,342.8380729166667,0.0,21,5.0,0.1,0.25,60.0
3,PAA-noPriority,1,0.5289817645705003,0.3477346464277193,1.0954451150103324,0.7363437338384241,2.7604678152825555,0.04406783510867036,0.5289817645705003,0.3477346464277193,1.0954451150103324,0.7363437338384241,169.56117013888885,0.0,24,5.0,0.075,0.3333333333333333,60.0
3,PAA-noPriority,2,0.5982332980333173,0.3312851607549835,1.1661903789690602,0.6746123172864911,3.178263702153177,0.04569159737159849,0.5982332980333173,0.3312851607549835,1.1661903789690602,0.6746123172864911,345.63703124999995,0.0,22,5.0,0.075,0.3333333333333333,60.0
3,PAA-noPriority,3,0.563277998215387,0.3373289768424965,1.0954451150103324,0.8179846317070256,3.199725961228934,0.06054507568775532,0.563277998215387,0.3373289768424965,1.0954451150103324,0.8179846317070256,335.4970451388889,0.0,23,4.0,0.1,0.75,60.0
3,PAA-noPriority,4,0.5982960017971253,0.3097433395390137,1.2000000000000002,0.8048544570456683,2.9828278314290166,0.06313693906510308,0.5982960017971253,0.3097433395390137,1.2000000000000002,0.8048544570456683,279.7244236111111,0.0,24,6.0,0.1,0.5,60.0
3,PAA-noPriority,5,0.6209240883690169,0.2808821219377581,1.4696938456699071,0.7467445625940345,2.6416718720673225,0.05546014883946132,0.6209240883690169,0.2808821219377581,1.4696938456699071,0.7467445625940345,276.06540624999997,0.0,18,6.0,0.025,1.0,60.0
3,PAA-noPriority,6,0.5376305143407316,0.3329651138682218,1.2328828005937953,0.5562311899094223,1.5611478836502115,0.048235769662016856,0.5376305143407316,0.3329651138682218,1.2328828005937953,0.5562311899094223,74.15846527777778,0.0,20,5.0,0.025,1.0,60.0
3,PAA-noPriority,7,0.5393609594686073,0.3298619445862912,1.1135528725660044,0.6704343469006124,2.3233433773154326,0.0590802265800075,0.5393609594686073,0.3298619445862912,1.1135528725660044,0.6704343469006124,179.63423263888888,0.0,22,4.0,0.05,1.0,60.0
3,PAA-noPriority,8,0.617277012107236,0.275121210757464,1.4282856857085702,0.789027428936991,3.131788089003501,0.04984993876125753,0.617277012107236,0.275121210757464,1.4282856857085702,0.789027428936991,319.2489895833333,0.0,20,6.0,0.1,0.25,60.0
3,PAA-noPriority,9,0.5595225961029269,0.29229318013489125,1.0583005244258363,0.7260235736984187,2.9581436534543837,0.0686868412154202,0.5595225961029269,0.29229318013489125,1.0583005244258363,0.7260235736984187,200.57674999999998,0.0,23,4.0,0.025,0.0,60.0
3,PAA-noPriority,10,0.5941167582991613,0.33480739789143366,1.0583005244258363,0.5965434897044783,2.392606773413918,0.06850573540564975,0.5941167582991613,0.33480739789143366,1.0583005244258363,0.5965434897044783,218.58949652777773,0.0,25,4.0,0.05,0.5,60.0
3,PAA-noPriority,11,0.6466605619976173,0.3225038353422703,1.077032961426901,0.7019231918683477,3.6102447962618327,0.044051245585432525,0.6466605619976173,0.3225038353422703,1.077032961426901,0.7019231918683477,404.4812881944444,0.0,24,4.0,0.1,0.5,60.0
3,PAA-noPriority,12,0.5069470700696569,0.35938144393048627,1.3114877048604001,0.6589385941972216,1.539154030880138,0.03883397573661482,0.5069470700696569,0.35938144393048627,1.3114877048604001,0.6589385941972216,183.83388194444439,0.0,20,7.0,0.1,0.5,60.0
3,PAA-noPriority,13,0.522435994711031,0.33014080049873085,1.0392304845413265,0.8177783871930295,2.926126908135901,0.06468065052021771,0.522435994711031,0.33014080049873085,1.0392304845413265,0.8177783871930295,370.15802777777776,0.0,25,5.0,0.1,0.5,60.0
3,PAA-noPriority,14,0.5612420159925551,0.32028772994269844,1.4282856857085702,0.72374735787324,1.4638164096834498,0.06807620909475452,0.5612420159925551,0.32028772994269844,1.4282856857085702,0.72374735787324,59.060857638888876,0.0,21,6.0,0.075,0.3333333333333333,60.0
3,PAA-noPriority,15,0.5891652460684138,0.2545032185036737,1.5748015748023623,0.7804626401301117,2.9782991099979474,0.045730022229099124,0.5891652460684138,0.2545032185036737,1.5748015748023623,0.7804626401301117,309.35452430555557,0.0,19,8.0,0.1,0.25,60.0
3,PAA-noPriority,16,0.5563384466020681,0.344868351181868,1.0392304845413265,0.7091182764180732,2.4589327487473573,0.06163442463323175,0.5563384466020681,0.344868351181868,1.0392304845413265,0.7091182764180732,240.0955868055556,0.0,26,5.0,0.1,0.25,60.0
3,PAA-noPriority,17,0.617146878972562,0.3366270458387264,1.1313708498984762,0.6853673127798261,2.8475935292811902,0.057261070869924796,0.617146878972562,0.3366270458387264,1.1313708498984762,0.6853673127798261,325.4197881944443,0.0,23,5.0,0.15,0.6666666666666666,60.0
3,PAA-noPriority,18,0.6010268630573626,0.3079531018261926,1.216552506059644,0.663127789124889,2.861469446739464,0.061967101388919664,0.6010268630573626,0.3079531018261926,1.216552506059644,0.663127789124889,218.8424027777778,0.0,20,5.0,0.075,0.3333333333333333,60.0
3,PAA-noPriority,19,0.5987242099435137,0.308363075795057,1.0583005244258363,0.8329810902913707,3.315979296778341,0.06166013085228243,0.5987242099435137,0.308363075795057,1.0583005244258363,0.8329810902913707,379.98026736111103,0.0,23,4.0,0.1,0.75,60.0
3,PAA-noPriority,20,0.5478184996926007,0.31217078910322416,1.42828568570857,0.6268869634905646,1.7017035168835182,0.056984285335744386,0.5478184996926007,0.31217078910322416,1.42828568570857,0.6268869634905646,93.1318472222222,0.0,21,8.0,0.125,0.0,60.0
3,PAA-noPriority,21,0.5918635184567484,0.32379334117759784,1.2806248474865698,0.6854306641071023,2.84596544402989,0.046058669056093016,0.5918635184567484,0.32379334117759784,1.2806248474865698,0.6854306641071023,384.9277256944444,0.0,21,6.0,0.075,0.6666666666666666,60.0
3,PAA-noPriority,22,0.5283799588361646,0.3433987865850433,1.0954451150103324,0.6208691005785898,1.9221006247264345,0.047361360536150886,0.5283799588361646,0.3433987865850433,1.0954451150103324,0.6208691005785898,75.3155486111111,0.0,25,4.0,0.0,,60.0
3,PAA-noPriority,23,0.5630342124109666,0.38640145667487624,0.9797958971132712,0.6626418519690774,2.4016430737507712,0.05060140066662496,0.5630342124109666,0.38640145667487624,0.9797958971132712,0.6626418519690774,217.2450277777778,0.0,26,4.0,0.075,0.3333333333333333,60.0
3,PAA-noPriority,24,0.5266479518777059,0.33852919707853524,1.0583005244258363,0.5806938927785946,1.99776053963275,0.05832068081395001,0.5266479518777059,0.33852919707853524,1.0583005244258363,0.5806938927785946,109.85406249999998,0.0,23,4.0,0.025,0.0,60.0
3,PAA-noPriority,25,0.5330409472224138,0.3062541513766695,1.2328828005937953,0.6853521716711457,3.0510779853999948,0.0437006090142136,0.5330409472224138,0.3062541513766695,1.2328828005937953,0.6853521716711457,374.7363194444445,0.0,23,7.0,0.05,0.0,60.0
3,PAA-noPriority,26,0.5883936376125177,0.30235786307722173,1.2961481396815722,0.5852534313109958,1.832314305663114,0.06273966928284878,0.5883936376125177,0.30235786307722173,1.2961481396815722,0.5852534313109958,97.16036111111111,0.0,22,6.0,0.1,0.25,60.0
3,PAA-noPriority,27,0.5793933284990055,0.3287288120234758,1.0954451150103324,0.7938353072960467,2.9173827742222374,0.06612520984574709,0.5793933284990055,0.3287288120234758,1.0954451150103324,0.7938353072960467,216.77644097222225,0.0,24,5.0,0.075,0.3333333333333333,60.0
3,PAA-noPriority,28,0.6307151267920537,0.3179049420062102,1.28062484748657,0.6491634756084946,2.782991917863751,0.05516510881102782,0.6307151267920537,0.3179049420062102,1.28062484748657,0.6491634756084946,245.08111111111106,0.0,22,6.0,0.075,0.6666666666666666,60.0
3,PAA-noPriority,29,0.5206535021089439,0.32742514454366367,1.0954451150103324,0.8144252161727511,3.2671711751392123,0.04414698055380399,0.5206535021089439,0.32742514454366367,1.0954451150103324,0.8144252161727511,371.4746354166667,0.0,24,5.0,0.075,0.6666666666666666,60.0
3,PAA-noAdaptive,0,0.5627309983147205,0.35096371724284,1.216552506059644,0.730144619288477,2.6383248198096365,0.04134264107922705,0.5627309983147205,0.35096371724284,1.216552506059644,0.730144619288477,261.1160694444444,0.0,22,5.0,0.125,0.2,60.0
3,PAA-noAdaptive,1,0.5574333947708473,0.333095762247407,1.4282856857085702,0.7531067606399109,1.8783507188479782,0.05415112455029713,0.5574333947708473,0.333095762247407,1.4282856857085702,0.7531067606399109,94.94006944444443,0.0,20,7.0,0.125,0.4,60.0
3,PAA-noAdaptive,2,0.6000164932306307,0.2701414680255013,1.4422205101855958,0.8330292556172214,2.9700910572141224,0.054020009365588026,0.6000164932306307,0.2701414680255013,1.4422205101855958,0.8330292556172214,283.2448472222222,0.0,19,7.0,0.075,0.6666666666666666,60.0
3,PAA-noAdaptive,3,0.5670662040809358,0.3257592164166943,1.2489995996796799,0.5961680446616919,2.290380677960909,0.042496134383530206,0.5670662040809358,0.3257592164166943,1.2489995996796799,0.5961680446616919,131.48463541666666,0.0,22,6.0,0.075,0.3333333333333333,60.0
3,PAA-noAdaptive,4,0.6190783850421646,0.2943618279512467,1.5231546211727818,0.7996052855333711,2.502390441812719,0.05735584660654944,0.6190783850421646,0.2943618279512467,1.5231546211727818,0.7996052855333711,180.35101041666664,0.0,17,6.0,0.0,,60.0
3,PAA-noAdaptive,5,0.5833588212444911,0.3279412955539204,1.2806248474865698,0.7295532668981684,2.4369614156142005,0.054634209620048786,0.5833588212444911,0.3279412955539204,1.2806248474865698,0.7295532668981684,243.96457986111105,0.0,24,7.0,0.1,0.5,60.0
3,PAA-noAdaptive,6,0.5914558474348108,0.3103873592662028,1.385640646055102,0.7149251055732904,3.0806872132778684,0.04723411751629186,0.5914558474348108,0.3103873592662028,1.385640646055102,0.7149251055732904,236.28309027777777,0.0,24,7.0,0.1,0.25,60.0
3,PAA-noAdaptive,7,0.5820777572302528,0.28957782573639224,1.4966629547095767,0.6897590559891921,2.262415684278057,0.05031535864404645,0.5820777572302528,0.28957782573639224,1.4966629547095767,0.6897590559891921,180.45495486111108,0.0,18,7.0,0.05,0.5,60.0
3,PAA-noAdaptive,8,0.6351428294458671,0.2778446139025511,1.4832396974191326,0.7457506584241387,2.9248942822077124,0.059533922070305126,0.6351428294458671,0.2778446139025511,1.4832396974191326,0.7457506584241387,233.6135416666666,0.0,19,7.0,0.075,0.6666666666666666,60.0
3,PAA-noAdaptive,9,0.5432837041259292,0.3254154548863391,1.1832159566199232,0.6903960860783828,2.3272222160302194,0.05020658930648296,0.5432837041259292,0.3254154548863391,1.1832159566199232,0.6903960860783828,210.33339930555553,0.0,24,6.0,0.075,0.6666666666666666,60.0
3,PAA-noAdaptive,10,0.5870274478419575,0.3211173610722806,1.32664991614216,0.7512433703494803,2.9616502564379297,0.051255027864281946,0.5870274478419575,0.3211173610722806,1.32664991614216,0.7512433703494803,317.72822916666667,0.0,23,7.0,0.125,0.6,60.0
3,PAA-noAdaptive,11,0.6010566695309849,0.2849057603623658,1.50996688705415,0.7082456428755155,2.963728869313834,0.04716472080225624,0.6010566695309849,0.2849057603623658,1.50996688705415,0.7082456428755155,392.69824999999986,0.0,19,8.0,0.125,0.4,60.0
3,PAA-noAdaptive,12,0.6241369937891411,0.2722875744090053,1.7088007490635062,0.8703663304151616,3.2774506168903925,0.0419016054793298,0.6241369937891411,0.2722875744090053,1.7088007490635062,0.8703663304151616,368.21625347222215,0.0,18,8.0,0.075,0.6666666666666666,60.0
3,PAA-noAdaptive,13,0.5302800998327797,0.33413915824050366,1.2489995996796797,0.6208170435571032,1.854287299949323,0.04907850795530035,0.5302800998327797,0.33413915824050366,1.2489995996796797,0.6208170435571032,108.76281597222219,0.0,23,6.0,0.1,0.25,60.0
3,PAA-noAdaptive,14,0.5782830561928206,0.3146590544715333,1.5874507866387546,0.8566045164906131,2.6135525704132876,0.0459602693394156,0.5782830561928206,0.3146590544715333,1.5874507866387546,0.8566045164906131,245.5906840277777,0.0,21,9.0,0.075,0.6666666666666666,60.0
3,PAA-noAdaptive,15,0.5378521053796255,0.3567690323724829,1.0583005244258363,0.6283439499333149,2.9390500652178266,0.0364297006589532,0.5378521053796255,0.3567690323724829,1.0583005244258363,0.6283439499333149,235.36983333333333,0.0,26,5.0,0.025,0.0,60.0
3,PAA-noAdaptive,16,0.5894645604193858,0.2935480046960817,1.4422205101855958,0.6533806556351914,2.2319732534802745,0.05217812116890182,0.5894645604193858,0.2935480046960817,1.4422205101855958,0.6533806556351914,178.96548611111112,0.0,24,8.0,0.05,0.0,60.0
3,PAA-noAdaptive,17,0.5441081733856996,0.31455755922856293,1.4282856857085702,0.7370088997223437,2.29498036394527,0.044661012017793635,0.5441081733856996,0.31455755922856293,1.4282856857085702,0.7370088997223437,226.1005659722222,0.0,22,7.0,0.075,0.6666666666666666,60.0
3,PAA-noAdaptive,18,0.599539414166098,0.315846202632834,1.2649110640673518,0.6699826555955637,2.8542841291142027,0.04998164775412243,0.599539414166098,0.315846202632834,1.2649110640673518,0.6699826555955637,296.2429756944444,0.0,22,6.0,0.05,0.0,60.0
3,PAA-noAdaptive,19,0.5852041054964374,0.31614817057529054,1.469693845669907,0.7885441532188969,2.609005030480644,0.05740608020530741,0.5852041054964374,0.31614817057529054,1.469693845669907,0.7885441532188969,260.9202256944444,0.0,21,8.0,0.125,0.4,60.0
3,PAA-noAdaptive,20,0.5816451481023763,0.3280172832308076,1.4832396974191326,0.7327283896203355,2.325375300445424,0.04740979355385766,0.5816451481023763,0.3280172832308076,1.4832396974191326,0.7327283896203355,240.72351736111105,0.0,19,7.0,0.075,0.3333333333333333,60.0
3,PAA-noAdaptive,21,0.5947785501678589,0.2865166792012366,1.4282856857085702,0.7196880430884753,3.1281954040573963,0.04296027973602838,0.5947785501678589,0.2865166792012366,1.4282856857085702,0.7196880430884753,360.99283680555544,0.0,20,6.0,0.1,0.75,60.0
3,PAA-noAdaptive,22,0.5862218265643997,0.2724016294874437,1.4142135623730951,0.7447400667383126,2.689794517360331,0.049009951362543686,0.5862218265643997,0.2724016294874437,1.4142135623730951,0.7447400667383126,216.92337152777776,0.0,20,6.0,0.025,0.0,60.0
3,PAA-noAdaptive,23,0.5900945855645015,0.3055741856598782,1.4966629547095767,0.666573250164855,2.1169087689317236,0.050174031579983285,0.5900945855645015,0.3055741856598782,1.4966629547095767,0.666573250164855,164.5731666666667,0.0,21,8.0,0.075,0.6666666666666666,60.0
3,PAA-noAdaptive,24,0.557444093369187,0.3242474279177277,1.1832159566199234,0.6165266284005269,1.7011498594245478,0.05156895163787872,0.557444093369187,0.3242474279177277,1.1832159566199234,0.6165266284005269,90.27207638888888,0.0,23,5.0,0.025,0.0,60.0
3,PAA-noAdaptive,25,0.578148374251291,0.29029921169048184,1.4832396974191326,0.7510416965112563,2.2787742114493157,0.05261569729652824,0.578148374251291,0.29029921169048184,1.4832396974191326,0.7510416965112563,176.9782847222222,0.0,19,7.0,0.05,0.0,60.0
3,PAA-noAdaptive,26,0.5527025111081357,0.3072271646205147,1.2649110640673518,0.6622899982570353,2.4704295297025167,0.04847635707203804,0.5527025111081357,0.3072271646205147,1.2649110640673518,0.6622899982570353,227.6257916666666,0.0,22,5.0,0.05,0.5,60.0
3,PAA-noAdaptive,27,0.5694811300329422,0.3025218608187565,1.3564659966250538,0.7080589507081723,2.3550136622816993,0.04920702539689602,0.5694811300329422,0.3025218608187565,1.3564659966250538,0.7080589507081723,179.31929861111112,0.0,20,6.0,0.05,0.0,60.0
3,PAA-noAdaptive,28,0.5703456281861146,0.3515368723480631,1.3416407864998738,0.7445077286863743,2.6249098241491753,0.047062601466646745,0.5703456281861146,0.3515368723480631,1.3416407864998738,0.7445077286863743,247.44347222222214,0.0,20,6.0,0.15,0.5,60.0
3,PAA-noAdaptive,29,0.48927220283905104,0.33774097848643136,1.2328828005937953,0.7159412878580576,2.270852569770574,0.03593513248757678,0.48927220283905104,0.33774097848643136,1.2328828005937953,0.7159412878580576,131.97025,0.0,21,6.0,0.025,1.0,60.0
3,PAA-noSLAMut,0,0.6135644790496817,0.2823203949745414,1.4560219778561037,0.8390581946405746,3.4259358835138998,0.04608851817127881,0.6135644790496817,0.2823203949745414,1.4560219778561037,0.8390581946405746,397.99623958333325,0.0,19,6.0,0.1,0.25,60.0
3,PAA-noSLAMut,1,0.6015757085580719,0.282656104882375,1.5491933384829668,0.8865922829691251,3.380087100702356,0.047613519797543684,0.6015757085580719,0.282656104882375,1.5491933384829668,0.8865922829691251,335.11045486111107,0.0,17,6.0,0.125,0.4,60.0
3,PAA-noSLAMut,2,0.5607299475386643,0.3132706351687541,1.0954451150103324,0.582390142710765,2.8804789339176855,0.04709115994585568,0.5607299475386643,0.3132706351687541,1.0954451150103324,0.582390142710765,271.5090694444445,0.0,23,4.0,0.025,0.0,60.0
3,PAA-noSLAMut,3,0.5012614265350891,0.34753295630074876,1.2806248474865698,0.953980300659202,3.1281040856198246,0.03835755546261541,0.5012614265350891,0.34753295630074876,1.2806248474865698,0.953980300659202,251.75124999999997,0.0,19,5.0,0.1,0.5,60.0
3,PAA-noSLAMut,4,0.5563804923359663,0.3283816363872245,1.3711309200802089,0.7268396744764655,2.6980261931850715,0.0410126288714659,0.5563804923359663,0.3283816363872245,1.3711309200802089,0.7268396744764655,181.85323263888887,0.0,25,8.0,0.1,0.0,60.0
3,PAA-noSLAMut,5,0.6010665084245994,0.30496308288426216,1.4560219778561039,0.6936396629039784,2.861583143644628,0.04212172930962986,0.6010665084245994,0.30496308288426216,1.4560219778561039,0.6936396629039784,202.1334513888889,0.0,19,7.0,0.125,0.2,60.0
3,PAA-noSLAMut,6,0.556305147130548,0.33397896174656844,1.2961481396815722,0.8148575876685948,3.2484515987432645,0.04089048801673194,0.556305147130548,0.33397896174656844,1.2961481396815722,0.8148575876685948,542.2005312499999,0.0,21,6.0,0.15,0.5,60.0
3,PAA-noSLAMut,7,0.5593111537020056,0.30703906718040636,1.3711309200802089,0.6492749180636499,2.4418283606863644,0.03937373569485548,0.5593111537020056,0.30703906718040636,1.3711309200802089,0.6492749180636499,163.69634722222222,0.0,21,8.0,0.075,0.3333333333333333,60.0
3,PAA-noSLAMut,8,0.5954780524108584,0.31787869658559414,1.4282856857085702,0.9005944175338343,2.962101433534815,0.0570339018260637,0.5954780524108584,0.31787869658559414,1.4282856857085702,0.9005944175338343,353.5015173611111,0.0,19,6.0,0.1,0.5,60.0
3,PAA-noSLAMut,9,0.5470602622730822,0.3428391173881659,1.3564659966250536,0.6637936401721404,1.6108587535330678,0.04219211969685418,0.5470602622730822,0.3428391173881659,1.3564659966250536,0.6637936401721404,58.212312499999996,0.0,22,6.0,0.075,0.6666666666666666,60.0
3,PAA-noSLAMut,10,0.5223968339672267,0.32488929748111295,1.4000000000000001,0.9053765061482197,2.6761929530960207,0.05379204855038857,0.5223968339672267,0.32488929748111295,1.4000000000000001,0.9053765061482197,232.40707986111107,0.0,21,8.0,0.1,0.5,60.0
3,PAA-noSLAMut,11,0.5629697304242639,0.281769062604433,1.624807680927192,0.9308129988041195,3.2494168343292387,0.0428966203560476,0.5629697304242639,0.281769062604433,1.624807680927192,0.9308129988041195,299.6742152777777,0.0,17,8.0,0.1,0.5,60.0
3,PAA-noSLAMut,12,0.564707766846665,0.31242230969525087,1.469693845669907,0.724641983539439,2.4181542489751977,0.05198861401056753,0.564707766846665,0.31242230969525087,1.469693845669907,0.724641983539439,260.14786111111107,0.0,18,7.0,0.175,0.2857142857142857,60.0
3,PAA-noSLAMut,13,0.5839275705164866,0.3085647498022195,1.2000000000000002,0.6345172169628437,2.6820523549591693,0.045998651162089024,0.5839275705164866,0.3085647498022195,1.2000000000000002,0.6345172169628437,182.60523263888888,0.0,24,6.0,0.05,0.0,60.0
3,PAA-noSLAMut,14,0.5586303062573968,0.35968336585871064,1.077032961426901,0.6738524403345794,3.3487473905296055,0.03696770241984317,0.5586303062573968,0.35968336585871064,1.077032961426901,0.6738524403345794,366.93877430555557,0.0,26,5.0,0.125,0.6,60.0
3,PAA-noSLAMut,15,0.5771257822953757,0.3149186612892675,1.50996688705415,0.9146765954872957,3.0169683638478104,0.04200191016699362,0.5771257822953757,0.3149186612892675,1.50996688705415,0.9146765954872957,297.8256909722222,0.0,18,7.0,0.1,0.5,60.0
3,PAA-noSLAMut,16,0.5184385818701235,0.2948206537854932,1.4142135623730951,0.6709898912768828,1.8492256365621542,0.04978922647794209,0.5184385818701235,0.2948206537854932,1.4142135623730951,0.6709898912768828,93.79521874999998,0.0,20,7.0,0.05,0.5,60.0
3,PAA-noSLAMut,17,0.5295654260837118,0.3149362060079567,1.469693845669907,0.6755784761787401,2.1687902693066894,0.04539498506811997,0.5295654260837118,0.3149362060079567,1.469693845669907,0.6755784761787401,144.90218402777776,0.0,22,9.0,0.075,0.0,60.0
3,PAA-noSLAMut,18,0.5523098430226678,0.3458629951215333,1.1832159566199234,0.6801312693709685,2.1147138017293687,0.04729336227651312,0.5523098430226678,0.3458629951215333,1.1832159566199234,0.6801312693709685,127.06201736111112,0.0,25,7.0,0.075,0.3333333333333333,60.0
3,PAA-noSLAMut,19,0.5748976051545374,0.3255734206350779,1.148912529307606,0.6894941367053439,2.267564839369496,0.05813343974591225,0.5748976051545374,0.3255734206350779,1.148912529307606,0.6894941367053439,98.02013888888887,0.0,24,6.0,0.05,0.5,60.0
3,PAA-noSLAMut,20,0.5737258176764319,0.2783755814794871,1.6370705543744901,0.7755459948506587,2.3398502323346104,0.05723310239998216,0.5737258176764319,0.2783755814794871,1.6370705543744901,0.7755459948506587,225.9857638888888,0.0,18,9.0,0.075,0.6666666666666666,60.0
3,PAA-noSLAMut,21,0.6041278308004729,0.31139611764700426,1.4696938456699071,0.8721768392817445,3.1851933506762506,0.04500067849289981,0.6041278308004729,0.31139611764700426,1.4696938456699071,0.8721768392817445,335.8089340277777,0.0,20,8.0,0.125,0.4,60.0
3,PAA-noSLAMut,22,0.5242219850810725,0.32895779523408003,1.2649110640673518,0.7426863294398929,2.4567483797933156,0.050310392383239325,0.5242219850810725,0.32895779523408003,1.2649110640673518,0.7426863294398929,148.8520833333333,0.0,24,7.0,0.05,0.0,60.0
3,PAA-noSLAMut,23,0.5372707869495024,0.3123790091464959,1.4966629547095767,0.9522737986020235,2.865846237248399,0.041261551420649044,0.5372707869495024,0.3123790091464959,1.4966629547095767,0.9522737986020235,267.28265624999995,0.0,20,8.0,0.15,0.5,60.0
3,PAA-noSLAMut,24,0.5500526891437338,0.3240991859082889,1.28062484748657,0.8600241924891755,2.7833182095657785,0.04894602679329368,0.5500526891437338,0.3240991859082889,1.28062484748657,0.8600241924891755,326.89892013888874,0.0,23,6.0,0.1,0.75,60.0
3,PAA-noSLAMut,25,0.5726827543227963,0.30024684522935485,1.4422205101855958,0.8333393565663956,3.139004976919339,0.041256243784837845,0.5726827543227963,0.30024684522935485,1.4422205101855958,0.8333393565663956,387.82184027777777,0.0,20,7.0,0.1,0.25,60.0
3,PAA-noSLAMut,26,0.5756200224485888,0.31129228493163164,1.5099668870541503,0.7520845941091618,2.226619459467239,0.04426412295199598,0.5756200224485888,0.31129228493163164,1.5099668870541503,0.7520845941091618,164.00840972222224,0.0,20,7.0,0.125,0.2,60.0
3,PAA-noSLAMut,27,0.5584058860180872,0.2910832662641121,1.3416407864998738,0.6660585880168036,2.6715477684169144,0.04952862296771737,0.5584058860180872,0.2910832662641121,1.3416407864998738,0.6660585880168036,332.7815833333333,0.0,25,7.0,0.025,1.0,60.0
3,PAA-noSLAMut,28,0.5122845721699993,0.2882239685486242,1.4422205101855958,0.8023756039165741,2.4450807968370087,0.0506418432533033,0.5122845721699993,0.2882239685486242,1.4422205101855958,0.8023756039165741,164.58714930555556,0.0,21,7.0,0.05,0.0,60.0
3,PAA-noSLAMut,29,0.595407941487694,0.26394402543642514,1.7204650534085253,0.7992641234764426,2.926186265719516,0.03360362577099409,0.595407941487694,0.26394402543642514,1.7204650534085253,0.7992641234764426,234.73261458333332,0.0,19,10.0,0.075,0.3333333333333333,60.0
4,Random,0,0.4989462097839136,0.37875925043796965,0.8246211251235323,0.4493148090213118,2.9358215697132324,,0.4989462097839136,0.37875925043796965,0.8246211251235323,0.4493148090213118,354.0469548611111,0.0,29,3.0,0.0,,
4,RoundRobin,0,0.4827927646227135,0.38302407637480157,0.7745966692414834,0.3923425342781237,3.3827425820808115,,0.4827927646227135,0.38302407637480157,0.7745966692414834,0.3923425342781237,517.8573368055556,0.0,31,3.0,0.0,,
4,FIFO,0,0.2854113341773644,0.4839292761135118,3.255764119219941,0.3697163133637433,3.6058551640051464,,0.2854113341773644,0.4839292761135118,3.255764119219941,0.3697163133637433,794.4257013888891,0.0,4,16.0,0.1,0.25,
4,LeastLoaded,0,0.5019704534157088,0.38186170872138947,0.4,0.5334828731962896,3.429974111329326,,0.5019704534157088,0.38186170872138947,0.4,0.5334828731962896,441.61456597222224,0.0,40,1.0,0.075,0.3333333333333333,
4,GreedyBestOutcome,0,0.675869512766026,0.2733842549026136,2.2715633383201093,0.7360882424220192,3.003204801413589,,0.675869512766026,0.2733842549026136,2.2715633383201093,0.7360882424220192,258.7219930555554,0.0,12,12.0,0.075,0.6666666666666666,
4,StandardNSGA2,0,0.5845995134258384,0.2667939737474404,0.9165151389911681,0.7354134251008919,2.544370625038931,0.08649541691158029,0.5845995134258384,0.2667939737474404,0.9165151389911681,0.7354134251008919,282.5328888888888,0.0,29,4.0,0.075,0.3333333333333333,60.0
4,StandardNSGA2,1,0.5504333580161793,0.28008312737101276,1.019803902718557,0.6144057215451795,2.2567498500430054,0.07120776645702234,0.5504333580161793,0.28008312737101276,1.019803902718557,0.6144057215451795,147.27168055555558,0.0,25,4.0,0.05,0.5,60.0
4,StandardNSGA2,2,0.6299087079727201,0.25853450127682703,1.0392304845413265,0.6418063397527078,2.5944573401110946,0.08043797579388506,0.6299087079727201,0.25853450127682703,1.0392304845413265,0.6418063397527078,314.3481319444444,0.0,25,5.0,0.1,0.5,60.0
4,StandardNSGA2,3,0.5689288838225433,0.2923213437441695,1.4,0.8001658495109403,1.7256674230121516,0.08176511488781966,0.5689288838225433,0.2923213437441695,1.4,0.8001658495109403,122.29433333333327,0.0,21,8.0,0.05,1.0,60.0
4,StandardNSGA2,4,0.622330781396393,0.2504042458010159,1.4282856857085702,0.7050375114142431,2.536695661249642,0.0812230600761627,0.622330781396393,0.2504042458010159,1.4282856857085702,0.7050375114142431,288.4776111111111,0.0,20,8.0,0.025,0.0,60.0
4,StandardNSGA2,5,0.6081967294567117,0.30490347990006955,1.077032961426901,0.6019012381026748,2.40060543383402,0.05631177204140976,0.6081967294567117,0.30490347990006955,1.077032961426901,0.6019012381026748,164.44112847222223,0.0,21,4.0,0.025,1.0,60.0
4,StandardNSGA2,6,0.5754929797903807,0.31089834696761887,1.1661903789690602,0.7544691105044112,2.5510247362601115,0.06728445316611695,0.5754929797903807,0.31089834696761887,1.1661903789690602,0.7544691105044112,227.64872916666664,0.0,24,5.0,0.15,0.5,60.0
4,StandardNSGA2,7,0.6185035396654053,0.26728698959215175,1.2165525060596438,0.8305759347357101,2.9903010876006633,0.07172127299921051,0.6185035396654053,0.26728698959215175,1.2165525060596438,0.8305759347357101,334.0585243055555,0.0,23,5.0,0.125,0.6,60.0
4,StandardNSGA2,8,0.5728988868339916,0.3068747938335007,0.938083151964686,0.723654988524135,2.959618877750928,0.06927929233041227,0.5728988868339916,0.3068747938335007,0.938083151964686,0.723654988524135,184.67203472222218,0.0,27,4.0,0.05,0.0,60.0
4,StandardNSGA2,9,0.5749429588784412,0.2932605374943041,1.1661903789690602,0.6980905997520686,2.8067272417787414,0.05650343015562549,0.5749429588784412,0.2932605374943041,1.1661903789690602,0.6980905997520686,237.8573402777778,0.0,21,5.0,0.075,0.0,60.0
4,StandardNSGA2,10,0.5442391207492514,0.28671620506322015,1.077032961426901,0.7088949253027994,2.1207487728472114,0.07854527045816792,0.5442391207492514,0.28671620506322015,1.077032961426901,0.7088949253027994,210.28685763888885,0.0,25,4.0,0.05,0.5,60.0
4,StandardNSGA2,11,0.5672434597842528,0.3237582396155214,1.1661903789690602,0.7351525248152674,2.3510645027577155,0.07587453149744235,0.5672434597842528,0.3237582396155214,1.1661903789690602,0.7351525248152674,207.37992361111105,0.0,21,4.0,0.075,0.3333333333333333,60.0
4,StandardNSGA2,12,0.6222006645176307,0.270499503956685,1.0583005244258363,0.7075377661113278,2.7848338369446473,0.06635886116071754,0.6222006645176307,0.270499503956685,1.0583005244258363,0.7075377661113278,322.6519965277778,0.0,25,5.0,0.05,0.0,60.0
4,StandardNSGA2,13,0.5878276053411915,0.27949428790184044,1.1135528725660044,0.7365477771889959,2.2496463763140904,0.0797938891863656,0.5878276053411915,0.27949428790184044,1.1135528725660044,0.7365477771889959,145.92976388888889,0.0,22,5.0,0.05,0.0,60.0
4,StandardNSGA2,14,0.5993870079258741,0.22549916840349143,1.2649110640673518,0.6892582222889816,2.652197748611768,0.07441935460245225,0.5993870079258741,0.22549916840349143,1.2649110640673518,0.6892582222889816,219.07875347222225,0.0,21,6.0,0.05,0.5,60.0
4,StandardNSGA2,15,0.6186028046222536,0.22636127097432607,1.6370705543744897,0.7359395365774638,1.4723313943441523,0.0787673181348186,0.6186028046222536,0.22636127097432607,1.6370705543744897,0.7359395365774638,75.00184027777779,0.0,21,10.0,0.075,0.6666666666666666,60.0
4,StandardNSGA2,16,0.5714435459451515,0.2687151786644367,1.3114877048604001,0.6279288331446151,2.321836448057321,0.06905081781789835,0.5714435459451515,0.2687151786644367,1.3114877048604001,0.6279288331446151,149.63241666666667,0.0,21,7.0,0.05,0.5,60.0
4,StandardNSGA2,17,0.6273459915153642,0.29608790881281877,1.0770329614269007,0.8093606463231959,3.0284242828714,0.0728735396861089,0.6273459915153642,0.29608790881281877,1.0770329614269007,0.8093606463231959,309.02093750000006,0.0,25,5.0,0.125,0.4,60.0
4,StandardNSGA2,18,0.5131882815541723,0.2875993000343569,1.216552506059644,0.8667154882186174,2.286114259562099,0.07363477584415429,0.5131882815541723,0.2875993000343569,1.216552506059644,0.8667154882186174,227.79193402777773,0.0,24,7.0,0.1,0.5,60.0
4,StandardNSGA2,19,0.5589496144429591,0.27453647953587884,1.0392304845413265,0.7083124388617834,2.3548701020307137,0.077900286980737,0.5589496144429591,0.27453647953587884,1.0392304845413265,0.7083124388617834,193.0579131944444,0.0,25,5.0,0.05,0.5,60.0
4,StandardNSGA2,20,0.6337700825194303,0.2528232127348485,1.0583005244258363,0.6612746854499262,2.6526987471218506,0.08393831463085433,0.6337700825194303,0.2528232127348485,1.0583005244258363,0.6612746854499262,245.41701041666664,0.0,23,4.0,0.025,0.0,60.0
4,StandardNSGA2,21,0.5472180580236584,0.29020542209245265,0.894427190999916,0.6345199053114698,2.780999897884809,0.07568964305947515,0.5472180580236584,0.29020542209245265,0.894427190999916,0.6345199053114698,296.10250347222217,0.0,27,4.0,0.075,0.3333333333333333,60.0
4,StandardNSGA2,22,0.5547733282553107,0.3219472673056426,1.0954451150103324,0.8895661147544605,2.6018330584376583,0.07171242352613705,0.5547733282553107,0.3219472673056426,1.0954451150103324,0.8895661147544605,214.10879166666663,0.0,28,6.0,0.075,0.6666666666666666,60.0
4,StandardNSGA2,23,0.560484869367556,0.3160840540867431,0.7483314773547883,0.8291275644596652,2.9310824279357806,0.08496026573195242,0.560484869367556,0.3160840540867431,0.7483314773547883,0.8291275644596652,247.52825694444442,0.0,32,3.0,0.075,0.6666666666666666,60.0
4,StandardNSGA2,24,0.6229920364166504,0.22873343540010677,1.2328828005937953,0.6371819830275565,1.832188448922415,0.09409419402935013,0.6229920364166504,0.22873343540010677,1.2328828005937953,0.6371819830275565,172.9123020833333,0.0,21,5.0,0.075,0.3333333333333333,60.0
4,StandardNSGA2,25,0.5687109922234013,0.26614177328029187,1.1135528725660044,0.5564341499374577,2.1601992173287865,0.06956859684416837,0.5687109922234013,0.26614177328029187,1.1135528725660044,0.5564341499374577,250.14898611111113,0.0,24,5.0,0.075,0.6666666666666666,60.0
4,StandardNSGA2,26,0.5780056767872074,0.24103928986711737,1.131370849898476,0.7535987518475341,3.100147656357949,0.07442312946918055,0.5780056767872074,0.24103928986711737,1.131370849898476,0.7535987518475341,370.96018749999996,0.0,24,5.0,0.1,0.5,60.0
4,StandardNSGA2,27,0.5712351030689273,0.28150344326239013,1.131370849898476,0.7042818079635462,1.7092907922216267,0.09538518147485228,0.5712351030689273,0.28150344326239013,1.131370849898476,0.7042818079635462,75.41213888888889,0.0,24,6.0,0.025,1.0,60.0
4,StandardNSGA2,28,0.5495681159260186,0.2929300175820312,0.8,0.7030655653073608,3.4874986210911016,0.050445211260555956,0.5495681159260186,0.2929300175820312,0.8,0.7030655653073608,414.5018506944445,0.0,28,2.0,0.075,0.3333333333333333,60.0
4,StandardNSGA2,29,0.626021947563465,0.2465423168782853,1.1135528725660044,0.700874870529551,2.89682495130024,0.07599614686054179,0.626021947563465,0.2465423168782853,1.1135528725660044,0.700874870529551,316.1925625,0.0,23,4.0,0.125,0.2,60.0
4,NSGA3,0,0.6582663792403808,0.27719649182310657,1.1661903789690602,0.8751572515174809,2.2957979560867097,0.11528119445526083,0.6582663792403808,0.27719649182310657,1.1661903789690602,0.8751572515174809,175.3341006944444,0.0,22,5.0,0.075,0.6666666666666666,20.0
4,NSGA3,1,0.6381102833245222,0.2877310843213874,1.1661903789690602,0.8872999757362543,2.5187961951048665,0.10797422313726254,0.6381102833245222,0.2877310843213874,1.1661903789690602,0.8872999757362543,245.58745833333327,0.0,23,5.0,0.15,0.6666666666666666,17.0
4,NSGA3,2,0.6522928067247828,0.24626095196690612,1.2328828005937953,0.8755275912498128,2.271032451357867,0.1177650082823476,0.6522928067247828,0.24626095196690612,1.2328828005937953,0.8755275912498128,190.22169097222218,0.0,23,7.0,0.05,1.0,17.0
4,NSGA3,3,0.6408109237365437,0.2898914865490193,1.2165525060596438,0.8989683398378305,2.2046994281475727,0.12412067232514903,0.6408109237365437,0.2898914865490193,1.2165525060596438,0.8989683398378305,159.77691666666664,0.0,23,6.0,0.1,0.5,21.0
4,NSGA3,4,0.6330576580460253,0.23366245766577967,1.148912529307606,0.7281192990064657,2.2026737939451624,0.11116570760034628,0.6330576580460253,0.23366245766577967,1.148912529307606,0.7281192990064657,114.94330902777779,0.0,23,5.0,0.075,0.3333333333333333,20.0
4,NSGA3,5,0.6427820122315465,0.27811066562683734,1.3564659966250538,0.8808500742061389,2.1486052023068525,0.10821509356386355,0.6427820122315465,0.27811066562683734,1.3564659966250538,0.8808500742061389,158.81277777777774,0.0,23,8.0,0.075,0.6666666666666666,21.0
4,NSGA3,6,0.6264142943248893,0.2782186252704949,0.8246211251235323,0.8474219020226945,2.8308429604956693,0.1197455303842819,0.6264142943248893,0.2782186252704949,0.8246211251235323,0.8474219020226945,336.0288541666667,0.0,30,3.0,0.075,0.6666666666666666,20.0
4,NSGA3,7,0.6292014630332062,0.24260065196599942,1.4560219778561037,0.8777551310754191,1.6582979550590433,0.11040902126846247,0.6292014630332062,0.24260065196599942,1.4560219778561037,0.8777551310754191,42.88304861111111,0.0,21,8.0,0.05,0.5,18.0
4,NSGA3,8,0.6447165227906322,0.2681963068129442,1.3711309200802089,0.9258606927266427,2.2029639040378126,0.10368878251945288,0.6447165227906322,0.2681963068129442,1.3711309200802089,0.9258606927266427,177.07476736111107,0.0,22,7.0,0.125,0.6,20.0
4,NSGA3,9,0.6375407831587984,0.2641742876498063,1.0,0.8600270932001399,2.3773630193652115,0.12683730698139764,0.6375407831587984,0.2641742876498063,1.0,0.8600270932001399,177.44885416666662,0.0,26,5.0,0.125,0.6,21.0
4,NSGA3,10,0.6453275177821333,0.27285784232654364,1.1661903789690602,0.8829588187956059,2.1093914305744725,0.11774482903666807,0.6453275177821333,0.27285784232654364,1.1661903789690602,0.8829588187956059,157.9374791666666,0.0,23,6.0,0.125,0.4,20.0
4,NSGA3,11,0.6323978312427971,0.2880870302511487,1.0954451150103324,0.9063797172578724,2.467965463837665,0.11494974388127208,0.6323978312427971,0.2880870302511487,1.0954451150103324,0.9063797172578724,192.7296006944444,0.0,24,5.0,0.1,0.5,19.0
4,NSGA3,12,0.6400190706400462,0.27268393659657997,1.32664991614216,0.9269059830294699,2.108715467763912,0.11633886180973366,0.6400190706400462,0.27268393659657997,1.32664991614216,0.9269059830294699,157.86876736111105,0.0,23,6.0,0.1,0.5,19.0
4,NSGA3,13,0.6386875391328175,0.23583903117059082,1.0954451150103321,0.8212349429019472,2.8079482195278445,0.11274387788464577,0.6386875391328175,0.23583903117059082,1.0954451150103321,0.8212349429019472,262.4578541666666,0.0,25,5.0,0.125,0.4,18.0
4,NSGA3,14,0.642313747671569,0.2771007064696806,1.0770329614269007,0.8677017350787676,2.359917966055767,0.13075527036472023,0.642313747671569,0.2771007064696806,1.0770329614269007,0.8677017350787676,219.3110902777778,0.0,26,5.0,0.075,0.3333333333333333,20.0
4,NSGA3,15,0.6468328361784904,0.2444258290092421,1.5099668870541498,0.8531358843044116,2.0215981444749525,0.10930264375529103,0.6468328361784904,0.2444258290092421,1.5099668870541498,0.8531358843044116,156.3578819444444,0.0,20,9.0,0.075,0.6666666666666666,16.0
4,NSGA3,16,0.6201850513501281,0.23586306634469834,1.4142135623730951,0.8837595927025511,2.2109202658014353,0.10119041829503916,0.6201850513501281,0.23586306634469834,1.4142135623730951,0.8837595927025511,175.34025347222217,0.0,20,8.0,0.1,0.5,19.0
4,NSGA3,17,0.5838166816090323,0.2770201969589675,1.2,0.8532013632030534,1.6004992820853587,0.11477903423442698,0.5838166816090323,0.2770201969589675,1.2,0.8532013632030534,103.20321874999995,0.0,26,7.0,0.075,0.6666666666666666,20.0
4,NSGA3,18,0.6474896244415301,0.24077218275204176,1.1832159566199234,0.8854804264082354,2.6734222422884786,0.1255944882795497,0.6474896244415301,0.24077218275204176,1.1832159566199234,0.8854804264082354,246.61820138888885,0.0,24,6.0,0.075,0.6666666666666666,26.0
4,NSGA3,19,0.6419592680204168,0.2613121400769764,1.2649110640673518,0.8894742616329836,2.581429756755111,0.11446076145138441,0.6419592680204168,0.2613121400769764,1.2649110640673518,0.8894742616329836,246.71105902777776,0.0,21,6.0,0.125,0.4,22.0
4,NSGA3,20,0.6378260416295644,0.2761412581524253,0.9165151389911681,0.8642013075497369,2.6747000032207575,0.12613647427968477,0.6378260416295644,0.2761412581524253,0.9165151389911681,0.8642013075497369,211.6677986111111,0.0,27,3.0,0.125,0.4,24.0
4,NSGA3,21,0.5917424591924422,0.2357532951825188,1.0392304845413265,0.8218253917875533,2.3826819844733995,0.11649030043776323,0.5917424591924422,0.2357532951825188,1.0392304845413265,0.8218253917875533,210.51576041666658,0.0,26,5.0,0.075,0.6666666666666666,18.0
4,NSGA3,22,0.6396177299721841,0.2774648386349858,1.2328828005937953,0.8915557110796861,2.461262884358131,0.11714650256692828,0.6396177299721841,0.2774648386349858,1.2328828005937953,0.8915557110796861,228.56593402777776,0.0,24,7.0,0.1,0.75,21.0
4,NSGA3,23,0.642670005219636,0.24516598640020706,1.0954451150103321,0.7731561063451844,1.9792575716969316,0.12522448133948394,0.642670005219636,0.24516598640020706,1.0954451150103321,0.7731561063451844,110.71481944444444,0.0,25,6.0,0.1,0.5,27.0
4,NSGA3,24,0.643734528027108,0.2261547055004157,1.5620499351813308,0.8797504514106457,1.9880290117333446,0.11513301706283571,0.643734528027108,0.2261547055004157,1.5620499351813308,0.8797504514106457,93.61273958333331,0.0,19,9.0,0.1,0.25,20.0
4,NSGA3,25,0.6281142176162706,0.2871943714728613,1.1832159566199234,0.8680686577338863,1.754207659008203,0.10920369820919687,0.6281142176162706,0.2871943714728613,1.1832159566199234,0.8680686577338863,60.36599305555556,0.0,24,6.0,0.075,0.3333333333333333,14.0
4,NSGA3,26,0.6285526565256706,0.28545855563148026,0.9797958971132713,0.8826046512710561,2.294989100398058,0.12165926322707823,0.6285526565256706,0.28545855563148026,0.9797958971132713,0.8826046512710561,176.81248958333327,0.0,27,4.0,0.075,0.6666666666666666,23.0
4,NSGA3,27,0.6272248350720627,0.3165684189002419,1.1489125293076057,0.900744227980956,1.9945459013957538,0.11804214507087295,0.6272248350720627,0.3165684189002419,1.1489125293076057,0.900744227980956,140.5612256944444,0.0,23,5.0,0.1,0.5,24.0
4,NSGA3,28,0.637544866494381,0.26889244002763235,1.077032961426901,0.8829527911695537,2.401184859364026,0.11677421413895793,0.637544866494381,0.26889244002763235,1.077032961426901,0.8829527911695537,212.03979166666664,0.0,25,5.0,0.125,0.6,20.0
4,NSGA3,29,0.633341796872474,0.2706619474188015,1.3114877048604001,0.9201369023276786,2.1954303592139923,0.11278632457893722,0.633341796872474,0.2706619474188015,1.3114877048604001,0.9201369023276786,175.10728819444438,0.0,22,7.0,0.1,0.5,18.0
4,PAA-NSGA-II,0,0.5799936525547442,0.30596900263565685,1.3114877048604001,0.7696711122527835,2.0720689056318258,0.07178713568809074,0.5799936525547442,0.30596900263565685,1.3114877048604001,0.7696711122527835,158.09687499999995,0.0,24,8.0,0.1,0.5,60.0
4,PAA-NSGA-II,1,0.5936276258508656,0.27337291718713946,1.3711309200802089,0.9080952530651374,2.9230848596484074,0.07276499040989214,0.5936276258508656,0.27337291718713946,1.3711309200802089,0.9080952530651374,278.9570451388888,0.0,21,7.0,0.1,0.5,60.0
4,PAA-NSGA-II,2,0.6467508982674929,0.25723207928782654,1.264911064067352,0.8158588249551272,2.7498822099915423,0.06803883007165835,0.6467508982674929,0.25723207928782654,1.264911064067352,0.8158588249551272,292.20950694444434,0.0,21,6.0,0.05,1.0,60.0
4,PAA-NSGA-II,3,0.6168698929128802,0.2447256452025023,1.4560219778561039,0.8012850706774955,3.1031028777383414,0.05140783437624081,0.6168698929128802,0.2447256452025023,1.4560219778561039,0.8012850706774955,304.0461319444445,0.0,20,7.0,0.075,0.3333333333333333,60.0
4,PAA-NSGA-II,4,0.6030070514790914,0.25674244467498764,1.5748015748023623,0.9349406172409991,2.3982281095056672,0.06593634996274972,0.6030070514790914,0.25674244467498764,1.5748015748023623,0.9349406172409991,220.0084340277778,0.0,17,8.0,0.075,0.3333333333333333,60.0
4,PAA-NSGA-II,5,0.6479893006804096,0.27916291705597135,1.2961481396815724,0.8238586294303127,2.9316356761812816,0.06742042260979153,0.6479893006804096,0.27916291705597135,1.2961481396815724,0.8238586294303127,349.1836805555555,0.0,22,6.0,0.075,0.6666666666666666,60.0
4,PAA-NSGA-II,6,0.5787417952689844,0.2985336427385836,1.3711309200802089,0.911109021201806,2.1365926410992424,0.07667634955680261,0.5787417952689844,0.2985336427385836,1.3711309200802089,0.911109021201806,159.01285069444438,0.0,21,6.0,0.1,0.5,60.0
4,PAA-NSGA-II,7,0.611031166313701,0.2715896456978708,1.5231546211727816,0.895377498664824,2.6647468317566254,0.05290270927782588,0.611031166313701,0.2715896456978708,1.5231546211727816,0.895377498664824,370.76251388888886,0.0,21,9.0,0.075,0.6666666666666666,60.0
4,PAA-NSGA-II,8,0.5610888007139996,0.2689050664258589,1.469693845669907,0.7770715929763596,2.0125145537961906,0.06360788970744802,0.5610888007139996,0.2689050664258589,1.469693845669907,0.7770715929763596,156.89284374999994,0.0,21,9.0,0.1,0.75,60.0
4,PAA-NSGA-II,9,0.6327942894438683,0.22623671360877323,1.6613247725836147,0.7877851914441698,2.3623116096919907,0.06564463505847838,0.6327942894438683,0.22623671360877323,1.6613247725836147,0.7877851914441698,198.73598958333335,0.0,19,10.0,0.1,0.25,60.0
4,PAA-NSGA-II,10,0.6078075558064512,0.24755383753171462,1.5748015748023623,0.9198157644431102,2.407552842719153,0.060414051072655676,0.6078075558064512,0.24755383753171462,1.5748015748023623,0.9198157644431102,210.9183715277777,0.0,19,9.0,0.125,0.4,60.0
4,PAA-NSGA-II,11,0.6058728327698237,0.26086658037240296,1.720465053408525,0.94011893618323,1.9672231865857455,0.06033264501186419,0.6058728327698237,0.26086658037240296,1.720465053408525,0.94011893618323,157.7054583333333,0.0,18,10.0,0.1,0.5,60.0
4,PAA-NSGA-II,12,0.6676496429357528,0.2409479144710578,1.6124515496597098,0.9121556990815456,2.589907715242498,0.0672191451414775,0.6676496429357528,0.2409479144710578,1.6124515496597098,0.9121556990815456,227.27568749999992,0.0,17,8.0,0.1,0.5,60.0
4,PAA-NSGA-II,13,0.6623426421445325,0.26186562023825327,1.562049935181331,0.8972392297199704,2.7177716627348096,0.06770833333348977,0.6623426421445325,0.26186562023825327,1.562049935181331,0.8972392297199704,245.25156249999995,0.0,17,7.0,0.125,0.4,60.0
4,PAA-NSGA-II,14,0.6488148290503541,0.252075518909159,1.4966629547095767,0.9180728371073611,2.5556035459889683,0.06863341556320889,0.6488148290503541,0.252075518909159,1.4966629547095767,0.9180728371073611,148.16580208333332,0.0,19,8.0,0.05,0.5,60.0
4,PAA-NSGA-II,15,0.6379379056997351,0.24465076950665593,1.6248076809271919,0.919785589331239,2.287495028602172,0.06487146220046372,0.6379379056997351,0.24465076950665593,1.6248076809271919,0.919785589331239,191.98512499999995,0.0,18,9.0,0.075,0.6666666666666666,60.0
4,PAA-NSGA-II,16,0.5779633453128594,0.2647028604254326,1.6,0.8995274537365748,2.055633164892898,0.07104260250781952,0.5779633453128594,0.2647028604254326,1.6,0.8995274537365748,175.44696874999994,0.0,21,10.0,0.15,0.5,60.0
4,PAA-NSGA-II,17,0.6053432137834255,0.2680913032756651,1.61245154965971,0.9585565337963186,2.2980416967303086,0.06642270926516596,0.6053432137834255,0.2680913032756651,1.61245154965971,0.9585565337963186,193.71299652777776,0.0,18,8.0,0.15,0.5,60.0
4,PAA-NSGA-II,18,0.5704083931063411,0.2844050390010505,1.649242250247064,0.9543883675927047,1.9645963103394337,0.06238257487574514,0.5704083931063411,0.2844050390010505,1.649242250247064,0.9543883675927047,158.7580972222222,0.0,20,10.0,0.1,0.5,60.0
4,PAA-NSGA-II,19,0.6495005788184786,0.2869437314853559,1.2806248474865698,0.8405954487779816,3.439123568926525,0.056948173897531186,0.6495005788184786,0.2869437314853559,1.2806248474865698,0.8405954487779816,418.51011458333335,0.0,22,5.0,0.1,0.5,60.0
4,PAA-NSGA-II,20,0.6088685370168964,0.2680312212485951,1.3711309200802089,0.7337493763072647,2.2126940127868786,0.06281974511943897,0.6088685370168964,0.2680312212485951,1.3711309200802089,0.7337493763072647,226.89461111111103,0.0,22,8.0,0.075,0.3333333333333333,60.0
4,PAA-NSGA-II,21,0.6232635056089806,0.2568553045193498,1.673320053068151,0.8925419883857539,2.3109104527538045,0.06032409926778017,0.6232635056089806,0.2568553045193498,1.673320053068151,0.8925419883857539,209.49831249999997,0.0,18,10.0,0.075,0.6666666666666666,60.0
4,PAA-NSGA-II,22,0.595936449651863,0.30223737164701464,1.523154621172782,0.8907118276174868,1.909279014760471,0.06026126095296731,0.595936449651863,0.30223737164701464,1.523154621172782,0.8907118276174868,140.96085416666662,0.0,18,8.0,0.1,0.5,60.0
4,PAA-NSGA-II,23,0.6263172102303528,0.257979237687229,1.624807680927192,0.9250836934015375,2.393662902390381,0.05237919606631824,0.6263172102303528,0.257979237687229,1.624807680927192,0.9250836934015375,194.21686805555552,0.0,17,8.0,0.125,0.4,60.0
4,PAA-NSGA-II,24,0.6592424734547728,0.27299866555928715,1.4560219778561039,0.8298054017474769,2.7500108109476455,0.06343826763667422,0.6592424734547728,0.27299866555928715,1.4560219778561039,0.8298054017474769,259.79511805555546,0.0,19,6.0,0.075,0.6666666666666666,60.0
4,PAA-NSGA-II,25,0.600298555771194,0.2638235197129969,1.6124515496597098,0.8262381515112839,1.8001258872407082,0.061714824167843914,0.600298555771194,0.2638235197129969,1.6124515496597098,0.8262381515112839,109.47111458333333,0.0,20,10.0,0.1,0.5,60.0
4,PAA-NSGA-II,26,0.6199305111582124,0.26515991420497,1.5748015748023623,0.9544559640828894,2.300183844364143,0.06495913880528649,0.6199305111582124,0.26515991420497,1.5748015748023623,0.9544559640828894,176.51415624999996,0.0,17,7.0,0.1,0.5,60.0
4,PAA-NSGA-II,27,0.6604650117083916,0.22788458147936835,1.7204650534085253,0.8618178108390169,2.4316500481556753,0.06599109130346406,0.6604650117083916,0.22788458147936835,1.7204650534085253,0.8618178108390169,242.35682986111107,0.0,16,10.0,0.1,0.5,60.0
4,PAA-NSGA-II,28,0.5728702114522815,0.28427118008743707,1.2649110640673518,0.656187845799346,2.3197053536747863,0.06822342806398068,0.5728702114522815,0.28427118008743707,1.2649110640673518,0.656187845799346,129.81836805555557,0.0,23,7.0,0.0,,60.0
4,PAA-NSGA-II,29,0.5967236960479663,0.2655241378494991,1.5874507866387544,0.9308940733685731,2.0213802577859075,0.07461972560341103,0.5967236960479663,0.2655241378494991,1.5874507866387544,0.9308940733685731,112.49551041666669,0.0,18,9.0,0.1,0.25,60.0
4,PAA-noPriority,0,0.6163942181173108,0.26245880065315447,1.077032961426901,0.7695906139049051,3.495800142793999,0.06720447459143133,0.6163942181173108,0.26245880065315447,1.077032961426901,0.7695906139049051,403.8276076388889,0.0,25,5.0,0.075,1.0,60.0
4,PAA-noPriority,1,0.6129493499571359,0.2761739541439869,1.1832159566199234,0.6792159794149704,2.415533676963183,0.07886756649752877,0.6129493499571359,0.2761739541439869,1.1832159566199234,0.6792159794149704,163.6380798611111,0.0,21,5.0,0.075,0.6666666666666666,60.0
4,PAA-noPriority,2,0.654581805296531,0.2809218958284162,1.1135528725660044,0.7931743736015952,3.2189000620520263,0.07881823646795652,0.654581805296531,0.2809218958284162,1.1135528725660044,0.7931743736015952,290.6048993055556,0.0,23,4.0,0.075,0.3333333333333333,60.0
4,PAA-noPriority,3,0.6411105700108957,0.2515558268072363,1.2489995996796797,0.7410721815367826,2.9560751357535664,0.0670514628359841,0.6411105700108957,0.2515558268072363,1.2489995996796797,0.7410721815367826,281.5204583333333,0.0,23,5.0,0.1,0.5,60.0
4,PAA-noPriority,4,0.6398750889315782,0.24597342503336633,1.4000000000000001,0.7828756509515165,2.747857757752306,0.07241004318387899,0.6398750889315782,0.24597342503336633,1.4000000000000001,0.7828756509515165,184.2255763888889,0.0,19,6.0,0.1,0.25,60.0
4,PAA-noPriority,5,0.5179840290611833,0.2767396521058239,1.131370849898476,0.7312431254368776,2.6828341093879406,0.062303602549301465,0.5179840290611833,0.2767396521058239,1.131370849898476,0.7312431254368776,184.82480555555554,0.0,25,5.0,0.075,0.3333333333333333,60.0
4,PAA-noPriority,6,0.5489467839658085,0.2776811974680351,0.8246211251235321,0.8493676029962736,2.9703992943716244,0.08648514099810144,0.5489467839658085,0.2776811974680351,0.8246211251235321,0.8493676029962736,232.91617013888882,0.0,29,3.0,0.075,0.6666666666666666,60.0
4,PAA-noPriority,7,0.5028829043506841,0.33768162057824547,0.938083151964686,0.7692520991912201,2.33544490607251,0.059721626352249334,0.5028829043506841,0.33768162057824547,0.938083151964686,0.7692520991912201,247.72899999999998,0.0,26,4.0,0.05,0.5,60.0
4,PAA-noPriority,8,0.5589691722370624,0.30543298072454295,1.0392304845413265,0.8416706958091213,2.8168460463797724,0.07270363794951591,0.5589691722370624,0.30543298072454295,1.0392304845413265,0.8416706958091213,299.11753124999996,0.0,29,6.0,0.075,0.6666666666666666,60.0
4,PAA-noPriority,9,0.5444025837955122,0.28538892347712397,1.2489995996796797,0.6525499907207751,1.9497589921670855,0.07187415958431248,0.5444025837955122,0.28538892347712397,1.2489995996796797,0.6525499907207751,197.66826041666667,0.0,21,6.0,0.025,1.0,60.0
4,PAA-noPriority,10,0.5591384405597898,0.3147832417744434,1.019803902718557,0.8460590059993812,2.773463337646244,0.07086388993735837,0.5591384405597898,0.3147832417744434,1.019803902718557,0.8460590059993812,263.9201666666666,0.0,24,4.0,0.15,0.5,60.0
4,PAA-noPriority,11,0.5784378311318553,0.29289401264080484,1.077032961426901,0.9157076031028076,2.5373733578809676,0.08553036473351316,0.5784378311318553,0.29289401264080484,1.077032961426901,0.9157076031028076,197.38486111111106,0.0,23,4.0,0.1,0.5,60.0
4,PAA-noPriority,12,0.598358641157151,0.31428813799979105,1.019803902718557,0.7707016159577454,2.8426284601079135,0.07380945388964273,0.598358641157151,0.31428813799979105,1.019803902718557,0.7707016159577454,326.9557881944445,0.0,28,6.0,0.05,0.5,60.0
4,PAA-noPriority,13,0.5435569752117655,0.28478322072165474,1.2649110640673518,0.6340546589179908,1.5869975732311201,0.06757887763951718,0.5435569752117655,0.28478322072165474,1.2649110640673518,0.6340546589179908,75.22647569444443,0.0,23,7.0,0.05,0.0,60.0
4,PAA-noPriority,14,0.6274930992581763,0.29054973347311985,1.1135528725660044,0.8785434301245842,3.1252928409529455,0.07771993820929159,0.6274930992581763,0.29054973347311985,1.1135528725660044,0.8785434301245842,298.6402256944444,0.0,24,5.0,0.125,0.6,60.0
4,PAA-noPriority,15,0.5947198438051421,0.2808843703486472,1.0392304845413265,0.7686717127026869,3.6322631044427,0.0592297387128166,0.5947198438051421,0.2808843703486472,1.0392304845413265,0.7686717127026869,474.6194409722222,0.0,25,4.0,0.075,0.6666666666666666,60.0
4,PAA-noPriority,16,0.6163895619383406,0.2571341243427442,1.1313708498984762,0.7582829419124344,2.6896110639662822,0.07963561776891802,0.6163895619383406,0.2571341243427442,1.1313708498984762,0.7582829419124344,217.18708333333333,0.0,23,5.0,0.05,1.0,60.0
4,PAA-noPriority,17,0.5570283094576765,0.2558019106956816,1.0954451150103324,0.6219323058942006,2.31275364353201,0.07583637958998818,0.5570283094576765,0.2558019106956816,1.0954451150103324,0.6219323058942006,151.63369791666668,0.0,23,4.0,0.05,0.5,60.0
4,PAA-noPriority,18,0.6340941045089061,0.25828159715669374,1.5362291495737217,0.7873930292268188,2.2619114948752186,0.07216657496206286,0.6340941045089061,0.25828159715669374,1.5362291495737217,0.7873930292268188,242.67493402777774,0.0,20,9.0,0.075,0.6666666666666666,60.0
4,PAA-noPriority,19,0.6013923400859953,0.24163805510989417,1.5231546211727816,0.7528774553718978,2.042315312199854,0.07342359582555734,0.6013923400859953,0.24163805510989417,1.5231546211727816,0.7528774553718978,146.39058680555553,0.0,20,9.0,0.05,0.5,60.0
4,PAA-noPriority,20,0.6398969203626523,0.30141641992347346,0.9797958971132713,0.771039662380366,3.112748818072092,0.07382596885659,0.6398969203626523,0.30141641992347346,0.9797958971132713,0.771039662380366,350.51305902777773,0.0,24,3.0,0.1,0.5,60.0
4,PAA-noPriority,21,0.5874229882806026,0.281950076932176,1.3114877048604001,0.7633877873348551,2.0173109571150674,0.07757063849990987,0.5874229882806026,0.281950076932176,1.3114877048604001,0.7633877873348551,112.54842361111112,0.0,23,7.0,0.05,0.5,60.0
4,PAA-noPriority,22,0.6255376080336248,0.24029032160453273,1.1661903789690602,0.7054147696385101,3.023833275362765,0.07585816447512155,0.6255376080336248,0.24029032160453273,1.1661903789690602,0.7054147696385101,316.5374652777777,0.0,22,5.0,0.05,0.0,60.0
4,PAA-noPriority,23,0.6237754299486837,0.27835521156517945,1.4000000000000001,0.8888626378281284,3.000709422057195,0.05668745707821382,0.6237754299486837,0.27835521156517945,1.4000000000000001,0.8888626378281284,329.0460208333333,0.0,20,7.0,0.05,1.0,60.0
4,PAA-noPriority,24,0.5927367397683014,0.2908093294118784,1.2000000000000002,0.8491481044905692,2.3860965779249383,0.08584557794304132,0.5927367397683014,0.2908093294118784,1.2000000000000002,0.8491481044905692,176.5439895833333,0.0,25,7.0,0.1,0.5,60.0
4,PAA-noPriority,25,0.613910928081214,0.2792688274168017,1.148912529307606,0.8031159775064192,3.4570877417296892,0.061593205784888104,0.613910928081214,0.2792688274168017,1.148912529307606,0.8031159775064192,355.7850625,0.0,22,5.0,0.175,0.2857142857142857,60.0
4,PAA-noPriority,26,0.5821046198076217,0.2673611978485958,1.2000000000000002,0.8140009559220829,3.008144835570438,0.06855001498606264,0.5821046198076217,0.2673611978485958,1.2000000000000002,0.8140009559220829,287.6125416666667,0.0,24,6.0,0.075,0.3333333333333333,60.0
4,PAA-noPriority,27,0.5488392717125076,0.27808419285226316,1.0770329614269007,0.6915384797445945,2.5534062847050714,0.06441528505498012,0.5488392717125076,0.27808419285226316,1.0770329614269007,0.6915384797445945,244.35604166666658,0.0,24,5.0,0.0,,60.0
4,PAA-noPriority,28,0.6309890910107159,0.2924706442032402,1.1313708498984762,0.8588302892631429,2.7763493718045353,0.08928916885750543,0.6309890910107159,0.2924706442032402,1.1313708498984762,0.8588302892631429,278.3795138888889,0.0,22,4.0,0.1,1.0,60.0
4,PAA-noPriority,29,0.5695993309173264,0.3022952019338603,1.0,0.7572677302683231,2.701124773562154,0.06924639617344786,0.5695993309173264,0.3022952019338603,1.0,0.7572677302683231,227.98054861111103,0.0,26,5.0,0.05,0.5,60.0
4,PAA-noAdaptive,0,0.6658148896937301,0.2368943067468093,1.6,0.928245360783499,2.6663739253904737,0.07022499216806402,0.6658148896937301,0.2368943067468093,1.6,0.928245360783499,244.64349999999996,0.0,17,8.0,0.1,0.5,60.0
4,PAA-noAdaptive,1,0.6281217919804308,0.257207334631087,1.6124515496597098,0.8958929517472874,2.204746795988322,0.06481812907698141,0.6281217919804308,0.257207334631087,1.6124515496597098,0.8958929517472874,207.3820069444444,0.0,18,9.0,0.075,0.6666666666666666,60.0
4,PAA-noAdaptive,2,0.6656583514521826,0.2421023010690607,1.8330302779823358,0.9392171920260017,2.5049966688040195,0.05938829543254312,0.6656583514521826,0.2421023010690607,1.8330302779823358,0.9392171920260017,227.4063715277777,0.0,16,11.0,0.125,0.6,60.0
4,PAA-noAdaptive,3,0.616287791717701,0.268106966021204,1.4832396974191326,0.7782517289497406,2.262159807362994,0.07202638983195922,0.616287791717701,0.268106966021204,1.4832396974191326,0.7782517289497406,315.0906944444444,0.0,23,9.0,0.1,0.25,60.0
4,PAA-noAdaptive,4,0.6151614495544194,0.2899386874702117,1.4966629547095764,0.7573366380024451,2.1436906250826135,0.057875143136982346,0.6151614495544194,0.2899386874702117,1.4966629547095764,0.7573366380024451,161.88578819444447,0.0,20,9.0,0.075,0.3333333333333333,60.0
4,PAA-noAdaptive,5,0.5880431590547264,0.2722289064925724,1.2328828005937953,0.7165378907312151,2.269318246513935,0.07446095522758063,0.5880431590547264,0.2722289064925724,1.2328828005937953,0.7165378907312151,131.11711805555555,0.0,21,6.0,0.05,0.0,60.0
4,PAA-noAdaptive,6,0.6489054641899829,0.23531497984306654,1.7999999999999998,0.8886558559108373,2.0292616090581306,0.06538143574682012,0.6489054641899829,0.23531497984306654,1.7999999999999998,0.8886558559108373,131.13299305555557,0.0,17,11.0,0.075,0.3333333333333333,60.0
4,PAA-noAdaptive,7,0.6138828582819158,0.2372112644238137,1.6613247725836147,0.7836426470321924,2.040045462447987,0.06433101165052467,0.6138828582819158,0.2372112644238137,1.6613247725836147,0.7836426470321924,190.67024652777772,0.0,19,10.0,0.125,0.4,60.0
4,PAA-noAdaptive,8,0.6490816215431623,0.2944024625679886,1.469693845669907,0.8346319355663688,2.0464345716966275,0.06952753986476025,0.6490816215431623,0.2944024625679886,1.469693845669907,0.8346319355663688,172.64775347222218,0.0,19,8.0,0.1,0.75,60.0
4,PAA-noAdaptive,9,0.614617121701268,0.23861888616664456,1.5362291495737217,0.8063823811799399,2.4259847991902186,0.07269060798695227,0.614617121701268,0.23861888616664456,1.5362291495737217,0.8063823811799399,163.8756736111111,0.0,18,8.0,0.125,0.4,60.0
4,PAA-noAdaptive,10,0.6212581673908277,0.27594583664862515,1.5491933384829668,0.8268793584740657,2.4520376455720374,0.05263989272871512,0.6212581673908277,0.27594583664862515,1.5491933384829668,0.8268793584740657,181.3069409722222,0.0,21,9.0,0.05,0.5,60.0
4,PAA-noAdaptive,11,0.5895573558915292,0.264956383788827,1.6248076809271919,0.7504334151787533,1.435560349514244,0.06495083125604183,0.5895573558915292,0.264956383788827,1.6248076809271919,0.7504334151787533,57.66729513888889,0.0,18,10.0,0.025,0.0,60.0
4,PAA-noAdaptive,12,0.6683191456455957,0.249295124332808,1.6370705543744901,0.8849772110800419,2.5654348088945698,0.06442932350060102,0.6683191456455957,0.249295124332808,1.6370705543744901,0.8849772110800419,242.37957986111104,0.0,16,8.0,0.075,0.6666666666666666,60.0
4,PAA-noAdaptive,13,0.6432827237446705,0.24604812408648713,1.7549928774784245,0.805015885216452,1.802506681295831,0.06834533602606256,0.6432827237446705,0.24604812408648713,1.7549928774784245,0.805015885216452,93.38869444444443,0.0,20,11.0,0.075,0.3333333333333333,60.0
4,PAA-noAdaptive,14,0.625461212504506,0.25704966821688796,1.5491933384829668,0.8530032527856392,2.475794859788862,0.06417393695621441,0.625461212504506,0.25704966821688796,1.5491933384829668,0.8530032527856392,149.50229861111112,0.0,21,9.0,0.05,0.5,60.0
4,PAA-noAdaptive,15,0.5945701437516707,0.24660196399949727,1.50996688705415,0.7618089512250135,1.9580571909251325,0.061930551564343954,0.5945701437516707,0.24660196399949727,1.50996688705415,0.7618089512250135,112.44773611111111,0.0,19,9.0,0.1,0.25,60.0
4,PAA-noAdaptive,16,0.576903147628854,0.2955002799649251,1.2806248474865698,0.6318897786936697,2.0147003210247583,0.06577656573705294,0.576903147628854,0.2955002799649251,1.2806248474865698,0.6318897786936697,174.86884027777774,0.0,23,7.0,0.1,0.5,60.0
4,PAA-noAdaptive,17,0.6670780978918041,0.23179468368619432,1.6,0.90708275287802,2.870384741412939,0.07211387574753014,0.6670780978918041,0.23179468368619432,1.6,0.90708275287802,296.6787222222221,0.0,17,8.0,0.1,0.5,60.0
4,PAA-noAdaptive,18,0.6215179870606387,0.2606807976135898,1.3711309200802089,0.7302197858371018,2.6519287960796936,0.05352787999891734,0.6215179870606387,0.2606807976135898,1.3711309200802089,0.7302197858371018,261.1134618055555,0.0,21,7.0,0.05,0.5,60.0
4,PAA-noAdaptive,19,0.6096817601480108,0.2608355860649989,1.6852299546352716,0.8346189779270109,2.437982395298667,0.06166866313336272,0.6096817601480108,0.2608355860649989,1.6852299546352716,0.8346189779270109,166.4471527777778,0.0,19,10.0,0.075,0.3333333333333333,60.0
4,PAA-noAdaptive,20,0.6376785500955537,0.23918415596908882,1.5491933384829668,0.8511223452771599,1.9751578240979009,0.061118067325868705,0.6376785500955537,0.23918415596908882,1.5491933384829668,0.8511223452771599,111.30711111111111,0.0,18,8.0,0.075,0.3333333333333333,60.0
4,PAA-noAdaptive,21,0.6361759130747873,0.22638894173732566,1.720465053408525,0.9321208724986491,2.407878836190413,0.06753785219688116,0.6361759130747873,0.22638894173732566,1.720465053408525,0.9321208724986491,209.99056249999995,0.0,17,10.0,0.1,0.5,60.0
4,PAA-noAdaptive,22,0.6033582455430077,0.2814117312679418,1.2649110640673518,0.7295644998969207,2.2413211166258007,0.07056171486056306,0.6033582455430077,0.2814117312679418,1.2649110640673518,0.7295644998969207,238.4120868055556,0.0,23,7.0,0.075,0.3333333333333333,60.0
4,PAA-noAdaptive,23,0.6645229324220957,0.25340309522230503,1.6733200530681511,0.9204288418940398,2.6497608667647943,0.0691122070972372,0.6645229324220957,0.25340309522230503,1.6733200530681511,0.9204288418940398,243.08918055555552,0.0,15,8.0,0.1,0.5,60.0
4,PAA-noAdaptive,24,0.5701356834552864,0.2643932831947315,1.4000000000000001,0.6815145489357972,1.5980783047301108,0.0699642147078458,0.5701356834552864,0.2643932831947315,1.4000000000000001,0.6815145489357972,59.511190972222224,0.0,23,8.0,0.1,0.5,60.0
4,PAA-noAdaptive,25,0.6462712058955428,0.23668442072864632,1.6970562748477138,0.9129138680385139,2.5690028592335237,0.04858535331696222,0.6462712058955428,0.23668442072864632,1.6970562748477138,0.9129138680385139,260.6326458333333,0.0,18,10.0,0.1,0.5,60.0
4,PAA-noAdaptive,26,0.5919309085108015,0.2705541803563773,1.3416407864998738,0.768397776894511,2.456976993884192,0.06482239719110208,0.5919309085108015,0.2705541803563773,1.3416407864998738,0.768397776894511,256.7248333333333,0.0,24,8.0,0.05,1.0,60.0
4,PAA-noAdaptive,27,0.642541745419852,0.2667369318312928,1.673320053068151,0.9327788793053381,2.3623478428337186,0.056725973959814865,0.642541745419852,0.2667369318312928,1.673320053068151,0.9327788793053381,210.0529930555555,0.0,18,10.0,0.125,0.4,60.0
4,PAA-noAdaptive,28,0.6212052289615112,0.22996993393159126,1.5491933384829668,0.7300356329970065,2.175719280273075,0.07251846479105713,0.6212052289615112,0.22996993393159126,1.5491933384829668,0.7300356329970065,191.85492708333328,0.0,21,10.0,0.05,0.0,60.0
4,PAA-noAdaptive,29,0.615936049599792,0.2862119032328089,1.4142135623730951,0.719562169258564,2.216752313211788,0.061362887006499514,0.615936049599792,0.2862119032328089,1.4142135623730951,0.719562169258564,254.32447222222214,0.0,21,7.0,0.1,0.5,60.0
4,PAA-noSLAMut,0,0.6537236879650277,0.28191991733462374,1.4000000000000001,0.9066847811242995,2.675465137843985,0.06967293792400286,0.6537236879650277,0.28191991733462374,1.4000000000000001,0.9066847811242995,246.0032986111111,0.0,19,7.0,0.1,0.5,60.0
4,PAA-noSLAMut,1,0.6533545714233189,0.24816407977208596,1.5491933384829668,0.7998777887014729,2.492119922586776,0.06121948126218839,0.6533545714233189,0.24816407977208596,1.5491933384829668,0.7998777887014729,197.14581944444444,0.0,18,8.0,0.05,0.5,60.0
4,PAA-noSLAMut,2,0.5714723577450551,0.27519597044186694,1.2961481396815722,0.6669007192837831,1.7519776106158211,0.06669871257820265,0.5714723577450551,0.27519597044186694,1.2961481396815722,0.6669007192837831,171.3109097222222,0.0,22,7.0,0.05,0.5,60.0
4,PAA-noSLAMut,3,0.6016200125562076,0.29106461836096637,1.2961481396815724,0.7623750828542111,2.0218027066955444,0.07213356638049997,0.6016200125562076,0.29106461836096637,1.2961481396815724,0.7623750828542111,207.88961111111107,0.0,25,8.0,0.125,0.6,60.0
4,PAA-noSLAMut,4,0.5968638044474497,0.2771056895642343,1.5491933384829668,0.720897875031047,1.745961632496502,0.0649550467924685,0.5968638044474497,0.2771056895642343,1.5491933384829668,0.720897875031047,74.99331944444444,0.0,21,10.0,0.05,0.5,60.0
4,PAA-noSLAMut,5,0.5824156026562828,0.2782043223536443,1.42828568570857,0.7714099155678413,2.0642158337827974,0.06826026256340045,0.5824156026562828,0.2782043223536443,1.42828568570857,0.7714099155678413,208.2203680555555,0.0,19,7.0,0.075,0.3333333333333333,60.0
4,PAA-noSLAMut,6,0.6217361749864146,0.24367474123091074,1.6613247725836149,0.7709594715440016,2.058466830793065,0.06791447200993457,0.6217361749864146,0.24367474123091074,1.6613247725836149,0.7709594715440016,159.4519166666667,0.0,18,10.0,0.05,0.5,60.0
4,PAA-noSLAMut,7,0.6511933266534567,0.22665584462320915,1.673320053068151,0.8259796320850649,2.3864377869485938,0.05613218943139148,0.6511933266534567,0.22665584462320915,1.673320053068151,0.8259796320850649,200.6976527777778,0.0,19,10.0,0.05,0.5,60.0
4,PAA-noSLAMut,8,0.5818996874155937,0.2441567415678434,1.523154621172782,0.6661083126188629,1.6246323815626034,0.06645200255061968,0.5818996874155937,0.2441567415678434,1.523154621172782,0.6661083126188629,75.34668402777777,0.0,18,8.0,0.05,0.0,60.0
4,PAA-noSLAMut,9,0.6176603270649912,0.24129023395851154,1.7888543819998315,0.9517619188457015,2.4015397949085107,0.04858091744097217,0.6176603270649912,0.24129023395851154,1.7888543819998315,0.9517619188457015,210.57343749999995,0.0,17,11.0,0.075,0.6666666666666666,60.0
4,PAA-noSLAMut,10,0.6168030756051126,0.30659830903669566,1.4832396974191326,0.928987339996991,2.2796109609068878,0.05971150265869855,0.6168030756051126,0.30659830903669566,1.4832396974191326,0.928987339996991,177.66396874999995,0.0,18,8.0,0.125,0.6,60.0
4,PAA-noSLAMut,11,0.5704194169351696,0.30023149720543946,1.2489995996796797,0.905312671574246,2.483427320569729,0.06871184357412012,0.5704194169351696,0.30023149720543946,1.2489995996796797,0.905312671574246,194.65057986111105,0.0,22,5.0,0.1,0.75,60.0
4,PAA-noSLAMut,12,0.6136262975874415,0.2611248366525278,1.2489995996796797,0.8330689534481124,3.212315456820943,0.06435517222511353,0.6136262975874415,0.2611248366525278,1.2489995996796797,0.8330689534481124,362.2253958333334,0.0,24,7.0,0.1,0.25,60.0
4,PAA-noSLAMut,13,0.5963716872805298,0.31187488312525447,1.216552506059644,0.8072583455625146,2.3298745954452325,0.07003926766752665,0.5963716872805298,0.31187488312525447,1.216552506059644,0.8072583455625146,206.60086805555548,0.0,21,5.0,0.05,0.5,60.0
4,PAA-noSLAMut,14,0.6131338884252298,0.2665633213076861,1.649242250247064,0.8416534260516293,1.9578057993008677,0.06800277764432114,0.6131338884252298,0.2665633213076861,1.649242250247064,0.8416534260516293,94.32740972222223,0.0,20,10.0,0.075,0.3333333333333333,60.0
4,PAA-noSLAMut,15,0.5941442963683523,0.2686631220090249,1.4966629547095767,0.8794807197954885,2.57271828794337,0.047604304984938534,0.5941442963683523,0.2686631220090249,1.4966629547095767,0.8794807197954885,246.97707638888886,0.0,20,9.0,0.075,0.3333333333333333,60.0
4,PAA-noSLAMut,16,0.6071956190507646,0.265958778278205,1.7320508075688772,0.927783386528046,2.255323971378764,0.07403480773122854,0.6071956190507646,0.265958778278205,1.7320508075688772,0.927783386528046,193.90359374999997,0.0,19,11.0,0.075,0.6666666666666666,60.0
4,PAA-noSLAMut,17,0.6628768886037055,0.2366156764065929,1.649242250247064,0.9130017535804704,2.6443123370884805,0.06544590556666083,0.6628768886037055,0.2366156764065929,1.649242250247064,0.9130017535804704,243.6391319444444,0.0,18,9.0,0.125,0.4,60.0
4,PAA-noSLAMut,18,0.6178099054171456,0.30273671047130785,1.2649110640673518,0.9204829885029884,2.71567467581333,0.06899785202825769,0.6178099054171456,0.30273671047130785,1.2649110640673518,0.9204829885029884,231.05166666666665,0.0,22,6.0,0.1,0.5,60.0
4,PAA-noSLAMut,19,0.5794041054147229,0.31392015108437954,1.148912529307606,0.8122289155960075,2.182273929546116,0.08319238084522582,0.5794041054147229,0.31392015108437954,1.148912529307606,0.8122289155960075,96.87092013888888,0.0,25,6.0,0.075,0.0,60.0
4,PAA-noSLAMut,20,0.6440947375424843,0.2190121610173033,1.673320053068151,0.8784496801607313,2.6506717952967405,0.06628177624491921,0.6440947375424843,0.2190121610173033,1.673320053068151,0.8784496801607313,262.3761597222222,0.0,18,9.0,0.1,0.5,60.0
4,PAA-noSLAMut,21,0.5957327266024903,0.2751536826219052,1.5362291495737217,0.9332531480804164,2.1028371365185365,0.0764113514047037,0.5957327266024903,0.2751536826219052,1.5362291495737217,0.9332531480804164,174.27828124999996,0.0,19,7.0,0.075,0.6666666666666666,60.0
4,PAA-noSLAMut,22,0.562525569051628,0.2663049231196625,1.4832396974191326,0.9054308855436688,2.2607936586835455,0.07681067940737552,0.562525569051628,0.2663049231196625,1.4832396974191326,0.9054308855436688,224.87553819444437,0.0,22,8.0,0.125,0.4,60.0
4,PAA-noSLAMut,23,0.6390692021382591,0.2232283694340457,1.673320053068151,0.7854345094653103,2.1042677407160566,0.06526823116036562,0.6390692021382591,0.2232283694340457,1.673320053068151,0.7854345094653103,145.37714930555555,0.0,18,10.0,0.075,0.3333333333333333,60.0
4,PAA-noSLAMut,24,0.5750918599894386,0.2783180935682752,1.2489995996796797,0.7237201689804014,1.9231337871922087,0.07121689734416897,0.5750918599894386,0.2783180935682752,1.2489995996796797,0.7237201689804014,173.13236111111107,0.0,20,5.0,0.075,0.3333333333333333,60.0
4,PAA-noSLAMut,25,0.6003040237604347,0.277251557350515,1.3416407864998738,0.696323980377022,1.590368361828802,0.0768625859278031,0.6003040237604347,0.277251557350515,1.3416407864998738,0.696323980377022,75.11229861111113,0.0,21,7.0,0.05,0.5,60.0
4,PAA-noSLAMut,26,0.6700005003292305,0.28210091868871884,1.3564659966250538,0.8402311967469085,2.8503053732222043,0.06798127293811396,0.6700005003292305,0.28210091868871884,1.3564659966250538,0.8402311967469085,278.12351388888885,0.0,20,5.0,0.075,0.6666666666666666,60.0
4,PAA-noSLAMut,27,0.6609169123794564,0.2458800190807115,1.4966629547095767,0.8575449494658249,2.485918046667229,0.07942652830261626,0.6609169123794564,0.2458800190807115,1.4966629547095767,0.8575449494658249,164.43235416666667,0.0,19,8.0,0.05,1.0,60.0
4,PAA-noSLAMut,28,0.6197562204936832,0.2742871602571785,1.5748015748023623,0.9300179080122923,2.3627439927181677,0.05834629795374362,0.6197562204936832,0.2742871602571785,1.5748015748023623,0.9300179080122923,210.48459374999993,0.0,19,9.0,0.075,0.6666666666666666,60.0
4,PAA-noSLAMut,29,0.6083141529925229,0.253800969998644,1.8220867158288596,0.9551229467243125,2.1264363542102176,0.06596981564760437,0.6083141529925229,0.253800969998644,1.8220867158288596,0.9551229467243125,160.00544097222217,0.0,17,11.0,0.1,0.5,60.0
